row_id,attacker_model,img1,img2,dataset,attack_type,source_csv,victim_model,attack_method,variant,similarity,source_column
0,ArcFace,/content/face_module/dataset_extractedfaces/lfw_pairs/Renee Zellweger_1.jpg,/content/face_module/dataset_extractedfaces/lfw_pairs/Catherine Deneuve_2.jpg,lfw_pairs,impersonation_attack,/home/nadmin/Desktop/updatedattack/results/ARCFACE/transfer_attack_similarity_scores_all12_lambda020_limit1000.csv,ArcFace,clean,clean,0.2113871872425079,ArcFace_clean
0,ArcFace,/content/face_module/dataset_extractedfaces/lfw_pairs/Renee Zellweger_1.jpg,/content/face_module/dataset_extractedfaces/lfw_pairs/Catherine Deneuve_2.jpg,lfw_pairs,impersonation_attack,/home/nadmin/Desktop/updatedattack/results/ARCFACE/transfer_attack_similarity_scores_all12_lambda020_limit1000.csv,Facenet512,MI_ADMIX_DI_TI,vanilla,0.5316914319992065,Facenet512_MI_ADMIX_DI_TI_adv
0,ArcFace,/content/face_module/dataset_extractedfaces/lfw_pairs/Renee Zellweger_1.jpg,/content/face_module/dataset_extractedfaces/lfw_pairs/Catherine Deneuve_2.jpg,lfw_pairs,impersonation_attack,/home/nadmin/Desktop/updatedattack/results/ARCFACE/transfer_attack_similarity_scores_all12_lambda020_limit1000.csv,Facenet512,MI_FGSM,vanilla,0.7244858741760254,Facenet512_MI_FGSM_adv
0,ArcFace,/content/face_module/dataset_extractedfaces/lfw_pairs/Renee Zellweger_1.jpg,/content/face_module/dataset_extractedfaces/lfw_pairs/Catherine Deneuve_2.jpg,lfw_pairs,impersonation_attack,/home/nadmin/Desktop/updatedattack/results/ARCFACE/transfer_attack_similarity_scores_all12_lambda020_limit1000.csv,Facenet512,PGD,vanilla,0.4899344444274902,Facenet512_PGD_adv
0,ArcFace,/content/face_module/dataset_extractedfaces/lfw_pairs/Renee Zellweger_1.jpg,/content/face_module/dataset_extractedfaces/lfw_pairs/Catherine Deneuve_2.jpg,lfw_pairs,impersonation_attack,/home/nadmin/Desktop/updatedattack/results/ARCFACE/transfer_attack_similarity_scores_all12_lambda020_limit1000.csv,Facenet512,SI_NI_FGSM,vanilla,0.699705183506012,Facenet512_SI_NI_FGSM_adv
0,ArcFace,/content/face_module/dataset_extractedfaces/lfw_pairs/Renee Zellweger_1.jpg,/content/face_module/dataset_extractedfaces/lfw_pairs/Catherine Deneuve_2.jpg,lfw_pairs,impersonation_attack,/home/nadmin/Desktop/updatedattack/results/ARCFACE/transfer_attack_similarity_scores_all12_lambda020_limit1000.csv,Facenet512,TI_FGSM,vanilla,0.6220738887786865,Facenet512_TI_FGSM_adv
0,ArcFace,/content/face_module/dataset_extractedfaces/lfw_pairs/Renee Zellweger_1.jpg,/content/face_module/dataset_extractedfaces/lfw_pairs/Catherine Deneuve_2.jpg,lfw_pairs,impersonation_attack,/home/nadmin/Desktop/updatedattack/results/ARCFACE/transfer_attack_similarity_scores_all12_lambda020_limit1000.csv,Facenet512,clean,clean,0.2037829756736755,Facenet512_clean
0,ArcFace,/content/face_module/dataset_extractedfaces/lfw_pairs/Renee Zellweger_1.jpg,/content/face_module/dataset_extractedfaces/lfw_pairs/Catherine Deneuve_2.jpg,lfw_pairs,impersonation_attack,/home/nadmin/Desktop/updatedattack/results/ARCFACE/transfer_attack_similarity_scores_all12_lambda020_limit1000.csv,GhostFaceNet,MI_ADMIX_DI_TI,vanilla,0.0800108015537262,GhostFaceNet_MI_ADMIX_DI_TI_adv
0,ArcFace,/content/face_module/dataset_extractedfaces/lfw_pairs/Renee Zellweger_1.jpg,/content/face_module/dataset_extractedfaces/lfw_pairs/Catherine Deneuve_2.jpg,lfw_pairs,impersonation_attack,/home/nadmin/Desktop/updatedattack/results/ARCFACE/transfer_attack_similarity_scores_all12_lambda020_limit1000.csv,GhostFaceNet,MI_FGSM,vanilla,0.1555342078208923,GhostFaceNet_MI_FGSM_adv
0,ArcFace,/content/face_module/dataset_extractedfaces/lfw_pairs/Renee Zellweger_1.jpg,/content/face_module/dataset_extractedfaces/lfw_pairs/Catherine Deneuve_2.jpg,lfw_pairs,impersonation_attack,/home/nadmin/Desktop/updatedattack/results/ARCFACE/transfer_attack_similarity_scores_all12_lambda020_limit1000.csv,GhostFaceNet,PGD,vanilla,0.1301058381795883,GhostFaceNet_PGD_adv
0,ArcFace,/content/face_module/dataset_extractedfaces/lfw_pairs/Renee Zellweger_1.jpg,/content/face_module/dataset_extractedfaces/lfw_pairs/Catherine Deneuve_2.jpg,lfw_pairs,impersonation_attack,/home/nadmin/Desktop/updatedattack/results/ARCFACE/transfer_attack_similarity_scores_all12_lambda020_limit1000.csv,GhostFaceNet,SI_NI_FGSM,vanilla,0.1529888361692428,GhostFaceNet_SI_NI_FGSM_adv
0,ArcFace,/content/face_module/dataset_extractedfaces/lfw_pairs/Renee Zellweger_1.jpg,/content/face_module/dataset_extractedfaces/lfw_pairs/Catherine Deneuve_2.jpg,lfw_pairs,impersonation_attack,/home/nadmin/Desktop/updatedattack/results/ARCFACE/transfer_attack_similarity_scores_all12_lambda020_limit1000.csv,GhostFaceNet,TI_FGSM,vanilla,0.116018995642662,GhostFaceNet_TI_FGSM_adv
0,ArcFace,/content/face_module/dataset_extractedfaces/lfw_pairs/Renee Zellweger_1.jpg,/content/face_module/dataset_extractedfaces/lfw_pairs/Catherine Deneuve_2.jpg,lfw_pairs,impersonation_attack,/home/nadmin/Desktop/updatedattack/results/ARCFACE/transfer_attack_similarity_scores_all12_lambda020_limit1000.csv,GhostFaceNet,clean,clean,0.0863346979022026,GhostFaceNet_clean
0,ArcFace,/content/face_module/dataset_extractedfaces/lfw_pairs/Renee Zellweger_1.jpg,/content/face_module/dataset_extractedfaces/lfw_pairs/Catherine Deneuve_2.jpg,lfw_pairs,impersonation_attack,/home/nadmin/Desktop/updatedattack/results/ARCFACE/transfer_attack_similarity_scores_all12_lambda020_limit1000.csv,IR152,MI_ADMIX_DI_TI,vanilla,0.2905536293983459,IR152_MI_ADMIX_DI_TI_adv
0,ArcFace,/content/face_module/dataset_extractedfaces/lfw_pairs/Renee Zellweger_1.jpg,/content/face_module/dataset_extractedfaces/lfw_pairs/Catherine Deneuve_2.jpg,lfw_pairs,impersonation_attack,/home/nadmin/Desktop/updatedattack/results/ARCFACE/transfer_attack_similarity_scores_all12_lambda020_limit1000.csv,IR152,MI_FGSM,vanilla,0.388461023569107,IR152_MI_FGSM_adv
0,ArcFace,/content/face_module/dataset_extractedfaces/lfw_pairs/Renee Zellweger_1.jpg,/content/face_module/dataset_extractedfaces/lfw_pairs/Catherine Deneuve_2.jpg,lfw_pairs,impersonation_attack,/home/nadmin/Desktop/updatedattack/results/ARCFACE/transfer_attack_similarity_scores_all12_lambda020_limit1000.csv,IR152,PGD,vanilla,0.2053289115428924,IR152_PGD_adv
0,ArcFace,/content/face_module/dataset_extractedfaces/lfw_pairs/Renee Zellweger_1.jpg,/content/face_module/dataset_extractedfaces/lfw_pairs/Catherine Deneuve_2.jpg,lfw_pairs,impersonation_attack,/home/nadmin/Desktop/updatedattack/results/ARCFACE/transfer_attack_similarity_scores_all12_lambda020_limit1000.csv,IR152,SI_NI_FGSM,vanilla,0.4525601863861084,IR152_SI_NI_FGSM_adv
0,ArcFace,/content/face_module/dataset_extractedfaces/lfw_pairs/Renee Zellweger_1.jpg,/content/face_module/dataset_extractedfaces/lfw_pairs/Catherine Deneuve_2.jpg,lfw_pairs,impersonation_attack,/home/nadmin/Desktop/updatedattack/results/ARCFACE/transfer_attack_similarity_scores_all12_lambda020_limit1000.csv,IR152,TI_FGSM,vanilla,0.2986946702003479,IR152_TI_FGSM_adv
0,ArcFace,/content/face_module/dataset_extractedfaces/lfw_pairs/Renee Zellweger_1.jpg,/content/face_module/dataset_extractedfaces/lfw_pairs/Catherine Deneuve_2.jpg,lfw_pairs,impersonation_attack,/home/nadmin/Desktop/updatedattack/results/ARCFACE/transfer_attack_similarity_scores_all12_lambda020_limit1000.csv,IR152,clean,clean,0.0082020908594131,IR152_clean
0,ArcFace,/content/face_module/dataset_extractedfaces/lfw_pairs/Renee Zellweger_1.jpg,/content/face_module/dataset_extractedfaces/lfw_pairs/Catherine Deneuve_2.jpg,lfw_pairs,impersonation_attack,/home/nadmin/Desktop/updatedattack/results/ARCFACE/transfer_attack_similarity_scores_all12_lambda020_limit1000.csv,VGG-Face,MI_ADMIX_DI_TI,vanilla,0.2773482799530029,VGG-Face_MI_ADMIX_DI_TI_adv
0,ArcFace,/content/face_module/dataset_extractedfaces/lfw_pairs/Renee Zellweger_1.jpg,/content/face_module/dataset_extractedfaces/lfw_pairs/Catherine Deneuve_2.jpg,lfw_pairs,impersonation_attack,/home/nadmin/Desktop/updatedattack/results/ARCFACE/transfer_attack_similarity_scores_all12_lambda020_limit1000.csv,VGG-Face,MI_FGSM,vanilla,0.3485721051692962,VGG-Face_MI_FGSM_adv
0,ArcFace,/content/face_module/dataset_extractedfaces/lfw_pairs/Renee Zellweger_1.jpg,/content/face_module/dataset_extractedfaces/lfw_pairs/Catherine Deneuve_2.jpg,lfw_pairs,impersonation_attack,/home/nadmin/Desktop/updatedattack/results/ARCFACE/transfer_attack_similarity_scores_all12_lambda020_limit1000.csv,VGG-Face,PGD,vanilla,0.2019452899694442,VGG-Face_PGD_adv
0,ArcFace,/content/face_module/dataset_extractedfaces/lfw_pairs/Renee Zellweger_1.jpg,/content/face_module/dataset_extractedfaces/lfw_pairs/Catherine Deneuve_2.jpg,lfw_pairs,impersonation_attack,/home/nadmin/Desktop/updatedattack/results/ARCFACE/transfer_attack_similarity_scores_all12_lambda020_limit1000.csv,VGG-Face,SI_NI_FGSM,vanilla,0.3766569495201111,VGG-Face_SI_NI_FGSM_adv
0,ArcFace,/content/face_module/dataset_extractedfaces/lfw_pairs/Renee Zellweger_1.jpg,/content/face_module/dataset_extractedfaces/lfw_pairs/Catherine Deneuve_2.jpg,lfw_pairs,impersonation_attack,/home/nadmin/Desktop/updatedattack/results/ARCFACE/transfer_attack_similarity_scores_all12_lambda020_limit1000.csv,VGG-Face,TI_FGSM,vanilla,0.2775151431560516,VGG-Face_TI_FGSM_adv
0,ArcFace,/content/face_module/dataset_extractedfaces/lfw_pairs/Renee Zellweger_1.jpg,/content/face_module/dataset_extractedfaces/lfw_pairs/Catherine Deneuve_2.jpg,lfw_pairs,impersonation_attack,/home/nadmin/Desktop/updatedattack/results/ARCFACE/transfer_attack_similarity_scores_all12_lambda020_limit1000.csv,VGG-Face,clean,clean,0.091720625758171,VGG-Face_clean
1,ArcFace,/content/face_module/dataset_extractedfaces/vggface2_pairs/n000007_0113_01.jpg,/content/face_module/dataset_extractedfaces/vggface2_pairs/n000007_0122_01.jpg,vggface2_pairs,dodging_attack,/home/nadmin/Desktop/updatedattack/results/ARCFACE/transfer_attack_similarity_scores_all12_lambda020_limit1000.csv,ArcFace,clean,clean,0.3415670692920685,ArcFace_clean
1,ArcFace,/content/face_module/dataset_extractedfaces/vggface2_pairs/n000007_0113_01.jpg,/content/face_module/dataset_extractedfaces/vggface2_pairs/n000007_0122_01.jpg,vggface2_pairs,dodging_attack,/home/nadmin/Desktop/updatedattack/results/ARCFACE/transfer_attack_similarity_scores_all12_lambda020_limit1000.csv,Facenet512,MI_ADMIX_DI_TI,vanilla,0.6787142753601074,Facenet512_MI_ADMIX_DI_TI_adv
1,ArcFace,/content/face_module/dataset_extractedfaces/vggface2_pairs/n000007_0113_01.jpg,/content/face_module/dataset_extractedfaces/vggface2_pairs/n000007_0122_01.jpg,vggface2_pairs,dodging_attack,/home/nadmin/Desktop/updatedattack/results/ARCFACE/transfer_attack_similarity_scores_all12_lambda020_limit1000.csv,Facenet512,MI_FGSM,vanilla,0.6722006797790527,Facenet512_MI_FGSM_adv
1,ArcFace,/content/face_module/dataset_extractedfaces/vggface2_pairs/n000007_0113_01.jpg,/content/face_module/dataset_extractedfaces/vggface2_pairs/n000007_0122_01.jpg,vggface2_pairs,dodging_attack,/home/nadmin/Desktop/updatedattack/results/ARCFACE/transfer_attack_similarity_scores_all12_lambda020_limit1000.csv,Facenet512,PGD,vanilla,0.7903776168823242,Facenet512_PGD_adv
1,ArcFace,/content/face_module/dataset_extractedfaces/vggface2_pairs/n000007_0113_01.jpg,/content/face_module/dataset_extractedfaces/vggface2_pairs/n000007_0122_01.jpg,vggface2_pairs,dodging_attack,/home/nadmin/Desktop/updatedattack/results/ARCFACE/transfer_attack_similarity_scores_all12_lambda020_limit1000.csv,Facenet512,SI_NI_FGSM,vanilla,0.6628378629684448,Facenet512_SI_NI_FGSM_adv
1,ArcFace,/content/face_module/dataset_extractedfaces/vggface2_pairs/n000007_0113_01.jpg,/content/face_module/dataset_extractedfaces/vggface2_pairs/n000007_0122_01.jpg,vggface2_pairs,dodging_attack,/home/nadmin/Desktop/updatedattack/results/ARCFACE/transfer_attack_similarity_scores_all12_lambda020_limit1000.csv,Facenet512,TI_FGSM,vanilla,0.7117761373519897,Facenet512_TI_FGSM_adv
1,ArcFace,/content/face_module/dataset_extractedfaces/vggface2_pairs/n000007_0113_01.jpg,/content/face_module/dataset_extractedfaces/vggface2_pairs/n000007_0122_01.jpg,vggface2_pairs,dodging_attack,/home/nadmin/Desktop/updatedattack/results/ARCFACE/transfer_attack_similarity_scores_all12_lambda020_limit1000.csv,Facenet512,clean,clean,0.822794497013092,Facenet512_clean
1,ArcFace,/content/face_module/dataset_extractedfaces/vggface2_pairs/n000007_0113_01.jpg,/content/face_module/dataset_extractedfaces/vggface2_pairs/n000007_0122_01.jpg,vggface2_pairs,dodging_attack,/home/nadmin/Desktop/updatedattack/results/ARCFACE/transfer_attack_similarity_scores_all12_lambda020_limit1000.csv,GhostFaceNet,MI_ADMIX_DI_TI,vanilla,0.3361994624137878,GhostFaceNet_MI_ADMIX_DI_TI_adv
1,ArcFace,/content/face_module/dataset_extractedfaces/vggface2_pairs/n000007_0113_01.jpg,/content/face_module/dataset_extractedfaces/vggface2_pairs/n000007_0122_01.jpg,vggface2_pairs,dodging_attack,/home/nadmin/Desktop/updatedattack/results/ARCFACE/transfer_attack_similarity_scores_all12_lambda020_limit1000.csv,GhostFaceNet,MI_FGSM,vanilla,0.269807904958725,GhostFaceNet_MI_FGSM_adv
1,ArcFace,/content/face_module/dataset_extractedfaces/vggface2_pairs/n000007_0113_01.jpg,/content/face_module/dataset_extractedfaces/vggface2_pairs/n000007_0122_01.jpg,vggface2_pairs,dodging_attack,/home/nadmin/Desktop/updatedattack/results/ARCFACE/transfer_attack_similarity_scores_all12_lambda020_limit1000.csv,GhostFaceNet,PGD,vanilla,0.3084624707698822,GhostFaceNet_PGD_adv
1,ArcFace,/content/face_module/dataset_extractedfaces/vggface2_pairs/n000007_0113_01.jpg,/content/face_module/dataset_extractedfaces/vggface2_pairs/n000007_0122_01.jpg,vggface2_pairs,dodging_attack,/home/nadmin/Desktop/updatedattack/results/ARCFACE/transfer_attack_similarity_scores_all12_lambda020_limit1000.csv,GhostFaceNet,SI_NI_FGSM,vanilla,0.2975139915943146,GhostFaceNet_SI_NI_FGSM_adv
1,ArcFace,/content/face_module/dataset_extractedfaces/vggface2_pairs/n000007_0113_01.jpg,/content/face_module/dataset_extractedfaces/vggface2_pairs/n000007_0122_01.jpg,vggface2_pairs,dodging_attack,/home/nadmin/Desktop/updatedattack/results/ARCFACE/transfer_attack_similarity_scores_all12_lambda020_limit1000.csv,GhostFaceNet,TI_FGSM,vanilla,0.312945157289505,GhostFaceNet_TI_FGSM_adv
1,ArcFace,/content/face_module/dataset_extractedfaces/vggface2_pairs/n000007_0113_01.jpg,/content/face_module/dataset_extractedfaces/vggface2_pairs/n000007_0122_01.jpg,vggface2_pairs,dodging_attack,/home/nadmin/Desktop/updatedattack/results/ARCFACE/transfer_attack_similarity_scores_all12_lambda020_limit1000.csv,GhostFaceNet,clean,clean,0.372836709022522,GhostFaceNet_clean
1,ArcFace,/content/face_module/dataset_extractedfaces/vggface2_pairs/n000007_0113_01.jpg,/content/face_module/dataset_extractedfaces/vggface2_pairs/n000007_0122_01.jpg,vggface2_pairs,dodging_attack,/home/nadmin/Desktop/updatedattack/results/ARCFACE/transfer_attack_similarity_scores_all12_lambda020_limit1000.csv,IR152,MI_ADMIX_DI_TI,vanilla,0.5003211498260498,IR152_MI_ADMIX_DI_TI_adv
1,ArcFace,/content/face_module/dataset_extractedfaces/vggface2_pairs/n000007_0113_01.jpg,/content/face_module/dataset_extractedfaces/vggface2_pairs/n000007_0122_01.jpg,vggface2_pairs,dodging_attack,/home/nadmin/Desktop/updatedattack/results/ARCFACE/transfer_attack_similarity_scores_all12_lambda020_limit1000.csv,IR152,MI_FGSM,vanilla,0.5369580984115601,IR152_MI_FGSM_adv
1,ArcFace,/content/face_module/dataset_extractedfaces/vggface2_pairs/n000007_0113_01.jpg,/content/face_module/dataset_extractedfaces/vggface2_pairs/n000007_0122_01.jpg,vggface2_pairs,dodging_attack,/home/nadmin/Desktop/updatedattack/results/ARCFACE/transfer_attack_similarity_scores_all12_lambda020_limit1000.csv,IR152,PGD,vanilla,0.6028258800506592,IR152_PGD_adv
1,ArcFace,/content/face_module/dataset_extractedfaces/vggface2_pairs/n000007_0113_01.jpg,/content/face_module/dataset_extractedfaces/vggface2_pairs/n000007_0122_01.jpg,vggface2_pairs,dodging_attack,/home/nadmin/Desktop/updatedattack/results/ARCFACE/transfer_attack_similarity_scores_all12_lambda020_limit1000.csv,IR152,SI_NI_FGSM,vanilla,0.5547891855239868,IR152_SI_NI_FGSM_adv
1,ArcFace,/content/face_module/dataset_extractedfaces/vggface2_pairs/n000007_0113_01.jpg,/content/face_module/dataset_extractedfaces/vggface2_pairs/n000007_0122_01.jpg,vggface2_pairs,dodging_attack,/home/nadmin/Desktop/updatedattack/results/ARCFACE/transfer_attack_similarity_scores_all12_lambda020_limit1000.csv,IR152,TI_FGSM,vanilla,0.535173773765564,IR152_TI_FGSM_adv
1,ArcFace,/content/face_module/dataset_extractedfaces/vggface2_pairs/n000007_0113_01.jpg,/content/face_module/dataset_extractedfaces/vggface2_pairs/n000007_0122_01.jpg,vggface2_pairs,dodging_attack,/home/nadmin/Desktop/updatedattack/results/ARCFACE/transfer_attack_similarity_scores_all12_lambda020_limit1000.csv,IR152,clean,clean,0.634651780128479,IR152_clean
1,ArcFace,/content/face_module/dataset_extractedfaces/vggface2_pairs/n000007_0113_01.jpg,/content/face_module/dataset_extractedfaces/vggface2_pairs/n000007_0122_01.jpg,vggface2_pairs,dodging_attack,/home/nadmin/Desktop/updatedattack/results/ARCFACE/transfer_attack_similarity_scores_all12_lambda020_limit1000.csv,VGG-Face,MI_ADMIX_DI_TI,vanilla,0.300785481929779,VGG-Face_MI_ADMIX_DI_TI_adv
1,ArcFace,/content/face_module/dataset_extractedfaces/vggface2_pairs/n000007_0113_01.jpg,/content/face_module/dataset_extractedfaces/vggface2_pairs/n000007_0122_01.jpg,vggface2_pairs,dodging_attack,/home/nadmin/Desktop/updatedattack/results/ARCFACE/transfer_attack_similarity_scores_all12_lambda020_limit1000.csv,VGG-Face,MI_FGSM,vanilla,0.2742597460746765,VGG-Face_MI_FGSM_adv
1,ArcFace,/content/face_module/dataset_extractedfaces/vggface2_pairs/n000007_0113_01.jpg,/content/face_module/dataset_extractedfaces/vggface2_pairs/n000007_0122_01.jpg,vggface2_pairs,dodging_attack,/home/nadmin/Desktop/updatedattack/results/ARCFACE/transfer_attack_similarity_scores_all12_lambda020_limit1000.csv,VGG-Face,PGD,vanilla,0.3587671816349029,VGG-Face_PGD_adv
1,ArcFace,/content/face_module/dataset_extractedfaces/vggface2_pairs/n000007_0113_01.jpg,/content/face_module/dataset_extractedfaces/vggface2_pairs/n000007_0122_01.jpg,vggface2_pairs,dodging_attack,/home/nadmin/Desktop/updatedattack/results/ARCFACE/transfer_attack_similarity_scores_all12_lambda020_limit1000.csv,VGG-Face,SI_NI_FGSM,vanilla,0.302582710981369,VGG-Face_SI_NI_FGSM_adv
1,ArcFace,/content/face_module/dataset_extractedfaces/vggface2_pairs/n000007_0113_01.jpg,/content/face_module/dataset_extractedfaces/vggface2_pairs/n000007_0122_01.jpg,vggface2_pairs,dodging_attack,/home/nadmin/Desktop/updatedattack/results/ARCFACE/transfer_attack_similarity_scores_all12_lambda020_limit1000.csv,VGG-Face,TI_FGSM,vanilla,0.3434987664222717,VGG-Face_TI_FGSM_adv
1,ArcFace,/content/face_module/dataset_extractedfaces/vggface2_pairs/n000007_0113_01.jpg,/content/face_module/dataset_extractedfaces/vggface2_pairs/n000007_0122_01.jpg,vggface2_pairs,dodging_attack,/home/nadmin/Desktop/updatedattack/results/ARCFACE/transfer_attack_similarity_scores_all12_lambda020_limit1000.csv,VGG-Face,clean,clean,0.4813993573188782,VGG-Face_clean
2,ArcFace,/content/face_module/dataset_extractedfaces/celeba_pairs/107859.jpg,/content/face_module/dataset_extractedfaces/celeba_pairs/031892.jpg,celeba_pairs,impersonation_attack,/home/nadmin/Desktop/updatedattack/results/ARCFACE/transfer_attack_similarity_scores_all12_lambda020_limit1000.csv,ArcFace,clean,clean,0.2291036397218704,ArcFace_clean
2,ArcFace,/content/face_module/dataset_extractedfaces/celeba_pairs/107859.jpg,/content/face_module/dataset_extractedfaces/celeba_pairs/031892.jpg,celeba_pairs,impersonation_attack,/home/nadmin/Desktop/updatedattack/results/ARCFACE/transfer_attack_similarity_scores_all12_lambda020_limit1000.csv,Facenet512,MI_ADMIX_DI_TI,vanilla,0.3257961869239807,Facenet512_MI_ADMIX_DI_TI_adv
2,ArcFace,/content/face_module/dataset_extractedfaces/celeba_pairs/107859.jpg,/content/face_module/dataset_extractedfaces/celeba_pairs/031892.jpg,celeba_pairs,impersonation_attack,/home/nadmin/Desktop/updatedattack/results/ARCFACE/transfer_attack_similarity_scores_all12_lambda020_limit1000.csv,Facenet512,MI_FGSM,vanilla,0.4492879211902618,Facenet512_MI_FGSM_adv
2,ArcFace,/content/face_module/dataset_extractedfaces/celeba_pairs/107859.jpg,/content/face_module/dataset_extractedfaces/celeba_pairs/031892.jpg,celeba_pairs,impersonation_attack,/home/nadmin/Desktop/updatedattack/results/ARCFACE/transfer_attack_similarity_scores_all12_lambda020_limit1000.csv,Facenet512,PGD,vanilla,0.2516598999500274,Facenet512_PGD_adv
2,ArcFace,/content/face_module/dataset_extractedfaces/celeba_pairs/107859.jpg,/content/face_module/dataset_extractedfaces/celeba_pairs/031892.jpg,celeba_pairs,impersonation_attack,/home/nadmin/Desktop/updatedattack/results/ARCFACE/transfer_attack_similarity_scores_all12_lambda020_limit1000.csv,Facenet512,SI_NI_FGSM,vanilla,0.4923304915428161,Facenet512_SI_NI_FGSM_adv
2,ArcFace,/content/face_module/dataset_extractedfaces/celeba_pairs/107859.jpg,/content/face_module/dataset_extractedfaces/celeba_pairs/031892.jpg,celeba_pairs,impersonation_attack,/home/nadmin/Desktop/updatedattack/results/ARCFACE/transfer_attack_similarity_scores_all12_lambda020_limit1000.csv,Facenet512,TI_FGSM,vanilla,0.2922840416431427,Facenet512_TI_FGSM_adv
2,ArcFace,/content/face_module/dataset_extractedfaces/celeba_pairs/107859.jpg,/content/face_module/dataset_extractedfaces/celeba_pairs/031892.jpg,celeba_pairs,impersonation_attack,/home/nadmin/Desktop/updatedattack/results/ARCFACE/transfer_attack_similarity_scores_all12_lambda020_limit1000.csv,Facenet512,clean,clean,0.0810722559690475,Facenet512_clean
2,ArcFace,/content/face_module/dataset_extractedfaces/celeba_pairs/107859.jpg,/content/face_module/dataset_extractedfaces/celeba_pairs/031892.jpg,celeba_pairs,impersonation_attack,/home/nadmin/Desktop/updatedattack/results/ARCFACE/transfer_attack_similarity_scores_all12_lambda020_limit1000.csv,GhostFaceNet,MI_ADMIX_DI_TI,vanilla,0.1121402010321617,GhostFaceNet_MI_ADMIX_DI_TI_adv
2,ArcFace,/content/face_module/dataset_extractedfaces/celeba_pairs/107859.jpg,/content/face_module/dataset_extractedfaces/celeba_pairs/031892.jpg,celeba_pairs,impersonation_attack,/home/nadmin/Desktop/updatedattack/results/ARCFACE/transfer_attack_similarity_scores_all12_lambda020_limit1000.csv,GhostFaceNet,MI_FGSM,vanilla,0.0431510023772716,GhostFaceNet_MI_FGSM_adv
2,ArcFace,/content/face_module/dataset_extractedfaces/celeba_pairs/107859.jpg,/content/face_module/dataset_extractedfaces/celeba_pairs/031892.jpg,celeba_pairs,impersonation_attack,/home/nadmin/Desktop/updatedattack/results/ARCFACE/transfer_attack_similarity_scores_all12_lambda020_limit1000.csv,GhostFaceNet,PGD,vanilla,0.0228493548929691,GhostFaceNet_PGD_adv
2,ArcFace,/content/face_module/dataset_extractedfaces/celeba_pairs/107859.jpg,/content/face_module/dataset_extractedfaces/celeba_pairs/031892.jpg,celeba_pairs,impersonation_attack,/home/nadmin/Desktop/updatedattack/results/ARCFACE/transfer_attack_similarity_scores_all12_lambda020_limit1000.csv,GhostFaceNet,SI_NI_FGSM,vanilla,0.0417159348726272,GhostFaceNet_SI_NI_FGSM_adv
2,ArcFace,/content/face_module/dataset_extractedfaces/celeba_pairs/107859.jpg,/content/face_module/dataset_extractedfaces/celeba_pairs/031892.jpg,celeba_pairs,impersonation_attack,/home/nadmin/Desktop/updatedattack/results/ARCFACE/transfer_attack_similarity_scores_all12_lambda020_limit1000.csv,GhostFaceNet,TI_FGSM,vanilla,-0.0001176949590444,GhostFaceNet_TI_FGSM_adv
2,ArcFace,/content/face_module/dataset_extractedfaces/celeba_pairs/107859.jpg,/content/face_module/dataset_extractedfaces/celeba_pairs/031892.jpg,celeba_pairs,impersonation_attack,/home/nadmin/Desktop/updatedattack/results/ARCFACE/transfer_attack_similarity_scores_all12_lambda020_limit1000.csv,GhostFaceNet,clean,clean,-0.0021720379590988,GhostFaceNet_clean
2,ArcFace,/content/face_module/dataset_extractedfaces/celeba_pairs/107859.jpg,/content/face_module/dataset_extractedfaces/celeba_pairs/031892.jpg,celeba_pairs,impersonation_attack,/home/nadmin/Desktop/updatedattack/results/ARCFACE/transfer_attack_similarity_scores_all12_lambda020_limit1000.csv,IR152,MI_ADMIX_DI_TI,vanilla,0.2264951467514038,IR152_MI_ADMIX_DI_TI_adv
2,ArcFace,/content/face_module/dataset_extractedfaces/celeba_pairs/107859.jpg,/content/face_module/dataset_extractedfaces/celeba_pairs/031892.jpg,celeba_pairs,impersonation_attack,/home/nadmin/Desktop/updatedattack/results/ARCFACE/transfer_attack_similarity_scores_all12_lambda020_limit1000.csv,IR152,MI_FGSM,vanilla,0.2028246968984604,IR152_MI_FGSM_adv
2,ArcFace,/content/face_module/dataset_extractedfaces/celeba_pairs/107859.jpg,/content/face_module/dataset_extractedfaces/celeba_pairs/031892.jpg,celeba_pairs,impersonation_attack,/home/nadmin/Desktop/updatedattack/results/ARCFACE/transfer_attack_similarity_scores_all12_lambda020_limit1000.csv,IR152,PGD,vanilla,0.1729237288236618,IR152_PGD_adv
2,ArcFace,/content/face_module/dataset_extractedfaces/celeba_pairs/107859.jpg,/content/face_module/dataset_extractedfaces/celeba_pairs/031892.jpg,celeba_pairs,impersonation_attack,/home/nadmin/Desktop/updatedattack/results/ARCFACE/transfer_attack_similarity_scores_all12_lambda020_limit1000.csv,IR152,SI_NI_FGSM,vanilla,0.2282683700323104,IR152_SI_NI_FGSM_adv
2,ArcFace,/content/face_module/dataset_extractedfaces/celeba_pairs/107859.jpg,/content/face_module/dataset_extractedfaces/celeba_pairs/031892.jpg,celeba_pairs,impersonation_attack,/home/nadmin/Desktop/updatedattack/results/ARCFACE/transfer_attack_similarity_scores_all12_lambda020_limit1000.csv,IR152,TI_FGSM,vanilla,0.2296947240829467,IR152_TI_FGSM_adv
2,ArcFace,/content/face_module/dataset_extractedfaces/celeba_pairs/107859.jpg,/content/face_module/dataset_extractedfaces/celeba_pairs/031892.jpg,celeba_pairs,impersonation_attack,/home/nadmin/Desktop/updatedattack/results/ARCFACE/transfer_attack_similarity_scores_all12_lambda020_limit1000.csv,IR152,clean,clean,0.1105675995349884,IR152_clean
2,ArcFace,/content/face_module/dataset_extractedfaces/celeba_pairs/107859.jpg,/content/face_module/dataset_extractedfaces/celeba_pairs/031892.jpg,celeba_pairs,impersonation_attack,/home/nadmin/Desktop/updatedattack/results/ARCFACE/transfer_attack_similarity_scores_all12_lambda020_limit1000.csv,VGG-Face,MI_ADMIX_DI_TI,vanilla,0.2069166004657745,VGG-Face_MI_ADMIX_DI_TI_adv
2,ArcFace,/content/face_module/dataset_extractedfaces/celeba_pairs/107859.jpg,/content/face_module/dataset_extractedfaces/celeba_pairs/031892.jpg,celeba_pairs,impersonation_attack,/home/nadmin/Desktop/updatedattack/results/ARCFACE/transfer_attack_similarity_scores_all12_lambda020_limit1000.csv,VGG-Face,MI_FGSM,vanilla,0.1912015080451965,VGG-Face_MI_FGSM_adv
2,ArcFace,/content/face_module/dataset_extractedfaces/celeba_pairs/107859.jpg,/content/face_module/dataset_extractedfaces/celeba_pairs/031892.jpg,celeba_pairs,impersonation_attack,/home/nadmin/Desktop/updatedattack/results/ARCFACE/transfer_attack_similarity_scores_all12_lambda020_limit1000.csv,VGG-Face,PGD,vanilla,0.1412010490894317,VGG-Face_PGD_adv
2,ArcFace,/content/face_module/dataset_extractedfaces/celeba_pairs/107859.jpg,/content/face_module/dataset_extractedfaces/celeba_pairs/031892.jpg,celeba_pairs,impersonation_attack,/home/nadmin/Desktop/updatedattack/results/ARCFACE/transfer_attack_similarity_scores_all12_lambda020_limit1000.csv,VGG-Face,SI_NI_FGSM,vanilla,0.2316387295722961,VGG-Face_SI_NI_FGSM_adv
2,ArcFace,/content/face_module/dataset_extractedfaces/celeba_pairs/107859.jpg,/content/face_module/dataset_extractedfaces/celeba_pairs/031892.jpg,celeba_pairs,impersonation_attack,/home/nadmin/Desktop/updatedattack/results/ARCFACE/transfer_attack_similarity_scores_all12_lambda020_limit1000.csv,VGG-Face,TI_FGSM,vanilla,0.1850394904613495,VGG-Face_TI_FGSM_adv
2,ArcFace,/content/face_module/dataset_extractedfaces/celeba_pairs/107859.jpg,/content/face_module/dataset_extractedfaces/celeba_pairs/031892.jpg,celeba_pairs,impersonation_attack,/home/nadmin/Desktop/updatedattack/results/ARCFACE/transfer_attack_similarity_scores_all12_lambda020_limit1000.csv,VGG-Face,clean,clean,0.0735538974404335,VGG-Face_clean
3,ArcFace,/content/face_module/dataset_extractedfaces/vggface2_pairs/n000007_0076_01.jpg,/content/face_module/dataset_extractedfaces/vggface2_pairs/n000005_0080_01.jpg,vggface2_pairs,impersonation_attack,/home/nadmin/Desktop/updatedattack/results/ARCFACE/transfer_attack_similarity_scores_all12_lambda020_limit1000.csv,ArcFace,clean,clean,0.0339482352137565,ArcFace_clean
3,ArcFace,/content/face_module/dataset_extractedfaces/vggface2_pairs/n000007_0076_01.jpg,/content/face_module/dataset_extractedfaces/vggface2_pairs/n000005_0080_01.jpg,vggface2_pairs,impersonation_attack,/home/nadmin/Desktop/updatedattack/results/ARCFACE/transfer_attack_similarity_scores_all12_lambda020_limit1000.csv,Facenet512,MI_ADMIX_DI_TI,vanilla,0.199576586484909,Facenet512_MI_ADMIX_DI_TI_adv
3,ArcFace,/content/face_module/dataset_extractedfaces/vggface2_pairs/n000007_0076_01.jpg,/content/face_module/dataset_extractedfaces/vggface2_pairs/n000005_0080_01.jpg,vggface2_pairs,impersonation_attack,/home/nadmin/Desktop/updatedattack/results/ARCFACE/transfer_attack_similarity_scores_all12_lambda020_limit1000.csv,Facenet512,MI_FGSM,vanilla,0.15583336353302,Facenet512_MI_FGSM_adv
3,ArcFace,/content/face_module/dataset_extractedfaces/vggface2_pairs/n000007_0076_01.jpg,/content/face_module/dataset_extractedfaces/vggface2_pairs/n000005_0080_01.jpg,vggface2_pairs,impersonation_attack,/home/nadmin/Desktop/updatedattack/results/ARCFACE/transfer_attack_similarity_scores_all12_lambda020_limit1000.csv,Facenet512,PGD,vanilla,0.0798047482967376,Facenet512_PGD_adv
3,ArcFace,/content/face_module/dataset_extractedfaces/vggface2_pairs/n000007_0076_01.jpg,/content/face_module/dataset_extractedfaces/vggface2_pairs/n000005_0080_01.jpg,vggface2_pairs,impersonation_attack,/home/nadmin/Desktop/updatedattack/results/ARCFACE/transfer_attack_similarity_scores_all12_lambda020_limit1000.csv,Facenet512,SI_NI_FGSM,vanilla,0.1904633641242981,Facenet512_SI_NI_FGSM_adv
3,ArcFace,/content/face_module/dataset_extractedfaces/vggface2_pairs/n000007_0076_01.jpg,/content/face_module/dataset_extractedfaces/vggface2_pairs/n000005_0080_01.jpg,vggface2_pairs,impersonation_attack,/home/nadmin/Desktop/updatedattack/results/ARCFACE/transfer_attack_similarity_scores_all12_lambda020_limit1000.csv,Facenet512,TI_FGSM,vanilla,0.1900669336318969,Facenet512_TI_FGSM_adv
3,ArcFace,/content/face_module/dataset_extractedfaces/vggface2_pairs/n000007_0076_01.jpg,/content/face_module/dataset_extractedfaces/vggface2_pairs/n000005_0080_01.jpg,vggface2_pairs,impersonation_attack,/home/nadmin/Desktop/updatedattack/results/ARCFACE/transfer_attack_similarity_scores_all12_lambda020_limit1000.csv,Facenet512,clean,clean,0.0153017658740282,Facenet512_clean
3,ArcFace,/content/face_module/dataset_extractedfaces/vggface2_pairs/n000007_0076_01.jpg,/content/face_module/dataset_extractedfaces/vggface2_pairs/n000005_0080_01.jpg,vggface2_pairs,impersonation_attack,/home/nadmin/Desktop/updatedattack/results/ARCFACE/transfer_attack_similarity_scores_all12_lambda020_limit1000.csv,GhostFaceNet,MI_ADMIX_DI_TI,vanilla,0.1982797086238861,GhostFaceNet_MI_ADMIX_DI_TI_adv
3,ArcFace,/content/face_module/dataset_extractedfaces/vggface2_pairs/n000007_0076_01.jpg,/content/face_module/dataset_extractedfaces/vggface2_pairs/n000005_0080_01.jpg,vggface2_pairs,impersonation_attack,/home/nadmin/Desktop/updatedattack/results/ARCFACE/transfer_attack_similarity_scores_all12_lambda020_limit1000.csv,GhostFaceNet,MI_FGSM,vanilla,0.1476087868213653,GhostFaceNet_MI_FGSM_adv
3,ArcFace,/content/face_module/dataset_extractedfaces/vggface2_pairs/n000007_0076_01.jpg,/content/face_module/dataset_extractedfaces/vggface2_pairs/n000005_0080_01.jpg,vggface2_pairs,impersonation_attack,/home/nadmin/Desktop/updatedattack/results/ARCFACE/transfer_attack_similarity_scores_all12_lambda020_limit1000.csv,GhostFaceNet,PGD,vanilla,0.135848194360733,GhostFaceNet_PGD_adv
3,ArcFace,/content/face_module/dataset_extractedfaces/vggface2_pairs/n000007_0076_01.jpg,/content/face_module/dataset_extractedfaces/vggface2_pairs/n000005_0080_01.jpg,vggface2_pairs,impersonation_attack,/home/nadmin/Desktop/updatedattack/results/ARCFACE/transfer_attack_similarity_scores_all12_lambda020_limit1000.csv,GhostFaceNet,SI_NI_FGSM,vanilla,0.1712049543857574,GhostFaceNet_SI_NI_FGSM_adv
3,ArcFace,/content/face_module/dataset_extractedfaces/vggface2_pairs/n000007_0076_01.jpg,/content/face_module/dataset_extractedfaces/vggface2_pairs/n000005_0080_01.jpg,vggface2_pairs,impersonation_attack,/home/nadmin/Desktop/updatedattack/results/ARCFACE/transfer_attack_similarity_scores_all12_lambda020_limit1000.csv,GhostFaceNet,TI_FGSM,vanilla,0.1993055343627929,GhostFaceNet_TI_FGSM_adv
3,ArcFace,/content/face_module/dataset_extractedfaces/vggface2_pairs/n000007_0076_01.jpg,/content/face_module/dataset_extractedfaces/vggface2_pairs/n000005_0080_01.jpg,vggface2_pairs,impersonation_attack,/home/nadmin/Desktop/updatedattack/results/ARCFACE/transfer_attack_similarity_scores_all12_lambda020_limit1000.csv,GhostFaceNet,clean,clean,0.0733531713485717,GhostFaceNet_clean
3,ArcFace,/content/face_module/dataset_extractedfaces/vggface2_pairs/n000007_0076_01.jpg,/content/face_module/dataset_extractedfaces/vggface2_pairs/n000005_0080_01.jpg,vggface2_pairs,impersonation_attack,/home/nadmin/Desktop/updatedattack/results/ARCFACE/transfer_attack_similarity_scores_all12_lambda020_limit1000.csv,IR152,MI_ADMIX_DI_TI,vanilla,0.1450660824775695,IR152_MI_ADMIX_DI_TI_adv
3,ArcFace,/content/face_module/dataset_extractedfaces/vggface2_pairs/n000007_0076_01.jpg,/content/face_module/dataset_extractedfaces/vggface2_pairs/n000005_0080_01.jpg,vggface2_pairs,impersonation_attack,/home/nadmin/Desktop/updatedattack/results/ARCFACE/transfer_attack_similarity_scores_all12_lambda020_limit1000.csv,IR152,MI_FGSM,vanilla,0.1484583765268325,IR152_MI_FGSM_adv
3,ArcFace,/content/face_module/dataset_extractedfaces/vggface2_pairs/n000007_0076_01.jpg,/content/face_module/dataset_extractedfaces/vggface2_pairs/n000005_0080_01.jpg,vggface2_pairs,impersonation_attack,/home/nadmin/Desktop/updatedattack/results/ARCFACE/transfer_attack_similarity_scores_all12_lambda020_limit1000.csv,IR152,PGD,vanilla,0.1269007921218872,IR152_PGD_adv
3,ArcFace,/content/face_module/dataset_extractedfaces/vggface2_pairs/n000007_0076_01.jpg,/content/face_module/dataset_extractedfaces/vggface2_pairs/n000005_0080_01.jpg,vggface2_pairs,impersonation_attack,/home/nadmin/Desktop/updatedattack/results/ARCFACE/transfer_attack_similarity_scores_all12_lambda020_limit1000.csv,IR152,SI_NI_FGSM,vanilla,0.1558891236782074,IR152_SI_NI_FGSM_adv
3,ArcFace,/content/face_module/dataset_extractedfaces/vggface2_pairs/n000007_0076_01.jpg,/content/face_module/dataset_extractedfaces/vggface2_pairs/n000005_0080_01.jpg,vggface2_pairs,impersonation_attack,/home/nadmin/Desktop/updatedattack/results/ARCFACE/transfer_attack_similarity_scores_all12_lambda020_limit1000.csv,IR152,TI_FGSM,vanilla,0.1516129076480865,IR152_TI_FGSM_adv
3,ArcFace,/content/face_module/dataset_extractedfaces/vggface2_pairs/n000007_0076_01.jpg,/content/face_module/dataset_extractedfaces/vggface2_pairs/n000005_0080_01.jpg,vggface2_pairs,impersonation_attack,/home/nadmin/Desktop/updatedattack/results/ARCFACE/transfer_attack_similarity_scores_all12_lambda020_limit1000.csv,IR152,clean,clean,0.0970130488276481,IR152_clean
3,ArcFace,/content/face_module/dataset_extractedfaces/vggface2_pairs/n000007_0076_01.jpg,/content/face_module/dataset_extractedfaces/vggface2_pairs/n000005_0080_01.jpg,vggface2_pairs,impersonation_attack,/home/nadmin/Desktop/updatedattack/results/ARCFACE/transfer_attack_similarity_scores_all12_lambda020_limit1000.csv,VGG-Face,MI_ADMIX_DI_TI,vanilla,0.1210564076900482,VGG-Face_MI_ADMIX_DI_TI_adv
3,ArcFace,/content/face_module/dataset_extractedfaces/vggface2_pairs/n000007_0076_01.jpg,/content/face_module/dataset_extractedfaces/vggface2_pairs/n000005_0080_01.jpg,vggface2_pairs,impersonation_attack,/home/nadmin/Desktop/updatedattack/results/ARCFACE/transfer_attack_similarity_scores_all12_lambda020_limit1000.csv,VGG-Face,MI_FGSM,vanilla,0.1342960745096206,VGG-Face_MI_FGSM_adv
3,ArcFace,/content/face_module/dataset_extractedfaces/vggface2_pairs/n000007_0076_01.jpg,/content/face_module/dataset_extractedfaces/vggface2_pairs/n000005_0080_01.jpg,vggface2_pairs,impersonation_attack,/home/nadmin/Desktop/updatedattack/results/ARCFACE/transfer_attack_similarity_scores_all12_lambda020_limit1000.csv,VGG-Face,PGD,vanilla,0.0925200283527374,VGG-Face_PGD_adv
3,ArcFace,/content/face_module/dataset_extractedfaces/vggface2_pairs/n000007_0076_01.jpg,/content/face_module/dataset_extractedfaces/vggface2_pairs/n000005_0080_01.jpg,vggface2_pairs,impersonation_attack,/home/nadmin/Desktop/updatedattack/results/ARCFACE/transfer_attack_similarity_scores_all12_lambda020_limit1000.csv,VGG-Face,SI_NI_FGSM,vanilla,0.1760025471448898,VGG-Face_SI_NI_FGSM_adv
3,ArcFace,/content/face_module/dataset_extractedfaces/vggface2_pairs/n000007_0076_01.jpg,/content/face_module/dataset_extractedfaces/vggface2_pairs/n000005_0080_01.jpg,vggface2_pairs,impersonation_attack,/home/nadmin/Desktop/updatedattack/results/ARCFACE/transfer_attack_similarity_scores_all12_lambda020_limit1000.csv,VGG-Face,TI_FGSM,vanilla,0.1065380722284317,VGG-Face_TI_FGSM_adv
3,ArcFace,/content/face_module/dataset_extractedfaces/vggface2_pairs/n000007_0076_01.jpg,/content/face_module/dataset_extractedfaces/vggface2_pairs/n000005_0080_01.jpg,vggface2_pairs,impersonation_attack,/home/nadmin/Desktop/updatedattack/results/ARCFACE/transfer_attack_similarity_scores_all12_lambda020_limit1000.csv,VGG-Face,clean,clean,0.0580454058945179,VGG-Face_clean
4,ArcFace,/content/face_module/dataset_extractedfaces/vggface2_pairs/n000008_0256_01.jpg,/content/face_module/dataset_extractedfaces/vggface2_pairs/n000008_0348_01.jpg,vggface2_pairs,dodging_attack,/home/nadmin/Desktop/updatedattack/results/ARCFACE/transfer_attack_similarity_scores_all12_lambda020_limit1000.csv,ArcFace,clean,clean,0.017865490168333,ArcFace_clean
4,ArcFace,/content/face_module/dataset_extractedfaces/vggface2_pairs/n000008_0256_01.jpg,/content/face_module/dataset_extractedfaces/vggface2_pairs/n000008_0348_01.jpg,vggface2_pairs,dodging_attack,/home/nadmin/Desktop/updatedattack/results/ARCFACE/transfer_attack_similarity_scores_all12_lambda020_limit1000.csv,Facenet512,MI_ADMIX_DI_TI,vanilla,0.4482809901237488,Facenet512_MI_ADMIX_DI_TI_adv
4,ArcFace,/content/face_module/dataset_extractedfaces/vggface2_pairs/n000008_0256_01.jpg,/content/face_module/dataset_extractedfaces/vggface2_pairs/n000008_0348_01.jpg,vggface2_pairs,dodging_attack,/home/nadmin/Desktop/updatedattack/results/ARCFACE/transfer_attack_similarity_scores_all12_lambda020_limit1000.csv,Facenet512,MI_FGSM,vanilla,0.4168608784675598,Facenet512_MI_FGSM_adv
4,ArcFace,/content/face_module/dataset_extractedfaces/vggface2_pairs/n000008_0256_01.jpg,/content/face_module/dataset_extractedfaces/vggface2_pairs/n000008_0348_01.jpg,vggface2_pairs,dodging_attack,/home/nadmin/Desktop/updatedattack/results/ARCFACE/transfer_attack_similarity_scores_all12_lambda020_limit1000.csv,Facenet512,PGD,vanilla,0.48246830701828,Facenet512_PGD_adv
4,ArcFace,/content/face_module/dataset_extractedfaces/vggface2_pairs/n000008_0256_01.jpg,/content/face_module/dataset_extractedfaces/vggface2_pairs/n000008_0348_01.jpg,vggface2_pairs,dodging_attack,/home/nadmin/Desktop/updatedattack/results/ARCFACE/transfer_attack_similarity_scores_all12_lambda020_limit1000.csv,Facenet512,SI_NI_FGSM,vanilla,0.3744509816169739,Facenet512_SI_NI_FGSM_adv
4,ArcFace,/content/face_module/dataset_extractedfaces/vggface2_pairs/n000008_0256_01.jpg,/content/face_module/dataset_extractedfaces/vggface2_pairs/n000008_0348_01.jpg,vggface2_pairs,dodging_attack,/home/nadmin/Desktop/updatedattack/results/ARCFACE/transfer_attack_similarity_scores_all12_lambda020_limit1000.csv,Facenet512,TI_FGSM,vanilla,0.4529242217540741,Facenet512_TI_FGSM_adv
4,ArcFace,/content/face_module/dataset_extractedfaces/vggface2_pairs/n000008_0256_01.jpg,/content/face_module/dataset_extractedfaces/vggface2_pairs/n000008_0348_01.jpg,vggface2_pairs,dodging_attack,/home/nadmin/Desktop/updatedattack/results/ARCFACE/transfer_attack_similarity_scores_all12_lambda020_limit1000.csv,Facenet512,clean,clean,0.52094566822052,Facenet512_clean
4,ArcFace,/content/face_module/dataset_extractedfaces/vggface2_pairs/n000008_0256_01.jpg,/content/face_module/dataset_extractedfaces/vggface2_pairs/n000008_0348_01.jpg,vggface2_pairs,dodging_attack,/home/nadmin/Desktop/updatedattack/results/ARCFACE/transfer_attack_similarity_scores_all12_lambda020_limit1000.csv,GhostFaceNet,MI_ADMIX_DI_TI,vanilla,0.0185310449451208,GhostFaceNet_MI_ADMIX_DI_TI_adv
4,ArcFace,/content/face_module/dataset_extractedfaces/vggface2_pairs/n000008_0256_01.jpg,/content/face_module/dataset_extractedfaces/vggface2_pairs/n000008_0348_01.jpg,vggface2_pairs,dodging_attack,/home/nadmin/Desktop/updatedattack/results/ARCFACE/transfer_attack_similarity_scores_all12_lambda020_limit1000.csv,GhostFaceNet,MI_FGSM,vanilla,-0.0311568360775709,GhostFaceNet_MI_FGSM_adv
4,ArcFace,/content/face_module/dataset_extractedfaces/vggface2_pairs/n000008_0256_01.jpg,/content/face_module/dataset_extractedfaces/vggface2_pairs/n000008_0348_01.jpg,vggface2_pairs,dodging_attack,/home/nadmin/Desktop/updatedattack/results/ARCFACE/transfer_attack_similarity_scores_all12_lambda020_limit1000.csv,GhostFaceNet,PGD,vanilla,-0.0021843928843736,GhostFaceNet_PGD_adv
4,ArcFace,/content/face_module/dataset_extractedfaces/vggface2_pairs/n000008_0256_01.jpg,/content/face_module/dataset_extractedfaces/vggface2_pairs/n000008_0348_01.jpg,vggface2_pairs,dodging_attack,/home/nadmin/Desktop/updatedattack/results/ARCFACE/transfer_attack_similarity_scores_all12_lambda020_limit1000.csv,GhostFaceNet,SI_NI_FGSM,vanilla,-0.0478731170296669,GhostFaceNet_SI_NI_FGSM_adv
4,ArcFace,/content/face_module/dataset_extractedfaces/vggface2_pairs/n000008_0256_01.jpg,/content/face_module/dataset_extractedfaces/vggface2_pairs/n000008_0348_01.jpg,vggface2_pairs,dodging_attack,/home/nadmin/Desktop/updatedattack/results/ARCFACE/transfer_attack_similarity_scores_all12_lambda020_limit1000.csv,GhostFaceNet,TI_FGSM,vanilla,0.0215985551476478,GhostFaceNet_TI_FGSM_adv
4,ArcFace,/content/face_module/dataset_extractedfaces/vggface2_pairs/n000008_0256_01.jpg,/content/face_module/dataset_extractedfaces/vggface2_pairs/n000008_0348_01.jpg,vggface2_pairs,dodging_attack,/home/nadmin/Desktop/updatedattack/results/ARCFACE/transfer_attack_similarity_scores_all12_lambda020_limit1000.csv,GhostFaceNet,clean,clean,0.0382209010422229,GhostFaceNet_clean
4,ArcFace,/content/face_module/dataset_extractedfaces/vggface2_pairs/n000008_0256_01.jpg,/content/face_module/dataset_extractedfaces/vggface2_pairs/n000008_0348_01.jpg,vggface2_pairs,dodging_attack,/home/nadmin/Desktop/updatedattack/results/ARCFACE/transfer_attack_similarity_scores_all12_lambda020_limit1000.csv,IR152,MI_ADMIX_DI_TI,vanilla,0.2616469264030456,IR152_MI_ADMIX_DI_TI_adv
4,ArcFace,/content/face_module/dataset_extractedfaces/vggface2_pairs/n000008_0256_01.jpg,/content/face_module/dataset_extractedfaces/vggface2_pairs/n000008_0348_01.jpg,vggface2_pairs,dodging_attack,/home/nadmin/Desktop/updatedattack/results/ARCFACE/transfer_attack_similarity_scores_all12_lambda020_limit1000.csv,IR152,MI_FGSM,vanilla,0.270114004611969,IR152_MI_FGSM_adv
4,ArcFace,/content/face_module/dataset_extractedfaces/vggface2_pairs/n000008_0256_01.jpg,/content/face_module/dataset_extractedfaces/vggface2_pairs/n000008_0348_01.jpg,vggface2_pairs,dodging_attack,/home/nadmin/Desktop/updatedattack/results/ARCFACE/transfer_attack_similarity_scores_all12_lambda020_limit1000.csv,IR152,PGD,vanilla,0.2906729578971863,IR152_PGD_adv
4,ArcFace,/content/face_module/dataset_extractedfaces/vggface2_pairs/n000008_0256_01.jpg,/content/face_module/dataset_extractedfaces/vggface2_pairs/n000008_0348_01.jpg,vggface2_pairs,dodging_attack,/home/nadmin/Desktop/updatedattack/results/ARCFACE/transfer_attack_similarity_scores_all12_lambda020_limit1000.csv,IR152,SI_NI_FGSM,vanilla,0.3151870369911194,IR152_SI_NI_FGSM_adv
4,ArcFace,/content/face_module/dataset_extractedfaces/vggface2_pairs/n000008_0256_01.jpg,/content/face_module/dataset_extractedfaces/vggface2_pairs/n000008_0348_01.jpg,vggface2_pairs,dodging_attack,/home/nadmin/Desktop/updatedattack/results/ARCFACE/transfer_attack_similarity_scores_all12_lambda020_limit1000.csv,IR152,TI_FGSM,vanilla,0.2779667973518371,IR152_TI_FGSM_adv
4,ArcFace,/content/face_module/dataset_extractedfaces/vggface2_pairs/n000008_0256_01.jpg,/content/face_module/dataset_extractedfaces/vggface2_pairs/n000008_0348_01.jpg,vggface2_pairs,dodging_attack,/home/nadmin/Desktop/updatedattack/results/ARCFACE/transfer_attack_similarity_scores_all12_lambda020_limit1000.csv,IR152,clean,clean,0.3233869671821594,IR152_clean
4,ArcFace,/content/face_module/dataset_extractedfaces/vggface2_pairs/n000008_0256_01.jpg,/content/face_module/dataset_extractedfaces/vggface2_pairs/n000008_0348_01.jpg,vggface2_pairs,dodging_attack,/home/nadmin/Desktop/updatedattack/results/ARCFACE/transfer_attack_similarity_scores_all12_lambda020_limit1000.csv,VGG-Face,MI_ADMIX_DI_TI,vanilla,0.2104663252830505,VGG-Face_MI_ADMIX_DI_TI_adv
4,ArcFace,/content/face_module/dataset_extractedfaces/vggface2_pairs/n000008_0256_01.jpg,/content/face_module/dataset_extractedfaces/vggface2_pairs/n000008_0348_01.jpg,vggface2_pairs,dodging_attack,/home/nadmin/Desktop/updatedattack/results/ARCFACE/transfer_attack_similarity_scores_all12_lambda020_limit1000.csv,VGG-Face,MI_FGSM,vanilla,0.1920119524002075,VGG-Face_MI_FGSM_adv
4,ArcFace,/content/face_module/dataset_extractedfaces/vggface2_pairs/n000008_0256_01.jpg,/content/face_module/dataset_extractedfaces/vggface2_pairs/n000008_0348_01.jpg,vggface2_pairs,dodging_attack,/home/nadmin/Desktop/updatedattack/results/ARCFACE/transfer_attack_similarity_scores_all12_lambda020_limit1000.csv,VGG-Face,PGD,vanilla,0.2129357755184173,VGG-Face_PGD_adv
4,ArcFace,/content/face_module/dataset_extractedfaces/vggface2_pairs/n000008_0256_01.jpg,/content/face_module/dataset_extractedfaces/vggface2_pairs/n000008_0348_01.jpg,vggface2_pairs,dodging_attack,/home/nadmin/Desktop/updatedattack/results/ARCFACE/transfer_attack_similarity_scores_all12_lambda020_limit1000.csv,VGG-Face,SI_NI_FGSM,vanilla,0.1671092212200164,VGG-Face_SI_NI_FGSM_adv
4,ArcFace,/content/face_module/dataset_extractedfaces/vggface2_pairs/n000008_0256_01.jpg,/content/face_module/dataset_extractedfaces/vggface2_pairs/n000008_0348_01.jpg,vggface2_pairs,dodging_attack,/home/nadmin/Desktop/updatedattack/results/ARCFACE/transfer_attack_similarity_scores_all12_lambda020_limit1000.csv,VGG-Face,TI_FGSM,vanilla,0.2050232291221618,VGG-Face_TI_FGSM_adv
4,ArcFace,/content/face_module/dataset_extractedfaces/vggface2_pairs/n000008_0256_01.jpg,/content/face_module/dataset_extractedfaces/vggface2_pairs/n000008_0348_01.jpg,vggface2_pairs,dodging_attack,/home/nadmin/Desktop/updatedattack/results/ARCFACE/transfer_attack_similarity_scores_all12_lambda020_limit1000.csv,VGG-Face,clean,clean,0.1985628455877304,VGG-Face_clean
5,ArcFace,/content/face_module/dataset_extractedfaces/vggface2_pairs/n000004_0204_01.jpg,/content/face_module/dataset_extractedfaces/vggface2_pairs/n000002_0070_01.jpg,vggface2_pairs,impersonation_attack,/home/nadmin/Desktop/updatedattack/results/ARCFACE/transfer_attack_similarity_scores_all12_lambda020_limit1000.csv,ArcFace,clean,clean,0.0034883907064795,ArcFace_clean
5,ArcFace,/content/face_module/dataset_extractedfaces/vggface2_pairs/n000004_0204_01.jpg,/content/face_module/dataset_extractedfaces/vggface2_pairs/n000002_0070_01.jpg,vggface2_pairs,impersonation_attack,/home/nadmin/Desktop/updatedattack/results/ARCFACE/transfer_attack_similarity_scores_all12_lambda020_limit1000.csv,Facenet512,MI_ADMIX_DI_TI,vanilla,0.0155506627634167,Facenet512_MI_ADMIX_DI_TI_adv
5,ArcFace,/content/face_module/dataset_extractedfaces/vggface2_pairs/n000004_0204_01.jpg,/content/face_module/dataset_extractedfaces/vggface2_pairs/n000002_0070_01.jpg,vggface2_pairs,impersonation_attack,/home/nadmin/Desktop/updatedattack/results/ARCFACE/transfer_attack_similarity_scores_all12_lambda020_limit1000.csv,Facenet512,MI_FGSM,vanilla,-0.0412709638476371,Facenet512_MI_FGSM_adv
5,ArcFace,/content/face_module/dataset_extractedfaces/vggface2_pairs/n000004_0204_01.jpg,/content/face_module/dataset_extractedfaces/vggface2_pairs/n000002_0070_01.jpg,vggface2_pairs,impersonation_attack,/home/nadmin/Desktop/updatedattack/results/ARCFACE/transfer_attack_similarity_scores_all12_lambda020_limit1000.csv,Facenet512,PGD,vanilla,-0.0203123986721038,Facenet512_PGD_adv
5,ArcFace,/content/face_module/dataset_extractedfaces/vggface2_pairs/n000004_0204_01.jpg,/content/face_module/dataset_extractedfaces/vggface2_pairs/n000002_0070_01.jpg,vggface2_pairs,impersonation_attack,/home/nadmin/Desktop/updatedattack/results/ARCFACE/transfer_attack_similarity_scores_all12_lambda020_limit1000.csv,Facenet512,SI_NI_FGSM,vanilla,0.0061087124049663,Facenet512_SI_NI_FGSM_adv
5,ArcFace,/content/face_module/dataset_extractedfaces/vggface2_pairs/n000004_0204_01.jpg,/content/face_module/dataset_extractedfaces/vggface2_pairs/n000002_0070_01.jpg,vggface2_pairs,impersonation_attack,/home/nadmin/Desktop/updatedattack/results/ARCFACE/transfer_attack_similarity_scores_all12_lambda020_limit1000.csv,Facenet512,TI_FGSM,vanilla,0.000302255153656,Facenet512_TI_FGSM_adv
5,ArcFace,/content/face_module/dataset_extractedfaces/vggface2_pairs/n000004_0204_01.jpg,/content/face_module/dataset_extractedfaces/vggface2_pairs/n000002_0070_01.jpg,vggface2_pairs,impersonation_attack,/home/nadmin/Desktop/updatedattack/results/ARCFACE/transfer_attack_similarity_scores_all12_lambda020_limit1000.csv,Facenet512,clean,clean,-0.0816236436367034,Facenet512_clean
5,ArcFace,/content/face_module/dataset_extractedfaces/vggface2_pairs/n000004_0204_01.jpg,/content/face_module/dataset_extractedfaces/vggface2_pairs/n000002_0070_01.jpg,vggface2_pairs,impersonation_attack,/home/nadmin/Desktop/updatedattack/results/ARCFACE/transfer_attack_similarity_scores_all12_lambda020_limit1000.csv,GhostFaceNet,MI_ADMIX_DI_TI,vanilla,0.1334263533353805,GhostFaceNet_MI_ADMIX_DI_TI_adv
5,ArcFace,/content/face_module/dataset_extractedfaces/vggface2_pairs/n000004_0204_01.jpg,/content/face_module/dataset_extractedfaces/vggface2_pairs/n000002_0070_01.jpg,vggface2_pairs,impersonation_attack,/home/nadmin/Desktop/updatedattack/results/ARCFACE/transfer_attack_similarity_scores_all12_lambda020_limit1000.csv,GhostFaceNet,MI_FGSM,vanilla,0.1094533205032348,GhostFaceNet_MI_FGSM_adv
5,ArcFace,/content/face_module/dataset_extractedfaces/vggface2_pairs/n000004_0204_01.jpg,/content/face_module/dataset_extractedfaces/vggface2_pairs/n000002_0070_01.jpg,vggface2_pairs,impersonation_attack,/home/nadmin/Desktop/updatedattack/results/ARCFACE/transfer_attack_similarity_scores_all12_lambda020_limit1000.csv,GhostFaceNet,PGD,vanilla,0.131777748465538,GhostFaceNet_PGD_adv
5,ArcFace,/content/face_module/dataset_extractedfaces/vggface2_pairs/n000004_0204_01.jpg,/content/face_module/dataset_extractedfaces/vggface2_pairs/n000002_0070_01.jpg,vggface2_pairs,impersonation_attack,/home/nadmin/Desktop/updatedattack/results/ARCFACE/transfer_attack_similarity_scores_all12_lambda020_limit1000.csv,GhostFaceNet,SI_NI_FGSM,vanilla,0.1296682953834533,GhostFaceNet_SI_NI_FGSM_adv
5,ArcFace,/content/face_module/dataset_extractedfaces/vggface2_pairs/n000004_0204_01.jpg,/content/face_module/dataset_extractedfaces/vggface2_pairs/n000002_0070_01.jpg,vggface2_pairs,impersonation_attack,/home/nadmin/Desktop/updatedattack/results/ARCFACE/transfer_attack_similarity_scores_all12_lambda020_limit1000.csv,GhostFaceNet,TI_FGSM,vanilla,0.1062066555023193,GhostFaceNet_TI_FGSM_adv
5,ArcFace,/content/face_module/dataset_extractedfaces/vggface2_pairs/n000004_0204_01.jpg,/content/face_module/dataset_extractedfaces/vggface2_pairs/n000002_0070_01.jpg,vggface2_pairs,impersonation_attack,/home/nadmin/Desktop/updatedattack/results/ARCFACE/transfer_attack_similarity_scores_all12_lambda020_limit1000.csv,GhostFaceNet,clean,clean,0.1116373091936111,GhostFaceNet_clean
5,ArcFace,/content/face_module/dataset_extractedfaces/vggface2_pairs/n000004_0204_01.jpg,/content/face_module/dataset_extractedfaces/vggface2_pairs/n000002_0070_01.jpg,vggface2_pairs,impersonation_attack,/home/nadmin/Desktop/updatedattack/results/ARCFACE/transfer_attack_similarity_scores_all12_lambda020_limit1000.csv,IR152,MI_ADMIX_DI_TI,vanilla,0.0431453585624694,IR152_MI_ADMIX_DI_TI_adv
5,ArcFace,/content/face_module/dataset_extractedfaces/vggface2_pairs/n000004_0204_01.jpg,/content/face_module/dataset_extractedfaces/vggface2_pairs/n000002_0070_01.jpg,vggface2_pairs,impersonation_attack,/home/nadmin/Desktop/updatedattack/results/ARCFACE/transfer_attack_similarity_scores_all12_lambda020_limit1000.csv,IR152,MI_FGSM,vanilla,0.0979684740304946,IR152_MI_FGSM_adv
5,ArcFace,/content/face_module/dataset_extractedfaces/vggface2_pairs/n000004_0204_01.jpg,/content/face_module/dataset_extractedfaces/vggface2_pairs/n000002_0070_01.jpg,vggface2_pairs,impersonation_attack,/home/nadmin/Desktop/updatedattack/results/ARCFACE/transfer_attack_similarity_scores_all12_lambda020_limit1000.csv,IR152,PGD,vanilla,0.0383555479347705,IR152_PGD_adv
5,ArcFace,/content/face_module/dataset_extractedfaces/vggface2_pairs/n000004_0204_01.jpg,/content/face_module/dataset_extractedfaces/vggface2_pairs/n000002_0070_01.jpg,vggface2_pairs,impersonation_attack,/home/nadmin/Desktop/updatedattack/results/ARCFACE/transfer_attack_similarity_scores_all12_lambda020_limit1000.csv,IR152,SI_NI_FGSM,vanilla,0.129494696855545,IR152_SI_NI_FGSM_adv
5,ArcFace,/content/face_module/dataset_extractedfaces/vggface2_pairs/n000004_0204_01.jpg,/content/face_module/dataset_extractedfaces/vggface2_pairs/n000002_0070_01.jpg,vggface2_pairs,impersonation_attack,/home/nadmin/Desktop/updatedattack/results/ARCFACE/transfer_attack_similarity_scores_all12_lambda020_limit1000.csv,IR152,TI_FGSM,vanilla,0.0349333882331848,IR152_TI_FGSM_adv
5,ArcFace,/content/face_module/dataset_extractedfaces/vggface2_pairs/n000004_0204_01.jpg,/content/face_module/dataset_extractedfaces/vggface2_pairs/n000002_0070_01.jpg,vggface2_pairs,impersonation_attack,/home/nadmin/Desktop/updatedattack/results/ARCFACE/transfer_attack_similarity_scores_all12_lambda020_limit1000.csv,IR152,clean,clean,-0.0258321724832057,IR152_clean
5,ArcFace,/content/face_module/dataset_extractedfaces/vggface2_pairs/n000004_0204_01.jpg,/content/face_module/dataset_extractedfaces/vggface2_pairs/n000002_0070_01.jpg,vggface2_pairs,impersonation_attack,/home/nadmin/Desktop/updatedattack/results/ARCFACE/transfer_attack_similarity_scores_all12_lambda020_limit1000.csv,VGG-Face,MI_ADMIX_DI_TI,vanilla,0.0948162153363227,VGG-Face_MI_ADMIX_DI_TI_adv
5,ArcFace,/content/face_module/dataset_extractedfaces/vggface2_pairs/n000004_0204_01.jpg,/content/face_module/dataset_extractedfaces/vggface2_pairs/n000002_0070_01.jpg,vggface2_pairs,impersonation_attack,/home/nadmin/Desktop/updatedattack/results/ARCFACE/transfer_attack_similarity_scores_all12_lambda020_limit1000.csv,VGG-Face,MI_FGSM,vanilla,0.0801669508218765,VGG-Face_MI_FGSM_adv
5,ArcFace,/content/face_module/dataset_extractedfaces/vggface2_pairs/n000004_0204_01.jpg,/content/face_module/dataset_extractedfaces/vggface2_pairs/n000002_0070_01.jpg,vggface2_pairs,impersonation_attack,/home/nadmin/Desktop/updatedattack/results/ARCFACE/transfer_attack_similarity_scores_all12_lambda020_limit1000.csv,VGG-Face,PGD,vanilla,0.0754360854625701,VGG-Face_PGD_adv
5,ArcFace,/content/face_module/dataset_extractedfaces/vggface2_pairs/n000004_0204_01.jpg,/content/face_module/dataset_extractedfaces/vggface2_pairs/n000002_0070_01.jpg,vggface2_pairs,impersonation_attack,/home/nadmin/Desktop/updatedattack/results/ARCFACE/transfer_attack_similarity_scores_all12_lambda020_limit1000.csv,VGG-Face,SI_NI_FGSM,vanilla,0.0831185430288314,VGG-Face_SI_NI_FGSM_adv
5,ArcFace,/content/face_module/dataset_extractedfaces/vggface2_pairs/n000004_0204_01.jpg,/content/face_module/dataset_extractedfaces/vggface2_pairs/n000002_0070_01.jpg,vggface2_pairs,impersonation_attack,/home/nadmin/Desktop/updatedattack/results/ARCFACE/transfer_attack_similarity_scores_all12_lambda020_limit1000.csv,VGG-Face,TI_FGSM,vanilla,0.0844422280788421,VGG-Face_TI_FGSM_adv
5,ArcFace,/content/face_module/dataset_extractedfaces/vggface2_pairs/n000004_0204_01.jpg,/content/face_module/dataset_extractedfaces/vggface2_pairs/n000002_0070_01.jpg,vggface2_pairs,impersonation_attack,/home/nadmin/Desktop/updatedattack/results/ARCFACE/transfer_attack_similarity_scores_all12_lambda020_limit1000.csv,VGG-Face,clean,clean,0.0456396713852882,VGG-Face_clean
6,ArcFace,/content/face_module/dataset_extractedfaces/lfw_pairs/Luiz Inacio Lula da Silva_7.jpg,/content/face_module/dataset_extractedfaces/lfw_pairs/Luiz Inacio Lula da Silva_8.jpg,lfw_pairs,dodging_attack,/home/nadmin/Desktop/updatedattack/results/ARCFACE/transfer_attack_similarity_scores_all12_lambda020_limit1000.csv,ArcFace,clean,clean,0.7488540410995483,ArcFace_clean
6,ArcFace,/content/face_module/dataset_extractedfaces/lfw_pairs/Luiz Inacio Lula da Silva_7.jpg,/content/face_module/dataset_extractedfaces/lfw_pairs/Luiz Inacio Lula da Silva_8.jpg,lfw_pairs,dodging_attack,/home/nadmin/Desktop/updatedattack/results/ARCFACE/transfer_attack_similarity_scores_all12_lambda020_limit1000.csv,Facenet512,MI_ADMIX_DI_TI,vanilla,0.5039632320404053,Facenet512_MI_ADMIX_DI_TI_adv
6,ArcFace,/content/face_module/dataset_extractedfaces/lfw_pairs/Luiz Inacio Lula da Silva_7.jpg,/content/face_module/dataset_extractedfaces/lfw_pairs/Luiz Inacio Lula da Silva_8.jpg,lfw_pairs,dodging_attack,/home/nadmin/Desktop/updatedattack/results/ARCFACE/transfer_attack_similarity_scores_all12_lambda020_limit1000.csv,Facenet512,MI_FGSM,vanilla,0.3497950732707977,Facenet512_MI_FGSM_adv
6,ArcFace,/content/face_module/dataset_extractedfaces/lfw_pairs/Luiz Inacio Lula da Silva_7.jpg,/content/face_module/dataset_extractedfaces/lfw_pairs/Luiz Inacio Lula da Silva_8.jpg,lfw_pairs,dodging_attack,/home/nadmin/Desktop/updatedattack/results/ARCFACE/transfer_attack_similarity_scores_all12_lambda020_limit1000.csv,Facenet512,PGD,vanilla,0.5270158052444458,Facenet512_PGD_adv
6,ArcFace,/content/face_module/dataset_extractedfaces/lfw_pairs/Luiz Inacio Lula da Silva_7.jpg,/content/face_module/dataset_extractedfaces/lfw_pairs/Luiz Inacio Lula da Silva_8.jpg,lfw_pairs,dodging_attack,/home/nadmin/Desktop/updatedattack/results/ARCFACE/transfer_attack_similarity_scores_all12_lambda020_limit1000.csv,Facenet512,SI_NI_FGSM,vanilla,0.271901935338974,Facenet512_SI_NI_FGSM_adv
6,ArcFace,/content/face_module/dataset_extractedfaces/lfw_pairs/Luiz Inacio Lula da Silva_7.jpg,/content/face_module/dataset_extractedfaces/lfw_pairs/Luiz Inacio Lula da Silva_8.jpg,lfw_pairs,dodging_attack,/home/nadmin/Desktop/updatedattack/results/ARCFACE/transfer_attack_similarity_scores_all12_lambda020_limit1000.csv,Facenet512,TI_FGSM,vanilla,0.5773162245750427,Facenet512_TI_FGSM_adv
6,ArcFace,/content/face_module/dataset_extractedfaces/lfw_pairs/Luiz Inacio Lula da Silva_7.jpg,/content/face_module/dataset_extractedfaces/lfw_pairs/Luiz Inacio Lula da Silva_8.jpg,lfw_pairs,dodging_attack,/home/nadmin/Desktop/updatedattack/results/ARCFACE/transfer_attack_similarity_scores_all12_lambda020_limit1000.csv,Facenet512,clean,clean,0.7516776323318481,Facenet512_clean
6,ArcFace,/content/face_module/dataset_extractedfaces/lfw_pairs/Luiz Inacio Lula da Silva_7.jpg,/content/face_module/dataset_extractedfaces/lfw_pairs/Luiz Inacio Lula da Silva_8.jpg,lfw_pairs,dodging_attack,/home/nadmin/Desktop/updatedattack/results/ARCFACE/transfer_attack_similarity_scores_all12_lambda020_limit1000.csv,GhostFaceNet,MI_ADMIX_DI_TI,vanilla,0.4622147381305694,GhostFaceNet_MI_ADMIX_DI_TI_adv
6,ArcFace,/content/face_module/dataset_extractedfaces/lfw_pairs/Luiz Inacio Lula da Silva_7.jpg,/content/face_module/dataset_extractedfaces/lfw_pairs/Luiz Inacio Lula da Silva_8.jpg,lfw_pairs,dodging_attack,/home/nadmin/Desktop/updatedattack/results/ARCFACE/transfer_attack_similarity_scores_all12_lambda020_limit1000.csv,GhostFaceNet,MI_FGSM,vanilla,0.3630931973457336,GhostFaceNet_MI_FGSM_adv
6,ArcFace,/content/face_module/dataset_extractedfaces/lfw_pairs/Luiz Inacio Lula da Silva_7.jpg,/content/face_module/dataset_extractedfaces/lfw_pairs/Luiz Inacio Lula da Silva_8.jpg,lfw_pairs,dodging_attack,/home/nadmin/Desktop/updatedattack/results/ARCFACE/transfer_attack_similarity_scores_all12_lambda020_limit1000.csv,GhostFaceNet,PGD,vanilla,0.4538309574127197,GhostFaceNet_PGD_adv
6,ArcFace,/content/face_module/dataset_extractedfaces/lfw_pairs/Luiz Inacio Lula da Silva_7.jpg,/content/face_module/dataset_extractedfaces/lfw_pairs/Luiz Inacio Lula da Silva_8.jpg,lfw_pairs,dodging_attack,/home/nadmin/Desktop/updatedattack/results/ARCFACE/transfer_attack_similarity_scores_all12_lambda020_limit1000.csv,GhostFaceNet,SI_NI_FGSM,vanilla,0.3262141942977905,GhostFaceNet_SI_NI_FGSM_adv
6,ArcFace,/content/face_module/dataset_extractedfaces/lfw_pairs/Luiz Inacio Lula da Silva_7.jpg,/content/face_module/dataset_extractedfaces/lfw_pairs/Luiz Inacio Lula da Silva_8.jpg,lfw_pairs,dodging_attack,/home/nadmin/Desktop/updatedattack/results/ARCFACE/transfer_attack_similarity_scores_all12_lambda020_limit1000.csv,GhostFaceNet,TI_FGSM,vanilla,0.4867504239082336,GhostFaceNet_TI_FGSM_adv
6,ArcFace,/content/face_module/dataset_extractedfaces/lfw_pairs/Luiz Inacio Lula da Silva_7.jpg,/content/face_module/dataset_extractedfaces/lfw_pairs/Luiz Inacio Lula da Silva_8.jpg,lfw_pairs,dodging_attack,/home/nadmin/Desktop/updatedattack/results/ARCFACE/transfer_attack_similarity_scores_all12_lambda020_limit1000.csv,GhostFaceNet,clean,clean,0.5260540843009949,GhostFaceNet_clean
6,ArcFace,/content/face_module/dataset_extractedfaces/lfw_pairs/Luiz Inacio Lula da Silva_7.jpg,/content/face_module/dataset_extractedfaces/lfw_pairs/Luiz Inacio Lula da Silva_8.jpg,lfw_pairs,dodging_attack,/home/nadmin/Desktop/updatedattack/results/ARCFACE/transfer_attack_similarity_scores_all12_lambda020_limit1000.csv,IR152,MI_ADMIX_DI_TI,vanilla,0.2735702991485595,IR152_MI_ADMIX_DI_TI_adv
6,ArcFace,/content/face_module/dataset_extractedfaces/lfw_pairs/Luiz Inacio Lula da Silva_7.jpg,/content/face_module/dataset_extractedfaces/lfw_pairs/Luiz Inacio Lula da Silva_8.jpg,lfw_pairs,dodging_attack,/home/nadmin/Desktop/updatedattack/results/ARCFACE/transfer_attack_similarity_scores_all12_lambda020_limit1000.csv,IR152,MI_FGSM,vanilla,0.2843135595321655,IR152_MI_FGSM_adv
6,ArcFace,/content/face_module/dataset_extractedfaces/lfw_pairs/Luiz Inacio Lula da Silva_7.jpg,/content/face_module/dataset_extractedfaces/lfw_pairs/Luiz Inacio Lula da Silva_8.jpg,lfw_pairs,dodging_attack,/home/nadmin/Desktop/updatedattack/results/ARCFACE/transfer_attack_similarity_scores_all12_lambda020_limit1000.csv,IR152,PGD,vanilla,0.438155323266983,IR152_PGD_adv
6,ArcFace,/content/face_module/dataset_extractedfaces/lfw_pairs/Luiz Inacio Lula da Silva_7.jpg,/content/face_module/dataset_extractedfaces/lfw_pairs/Luiz Inacio Lula da Silva_8.jpg,lfw_pairs,dodging_attack,/home/nadmin/Desktop/updatedattack/results/ARCFACE/transfer_attack_similarity_scores_all12_lambda020_limit1000.csv,IR152,SI_NI_FGSM,vanilla,0.2099798917770385,IR152_SI_NI_FGSM_adv
6,ArcFace,/content/face_module/dataset_extractedfaces/lfw_pairs/Luiz Inacio Lula da Silva_7.jpg,/content/face_module/dataset_extractedfaces/lfw_pairs/Luiz Inacio Lula da Silva_8.jpg,lfw_pairs,dodging_attack,/home/nadmin/Desktop/updatedattack/results/ARCFACE/transfer_attack_similarity_scores_all12_lambda020_limit1000.csv,IR152,TI_FGSM,vanilla,0.3012977242469787,IR152_TI_FGSM_adv
6,ArcFace,/content/face_module/dataset_extractedfaces/lfw_pairs/Luiz Inacio Lula da Silva_7.jpg,/content/face_module/dataset_extractedfaces/lfw_pairs/Luiz Inacio Lula da Silva_8.jpg,lfw_pairs,dodging_attack,/home/nadmin/Desktop/updatedattack/results/ARCFACE/transfer_attack_similarity_scores_all12_lambda020_limit1000.csv,IR152,clean,clean,0.4096410870552063,IR152_clean
6,ArcFace,/content/face_module/dataset_extractedfaces/lfw_pairs/Luiz Inacio Lula da Silva_7.jpg,/content/face_module/dataset_extractedfaces/lfw_pairs/Luiz Inacio Lula da Silva_8.jpg,lfw_pairs,dodging_attack,/home/nadmin/Desktop/updatedattack/results/ARCFACE/transfer_attack_similarity_scores_all12_lambda020_limit1000.csv,VGG-Face,MI_ADMIX_DI_TI,vanilla,0.3960287272930145,VGG-Face_MI_ADMIX_DI_TI_adv
6,ArcFace,/content/face_module/dataset_extractedfaces/lfw_pairs/Luiz Inacio Lula da Silva_7.jpg,/content/face_module/dataset_extractedfaces/lfw_pairs/Luiz Inacio Lula da Silva_8.jpg,lfw_pairs,dodging_attack,/home/nadmin/Desktop/updatedattack/results/ARCFACE/transfer_attack_similarity_scores_all12_lambda020_limit1000.csv,VGG-Face,MI_FGSM,vanilla,0.3770040869712829,VGG-Face_MI_FGSM_adv
6,ArcFace,/content/face_module/dataset_extractedfaces/lfw_pairs/Luiz Inacio Lula da Silva_7.jpg,/content/face_module/dataset_extractedfaces/lfw_pairs/Luiz Inacio Lula da Silva_8.jpg,lfw_pairs,dodging_attack,/home/nadmin/Desktop/updatedattack/results/ARCFACE/transfer_attack_similarity_scores_all12_lambda020_limit1000.csv,VGG-Face,PGD,vanilla,0.4844791889190674,VGG-Face_PGD_adv
6,ArcFace,/content/face_module/dataset_extractedfaces/lfw_pairs/Luiz Inacio Lula da Silva_7.jpg,/content/face_module/dataset_extractedfaces/lfw_pairs/Luiz Inacio Lula da Silva_8.jpg,lfw_pairs,dodging_attack,/home/nadmin/Desktop/updatedattack/results/ARCFACE/transfer_attack_similarity_scores_all12_lambda020_limit1000.csv,VGG-Face,SI_NI_FGSM,vanilla,0.3283886909484863,VGG-Face_SI_NI_FGSM_adv
6,ArcFace,/content/face_module/dataset_extractedfaces/lfw_pairs/Luiz Inacio Lula da Silva_7.jpg,/content/face_module/dataset_extractedfaces/lfw_pairs/Luiz Inacio Lula da Silva_8.jpg,lfw_pairs,dodging_attack,/home/nadmin/Desktop/updatedattack/results/ARCFACE/transfer_attack_similarity_scores_all12_lambda020_limit1000.csv,VGG-Face,TI_FGSM,vanilla,0.3899454176425934,VGG-Face_TI_FGSM_adv
6,ArcFace,/content/face_module/dataset_extractedfaces/lfw_pairs/Luiz Inacio Lula da Silva_7.jpg,/content/face_module/dataset_extractedfaces/lfw_pairs/Luiz Inacio Lula da Silva_8.jpg,lfw_pairs,dodging_attack,/home/nadmin/Desktop/updatedattack/results/ARCFACE/transfer_attack_similarity_scores_all12_lambda020_limit1000.csv,VGG-Face,clean,clean,0.5950594544410706,VGG-Face_clean
7,ArcFace,/content/face_module/dataset_extractedfaces/vggface2_pairs/n000010_0058_01.jpg,/content/face_module/dataset_extractedfaces/vggface2_pairs/n000010_0081_01.jpg,vggface2_pairs,dodging_attack,/home/nadmin/Desktop/updatedattack/results/ARCFACE/transfer_attack_similarity_scores_all12_lambda020_limit1000.csv,ArcFace,clean,clean,0.6302404403686523,ArcFace_clean
7,ArcFace,/content/face_module/dataset_extractedfaces/vggface2_pairs/n000010_0058_01.jpg,/content/face_module/dataset_extractedfaces/vggface2_pairs/n000010_0081_01.jpg,vggface2_pairs,dodging_attack,/home/nadmin/Desktop/updatedattack/results/ARCFACE/transfer_attack_similarity_scores_all12_lambda020_limit1000.csv,Facenet512,MI_ADMIX_DI_TI,vanilla,0.5409241914749146,Facenet512_MI_ADMIX_DI_TI_adv
7,ArcFace,/content/face_module/dataset_extractedfaces/vggface2_pairs/n000010_0058_01.jpg,/content/face_module/dataset_extractedfaces/vggface2_pairs/n000010_0081_01.jpg,vggface2_pairs,dodging_attack,/home/nadmin/Desktop/updatedattack/results/ARCFACE/transfer_attack_similarity_scores_all12_lambda020_limit1000.csv,Facenet512,MI_FGSM,vanilla,0.420684665441513,Facenet512_MI_FGSM_adv
7,ArcFace,/content/face_module/dataset_extractedfaces/vggface2_pairs/n000010_0058_01.jpg,/content/face_module/dataset_extractedfaces/vggface2_pairs/n000010_0081_01.jpg,vggface2_pairs,dodging_attack,/home/nadmin/Desktop/updatedattack/results/ARCFACE/transfer_attack_similarity_scores_all12_lambda020_limit1000.csv,Facenet512,PGD,vanilla,0.5947154760360718,Facenet512_PGD_adv
7,ArcFace,/content/face_module/dataset_extractedfaces/vggface2_pairs/n000010_0058_01.jpg,/content/face_module/dataset_extractedfaces/vggface2_pairs/n000010_0081_01.jpg,vggface2_pairs,dodging_attack,/home/nadmin/Desktop/updatedattack/results/ARCFACE/transfer_attack_similarity_scores_all12_lambda020_limit1000.csv,Facenet512,SI_NI_FGSM,vanilla,0.351911723613739,Facenet512_SI_NI_FGSM_adv
7,ArcFace,/content/face_module/dataset_extractedfaces/vggface2_pairs/n000010_0058_01.jpg,/content/face_module/dataset_extractedfaces/vggface2_pairs/n000010_0081_01.jpg,vggface2_pairs,dodging_attack,/home/nadmin/Desktop/updatedattack/results/ARCFACE/transfer_attack_similarity_scores_all12_lambda020_limit1000.csv,Facenet512,TI_FGSM,vanilla,0.5027111768722534,Facenet512_TI_FGSM_adv
7,ArcFace,/content/face_module/dataset_extractedfaces/vggface2_pairs/n000010_0058_01.jpg,/content/face_module/dataset_extractedfaces/vggface2_pairs/n000010_0081_01.jpg,vggface2_pairs,dodging_attack,/home/nadmin/Desktop/updatedattack/results/ARCFACE/transfer_attack_similarity_scores_all12_lambda020_limit1000.csv,Facenet512,clean,clean,0.6818405389785767,Facenet512_clean
7,ArcFace,/content/face_module/dataset_extractedfaces/vggface2_pairs/n000010_0058_01.jpg,/content/face_module/dataset_extractedfaces/vggface2_pairs/n000010_0081_01.jpg,vggface2_pairs,dodging_attack,/home/nadmin/Desktop/updatedattack/results/ARCFACE/transfer_attack_similarity_scores_all12_lambda020_limit1000.csv,GhostFaceNet,MI_ADMIX_DI_TI,vanilla,0.1470884084701538,GhostFaceNet_MI_ADMIX_DI_TI_adv
7,ArcFace,/content/face_module/dataset_extractedfaces/vggface2_pairs/n000010_0058_01.jpg,/content/face_module/dataset_extractedfaces/vggface2_pairs/n000010_0081_01.jpg,vggface2_pairs,dodging_attack,/home/nadmin/Desktop/updatedattack/results/ARCFACE/transfer_attack_similarity_scores_all12_lambda020_limit1000.csv,GhostFaceNet,MI_FGSM,vanilla,0.1769943237304687,GhostFaceNet_MI_FGSM_adv
7,ArcFace,/content/face_module/dataset_extractedfaces/vggface2_pairs/n000010_0058_01.jpg,/content/face_module/dataset_extractedfaces/vggface2_pairs/n000010_0081_01.jpg,vggface2_pairs,dodging_attack,/home/nadmin/Desktop/updatedattack/results/ARCFACE/transfer_attack_similarity_scores_all12_lambda020_limit1000.csv,GhostFaceNet,PGD,vanilla,0.2621605396270752,GhostFaceNet_PGD_adv
7,ArcFace,/content/face_module/dataset_extractedfaces/vggface2_pairs/n000010_0058_01.jpg,/content/face_module/dataset_extractedfaces/vggface2_pairs/n000010_0081_01.jpg,vggface2_pairs,dodging_attack,/home/nadmin/Desktop/updatedattack/results/ARCFACE/transfer_attack_similarity_scores_all12_lambda020_limit1000.csv,GhostFaceNet,SI_NI_FGSM,vanilla,0.1157193481922149,GhostFaceNet_SI_NI_FGSM_adv
7,ArcFace,/content/face_module/dataset_extractedfaces/vggface2_pairs/n000010_0058_01.jpg,/content/face_module/dataset_extractedfaces/vggface2_pairs/n000010_0081_01.jpg,vggface2_pairs,dodging_attack,/home/nadmin/Desktop/updatedattack/results/ARCFACE/transfer_attack_similarity_scores_all12_lambda020_limit1000.csv,GhostFaceNet,TI_FGSM,vanilla,0.1793893724679947,GhostFaceNet_TI_FGSM_adv
7,ArcFace,/content/face_module/dataset_extractedfaces/vggface2_pairs/n000010_0058_01.jpg,/content/face_module/dataset_extractedfaces/vggface2_pairs/n000010_0081_01.jpg,vggface2_pairs,dodging_attack,/home/nadmin/Desktop/updatedattack/results/ARCFACE/transfer_attack_similarity_scores_all12_lambda020_limit1000.csv,GhostFaceNet,clean,clean,0.3731428980827331,GhostFaceNet_clean
7,ArcFace,/content/face_module/dataset_extractedfaces/vggface2_pairs/n000010_0058_01.jpg,/content/face_module/dataset_extractedfaces/vggface2_pairs/n000010_0081_01.jpg,vggface2_pairs,dodging_attack,/home/nadmin/Desktop/updatedattack/results/ARCFACE/transfer_attack_similarity_scores_all12_lambda020_limit1000.csv,IR152,MI_ADMIX_DI_TI,vanilla,0.4210071563720703,IR152_MI_ADMIX_DI_TI_adv
7,ArcFace,/content/face_module/dataset_extractedfaces/vggface2_pairs/n000010_0058_01.jpg,/content/face_module/dataset_extractedfaces/vggface2_pairs/n000010_0081_01.jpg,vggface2_pairs,dodging_attack,/home/nadmin/Desktop/updatedattack/results/ARCFACE/transfer_attack_similarity_scores_all12_lambda020_limit1000.csv,IR152,MI_FGSM,vanilla,0.3525155782699585,IR152_MI_FGSM_adv
7,ArcFace,/content/face_module/dataset_extractedfaces/vggface2_pairs/n000010_0058_01.jpg,/content/face_module/dataset_extractedfaces/vggface2_pairs/n000010_0081_01.jpg,vggface2_pairs,dodging_attack,/home/nadmin/Desktop/updatedattack/results/ARCFACE/transfer_attack_similarity_scores_all12_lambda020_limit1000.csv,IR152,PGD,vanilla,0.5710518956184387,IR152_PGD_adv
7,ArcFace,/content/face_module/dataset_extractedfaces/vggface2_pairs/n000010_0058_01.jpg,/content/face_module/dataset_extractedfaces/vggface2_pairs/n000010_0081_01.jpg,vggface2_pairs,dodging_attack,/home/nadmin/Desktop/updatedattack/results/ARCFACE/transfer_attack_similarity_scores_all12_lambda020_limit1000.csv,IR152,SI_NI_FGSM,vanilla,0.3424928486347198,IR152_SI_NI_FGSM_adv
7,ArcFace,/content/face_module/dataset_extractedfaces/vggface2_pairs/n000010_0058_01.jpg,/content/face_module/dataset_extractedfaces/vggface2_pairs/n000010_0081_01.jpg,vggface2_pairs,dodging_attack,/home/nadmin/Desktop/updatedattack/results/ARCFACE/transfer_attack_similarity_scores_all12_lambda020_limit1000.csv,IR152,TI_FGSM,vanilla,0.4126927256584167,IR152_TI_FGSM_adv
7,ArcFace,/content/face_module/dataset_extractedfaces/vggface2_pairs/n000010_0058_01.jpg,/content/face_module/dataset_extractedfaces/vggface2_pairs/n000010_0081_01.jpg,vggface2_pairs,dodging_attack,/home/nadmin/Desktop/updatedattack/results/ARCFACE/transfer_attack_similarity_scores_all12_lambda020_limit1000.csv,IR152,clean,clean,0.6537520885467529,IR152_clean
7,ArcFace,/content/face_module/dataset_extractedfaces/vggface2_pairs/n000010_0058_01.jpg,/content/face_module/dataset_extractedfaces/vggface2_pairs/n000010_0081_01.jpg,vggface2_pairs,dodging_attack,/home/nadmin/Desktop/updatedattack/results/ARCFACE/transfer_attack_similarity_scores_all12_lambda020_limit1000.csv,VGG-Face,MI_ADMIX_DI_TI,vanilla,0.1725371479988098,VGG-Face_MI_ADMIX_DI_TI_adv
7,ArcFace,/content/face_module/dataset_extractedfaces/vggface2_pairs/n000010_0058_01.jpg,/content/face_module/dataset_extractedfaces/vggface2_pairs/n000010_0081_01.jpg,vggface2_pairs,dodging_attack,/home/nadmin/Desktop/updatedattack/results/ARCFACE/transfer_attack_similarity_scores_all12_lambda020_limit1000.csv,VGG-Face,MI_FGSM,vanilla,0.1976501196622848,VGG-Face_MI_FGSM_adv
7,ArcFace,/content/face_module/dataset_extractedfaces/vggface2_pairs/n000010_0058_01.jpg,/content/face_module/dataset_extractedfaces/vggface2_pairs/n000010_0081_01.jpg,vggface2_pairs,dodging_attack,/home/nadmin/Desktop/updatedattack/results/ARCFACE/transfer_attack_similarity_scores_all12_lambda020_limit1000.csv,VGG-Face,PGD,vanilla,0.2616298496723175,VGG-Face_PGD_adv
7,ArcFace,/content/face_module/dataset_extractedfaces/vggface2_pairs/n000010_0058_01.jpg,/content/face_module/dataset_extractedfaces/vggface2_pairs/n000010_0081_01.jpg,vggface2_pairs,dodging_attack,/home/nadmin/Desktop/updatedattack/results/ARCFACE/transfer_attack_similarity_scores_all12_lambda020_limit1000.csv,VGG-Face,SI_NI_FGSM,vanilla,0.1667210161685943,VGG-Face_SI_NI_FGSM_adv
7,ArcFace,/content/face_module/dataset_extractedfaces/vggface2_pairs/n000010_0058_01.jpg,/content/face_module/dataset_extractedfaces/vggface2_pairs/n000010_0081_01.jpg,vggface2_pairs,dodging_attack,/home/nadmin/Desktop/updatedattack/results/ARCFACE/transfer_attack_similarity_scores_all12_lambda020_limit1000.csv,VGG-Face,TI_FGSM,vanilla,0.1633021384477615,VGG-Face_TI_FGSM_adv
7,ArcFace,/content/face_module/dataset_extractedfaces/vggface2_pairs/n000010_0058_01.jpg,/content/face_module/dataset_extractedfaces/vggface2_pairs/n000010_0081_01.jpg,vggface2_pairs,dodging_attack,/home/nadmin/Desktop/updatedattack/results/ARCFACE/transfer_attack_similarity_scores_all12_lambda020_limit1000.csv,VGG-Face,clean,clean,0.3336468935012817,VGG-Face_clean
8,ArcFace,/content/face_module/dataset_extractedfaces/celeba_pairs/023666.jpg,/content/face_module/dataset_extractedfaces/celeba_pairs/010959.jpg,celeba_pairs,impersonation_attack,/home/nadmin/Desktop/updatedattack/results/ARCFACE/transfer_attack_similarity_scores_all12_lambda020_limit1000.csv,ArcFace,clean,clean,0.1708459556102752,ArcFace_clean
8,ArcFace,/content/face_module/dataset_extractedfaces/celeba_pairs/023666.jpg,/content/face_module/dataset_extractedfaces/celeba_pairs/010959.jpg,celeba_pairs,impersonation_attack,/home/nadmin/Desktop/updatedattack/results/ARCFACE/transfer_attack_similarity_scores_all12_lambda020_limit1000.csv,Facenet512,MI_ADMIX_DI_TI,vanilla,0.020077871158719,Facenet512_MI_ADMIX_DI_TI_adv
8,ArcFace,/content/face_module/dataset_extractedfaces/celeba_pairs/023666.jpg,/content/face_module/dataset_extractedfaces/celeba_pairs/010959.jpg,celeba_pairs,impersonation_attack,/home/nadmin/Desktop/updatedattack/results/ARCFACE/transfer_attack_similarity_scores_all12_lambda020_limit1000.csv,Facenet512,MI_FGSM,vanilla,0.0419107042253017,Facenet512_MI_FGSM_adv
8,ArcFace,/content/face_module/dataset_extractedfaces/celeba_pairs/023666.jpg,/content/face_module/dataset_extractedfaces/celeba_pairs/010959.jpg,celeba_pairs,impersonation_attack,/home/nadmin/Desktop/updatedattack/results/ARCFACE/transfer_attack_similarity_scores_all12_lambda020_limit1000.csv,Facenet512,PGD,vanilla,-0.1493654251098632,Facenet512_PGD_adv
8,ArcFace,/content/face_module/dataset_extractedfaces/celeba_pairs/023666.jpg,/content/face_module/dataset_extractedfaces/celeba_pairs/010959.jpg,celeba_pairs,impersonation_attack,/home/nadmin/Desktop/updatedattack/results/ARCFACE/transfer_attack_similarity_scores_all12_lambda020_limit1000.csv,Facenet512,SI_NI_FGSM,vanilla,0.0909994691610336,Facenet512_SI_NI_FGSM_adv
8,ArcFace,/content/face_module/dataset_extractedfaces/celeba_pairs/023666.jpg,/content/face_module/dataset_extractedfaces/celeba_pairs/010959.jpg,celeba_pairs,impersonation_attack,/home/nadmin/Desktop/updatedattack/results/ARCFACE/transfer_attack_similarity_scores_all12_lambda020_limit1000.csv,Facenet512,TI_FGSM,vanilla,-0.0956802889704704,Facenet512_TI_FGSM_adv
8,ArcFace,/content/face_module/dataset_extractedfaces/celeba_pairs/023666.jpg,/content/face_module/dataset_extractedfaces/celeba_pairs/010959.jpg,celeba_pairs,impersonation_attack,/home/nadmin/Desktop/updatedattack/results/ARCFACE/transfer_attack_similarity_scores_all12_lambda020_limit1000.csv,Facenet512,clean,clean,-0.2507398426532745,Facenet512_clean
8,ArcFace,/content/face_module/dataset_extractedfaces/celeba_pairs/023666.jpg,/content/face_module/dataset_extractedfaces/celeba_pairs/010959.jpg,celeba_pairs,impersonation_attack,/home/nadmin/Desktop/updatedattack/results/ARCFACE/transfer_attack_similarity_scores_all12_lambda020_limit1000.csv,GhostFaceNet,MI_ADMIX_DI_TI,vanilla,0.1763212382793426,GhostFaceNet_MI_ADMIX_DI_TI_adv
8,ArcFace,/content/face_module/dataset_extractedfaces/celeba_pairs/023666.jpg,/content/face_module/dataset_extractedfaces/celeba_pairs/010959.jpg,celeba_pairs,impersonation_attack,/home/nadmin/Desktop/updatedattack/results/ARCFACE/transfer_attack_similarity_scores_all12_lambda020_limit1000.csv,GhostFaceNet,MI_FGSM,vanilla,0.1344906985759735,GhostFaceNet_MI_FGSM_adv
8,ArcFace,/content/face_module/dataset_extractedfaces/celeba_pairs/023666.jpg,/content/face_module/dataset_extractedfaces/celeba_pairs/010959.jpg,celeba_pairs,impersonation_attack,/home/nadmin/Desktop/updatedattack/results/ARCFACE/transfer_attack_similarity_scores_all12_lambda020_limit1000.csv,GhostFaceNet,PGD,vanilla,0.0729293227195739,GhostFaceNet_PGD_adv
8,ArcFace,/content/face_module/dataset_extractedfaces/celeba_pairs/023666.jpg,/content/face_module/dataset_extractedfaces/celeba_pairs/010959.jpg,celeba_pairs,impersonation_attack,/home/nadmin/Desktop/updatedattack/results/ARCFACE/transfer_attack_similarity_scores_all12_lambda020_limit1000.csv,GhostFaceNet,SI_NI_FGSM,vanilla,0.1609408557415008,GhostFaceNet_SI_NI_FGSM_adv
8,ArcFace,/content/face_module/dataset_extractedfaces/celeba_pairs/023666.jpg,/content/face_module/dataset_extractedfaces/celeba_pairs/010959.jpg,celeba_pairs,impersonation_attack,/home/nadmin/Desktop/updatedattack/results/ARCFACE/transfer_attack_similarity_scores_all12_lambda020_limit1000.csv,GhostFaceNet,TI_FGSM,vanilla,0.130067303776741,GhostFaceNet_TI_FGSM_adv
8,ArcFace,/content/face_module/dataset_extractedfaces/celeba_pairs/023666.jpg,/content/face_module/dataset_extractedfaces/celeba_pairs/010959.jpg,celeba_pairs,impersonation_attack,/home/nadmin/Desktop/updatedattack/results/ARCFACE/transfer_attack_similarity_scores_all12_lambda020_limit1000.csv,GhostFaceNet,clean,clean,-0.0084188310429453,GhostFaceNet_clean
8,ArcFace,/content/face_module/dataset_extractedfaces/celeba_pairs/023666.jpg,/content/face_module/dataset_extractedfaces/celeba_pairs/010959.jpg,celeba_pairs,impersonation_attack,/home/nadmin/Desktop/updatedattack/results/ARCFACE/transfer_attack_similarity_scores_all12_lambda020_limit1000.csv,IR152,MI_ADMIX_DI_TI,vanilla,0.0937972664833068,IR152_MI_ADMIX_DI_TI_adv
8,ArcFace,/content/face_module/dataset_extractedfaces/celeba_pairs/023666.jpg,/content/face_module/dataset_extractedfaces/celeba_pairs/010959.jpg,celeba_pairs,impersonation_attack,/home/nadmin/Desktop/updatedattack/results/ARCFACE/transfer_attack_similarity_scores_all12_lambda020_limit1000.csv,IR152,MI_FGSM,vanilla,0.0994518101215362,IR152_MI_FGSM_adv
8,ArcFace,/content/face_module/dataset_extractedfaces/celeba_pairs/023666.jpg,/content/face_module/dataset_extractedfaces/celeba_pairs/010959.jpg,celeba_pairs,impersonation_attack,/home/nadmin/Desktop/updatedattack/results/ARCFACE/transfer_attack_similarity_scores_all12_lambda020_limit1000.csv,IR152,PGD,vanilla,0.0806539431214332,IR152_PGD_adv
8,ArcFace,/content/face_module/dataset_extractedfaces/celeba_pairs/023666.jpg,/content/face_module/dataset_extractedfaces/celeba_pairs/010959.jpg,celeba_pairs,impersonation_attack,/home/nadmin/Desktop/updatedattack/results/ARCFACE/transfer_attack_similarity_scores_all12_lambda020_limit1000.csv,IR152,SI_NI_FGSM,vanilla,0.1079033985733985,IR152_SI_NI_FGSM_adv
8,ArcFace,/content/face_module/dataset_extractedfaces/celeba_pairs/023666.jpg,/content/face_module/dataset_extractedfaces/celeba_pairs/010959.jpg,celeba_pairs,impersonation_attack,/home/nadmin/Desktop/updatedattack/results/ARCFACE/transfer_attack_similarity_scores_all12_lambda020_limit1000.csv,IR152,TI_FGSM,vanilla,0.138096272945404,IR152_TI_FGSM_adv
8,ArcFace,/content/face_module/dataset_extractedfaces/celeba_pairs/023666.jpg,/content/face_module/dataset_extractedfaces/celeba_pairs/010959.jpg,celeba_pairs,impersonation_attack,/home/nadmin/Desktop/updatedattack/results/ARCFACE/transfer_attack_similarity_scores_all12_lambda020_limit1000.csv,IR152,clean,clean,0.0581048615276813,IR152_clean
8,ArcFace,/content/face_module/dataset_extractedfaces/celeba_pairs/023666.jpg,/content/face_module/dataset_extractedfaces/celeba_pairs/010959.jpg,celeba_pairs,impersonation_attack,/home/nadmin/Desktop/updatedattack/results/ARCFACE/transfer_attack_similarity_scores_all12_lambda020_limit1000.csv,VGG-Face,MI_ADMIX_DI_TI,vanilla,0.1393627375364303,VGG-Face_MI_ADMIX_DI_TI_adv
8,ArcFace,/content/face_module/dataset_extractedfaces/celeba_pairs/023666.jpg,/content/face_module/dataset_extractedfaces/celeba_pairs/010959.jpg,celeba_pairs,impersonation_attack,/home/nadmin/Desktop/updatedattack/results/ARCFACE/transfer_attack_similarity_scores_all12_lambda020_limit1000.csv,VGG-Face,MI_FGSM,vanilla,0.1934474110603332,VGG-Face_MI_FGSM_adv
8,ArcFace,/content/face_module/dataset_extractedfaces/celeba_pairs/023666.jpg,/content/face_module/dataset_extractedfaces/celeba_pairs/010959.jpg,celeba_pairs,impersonation_attack,/home/nadmin/Desktop/updatedattack/results/ARCFACE/transfer_attack_similarity_scores_all12_lambda020_limit1000.csv,VGG-Face,PGD,vanilla,0.1160231977701187,VGG-Face_PGD_adv
8,ArcFace,/content/face_module/dataset_extractedfaces/celeba_pairs/023666.jpg,/content/face_module/dataset_extractedfaces/celeba_pairs/010959.jpg,celeba_pairs,impersonation_attack,/home/nadmin/Desktop/updatedattack/results/ARCFACE/transfer_attack_similarity_scores_all12_lambda020_limit1000.csv,VGG-Face,SI_NI_FGSM,vanilla,0.2499171793460846,VGG-Face_SI_NI_FGSM_adv
8,ArcFace,/content/face_module/dataset_extractedfaces/celeba_pairs/023666.jpg,/content/face_module/dataset_extractedfaces/celeba_pairs/010959.jpg,celeba_pairs,impersonation_attack,/home/nadmin/Desktop/updatedattack/results/ARCFACE/transfer_attack_similarity_scores_all12_lambda020_limit1000.csv,VGG-Face,TI_FGSM,vanilla,0.1111674383282661,VGG-Face_TI_FGSM_adv
8,ArcFace,/content/face_module/dataset_extractedfaces/celeba_pairs/023666.jpg,/content/face_module/dataset_extractedfaces/celeba_pairs/010959.jpg,celeba_pairs,impersonation_attack,/home/nadmin/Desktop/updatedattack/results/ARCFACE/transfer_attack_similarity_scores_all12_lambda020_limit1000.csv,VGG-Face,clean,clean,0.0741820037364959,VGG-Face_clean
9,ArcFace,/content/face_module/dataset_extractedfaces/lfw_pairs/Colin Powell_75.jpg,/content/face_module/dataset_extractedfaces/lfw_pairs/Colin Powell_76.jpg,lfw_pairs,dodging_attack,/home/nadmin/Desktop/updatedattack/results/ARCFACE/transfer_attack_similarity_scores_all12_lambda020_limit1000.csv,ArcFace,clean,clean,0.2683088183403015,ArcFace_clean
9,ArcFace,/content/face_module/dataset_extractedfaces/lfw_pairs/Colin Powell_75.jpg,/content/face_module/dataset_extractedfaces/lfw_pairs/Colin Powell_76.jpg,lfw_pairs,dodging_attack,/home/nadmin/Desktop/updatedattack/results/ARCFACE/transfer_attack_similarity_scores_all12_lambda020_limit1000.csv,Facenet512,MI_ADMIX_DI_TI,vanilla,0.6760162115097046,Facenet512_MI_ADMIX_DI_TI_adv
9,ArcFace,/content/face_module/dataset_extractedfaces/lfw_pairs/Colin Powell_75.jpg,/content/face_module/dataset_extractedfaces/lfw_pairs/Colin Powell_76.jpg,lfw_pairs,dodging_attack,/home/nadmin/Desktop/updatedattack/results/ARCFACE/transfer_attack_similarity_scores_all12_lambda020_limit1000.csv,Facenet512,MI_FGSM,vanilla,0.7507075071334839,Facenet512_MI_FGSM_adv
9,ArcFace,/content/face_module/dataset_extractedfaces/lfw_pairs/Colin Powell_75.jpg,/content/face_module/dataset_extractedfaces/lfw_pairs/Colin Powell_76.jpg,lfw_pairs,dodging_attack,/home/nadmin/Desktop/updatedattack/results/ARCFACE/transfer_attack_similarity_scores_all12_lambda020_limit1000.csv,Facenet512,PGD,vanilla,0.769431471824646,Facenet512_PGD_adv
9,ArcFace,/content/face_module/dataset_extractedfaces/lfw_pairs/Colin Powell_75.jpg,/content/face_module/dataset_extractedfaces/lfw_pairs/Colin Powell_76.jpg,lfw_pairs,dodging_attack,/home/nadmin/Desktop/updatedattack/results/ARCFACE/transfer_attack_similarity_scores_all12_lambda020_limit1000.csv,Facenet512,SI_NI_FGSM,vanilla,0.6953809857368469,Facenet512_SI_NI_FGSM_adv
9,ArcFace,/content/face_module/dataset_extractedfaces/lfw_pairs/Colin Powell_75.jpg,/content/face_module/dataset_extractedfaces/lfw_pairs/Colin Powell_76.jpg,lfw_pairs,dodging_attack,/home/nadmin/Desktop/updatedattack/results/ARCFACE/transfer_attack_similarity_scores_all12_lambda020_limit1000.csv,Facenet512,TI_FGSM,vanilla,0.7145005464553833,Facenet512_TI_FGSM_adv
9,ArcFace,/content/face_module/dataset_extractedfaces/lfw_pairs/Colin Powell_75.jpg,/content/face_module/dataset_extractedfaces/lfw_pairs/Colin Powell_76.jpg,lfw_pairs,dodging_attack,/home/nadmin/Desktop/updatedattack/results/ARCFACE/transfer_attack_similarity_scores_all12_lambda020_limit1000.csv,Facenet512,clean,clean,0.8218121528625488,Facenet512_clean
9,ArcFace,/content/face_module/dataset_extractedfaces/lfw_pairs/Colin Powell_75.jpg,/content/face_module/dataset_extractedfaces/lfw_pairs/Colin Powell_76.jpg,lfw_pairs,dodging_attack,/home/nadmin/Desktop/updatedattack/results/ARCFACE/transfer_attack_similarity_scores_all12_lambda020_limit1000.csv,GhostFaceNet,MI_ADMIX_DI_TI,vanilla,0.0993320047855377,GhostFaceNet_MI_ADMIX_DI_TI_adv
9,ArcFace,/content/face_module/dataset_extractedfaces/lfw_pairs/Colin Powell_75.jpg,/content/face_module/dataset_extractedfaces/lfw_pairs/Colin Powell_76.jpg,lfw_pairs,dodging_attack,/home/nadmin/Desktop/updatedattack/results/ARCFACE/transfer_attack_similarity_scores_all12_lambda020_limit1000.csv,GhostFaceNet,MI_FGSM,vanilla,0.1731905490159988,GhostFaceNet_MI_FGSM_adv
9,ArcFace,/content/face_module/dataset_extractedfaces/lfw_pairs/Colin Powell_75.jpg,/content/face_module/dataset_extractedfaces/lfw_pairs/Colin Powell_76.jpg,lfw_pairs,dodging_attack,/home/nadmin/Desktop/updatedattack/results/ARCFACE/transfer_attack_similarity_scores_all12_lambda020_limit1000.csv,GhostFaceNet,PGD,vanilla,0.2175090610980987,GhostFaceNet_PGD_adv
9,ArcFace,/content/face_module/dataset_extractedfaces/lfw_pairs/Colin Powell_75.jpg,/content/face_module/dataset_extractedfaces/lfw_pairs/Colin Powell_76.jpg,lfw_pairs,dodging_attack,/home/nadmin/Desktop/updatedattack/results/ARCFACE/transfer_attack_similarity_scores_all12_lambda020_limit1000.csv,GhostFaceNet,SI_NI_FGSM,vanilla,0.1092407703399658,GhostFaceNet_SI_NI_FGSM_adv
9,ArcFace,/content/face_module/dataset_extractedfaces/lfw_pairs/Colin Powell_75.jpg,/content/face_module/dataset_extractedfaces/lfw_pairs/Colin Powell_76.jpg,lfw_pairs,dodging_attack,/home/nadmin/Desktop/updatedattack/results/ARCFACE/transfer_attack_similarity_scores_all12_lambda020_limit1000.csv,GhostFaceNet,TI_FGSM,vanilla,0.0644773766398429,GhostFaceNet_TI_FGSM_adv
9,ArcFace,/content/face_module/dataset_extractedfaces/lfw_pairs/Colin Powell_75.jpg,/content/face_module/dataset_extractedfaces/lfw_pairs/Colin Powell_76.jpg,lfw_pairs,dodging_attack,/home/nadmin/Desktop/updatedattack/results/ARCFACE/transfer_attack_similarity_scores_all12_lambda020_limit1000.csv,GhostFaceNet,clean,clean,0.1963736414909362,GhostFaceNet_clean
9,ArcFace,/content/face_module/dataset_extractedfaces/lfw_pairs/Colin Powell_75.jpg,/content/face_module/dataset_extractedfaces/lfw_pairs/Colin Powell_76.jpg,lfw_pairs,dodging_attack,/home/nadmin/Desktop/updatedattack/results/ARCFACE/transfer_attack_similarity_scores_all12_lambda020_limit1000.csv,IR152,MI_ADMIX_DI_TI,vanilla,0.4920783042907715,IR152_MI_ADMIX_DI_TI_adv
9,ArcFace,/content/face_module/dataset_extractedfaces/lfw_pairs/Colin Powell_75.jpg,/content/face_module/dataset_extractedfaces/lfw_pairs/Colin Powell_76.jpg,lfw_pairs,dodging_attack,/home/nadmin/Desktop/updatedattack/results/ARCFACE/transfer_attack_similarity_scores_all12_lambda020_limit1000.csv,IR152,MI_FGSM,vanilla,0.4674434959888458,IR152_MI_FGSM_adv
9,ArcFace,/content/face_module/dataset_extractedfaces/lfw_pairs/Colin Powell_75.jpg,/content/face_module/dataset_extractedfaces/lfw_pairs/Colin Powell_76.jpg,lfw_pairs,dodging_attack,/home/nadmin/Desktop/updatedattack/results/ARCFACE/transfer_attack_similarity_scores_all12_lambda020_limit1000.csv,IR152,PGD,vanilla,0.6169877648353577,IR152_PGD_adv
9,ArcFace,/content/face_module/dataset_extractedfaces/lfw_pairs/Colin Powell_75.jpg,/content/face_module/dataset_extractedfaces/lfw_pairs/Colin Powell_76.jpg,lfw_pairs,dodging_attack,/home/nadmin/Desktop/updatedattack/results/ARCFACE/transfer_attack_similarity_scores_all12_lambda020_limit1000.csv,IR152,SI_NI_FGSM,vanilla,0.3503079414367676,IR152_SI_NI_FGSM_adv
9,ArcFace,/content/face_module/dataset_extractedfaces/lfw_pairs/Colin Powell_75.jpg,/content/face_module/dataset_extractedfaces/lfw_pairs/Colin Powell_76.jpg,lfw_pairs,dodging_attack,/home/nadmin/Desktop/updatedattack/results/ARCFACE/transfer_attack_similarity_scores_all12_lambda020_limit1000.csv,IR152,TI_FGSM,vanilla,0.6025090217590332,IR152_TI_FGSM_adv
9,ArcFace,/content/face_module/dataset_extractedfaces/lfw_pairs/Colin Powell_75.jpg,/content/face_module/dataset_extractedfaces/lfw_pairs/Colin Powell_76.jpg,lfw_pairs,dodging_attack,/home/nadmin/Desktop/updatedattack/results/ARCFACE/transfer_attack_similarity_scores_all12_lambda020_limit1000.csv,IR152,clean,clean,0.67546546459198,IR152_clean
9,ArcFace,/content/face_module/dataset_extractedfaces/lfw_pairs/Colin Powell_75.jpg,/content/face_module/dataset_extractedfaces/lfw_pairs/Colin Powell_76.jpg,lfw_pairs,dodging_attack,/home/nadmin/Desktop/updatedattack/results/ARCFACE/transfer_attack_similarity_scores_all12_lambda020_limit1000.csv,VGG-Face,MI_ADMIX_DI_TI,vanilla,0.4392169713973999,VGG-Face_MI_ADMIX_DI_TI_adv
9,ArcFace,/content/face_module/dataset_extractedfaces/lfw_pairs/Colin Powell_75.jpg,/content/face_module/dataset_extractedfaces/lfw_pairs/Colin Powell_76.jpg,lfw_pairs,dodging_attack,/home/nadmin/Desktop/updatedattack/results/ARCFACE/transfer_attack_similarity_scores_all12_lambda020_limit1000.csv,VGG-Face,MI_FGSM,vanilla,0.4151637554168701,VGG-Face_MI_FGSM_adv
9,ArcFace,/content/face_module/dataset_extractedfaces/lfw_pairs/Colin Powell_75.jpg,/content/face_module/dataset_extractedfaces/lfw_pairs/Colin Powell_76.jpg,lfw_pairs,dodging_attack,/home/nadmin/Desktop/updatedattack/results/ARCFACE/transfer_attack_similarity_scores_all12_lambda020_limit1000.csv,VGG-Face,PGD,vanilla,0.4751377999782562,VGG-Face_PGD_adv
9,ArcFace,/content/face_module/dataset_extractedfaces/lfw_pairs/Colin Powell_75.jpg,/content/face_module/dataset_extractedfaces/lfw_pairs/Colin Powell_76.jpg,lfw_pairs,dodging_attack,/home/nadmin/Desktop/updatedattack/results/ARCFACE/transfer_attack_similarity_scores_all12_lambda020_limit1000.csv,VGG-Face,SI_NI_FGSM,vanilla,0.3766979575157165,VGG-Face_SI_NI_FGSM_adv
9,ArcFace,/content/face_module/dataset_extractedfaces/lfw_pairs/Colin Powell_75.jpg,/content/face_module/dataset_extractedfaces/lfw_pairs/Colin Powell_76.jpg,lfw_pairs,dodging_attack,/home/nadmin/Desktop/updatedattack/results/ARCFACE/transfer_attack_similarity_scores_all12_lambda020_limit1000.csv,VGG-Face,TI_FGSM,vanilla,0.4420166611671448,VGG-Face_TI_FGSM_adv
9,ArcFace,/content/face_module/dataset_extractedfaces/lfw_pairs/Colin Powell_75.jpg,/content/face_module/dataset_extractedfaces/lfw_pairs/Colin Powell_76.jpg,lfw_pairs,dodging_attack,/home/nadmin/Desktop/updatedattack/results/ARCFACE/transfer_attack_similarity_scores_all12_lambda020_limit1000.csv,VGG-Face,clean,clean,0.5179383754730225,VGG-Face_clean
10,ArcFace,/content/face_module/dataset_extractedfaces/vggface2_pairs/n000005_0022_01.jpg,/content/face_module/dataset_extractedfaces/vggface2_pairs/n000005_0076_01.jpg,vggface2_pairs,dodging_attack,/home/nadmin/Desktop/updatedattack/results/ARCFACE/transfer_attack_similarity_scores_all12_lambda020_limit1000.csv,ArcFace,clean,clean,0.5862312316894531,ArcFace_clean
10,ArcFace,/content/face_module/dataset_extractedfaces/vggface2_pairs/n000005_0022_01.jpg,/content/face_module/dataset_extractedfaces/vggface2_pairs/n000005_0076_01.jpg,vggface2_pairs,dodging_attack,/home/nadmin/Desktop/updatedattack/results/ARCFACE/transfer_attack_similarity_scores_all12_lambda020_limit1000.csv,Facenet512,MI_ADMIX_DI_TI,vanilla,0.6598930954933167,Facenet512_MI_ADMIX_DI_TI_adv
10,ArcFace,/content/face_module/dataset_extractedfaces/vggface2_pairs/n000005_0022_01.jpg,/content/face_module/dataset_extractedfaces/vggface2_pairs/n000005_0076_01.jpg,vggface2_pairs,dodging_attack,/home/nadmin/Desktop/updatedattack/results/ARCFACE/transfer_attack_similarity_scores_all12_lambda020_limit1000.csv,Facenet512,MI_FGSM,vanilla,0.6611043214797974,Facenet512_MI_FGSM_adv
10,ArcFace,/content/face_module/dataset_extractedfaces/vggface2_pairs/n000005_0022_01.jpg,/content/face_module/dataset_extractedfaces/vggface2_pairs/n000005_0076_01.jpg,vggface2_pairs,dodging_attack,/home/nadmin/Desktop/updatedattack/results/ARCFACE/transfer_attack_similarity_scores_all12_lambda020_limit1000.csv,Facenet512,PGD,vanilla,0.759172797203064,Facenet512_PGD_adv
10,ArcFace,/content/face_module/dataset_extractedfaces/vggface2_pairs/n000005_0022_01.jpg,/content/face_module/dataset_extractedfaces/vggface2_pairs/n000005_0076_01.jpg,vggface2_pairs,dodging_attack,/home/nadmin/Desktop/updatedattack/results/ARCFACE/transfer_attack_similarity_scores_all12_lambda020_limit1000.csv,Facenet512,SI_NI_FGSM,vanilla,0.6145651936531067,Facenet512_SI_NI_FGSM_adv
10,ArcFace,/content/face_module/dataset_extractedfaces/vggface2_pairs/n000005_0022_01.jpg,/content/face_module/dataset_extractedfaces/vggface2_pairs/n000005_0076_01.jpg,vggface2_pairs,dodging_attack,/home/nadmin/Desktop/updatedattack/results/ARCFACE/transfer_attack_similarity_scores_all12_lambda020_limit1000.csv,Facenet512,TI_FGSM,vanilla,0.6689901351928711,Facenet512_TI_FGSM_adv
10,ArcFace,/content/face_module/dataset_extractedfaces/vggface2_pairs/n000005_0022_01.jpg,/content/face_module/dataset_extractedfaces/vggface2_pairs/n000005_0076_01.jpg,vggface2_pairs,dodging_attack,/home/nadmin/Desktop/updatedattack/results/ARCFACE/transfer_attack_similarity_scores_all12_lambda020_limit1000.csv,Facenet512,clean,clean,0.7888361215591431,Facenet512_clean
10,ArcFace,/content/face_module/dataset_extractedfaces/vggface2_pairs/n000005_0022_01.jpg,/content/face_module/dataset_extractedfaces/vggface2_pairs/n000005_0076_01.jpg,vggface2_pairs,dodging_attack,/home/nadmin/Desktop/updatedattack/results/ARCFACE/transfer_attack_similarity_scores_all12_lambda020_limit1000.csv,GhostFaceNet,MI_ADMIX_DI_TI,vanilla,0.2589939534664154,GhostFaceNet_MI_ADMIX_DI_TI_adv
10,ArcFace,/content/face_module/dataset_extractedfaces/vggface2_pairs/n000005_0022_01.jpg,/content/face_module/dataset_extractedfaces/vggface2_pairs/n000005_0076_01.jpg,vggface2_pairs,dodging_attack,/home/nadmin/Desktop/updatedattack/results/ARCFACE/transfer_attack_similarity_scores_all12_lambda020_limit1000.csv,GhostFaceNet,MI_FGSM,vanilla,0.232652872800827,GhostFaceNet_MI_FGSM_adv
10,ArcFace,/content/face_module/dataset_extractedfaces/vggface2_pairs/n000005_0022_01.jpg,/content/face_module/dataset_extractedfaces/vggface2_pairs/n000005_0076_01.jpg,vggface2_pairs,dodging_attack,/home/nadmin/Desktop/updatedattack/results/ARCFACE/transfer_attack_similarity_scores_all12_lambda020_limit1000.csv,GhostFaceNet,PGD,vanilla,0.315281480550766,GhostFaceNet_PGD_adv
10,ArcFace,/content/face_module/dataset_extractedfaces/vggface2_pairs/n000005_0022_01.jpg,/content/face_module/dataset_extractedfaces/vggface2_pairs/n000005_0076_01.jpg,vggface2_pairs,dodging_attack,/home/nadmin/Desktop/updatedattack/results/ARCFACE/transfer_attack_similarity_scores_all12_lambda020_limit1000.csv,GhostFaceNet,SI_NI_FGSM,vanilla,0.2505859732627868,GhostFaceNet_SI_NI_FGSM_adv
10,ArcFace,/content/face_module/dataset_extractedfaces/vggface2_pairs/n000005_0022_01.jpg,/content/face_module/dataset_extractedfaces/vggface2_pairs/n000005_0076_01.jpg,vggface2_pairs,dodging_attack,/home/nadmin/Desktop/updatedattack/results/ARCFACE/transfer_attack_similarity_scores_all12_lambda020_limit1000.csv,GhostFaceNet,TI_FGSM,vanilla,0.2709813714027405,GhostFaceNet_TI_FGSM_adv
10,ArcFace,/content/face_module/dataset_extractedfaces/vggface2_pairs/n000005_0022_01.jpg,/content/face_module/dataset_extractedfaces/vggface2_pairs/n000005_0076_01.jpg,vggface2_pairs,dodging_attack,/home/nadmin/Desktop/updatedattack/results/ARCFACE/transfer_attack_similarity_scores_all12_lambda020_limit1000.csv,GhostFaceNet,clean,clean,0.4006913900375366,GhostFaceNet_clean
10,ArcFace,/content/face_module/dataset_extractedfaces/vggface2_pairs/n000005_0022_01.jpg,/content/face_module/dataset_extractedfaces/vggface2_pairs/n000005_0076_01.jpg,vggface2_pairs,dodging_attack,/home/nadmin/Desktop/updatedattack/results/ARCFACE/transfer_attack_similarity_scores_all12_lambda020_limit1000.csv,IR152,MI_ADMIX_DI_TI,vanilla,0.5954270362854004,IR152_MI_ADMIX_DI_TI_adv
10,ArcFace,/content/face_module/dataset_extractedfaces/vggface2_pairs/n000005_0022_01.jpg,/content/face_module/dataset_extractedfaces/vggface2_pairs/n000005_0076_01.jpg,vggface2_pairs,dodging_attack,/home/nadmin/Desktop/updatedattack/results/ARCFACE/transfer_attack_similarity_scores_all12_lambda020_limit1000.csv,IR152,MI_FGSM,vanilla,0.5620529651641846,IR152_MI_FGSM_adv
10,ArcFace,/content/face_module/dataset_extractedfaces/vggface2_pairs/n000005_0022_01.jpg,/content/face_module/dataset_extractedfaces/vggface2_pairs/n000005_0076_01.jpg,vggface2_pairs,dodging_attack,/home/nadmin/Desktop/updatedattack/results/ARCFACE/transfer_attack_similarity_scores_all12_lambda020_limit1000.csv,IR152,PGD,vanilla,0.6612269282341003,IR152_PGD_adv
10,ArcFace,/content/face_module/dataset_extractedfaces/vggface2_pairs/n000005_0022_01.jpg,/content/face_module/dataset_extractedfaces/vggface2_pairs/n000005_0076_01.jpg,vggface2_pairs,dodging_attack,/home/nadmin/Desktop/updatedattack/results/ARCFACE/transfer_attack_similarity_scores_all12_lambda020_limit1000.csv,IR152,SI_NI_FGSM,vanilla,0.5643194913864136,IR152_SI_NI_FGSM_adv
10,ArcFace,/content/face_module/dataset_extractedfaces/vggface2_pairs/n000005_0022_01.jpg,/content/face_module/dataset_extractedfaces/vggface2_pairs/n000005_0076_01.jpg,vggface2_pairs,dodging_attack,/home/nadmin/Desktop/updatedattack/results/ARCFACE/transfer_attack_similarity_scores_all12_lambda020_limit1000.csv,IR152,TI_FGSM,vanilla,0.6045548319816589,IR152_TI_FGSM_adv
10,ArcFace,/content/face_module/dataset_extractedfaces/vggface2_pairs/n000005_0022_01.jpg,/content/face_module/dataset_extractedfaces/vggface2_pairs/n000005_0076_01.jpg,vggface2_pairs,dodging_attack,/home/nadmin/Desktop/updatedattack/results/ARCFACE/transfer_attack_similarity_scores_all12_lambda020_limit1000.csv,IR152,clean,clean,0.7079440951347351,IR152_clean
10,ArcFace,/content/face_module/dataset_extractedfaces/vggface2_pairs/n000005_0022_01.jpg,/content/face_module/dataset_extractedfaces/vggface2_pairs/n000005_0076_01.jpg,vggface2_pairs,dodging_attack,/home/nadmin/Desktop/updatedattack/results/ARCFACE/transfer_attack_similarity_scores_all12_lambda020_limit1000.csv,VGG-Face,MI_ADMIX_DI_TI,vanilla,0.4211338758468628,VGG-Face_MI_ADMIX_DI_TI_adv
10,ArcFace,/content/face_module/dataset_extractedfaces/vggface2_pairs/n000005_0022_01.jpg,/content/face_module/dataset_extractedfaces/vggface2_pairs/n000005_0076_01.jpg,vggface2_pairs,dodging_attack,/home/nadmin/Desktop/updatedattack/results/ARCFACE/transfer_attack_similarity_scores_all12_lambda020_limit1000.csv,VGG-Face,MI_FGSM,vanilla,0.3753434121608734,VGG-Face_MI_FGSM_adv
10,ArcFace,/content/face_module/dataset_extractedfaces/vggface2_pairs/n000005_0022_01.jpg,/content/face_module/dataset_extractedfaces/vggface2_pairs/n000005_0076_01.jpg,vggface2_pairs,dodging_attack,/home/nadmin/Desktop/updatedattack/results/ARCFACE/transfer_attack_similarity_scores_all12_lambda020_limit1000.csv,VGG-Face,PGD,vanilla,0.4287245869636535,VGG-Face_PGD_adv
10,ArcFace,/content/face_module/dataset_extractedfaces/vggface2_pairs/n000005_0022_01.jpg,/content/face_module/dataset_extractedfaces/vggface2_pairs/n000005_0076_01.jpg,vggface2_pairs,dodging_attack,/home/nadmin/Desktop/updatedattack/results/ARCFACE/transfer_attack_similarity_scores_all12_lambda020_limit1000.csv,VGG-Face,SI_NI_FGSM,vanilla,0.3447107672691345,VGG-Face_SI_NI_FGSM_adv
10,ArcFace,/content/face_module/dataset_extractedfaces/vggface2_pairs/n000005_0022_01.jpg,/content/face_module/dataset_extractedfaces/vggface2_pairs/n000005_0076_01.jpg,vggface2_pairs,dodging_attack,/home/nadmin/Desktop/updatedattack/results/ARCFACE/transfer_attack_similarity_scores_all12_lambda020_limit1000.csv,VGG-Face,TI_FGSM,vanilla,0.4153115153312683,VGG-Face_TI_FGSM_adv
10,ArcFace,/content/face_module/dataset_extractedfaces/vggface2_pairs/n000005_0022_01.jpg,/content/face_module/dataset_extractedfaces/vggface2_pairs/n000005_0076_01.jpg,vggface2_pairs,dodging_attack,/home/nadmin/Desktop/updatedattack/results/ARCFACE/transfer_attack_similarity_scores_all12_lambda020_limit1000.csv,VGG-Face,clean,clean,0.5038790702819824,VGG-Face_clean
11,ArcFace,/content/face_module/dataset_extractedfaces/vggface2_pairs/n000007_0176_01.jpg,/content/face_module/dataset_extractedfaces/vggface2_pairs/n000007_0335_03.jpg,vggface2_pairs,dodging_attack,/home/nadmin/Desktop/updatedattack/results/ARCFACE/transfer_attack_similarity_scores_all12_lambda020_limit1000.csv,ArcFace,clean,clean,0.1998281925916671,ArcFace_clean
11,ArcFace,/content/face_module/dataset_extractedfaces/vggface2_pairs/n000007_0176_01.jpg,/content/face_module/dataset_extractedfaces/vggface2_pairs/n000007_0335_03.jpg,vggface2_pairs,dodging_attack,/home/nadmin/Desktop/updatedattack/results/ARCFACE/transfer_attack_similarity_scores_all12_lambda020_limit1000.csv,Facenet512,MI_ADMIX_DI_TI,vanilla,0.6533293724060059,Facenet512_MI_ADMIX_DI_TI_adv
11,ArcFace,/content/face_module/dataset_extractedfaces/vggface2_pairs/n000007_0176_01.jpg,/content/face_module/dataset_extractedfaces/vggface2_pairs/n000007_0335_03.jpg,vggface2_pairs,dodging_attack,/home/nadmin/Desktop/updatedattack/results/ARCFACE/transfer_attack_similarity_scores_all12_lambda020_limit1000.csv,Facenet512,MI_FGSM,vanilla,0.6510673761367798,Facenet512_MI_FGSM_adv
11,ArcFace,/content/face_module/dataset_extractedfaces/vggface2_pairs/n000007_0176_01.jpg,/content/face_module/dataset_extractedfaces/vggface2_pairs/n000007_0335_03.jpg,vggface2_pairs,dodging_attack,/home/nadmin/Desktop/updatedattack/results/ARCFACE/transfer_attack_similarity_scores_all12_lambda020_limit1000.csv,Facenet512,PGD,vanilla,0.6982421875,Facenet512_PGD_adv
11,ArcFace,/content/face_module/dataset_extractedfaces/vggface2_pairs/n000007_0176_01.jpg,/content/face_module/dataset_extractedfaces/vggface2_pairs/n000007_0335_03.jpg,vggface2_pairs,dodging_attack,/home/nadmin/Desktop/updatedattack/results/ARCFACE/transfer_attack_similarity_scores_all12_lambda020_limit1000.csv,Facenet512,SI_NI_FGSM,vanilla,0.592805027961731,Facenet512_SI_NI_FGSM_adv
11,ArcFace,/content/face_module/dataset_extractedfaces/vggface2_pairs/n000007_0176_01.jpg,/content/face_module/dataset_extractedfaces/vggface2_pairs/n000007_0335_03.jpg,vggface2_pairs,dodging_attack,/home/nadmin/Desktop/updatedattack/results/ARCFACE/transfer_attack_similarity_scores_all12_lambda020_limit1000.csv,Facenet512,TI_FGSM,vanilla,0.658781886100769,Facenet512_TI_FGSM_adv
11,ArcFace,/content/face_module/dataset_extractedfaces/vggface2_pairs/n000007_0176_01.jpg,/content/face_module/dataset_extractedfaces/vggface2_pairs/n000007_0335_03.jpg,vggface2_pairs,dodging_attack,/home/nadmin/Desktop/updatedattack/results/ARCFACE/transfer_attack_similarity_scores_all12_lambda020_limit1000.csv,Facenet512,clean,clean,0.7133797407150269,Facenet512_clean
11,ArcFace,/content/face_module/dataset_extractedfaces/vggface2_pairs/n000007_0176_01.jpg,/content/face_module/dataset_extractedfaces/vggface2_pairs/n000007_0335_03.jpg,vggface2_pairs,dodging_attack,/home/nadmin/Desktop/updatedattack/results/ARCFACE/transfer_attack_similarity_scores_all12_lambda020_limit1000.csv,GhostFaceNet,MI_ADMIX_DI_TI,vanilla,0.1595839560031891,GhostFaceNet_MI_ADMIX_DI_TI_adv
11,ArcFace,/content/face_module/dataset_extractedfaces/vggface2_pairs/n000007_0176_01.jpg,/content/face_module/dataset_extractedfaces/vggface2_pairs/n000007_0335_03.jpg,vggface2_pairs,dodging_attack,/home/nadmin/Desktop/updatedattack/results/ARCFACE/transfer_attack_similarity_scores_all12_lambda020_limit1000.csv,GhostFaceNet,MI_FGSM,vanilla,0.1160091385245323,GhostFaceNet_MI_FGSM_adv
11,ArcFace,/content/face_module/dataset_extractedfaces/vggface2_pairs/n000007_0176_01.jpg,/content/face_module/dataset_extractedfaces/vggface2_pairs/n000007_0335_03.jpg,vggface2_pairs,dodging_attack,/home/nadmin/Desktop/updatedattack/results/ARCFACE/transfer_attack_similarity_scores_all12_lambda020_limit1000.csv,GhostFaceNet,PGD,vanilla,0.1285308003425598,GhostFaceNet_PGD_adv
11,ArcFace,/content/face_module/dataset_extractedfaces/vggface2_pairs/n000007_0176_01.jpg,/content/face_module/dataset_extractedfaces/vggface2_pairs/n000007_0335_03.jpg,vggface2_pairs,dodging_attack,/home/nadmin/Desktop/updatedattack/results/ARCFACE/transfer_attack_similarity_scores_all12_lambda020_limit1000.csv,GhostFaceNet,SI_NI_FGSM,vanilla,0.0622266195714473,GhostFaceNet_SI_NI_FGSM_adv
11,ArcFace,/content/face_module/dataset_extractedfaces/vggface2_pairs/n000007_0176_01.jpg,/content/face_module/dataset_extractedfaces/vggface2_pairs/n000007_0335_03.jpg,vggface2_pairs,dodging_attack,/home/nadmin/Desktop/updatedattack/results/ARCFACE/transfer_attack_similarity_scores_all12_lambda020_limit1000.csv,GhostFaceNet,TI_FGSM,vanilla,0.1577853858470916,GhostFaceNet_TI_FGSM_adv
11,ArcFace,/content/face_module/dataset_extractedfaces/vggface2_pairs/n000007_0176_01.jpg,/content/face_module/dataset_extractedfaces/vggface2_pairs/n000007_0335_03.jpg,vggface2_pairs,dodging_attack,/home/nadmin/Desktop/updatedattack/results/ARCFACE/transfer_attack_similarity_scores_all12_lambda020_limit1000.csv,GhostFaceNet,clean,clean,0.1519617438316345,GhostFaceNet_clean
11,ArcFace,/content/face_module/dataset_extractedfaces/vggface2_pairs/n000007_0176_01.jpg,/content/face_module/dataset_extractedfaces/vggface2_pairs/n000007_0335_03.jpg,vggface2_pairs,dodging_attack,/home/nadmin/Desktop/updatedattack/results/ARCFACE/transfer_attack_similarity_scores_all12_lambda020_limit1000.csv,IR152,MI_ADMIX_DI_TI,vanilla,0.2931768298149109,IR152_MI_ADMIX_DI_TI_adv
11,ArcFace,/content/face_module/dataset_extractedfaces/vggface2_pairs/n000007_0176_01.jpg,/content/face_module/dataset_extractedfaces/vggface2_pairs/n000007_0335_03.jpg,vggface2_pairs,dodging_attack,/home/nadmin/Desktop/updatedattack/results/ARCFACE/transfer_attack_similarity_scores_all12_lambda020_limit1000.csv,IR152,MI_FGSM,vanilla,0.31309574842453,IR152_MI_FGSM_adv
11,ArcFace,/content/face_module/dataset_extractedfaces/vggface2_pairs/n000007_0176_01.jpg,/content/face_module/dataset_extractedfaces/vggface2_pairs/n000007_0335_03.jpg,vggface2_pairs,dodging_attack,/home/nadmin/Desktop/updatedattack/results/ARCFACE/transfer_attack_similarity_scores_all12_lambda020_limit1000.csv,IR152,PGD,vanilla,0.4171490669250488,IR152_PGD_adv
11,ArcFace,/content/face_module/dataset_extractedfaces/vggface2_pairs/n000007_0176_01.jpg,/content/face_module/dataset_extractedfaces/vggface2_pairs/n000007_0335_03.jpg,vggface2_pairs,dodging_attack,/home/nadmin/Desktop/updatedattack/results/ARCFACE/transfer_attack_similarity_scores_all12_lambda020_limit1000.csv,IR152,SI_NI_FGSM,vanilla,0.243228405714035,IR152_SI_NI_FGSM_adv
11,ArcFace,/content/face_module/dataset_extractedfaces/vggface2_pairs/n000007_0176_01.jpg,/content/face_module/dataset_extractedfaces/vggface2_pairs/n000007_0335_03.jpg,vggface2_pairs,dodging_attack,/home/nadmin/Desktop/updatedattack/results/ARCFACE/transfer_attack_similarity_scores_all12_lambda020_limit1000.csv,IR152,TI_FGSM,vanilla,0.3280747830867767,IR152_TI_FGSM_adv
11,ArcFace,/content/face_module/dataset_extractedfaces/vggface2_pairs/n000007_0176_01.jpg,/content/face_module/dataset_extractedfaces/vggface2_pairs/n000007_0335_03.jpg,vggface2_pairs,dodging_attack,/home/nadmin/Desktop/updatedattack/results/ARCFACE/transfer_attack_similarity_scores_all12_lambda020_limit1000.csv,IR152,clean,clean,0.476504236459732,IR152_clean
11,ArcFace,/content/face_module/dataset_extractedfaces/vggface2_pairs/n000007_0176_01.jpg,/content/face_module/dataset_extractedfaces/vggface2_pairs/n000007_0335_03.jpg,vggface2_pairs,dodging_attack,/home/nadmin/Desktop/updatedattack/results/ARCFACE/transfer_attack_similarity_scores_all12_lambda020_limit1000.csv,VGG-Face,MI_ADMIX_DI_TI,vanilla,0.4247863292694092,VGG-Face_MI_ADMIX_DI_TI_adv
11,ArcFace,/content/face_module/dataset_extractedfaces/vggface2_pairs/n000007_0176_01.jpg,/content/face_module/dataset_extractedfaces/vggface2_pairs/n000007_0335_03.jpg,vggface2_pairs,dodging_attack,/home/nadmin/Desktop/updatedattack/results/ARCFACE/transfer_attack_similarity_scores_all12_lambda020_limit1000.csv,VGG-Face,MI_FGSM,vanilla,0.3932609558105469,VGG-Face_MI_FGSM_adv
11,ArcFace,/content/face_module/dataset_extractedfaces/vggface2_pairs/n000007_0176_01.jpg,/content/face_module/dataset_extractedfaces/vggface2_pairs/n000007_0335_03.jpg,vggface2_pairs,dodging_attack,/home/nadmin/Desktop/updatedattack/results/ARCFACE/transfer_attack_similarity_scores_all12_lambda020_limit1000.csv,VGG-Face,PGD,vanilla,0.4176954627037048,VGG-Face_PGD_adv
11,ArcFace,/content/face_module/dataset_extractedfaces/vggface2_pairs/n000007_0176_01.jpg,/content/face_module/dataset_extractedfaces/vggface2_pairs/n000007_0335_03.jpg,vggface2_pairs,dodging_attack,/home/nadmin/Desktop/updatedattack/results/ARCFACE/transfer_attack_similarity_scores_all12_lambda020_limit1000.csv,VGG-Face,SI_NI_FGSM,vanilla,0.3080624341964721,VGG-Face_SI_NI_FGSM_adv
11,ArcFace,/content/face_module/dataset_extractedfaces/vggface2_pairs/n000007_0176_01.jpg,/content/face_module/dataset_extractedfaces/vggface2_pairs/n000007_0335_03.jpg,vggface2_pairs,dodging_attack,/home/nadmin/Desktop/updatedattack/results/ARCFACE/transfer_attack_similarity_scores_all12_lambda020_limit1000.csv,VGG-Face,TI_FGSM,vanilla,0.3682076334953308,VGG-Face_TI_FGSM_adv
11,ArcFace,/content/face_module/dataset_extractedfaces/vggface2_pairs/n000007_0176_01.jpg,/content/face_module/dataset_extractedfaces/vggface2_pairs/n000007_0335_03.jpg,vggface2_pairs,dodging_attack,/home/nadmin/Desktop/updatedattack/results/ARCFACE/transfer_attack_similarity_scores_all12_lambda020_limit1000.csv,VGG-Face,clean,clean,0.4585454761981964,VGG-Face_clean
12,ArcFace,/content/face_module/dataset_extractedfaces/celeba_pairs/003089.jpg,/content/face_module/dataset_extractedfaces/celeba_pairs/016966.jpg,celeba_pairs,impersonation_attack,/home/nadmin/Desktop/updatedattack/results/ARCFACE/transfer_attack_similarity_scores_all12_lambda020_limit1000.csv,ArcFace,clean,clean,0.2072169482707977,ArcFace_clean
12,ArcFace,/content/face_module/dataset_extractedfaces/celeba_pairs/003089.jpg,/content/face_module/dataset_extractedfaces/celeba_pairs/016966.jpg,celeba_pairs,impersonation_attack,/home/nadmin/Desktop/updatedattack/results/ARCFACE/transfer_attack_similarity_scores_all12_lambda020_limit1000.csv,Facenet512,MI_ADMIX_DI_TI,vanilla,0.184900552034378,Facenet512_MI_ADMIX_DI_TI_adv
12,ArcFace,/content/face_module/dataset_extractedfaces/celeba_pairs/003089.jpg,/content/face_module/dataset_extractedfaces/celeba_pairs/016966.jpg,celeba_pairs,impersonation_attack,/home/nadmin/Desktop/updatedattack/results/ARCFACE/transfer_attack_similarity_scores_all12_lambda020_limit1000.csv,Facenet512,MI_FGSM,vanilla,0.1713154017925262,Facenet512_MI_FGSM_adv
12,ArcFace,/content/face_module/dataset_extractedfaces/celeba_pairs/003089.jpg,/content/face_module/dataset_extractedfaces/celeba_pairs/016966.jpg,celeba_pairs,impersonation_attack,/home/nadmin/Desktop/updatedattack/results/ARCFACE/transfer_attack_similarity_scores_all12_lambda020_limit1000.csv,Facenet512,PGD,vanilla,0.1443168967962265,Facenet512_PGD_adv
12,ArcFace,/content/face_module/dataset_extractedfaces/celeba_pairs/003089.jpg,/content/face_module/dataset_extractedfaces/celeba_pairs/016966.jpg,celeba_pairs,impersonation_attack,/home/nadmin/Desktop/updatedattack/results/ARCFACE/transfer_attack_similarity_scores_all12_lambda020_limit1000.csv,Facenet512,SI_NI_FGSM,vanilla,0.198536217212677,Facenet512_SI_NI_FGSM_adv
12,ArcFace,/content/face_module/dataset_extractedfaces/celeba_pairs/003089.jpg,/content/face_module/dataset_extractedfaces/celeba_pairs/016966.jpg,celeba_pairs,impersonation_attack,/home/nadmin/Desktop/updatedattack/results/ARCFACE/transfer_attack_similarity_scores_all12_lambda020_limit1000.csv,Facenet512,TI_FGSM,vanilla,0.1457147300243377,Facenet512_TI_FGSM_adv
12,ArcFace,/content/face_module/dataset_extractedfaces/celeba_pairs/003089.jpg,/content/face_module/dataset_extractedfaces/celeba_pairs/016966.jpg,celeba_pairs,impersonation_attack,/home/nadmin/Desktop/updatedattack/results/ARCFACE/transfer_attack_similarity_scores_all12_lambda020_limit1000.csv,Facenet512,clean,clean,0.0975427031517028,Facenet512_clean
12,ArcFace,/content/face_module/dataset_extractedfaces/celeba_pairs/003089.jpg,/content/face_module/dataset_extractedfaces/celeba_pairs/016966.jpg,celeba_pairs,impersonation_attack,/home/nadmin/Desktop/updatedattack/results/ARCFACE/transfer_attack_similarity_scores_all12_lambda020_limit1000.csv,GhostFaceNet,MI_ADMIX_DI_TI,vanilla,-0.0222065914422273,GhostFaceNet_MI_ADMIX_DI_TI_adv
12,ArcFace,/content/face_module/dataset_extractedfaces/celeba_pairs/003089.jpg,/content/face_module/dataset_extractedfaces/celeba_pairs/016966.jpg,celeba_pairs,impersonation_attack,/home/nadmin/Desktop/updatedattack/results/ARCFACE/transfer_attack_similarity_scores_all12_lambda020_limit1000.csv,GhostFaceNet,MI_FGSM,vanilla,0.0243144854903221,GhostFaceNet_MI_FGSM_adv
12,ArcFace,/content/face_module/dataset_extractedfaces/celeba_pairs/003089.jpg,/content/face_module/dataset_extractedfaces/celeba_pairs/016966.jpg,celeba_pairs,impersonation_attack,/home/nadmin/Desktop/updatedattack/results/ARCFACE/transfer_attack_similarity_scores_all12_lambda020_limit1000.csv,GhostFaceNet,PGD,vanilla,-0.0311918854713439,GhostFaceNet_PGD_adv
12,ArcFace,/content/face_module/dataset_extractedfaces/celeba_pairs/003089.jpg,/content/face_module/dataset_extractedfaces/celeba_pairs/016966.jpg,celeba_pairs,impersonation_attack,/home/nadmin/Desktop/updatedattack/results/ARCFACE/transfer_attack_similarity_scores_all12_lambda020_limit1000.csv,GhostFaceNet,SI_NI_FGSM,vanilla,0.0353445447981357,GhostFaceNet_SI_NI_FGSM_adv
12,ArcFace,/content/face_module/dataset_extractedfaces/celeba_pairs/003089.jpg,/content/face_module/dataset_extractedfaces/celeba_pairs/016966.jpg,celeba_pairs,impersonation_attack,/home/nadmin/Desktop/updatedattack/results/ARCFACE/transfer_attack_similarity_scores_all12_lambda020_limit1000.csv,GhostFaceNet,TI_FGSM,vanilla,-0.0224466416984796,GhostFaceNet_TI_FGSM_adv
12,ArcFace,/content/face_module/dataset_extractedfaces/celeba_pairs/003089.jpg,/content/face_module/dataset_extractedfaces/celeba_pairs/016966.jpg,celeba_pairs,impersonation_attack,/home/nadmin/Desktop/updatedattack/results/ARCFACE/transfer_attack_similarity_scores_all12_lambda020_limit1000.csv,GhostFaceNet,clean,clean,-0.1018042936921119,GhostFaceNet_clean
12,ArcFace,/content/face_module/dataset_extractedfaces/celeba_pairs/003089.jpg,/content/face_module/dataset_extractedfaces/celeba_pairs/016966.jpg,celeba_pairs,impersonation_attack,/home/nadmin/Desktop/updatedattack/results/ARCFACE/transfer_attack_similarity_scores_all12_lambda020_limit1000.csv,IR152,MI_ADMIX_DI_TI,vanilla,0.1108148321509361,IR152_MI_ADMIX_DI_TI_adv
12,ArcFace,/content/face_module/dataset_extractedfaces/celeba_pairs/003089.jpg,/content/face_module/dataset_extractedfaces/celeba_pairs/016966.jpg,celeba_pairs,impersonation_attack,/home/nadmin/Desktop/updatedattack/results/ARCFACE/transfer_attack_similarity_scores_all12_lambda020_limit1000.csv,IR152,MI_FGSM,vanilla,0.1280281245708465,IR152_MI_FGSM_adv
12,ArcFace,/content/face_module/dataset_extractedfaces/celeba_pairs/003089.jpg,/content/face_module/dataset_extractedfaces/celeba_pairs/016966.jpg,celeba_pairs,impersonation_attack,/home/nadmin/Desktop/updatedattack/results/ARCFACE/transfer_attack_similarity_scores_all12_lambda020_limit1000.csv,IR152,PGD,vanilla,0.1040445044636726,IR152_PGD_adv
12,ArcFace,/content/face_module/dataset_extractedfaces/celeba_pairs/003089.jpg,/content/face_module/dataset_extractedfaces/celeba_pairs/016966.jpg,celeba_pairs,impersonation_attack,/home/nadmin/Desktop/updatedattack/results/ARCFACE/transfer_attack_similarity_scores_all12_lambda020_limit1000.csv,IR152,SI_NI_FGSM,vanilla,0.1041081920266151,IR152_SI_NI_FGSM_adv
12,ArcFace,/content/face_module/dataset_extractedfaces/celeba_pairs/003089.jpg,/content/face_module/dataset_extractedfaces/celeba_pairs/016966.jpg,celeba_pairs,impersonation_attack,/home/nadmin/Desktop/updatedattack/results/ARCFACE/transfer_attack_similarity_scores_all12_lambda020_limit1000.csv,IR152,TI_FGSM,vanilla,0.1130090877413749,IR152_TI_FGSM_adv
12,ArcFace,/content/face_module/dataset_extractedfaces/celeba_pairs/003089.jpg,/content/face_module/dataset_extractedfaces/celeba_pairs/016966.jpg,celeba_pairs,impersonation_attack,/home/nadmin/Desktop/updatedattack/results/ARCFACE/transfer_attack_similarity_scores_all12_lambda020_limit1000.csv,IR152,clean,clean,0.0933876037597656,IR152_clean
12,ArcFace,/content/face_module/dataset_extractedfaces/celeba_pairs/003089.jpg,/content/face_module/dataset_extractedfaces/celeba_pairs/016966.jpg,celeba_pairs,impersonation_attack,/home/nadmin/Desktop/updatedattack/results/ARCFACE/transfer_attack_similarity_scores_all12_lambda020_limit1000.csv,VGG-Face,MI_ADMIX_DI_TI,vanilla,0.085404485464096,VGG-Face_MI_ADMIX_DI_TI_adv
12,ArcFace,/content/face_module/dataset_extractedfaces/celeba_pairs/003089.jpg,/content/face_module/dataset_extractedfaces/celeba_pairs/016966.jpg,celeba_pairs,impersonation_attack,/home/nadmin/Desktop/updatedattack/results/ARCFACE/transfer_attack_similarity_scores_all12_lambda020_limit1000.csv,VGG-Face,MI_FGSM,vanilla,0.1043491959571838,VGG-Face_MI_FGSM_adv
12,ArcFace,/content/face_module/dataset_extractedfaces/celeba_pairs/003089.jpg,/content/face_module/dataset_extractedfaces/celeba_pairs/016966.jpg,celeba_pairs,impersonation_attack,/home/nadmin/Desktop/updatedattack/results/ARCFACE/transfer_attack_similarity_scores_all12_lambda020_limit1000.csv,VGG-Face,PGD,vanilla,0.0782536566257476,VGG-Face_PGD_adv
12,ArcFace,/content/face_module/dataset_extractedfaces/celeba_pairs/003089.jpg,/content/face_module/dataset_extractedfaces/celeba_pairs/016966.jpg,celeba_pairs,impersonation_attack,/home/nadmin/Desktop/updatedattack/results/ARCFACE/transfer_attack_similarity_scores_all12_lambda020_limit1000.csv,VGG-Face,SI_NI_FGSM,vanilla,0.1129290014505386,VGG-Face_SI_NI_FGSM_adv
12,ArcFace,/content/face_module/dataset_extractedfaces/celeba_pairs/003089.jpg,/content/face_module/dataset_extractedfaces/celeba_pairs/016966.jpg,celeba_pairs,impersonation_attack,/home/nadmin/Desktop/updatedattack/results/ARCFACE/transfer_attack_similarity_scores_all12_lambda020_limit1000.csv,VGG-Face,TI_FGSM,vanilla,0.0967734903097152,VGG-Face_TI_FGSM_adv
12,ArcFace,/content/face_module/dataset_extractedfaces/celeba_pairs/003089.jpg,/content/face_module/dataset_extractedfaces/celeba_pairs/016966.jpg,celeba_pairs,impersonation_attack,/home/nadmin/Desktop/updatedattack/results/ARCFACE/transfer_attack_similarity_scores_all12_lambda020_limit1000.csv,VGG-Face,clean,clean,0.0685250088572502,VGG-Face_clean
15,ArcFace,/content/face_module/dataset_extractedfaces/lfw_pairs/George W Bush_518.jpg,/content/face_module/dataset_extractedfaces/lfw_pairs/George W Bush_519.jpg,lfw_pairs,dodging_attack,/home/nadmin/Desktop/updatedattack/results/ARCFACE/transfer_attack_similarity_scores_all12_lambda020_limit1000.csv,ArcFace,clean,clean,0.6775953769683838,ArcFace_clean
15,ArcFace,/content/face_module/dataset_extractedfaces/lfw_pairs/George W Bush_518.jpg,/content/face_module/dataset_extractedfaces/lfw_pairs/George W Bush_519.jpg,lfw_pairs,dodging_attack,/home/nadmin/Desktop/updatedattack/results/ARCFACE/transfer_attack_similarity_scores_all12_lambda020_limit1000.csv,Facenet512,MI_ADMIX_DI_TI,vanilla,0.3883565068244934,Facenet512_MI_ADMIX_DI_TI_adv
15,ArcFace,/content/face_module/dataset_extractedfaces/lfw_pairs/George W Bush_518.jpg,/content/face_module/dataset_extractedfaces/lfw_pairs/George W Bush_519.jpg,lfw_pairs,dodging_attack,/home/nadmin/Desktop/updatedattack/results/ARCFACE/transfer_attack_similarity_scores_all12_lambda020_limit1000.csv,Facenet512,MI_FGSM,vanilla,0.4032830595970154,Facenet512_MI_FGSM_adv
15,ArcFace,/content/face_module/dataset_extractedfaces/lfw_pairs/George W Bush_518.jpg,/content/face_module/dataset_extractedfaces/lfw_pairs/George W Bush_519.jpg,lfw_pairs,dodging_attack,/home/nadmin/Desktop/updatedattack/results/ARCFACE/transfer_attack_similarity_scores_all12_lambda020_limit1000.csv,Facenet512,PGD,vanilla,0.5526858568191528,Facenet512_PGD_adv
15,ArcFace,/content/face_module/dataset_extractedfaces/lfw_pairs/George W Bush_518.jpg,/content/face_module/dataset_extractedfaces/lfw_pairs/George W Bush_519.jpg,lfw_pairs,dodging_attack,/home/nadmin/Desktop/updatedattack/results/ARCFACE/transfer_attack_similarity_scores_all12_lambda020_limit1000.csv,Facenet512,SI_NI_FGSM,vanilla,0.3439259827136993,Facenet512_SI_NI_FGSM_adv
15,ArcFace,/content/face_module/dataset_extractedfaces/lfw_pairs/George W Bush_518.jpg,/content/face_module/dataset_extractedfaces/lfw_pairs/George W Bush_519.jpg,lfw_pairs,dodging_attack,/home/nadmin/Desktop/updatedattack/results/ARCFACE/transfer_attack_similarity_scores_all12_lambda020_limit1000.csv,Facenet512,TI_FGSM,vanilla,0.4060550332069397,Facenet512_TI_FGSM_adv
15,ArcFace,/content/face_module/dataset_extractedfaces/lfw_pairs/George W Bush_518.jpg,/content/face_module/dataset_extractedfaces/lfw_pairs/George W Bush_519.jpg,lfw_pairs,dodging_attack,/home/nadmin/Desktop/updatedattack/results/ARCFACE/transfer_attack_similarity_scores_all12_lambda020_limit1000.csv,Facenet512,clean,clean,0.6876072287559509,Facenet512_clean
15,ArcFace,/content/face_module/dataset_extractedfaces/lfw_pairs/George W Bush_518.jpg,/content/face_module/dataset_extractedfaces/lfw_pairs/George W Bush_519.jpg,lfw_pairs,dodging_attack,/home/nadmin/Desktop/updatedattack/results/ARCFACE/transfer_attack_similarity_scores_all12_lambda020_limit1000.csv,GhostFaceNet,MI_ADMIX_DI_TI,vanilla,0.2617525458335876,GhostFaceNet_MI_ADMIX_DI_TI_adv
15,ArcFace,/content/face_module/dataset_extractedfaces/lfw_pairs/George W Bush_518.jpg,/content/face_module/dataset_extractedfaces/lfw_pairs/George W Bush_519.jpg,lfw_pairs,dodging_attack,/home/nadmin/Desktop/updatedattack/results/ARCFACE/transfer_attack_similarity_scores_all12_lambda020_limit1000.csv,GhostFaceNet,MI_FGSM,vanilla,0.1794997751712799,GhostFaceNet_MI_FGSM_adv
15,ArcFace,/content/face_module/dataset_extractedfaces/lfw_pairs/George W Bush_518.jpg,/content/face_module/dataset_extractedfaces/lfw_pairs/George W Bush_519.jpg,lfw_pairs,dodging_attack,/home/nadmin/Desktop/updatedattack/results/ARCFACE/transfer_attack_similarity_scores_all12_lambda020_limit1000.csv,GhostFaceNet,PGD,vanilla,0.2410283982753753,GhostFaceNet_PGD_adv
15,ArcFace,/content/face_module/dataset_extractedfaces/lfw_pairs/George W Bush_518.jpg,/content/face_module/dataset_extractedfaces/lfw_pairs/George W Bush_519.jpg,lfw_pairs,dodging_attack,/home/nadmin/Desktop/updatedattack/results/ARCFACE/transfer_attack_similarity_scores_all12_lambda020_limit1000.csv,GhostFaceNet,SI_NI_FGSM,vanilla,0.1682504713535308,GhostFaceNet_SI_NI_FGSM_adv
15,ArcFace,/content/face_module/dataset_extractedfaces/lfw_pairs/George W Bush_518.jpg,/content/face_module/dataset_extractedfaces/lfw_pairs/George W Bush_519.jpg,lfw_pairs,dodging_attack,/home/nadmin/Desktop/updatedattack/results/ARCFACE/transfer_attack_similarity_scores_all12_lambda020_limit1000.csv,GhostFaceNet,TI_FGSM,vanilla,0.2396275401115417,GhostFaceNet_TI_FGSM_adv
15,ArcFace,/content/face_module/dataset_extractedfaces/lfw_pairs/George W Bush_518.jpg,/content/face_module/dataset_extractedfaces/lfw_pairs/George W Bush_519.jpg,lfw_pairs,dodging_attack,/home/nadmin/Desktop/updatedattack/results/ARCFACE/transfer_attack_similarity_scores_all12_lambda020_limit1000.csv,GhostFaceNet,clean,clean,0.3439280986785888,GhostFaceNet_clean
15,ArcFace,/content/face_module/dataset_extractedfaces/lfw_pairs/George W Bush_518.jpg,/content/face_module/dataset_extractedfaces/lfw_pairs/George W Bush_519.jpg,lfw_pairs,dodging_attack,/home/nadmin/Desktop/updatedattack/results/ARCFACE/transfer_attack_similarity_scores_all12_lambda020_limit1000.csv,IR152,MI_ADMIX_DI_TI,vanilla,0.3123057186603546,IR152_MI_ADMIX_DI_TI_adv
15,ArcFace,/content/face_module/dataset_extractedfaces/lfw_pairs/George W Bush_518.jpg,/content/face_module/dataset_extractedfaces/lfw_pairs/George W Bush_519.jpg,lfw_pairs,dodging_attack,/home/nadmin/Desktop/updatedattack/results/ARCFACE/transfer_attack_similarity_scores_all12_lambda020_limit1000.csv,IR152,MI_FGSM,vanilla,0.1944218575954437,IR152_MI_FGSM_adv
15,ArcFace,/content/face_module/dataset_extractedfaces/lfw_pairs/George W Bush_518.jpg,/content/face_module/dataset_extractedfaces/lfw_pairs/George W Bush_519.jpg,lfw_pairs,dodging_attack,/home/nadmin/Desktop/updatedattack/results/ARCFACE/transfer_attack_similarity_scores_all12_lambda020_limit1000.csv,IR152,PGD,vanilla,0.4034280776977539,IR152_PGD_adv
15,ArcFace,/content/face_module/dataset_extractedfaces/lfw_pairs/George W Bush_518.jpg,/content/face_module/dataset_extractedfaces/lfw_pairs/George W Bush_519.jpg,lfw_pairs,dodging_attack,/home/nadmin/Desktop/updatedattack/results/ARCFACE/transfer_attack_similarity_scores_all12_lambda020_limit1000.csv,IR152,SI_NI_FGSM,vanilla,0.0973441079258918,IR152_SI_NI_FGSM_adv
15,ArcFace,/content/face_module/dataset_extractedfaces/lfw_pairs/George W Bush_518.jpg,/content/face_module/dataset_extractedfaces/lfw_pairs/George W Bush_519.jpg,lfw_pairs,dodging_attack,/home/nadmin/Desktop/updatedattack/results/ARCFACE/transfer_attack_similarity_scores_all12_lambda020_limit1000.csv,IR152,TI_FGSM,vanilla,0.269266664981842,IR152_TI_FGSM_adv
15,ArcFace,/content/face_module/dataset_extractedfaces/lfw_pairs/George W Bush_518.jpg,/content/face_module/dataset_extractedfaces/lfw_pairs/George W Bush_519.jpg,lfw_pairs,dodging_attack,/home/nadmin/Desktop/updatedattack/results/ARCFACE/transfer_attack_similarity_scores_all12_lambda020_limit1000.csv,IR152,clean,clean,0.563267707824707,IR152_clean
15,ArcFace,/content/face_module/dataset_extractedfaces/lfw_pairs/George W Bush_518.jpg,/content/face_module/dataset_extractedfaces/lfw_pairs/George W Bush_519.jpg,lfw_pairs,dodging_attack,/home/nadmin/Desktop/updatedattack/results/ARCFACE/transfer_attack_similarity_scores_all12_lambda020_limit1000.csv,VGG-Face,MI_ADMIX_DI_TI,vanilla,0.2562717795372009,VGG-Face_MI_ADMIX_DI_TI_adv
15,ArcFace,/content/face_module/dataset_extractedfaces/lfw_pairs/George W Bush_518.jpg,/content/face_module/dataset_extractedfaces/lfw_pairs/George W Bush_519.jpg,lfw_pairs,dodging_attack,/home/nadmin/Desktop/updatedattack/results/ARCFACE/transfer_attack_similarity_scores_all12_lambda020_limit1000.csv,VGG-Face,MI_FGSM,vanilla,0.2950354814529419,VGG-Face_MI_FGSM_adv
15,ArcFace,/content/face_module/dataset_extractedfaces/lfw_pairs/George W Bush_518.jpg,/content/face_module/dataset_extractedfaces/lfw_pairs/George W Bush_519.jpg,lfw_pairs,dodging_attack,/home/nadmin/Desktop/updatedattack/results/ARCFACE/transfer_attack_similarity_scores_all12_lambda020_limit1000.csv,VGG-Face,PGD,vanilla,0.4046339094638824,VGG-Face_PGD_adv
15,ArcFace,/content/face_module/dataset_extractedfaces/lfw_pairs/George W Bush_518.jpg,/content/face_module/dataset_extractedfaces/lfw_pairs/George W Bush_519.jpg,lfw_pairs,dodging_attack,/home/nadmin/Desktop/updatedattack/results/ARCFACE/transfer_attack_similarity_scores_all12_lambda020_limit1000.csv,VGG-Face,SI_NI_FGSM,vanilla,0.2076842784881591,VGG-Face_SI_NI_FGSM_adv
15,ArcFace,/content/face_module/dataset_extractedfaces/lfw_pairs/George W Bush_518.jpg,/content/face_module/dataset_extractedfaces/lfw_pairs/George W Bush_519.jpg,lfw_pairs,dodging_attack,/home/nadmin/Desktop/updatedattack/results/ARCFACE/transfer_attack_similarity_scores_all12_lambda020_limit1000.csv,VGG-Face,TI_FGSM,vanilla,0.2883698344230652,VGG-Face_TI_FGSM_adv
15,ArcFace,/content/face_module/dataset_extractedfaces/lfw_pairs/George W Bush_518.jpg,/content/face_module/dataset_extractedfaces/lfw_pairs/George W Bush_519.jpg,lfw_pairs,dodging_attack,/home/nadmin/Desktop/updatedattack/results/ARCFACE/transfer_attack_similarity_scores_all12_lambda020_limit1000.csv,VGG-Face,clean,clean,0.529694676399231,VGG-Face_clean
16,ArcFace,/content/face_module/dataset_extractedfaces/lfw_pairs/Colin Powell_24.jpg,/content/face_module/dataset_extractedfaces/lfw_pairs/Colin Powell_25.jpg,lfw_pairs,dodging_attack,/home/nadmin/Desktop/updatedattack/results/ARCFACE/transfer_attack_similarity_scores_all12_lambda020_limit1000.csv,ArcFace,clean,clean,0.6158847212791443,ArcFace_clean
16,ArcFace,/content/face_module/dataset_extractedfaces/lfw_pairs/Colin Powell_24.jpg,/content/face_module/dataset_extractedfaces/lfw_pairs/Colin Powell_25.jpg,lfw_pairs,dodging_attack,/home/nadmin/Desktop/updatedattack/results/ARCFACE/transfer_attack_similarity_scores_all12_lambda020_limit1000.csv,Facenet512,MI_ADMIX_DI_TI,vanilla,0.634445309638977,Facenet512_MI_ADMIX_DI_TI_adv
16,ArcFace,/content/face_module/dataset_extractedfaces/lfw_pairs/Colin Powell_24.jpg,/content/face_module/dataset_extractedfaces/lfw_pairs/Colin Powell_25.jpg,lfw_pairs,dodging_attack,/home/nadmin/Desktop/updatedattack/results/ARCFACE/transfer_attack_similarity_scores_all12_lambda020_limit1000.csv,Facenet512,MI_FGSM,vanilla,0.659210205078125,Facenet512_MI_FGSM_adv
16,ArcFace,/content/face_module/dataset_extractedfaces/lfw_pairs/Colin Powell_24.jpg,/content/face_module/dataset_extractedfaces/lfw_pairs/Colin Powell_25.jpg,lfw_pairs,dodging_attack,/home/nadmin/Desktop/updatedattack/results/ARCFACE/transfer_attack_similarity_scores_all12_lambda020_limit1000.csv,Facenet512,PGD,vanilla,0.7456099987030029,Facenet512_PGD_adv
16,ArcFace,/content/face_module/dataset_extractedfaces/lfw_pairs/Colin Powell_24.jpg,/content/face_module/dataset_extractedfaces/lfw_pairs/Colin Powell_25.jpg,lfw_pairs,dodging_attack,/home/nadmin/Desktop/updatedattack/results/ARCFACE/transfer_attack_similarity_scores_all12_lambda020_limit1000.csv,Facenet512,SI_NI_FGSM,vanilla,0.6178351640701294,Facenet512_SI_NI_FGSM_adv
16,ArcFace,/content/face_module/dataset_extractedfaces/lfw_pairs/Colin Powell_24.jpg,/content/face_module/dataset_extractedfaces/lfw_pairs/Colin Powell_25.jpg,lfw_pairs,dodging_attack,/home/nadmin/Desktop/updatedattack/results/ARCFACE/transfer_attack_similarity_scores_all12_lambda020_limit1000.csv,Facenet512,TI_FGSM,vanilla,0.6774003505706787,Facenet512_TI_FGSM_adv
16,ArcFace,/content/face_module/dataset_extractedfaces/lfw_pairs/Colin Powell_24.jpg,/content/face_module/dataset_extractedfaces/lfw_pairs/Colin Powell_25.jpg,lfw_pairs,dodging_attack,/home/nadmin/Desktop/updatedattack/results/ARCFACE/transfer_attack_similarity_scores_all12_lambda020_limit1000.csv,Facenet512,clean,clean,0.7765311598777771,Facenet512_clean
16,ArcFace,/content/face_module/dataset_extractedfaces/lfw_pairs/Colin Powell_24.jpg,/content/face_module/dataset_extractedfaces/lfw_pairs/Colin Powell_25.jpg,lfw_pairs,dodging_attack,/home/nadmin/Desktop/updatedattack/results/ARCFACE/transfer_attack_similarity_scores_all12_lambda020_limit1000.csv,GhostFaceNet,MI_ADMIX_DI_TI,vanilla,0.1478985249996185,GhostFaceNet_MI_ADMIX_DI_TI_adv
16,ArcFace,/content/face_module/dataset_extractedfaces/lfw_pairs/Colin Powell_24.jpg,/content/face_module/dataset_extractedfaces/lfw_pairs/Colin Powell_25.jpg,lfw_pairs,dodging_attack,/home/nadmin/Desktop/updatedattack/results/ARCFACE/transfer_attack_similarity_scores_all12_lambda020_limit1000.csv,GhostFaceNet,MI_FGSM,vanilla,0.0276249554008245,GhostFaceNet_MI_FGSM_adv
16,ArcFace,/content/face_module/dataset_extractedfaces/lfw_pairs/Colin Powell_24.jpg,/content/face_module/dataset_extractedfaces/lfw_pairs/Colin Powell_25.jpg,lfw_pairs,dodging_attack,/home/nadmin/Desktop/updatedattack/results/ARCFACE/transfer_attack_similarity_scores_all12_lambda020_limit1000.csv,GhostFaceNet,PGD,vanilla,0.2129234969615936,GhostFaceNet_PGD_adv
16,ArcFace,/content/face_module/dataset_extractedfaces/lfw_pairs/Colin Powell_24.jpg,/content/face_module/dataset_extractedfaces/lfw_pairs/Colin Powell_25.jpg,lfw_pairs,dodging_attack,/home/nadmin/Desktop/updatedattack/results/ARCFACE/transfer_attack_similarity_scores_all12_lambda020_limit1000.csv,GhostFaceNet,SI_NI_FGSM,vanilla,0.0482991188764572,GhostFaceNet_SI_NI_FGSM_adv
16,ArcFace,/content/face_module/dataset_extractedfaces/lfw_pairs/Colin Powell_24.jpg,/content/face_module/dataset_extractedfaces/lfw_pairs/Colin Powell_25.jpg,lfw_pairs,dodging_attack,/home/nadmin/Desktop/updatedattack/results/ARCFACE/transfer_attack_similarity_scores_all12_lambda020_limit1000.csv,GhostFaceNet,TI_FGSM,vanilla,0.1742223799228668,GhostFaceNet_TI_FGSM_adv
16,ArcFace,/content/face_module/dataset_extractedfaces/lfw_pairs/Colin Powell_24.jpg,/content/face_module/dataset_extractedfaces/lfw_pairs/Colin Powell_25.jpg,lfw_pairs,dodging_attack,/home/nadmin/Desktop/updatedattack/results/ARCFACE/transfer_attack_similarity_scores_all12_lambda020_limit1000.csv,GhostFaceNet,clean,clean,0.2969561815261841,GhostFaceNet_clean
16,ArcFace,/content/face_module/dataset_extractedfaces/lfw_pairs/Colin Powell_24.jpg,/content/face_module/dataset_extractedfaces/lfw_pairs/Colin Powell_25.jpg,lfw_pairs,dodging_attack,/home/nadmin/Desktop/updatedattack/results/ARCFACE/transfer_attack_similarity_scores_all12_lambda020_limit1000.csv,IR152,MI_ADMIX_DI_TI,vanilla,0.4485635459423065,IR152_MI_ADMIX_DI_TI_adv
16,ArcFace,/content/face_module/dataset_extractedfaces/lfw_pairs/Colin Powell_24.jpg,/content/face_module/dataset_extractedfaces/lfw_pairs/Colin Powell_25.jpg,lfw_pairs,dodging_attack,/home/nadmin/Desktop/updatedattack/results/ARCFACE/transfer_attack_similarity_scores_all12_lambda020_limit1000.csv,IR152,MI_FGSM,vanilla,0.3334393501281738,IR152_MI_FGSM_adv
16,ArcFace,/content/face_module/dataset_extractedfaces/lfw_pairs/Colin Powell_24.jpg,/content/face_module/dataset_extractedfaces/lfw_pairs/Colin Powell_25.jpg,lfw_pairs,dodging_attack,/home/nadmin/Desktop/updatedattack/results/ARCFACE/transfer_attack_similarity_scores_all12_lambda020_limit1000.csv,IR152,PGD,vanilla,0.5438398122787476,IR152_PGD_adv
16,ArcFace,/content/face_module/dataset_extractedfaces/lfw_pairs/Colin Powell_24.jpg,/content/face_module/dataset_extractedfaces/lfw_pairs/Colin Powell_25.jpg,lfw_pairs,dodging_attack,/home/nadmin/Desktop/updatedattack/results/ARCFACE/transfer_attack_similarity_scores_all12_lambda020_limit1000.csv,IR152,SI_NI_FGSM,vanilla,0.0840862914919853,IR152_SI_NI_FGSM_adv
16,ArcFace,/content/face_module/dataset_extractedfaces/lfw_pairs/Colin Powell_24.jpg,/content/face_module/dataset_extractedfaces/lfw_pairs/Colin Powell_25.jpg,lfw_pairs,dodging_attack,/home/nadmin/Desktop/updatedattack/results/ARCFACE/transfer_attack_similarity_scores_all12_lambda020_limit1000.csv,IR152,TI_FGSM,vanilla,0.5041377544403076,IR152_TI_FGSM_adv
16,ArcFace,/content/face_module/dataset_extractedfaces/lfw_pairs/Colin Powell_24.jpg,/content/face_module/dataset_extractedfaces/lfw_pairs/Colin Powell_25.jpg,lfw_pairs,dodging_attack,/home/nadmin/Desktop/updatedattack/results/ARCFACE/transfer_attack_similarity_scores_all12_lambda020_limit1000.csv,IR152,clean,clean,0.5704069137573242,IR152_clean
16,ArcFace,/content/face_module/dataset_extractedfaces/lfw_pairs/Colin Powell_24.jpg,/content/face_module/dataset_extractedfaces/lfw_pairs/Colin Powell_25.jpg,lfw_pairs,dodging_attack,/home/nadmin/Desktop/updatedattack/results/ARCFACE/transfer_attack_similarity_scores_all12_lambda020_limit1000.csv,VGG-Face,MI_ADMIX_DI_TI,vanilla,0.3576089739799499,VGG-Face_MI_ADMIX_DI_TI_adv
16,ArcFace,/content/face_module/dataset_extractedfaces/lfw_pairs/Colin Powell_24.jpg,/content/face_module/dataset_extractedfaces/lfw_pairs/Colin Powell_25.jpg,lfw_pairs,dodging_attack,/home/nadmin/Desktop/updatedattack/results/ARCFACE/transfer_attack_similarity_scores_all12_lambda020_limit1000.csv,VGG-Face,MI_FGSM,vanilla,0.3438021540641784,VGG-Face_MI_FGSM_adv
16,ArcFace,/content/face_module/dataset_extractedfaces/lfw_pairs/Colin Powell_24.jpg,/content/face_module/dataset_extractedfaces/lfw_pairs/Colin Powell_25.jpg,lfw_pairs,dodging_attack,/home/nadmin/Desktop/updatedattack/results/ARCFACE/transfer_attack_similarity_scores_all12_lambda020_limit1000.csv,VGG-Face,PGD,vanilla,0.37725630402565,VGG-Face_PGD_adv
16,ArcFace,/content/face_module/dataset_extractedfaces/lfw_pairs/Colin Powell_24.jpg,/content/face_module/dataset_extractedfaces/lfw_pairs/Colin Powell_25.jpg,lfw_pairs,dodging_attack,/home/nadmin/Desktop/updatedattack/results/ARCFACE/transfer_attack_similarity_scores_all12_lambda020_limit1000.csv,VGG-Face,SI_NI_FGSM,vanilla,0.2947398424148559,VGG-Face_SI_NI_FGSM_adv
16,ArcFace,/content/face_module/dataset_extractedfaces/lfw_pairs/Colin Powell_24.jpg,/content/face_module/dataset_extractedfaces/lfw_pairs/Colin Powell_25.jpg,lfw_pairs,dodging_attack,/home/nadmin/Desktop/updatedattack/results/ARCFACE/transfer_attack_similarity_scores_all12_lambda020_limit1000.csv,VGG-Face,TI_FGSM,vanilla,0.3488617539405823,VGG-Face_TI_FGSM_adv
16,ArcFace,/content/face_module/dataset_extractedfaces/lfw_pairs/Colin Powell_24.jpg,/content/face_module/dataset_extractedfaces/lfw_pairs/Colin Powell_25.jpg,lfw_pairs,dodging_attack,/home/nadmin/Desktop/updatedattack/results/ARCFACE/transfer_attack_similarity_scores_all12_lambda020_limit1000.csv,VGG-Face,clean,clean,0.4387425184249878,VGG-Face_clean
17,ArcFace,/content/face_module/dataset_extractedfaces/vggface2_pairs/n000016_0036_01.jpg,/content/face_module/dataset_extractedfaces/vggface2_pairs/n000012_0087_01.jpg,vggface2_pairs,impersonation_attack,/home/nadmin/Desktop/updatedattack/results/ARCFACE/transfer_attack_similarity_scores_all12_lambda020_limit1000.csv,ArcFace,clean,clean,0.3356752395629883,ArcFace_clean
17,ArcFace,/content/face_module/dataset_extractedfaces/vggface2_pairs/n000016_0036_01.jpg,/content/face_module/dataset_extractedfaces/vggface2_pairs/n000012_0087_01.jpg,vggface2_pairs,impersonation_attack,/home/nadmin/Desktop/updatedattack/results/ARCFACE/transfer_attack_similarity_scores_all12_lambda020_limit1000.csv,Facenet512,MI_ADMIX_DI_TI,vanilla,0.3651840388774872,Facenet512_MI_ADMIX_DI_TI_adv
17,ArcFace,/content/face_module/dataset_extractedfaces/vggface2_pairs/n000016_0036_01.jpg,/content/face_module/dataset_extractedfaces/vggface2_pairs/n000012_0087_01.jpg,vggface2_pairs,impersonation_attack,/home/nadmin/Desktop/updatedattack/results/ARCFACE/transfer_attack_similarity_scores_all12_lambda020_limit1000.csv,Facenet512,MI_FGSM,vanilla,0.4310720264911651,Facenet512_MI_FGSM_adv
17,ArcFace,/content/face_module/dataset_extractedfaces/vggface2_pairs/n000016_0036_01.jpg,/content/face_module/dataset_extractedfaces/vggface2_pairs/n000012_0087_01.jpg,vggface2_pairs,impersonation_attack,/home/nadmin/Desktop/updatedattack/results/ARCFACE/transfer_attack_similarity_scores_all12_lambda020_limit1000.csv,Facenet512,PGD,vanilla,0.1500773131847381,Facenet512_PGD_adv
17,ArcFace,/content/face_module/dataset_extractedfaces/vggface2_pairs/n000016_0036_01.jpg,/content/face_module/dataset_extractedfaces/vggface2_pairs/n000012_0087_01.jpg,vggface2_pairs,impersonation_attack,/home/nadmin/Desktop/updatedattack/results/ARCFACE/transfer_attack_similarity_scores_all12_lambda020_limit1000.csv,Facenet512,SI_NI_FGSM,vanilla,0.4808956980705261,Facenet512_SI_NI_FGSM_adv
17,ArcFace,/content/face_module/dataset_extractedfaces/vggface2_pairs/n000016_0036_01.jpg,/content/face_module/dataset_extractedfaces/vggface2_pairs/n000012_0087_01.jpg,vggface2_pairs,impersonation_attack,/home/nadmin/Desktop/updatedattack/results/ARCFACE/transfer_attack_similarity_scores_all12_lambda020_limit1000.csv,Facenet512,TI_FGSM,vanilla,0.2542608976364136,Facenet512_TI_FGSM_adv
17,ArcFace,/content/face_module/dataset_extractedfaces/vggface2_pairs/n000016_0036_01.jpg,/content/face_module/dataset_extractedfaces/vggface2_pairs/n000012_0087_01.jpg,vggface2_pairs,impersonation_attack,/home/nadmin/Desktop/updatedattack/results/ARCFACE/transfer_attack_similarity_scores_all12_lambda020_limit1000.csv,Facenet512,clean,clean,-0.0131816901266574,Facenet512_clean
17,ArcFace,/content/face_module/dataset_extractedfaces/vggface2_pairs/n000016_0036_01.jpg,/content/face_module/dataset_extractedfaces/vggface2_pairs/n000012_0087_01.jpg,vggface2_pairs,impersonation_attack,/home/nadmin/Desktop/updatedattack/results/ARCFACE/transfer_attack_similarity_scores_all12_lambda020_limit1000.csv,GhostFaceNet,MI_ADMIX_DI_TI,vanilla,-0.0036368072032928,GhostFaceNet_MI_ADMIX_DI_TI_adv
17,ArcFace,/content/face_module/dataset_extractedfaces/vggface2_pairs/n000016_0036_01.jpg,/content/face_module/dataset_extractedfaces/vggface2_pairs/n000012_0087_01.jpg,vggface2_pairs,impersonation_attack,/home/nadmin/Desktop/updatedattack/results/ARCFACE/transfer_attack_similarity_scores_all12_lambda020_limit1000.csv,GhostFaceNet,MI_FGSM,vanilla,0.0008537713438272,GhostFaceNet_MI_FGSM_adv
17,ArcFace,/content/face_module/dataset_extractedfaces/vggface2_pairs/n000016_0036_01.jpg,/content/face_module/dataset_extractedfaces/vggface2_pairs/n000012_0087_01.jpg,vggface2_pairs,impersonation_attack,/home/nadmin/Desktop/updatedattack/results/ARCFACE/transfer_attack_similarity_scores_all12_lambda020_limit1000.csv,GhostFaceNet,PGD,vanilla,-0.0303991883993148,GhostFaceNet_PGD_adv
17,ArcFace,/content/face_module/dataset_extractedfaces/vggface2_pairs/n000016_0036_01.jpg,/content/face_module/dataset_extractedfaces/vggface2_pairs/n000012_0087_01.jpg,vggface2_pairs,impersonation_attack,/home/nadmin/Desktop/updatedattack/results/ARCFACE/transfer_attack_similarity_scores_all12_lambda020_limit1000.csv,GhostFaceNet,SI_NI_FGSM,vanilla,-0.0167912654578685,GhostFaceNet_SI_NI_FGSM_adv
17,ArcFace,/content/face_module/dataset_extractedfaces/vggface2_pairs/n000016_0036_01.jpg,/content/face_module/dataset_extractedfaces/vggface2_pairs/n000012_0087_01.jpg,vggface2_pairs,impersonation_attack,/home/nadmin/Desktop/updatedattack/results/ARCFACE/transfer_attack_similarity_scores_all12_lambda020_limit1000.csv,GhostFaceNet,TI_FGSM,vanilla,-0.0126966563984751,GhostFaceNet_TI_FGSM_adv
17,ArcFace,/content/face_module/dataset_extractedfaces/vggface2_pairs/n000016_0036_01.jpg,/content/face_module/dataset_extractedfaces/vggface2_pairs/n000012_0087_01.jpg,vggface2_pairs,impersonation_attack,/home/nadmin/Desktop/updatedattack/results/ARCFACE/transfer_attack_similarity_scores_all12_lambda020_limit1000.csv,GhostFaceNet,clean,clean,-0.0316651351749897,GhostFaceNet_clean
17,ArcFace,/content/face_module/dataset_extractedfaces/vggface2_pairs/n000016_0036_01.jpg,/content/face_module/dataset_extractedfaces/vggface2_pairs/n000012_0087_01.jpg,vggface2_pairs,impersonation_attack,/home/nadmin/Desktop/updatedattack/results/ARCFACE/transfer_attack_similarity_scores_all12_lambda020_limit1000.csv,IR152,MI_ADMIX_DI_TI,vanilla,0.0621277689933776,IR152_MI_ADMIX_DI_TI_adv
17,ArcFace,/content/face_module/dataset_extractedfaces/vggface2_pairs/n000016_0036_01.jpg,/content/face_module/dataset_extractedfaces/vggface2_pairs/n000012_0087_01.jpg,vggface2_pairs,impersonation_attack,/home/nadmin/Desktop/updatedattack/results/ARCFACE/transfer_attack_similarity_scores_all12_lambda020_limit1000.csv,IR152,MI_FGSM,vanilla,0.0771042332053184,IR152_MI_FGSM_adv
17,ArcFace,/content/face_module/dataset_extractedfaces/vggface2_pairs/n000016_0036_01.jpg,/content/face_module/dataset_extractedfaces/vggface2_pairs/n000012_0087_01.jpg,vggface2_pairs,impersonation_attack,/home/nadmin/Desktop/updatedattack/results/ARCFACE/transfer_attack_similarity_scores_all12_lambda020_limit1000.csv,IR152,PGD,vanilla,0.0101154092699289,IR152_PGD_adv
17,ArcFace,/content/face_module/dataset_extractedfaces/vggface2_pairs/n000016_0036_01.jpg,/content/face_module/dataset_extractedfaces/vggface2_pairs/n000012_0087_01.jpg,vggface2_pairs,impersonation_attack,/home/nadmin/Desktop/updatedattack/results/ARCFACE/transfer_attack_similarity_scores_all12_lambda020_limit1000.csv,IR152,SI_NI_FGSM,vanilla,0.1284464001655578,IR152_SI_NI_FGSM_adv
17,ArcFace,/content/face_module/dataset_extractedfaces/vggface2_pairs/n000016_0036_01.jpg,/content/face_module/dataset_extractedfaces/vggface2_pairs/n000012_0087_01.jpg,vggface2_pairs,impersonation_attack,/home/nadmin/Desktop/updatedattack/results/ARCFACE/transfer_attack_similarity_scores_all12_lambda020_limit1000.csv,IR152,TI_FGSM,vanilla,0.071983054280281,IR152_TI_FGSM_adv
17,ArcFace,/content/face_module/dataset_extractedfaces/vggface2_pairs/n000016_0036_01.jpg,/content/face_module/dataset_extractedfaces/vggface2_pairs/n000012_0087_01.jpg,vggface2_pairs,impersonation_attack,/home/nadmin/Desktop/updatedattack/results/ARCFACE/transfer_attack_similarity_scores_all12_lambda020_limit1000.csv,IR152,clean,clean,-0.0301507841795682,IR152_clean
17,ArcFace,/content/face_module/dataset_extractedfaces/vggface2_pairs/n000016_0036_01.jpg,/content/face_module/dataset_extractedfaces/vggface2_pairs/n000012_0087_01.jpg,vggface2_pairs,impersonation_attack,/home/nadmin/Desktop/updatedattack/results/ARCFACE/transfer_attack_similarity_scores_all12_lambda020_limit1000.csv,VGG-Face,MI_ADMIX_DI_TI,vanilla,0.2455922216176986,VGG-Face_MI_ADMIX_DI_TI_adv
17,ArcFace,/content/face_module/dataset_extractedfaces/vggface2_pairs/n000016_0036_01.jpg,/content/face_module/dataset_extractedfaces/vggface2_pairs/n000012_0087_01.jpg,vggface2_pairs,impersonation_attack,/home/nadmin/Desktop/updatedattack/results/ARCFACE/transfer_attack_similarity_scores_all12_lambda020_limit1000.csv,VGG-Face,MI_FGSM,vanilla,0.2978504598140716,VGG-Face_MI_FGSM_adv
17,ArcFace,/content/face_module/dataset_extractedfaces/vggface2_pairs/n000016_0036_01.jpg,/content/face_module/dataset_extractedfaces/vggface2_pairs/n000012_0087_01.jpg,vggface2_pairs,impersonation_attack,/home/nadmin/Desktop/updatedattack/results/ARCFACE/transfer_attack_similarity_scores_all12_lambda020_limit1000.csv,VGG-Face,PGD,vanilla,0.2243141233921051,VGG-Face_PGD_adv
17,ArcFace,/content/face_module/dataset_extractedfaces/vggface2_pairs/n000016_0036_01.jpg,/content/face_module/dataset_extractedfaces/vggface2_pairs/n000012_0087_01.jpg,vggface2_pairs,impersonation_attack,/home/nadmin/Desktop/updatedattack/results/ARCFACE/transfer_attack_similarity_scores_all12_lambda020_limit1000.csv,VGG-Face,SI_NI_FGSM,vanilla,0.3387620151042938,VGG-Face_SI_NI_FGSM_adv
17,ArcFace,/content/face_module/dataset_extractedfaces/vggface2_pairs/n000016_0036_01.jpg,/content/face_module/dataset_extractedfaces/vggface2_pairs/n000012_0087_01.jpg,vggface2_pairs,impersonation_attack,/home/nadmin/Desktop/updatedattack/results/ARCFACE/transfer_attack_similarity_scores_all12_lambda020_limit1000.csv,VGG-Face,TI_FGSM,vanilla,0.2608187794685364,VGG-Face_TI_FGSM_adv
17,ArcFace,/content/face_module/dataset_extractedfaces/vggface2_pairs/n000016_0036_01.jpg,/content/face_module/dataset_extractedfaces/vggface2_pairs/n000012_0087_01.jpg,vggface2_pairs,impersonation_attack,/home/nadmin/Desktop/updatedattack/results/ARCFACE/transfer_attack_similarity_scores_all12_lambda020_limit1000.csv,VGG-Face,clean,clean,0.1219722479581832,VGG-Face_clean
18,ArcFace,/content/face_module/dataset_extractedfaces/celeba_pairs/092809.jpg,/content/face_module/dataset_extractedfaces/celeba_pairs/108708.jpg,celeba_pairs,dodging_attack,/home/nadmin/Desktop/updatedattack/results/ARCFACE/transfer_attack_similarity_scores_all12_lambda020_limit1000.csv,ArcFace,clean,clean,0.7534175515174866,ArcFace_clean
18,ArcFace,/content/face_module/dataset_extractedfaces/celeba_pairs/092809.jpg,/content/face_module/dataset_extractedfaces/celeba_pairs/108708.jpg,celeba_pairs,dodging_attack,/home/nadmin/Desktop/updatedattack/results/ARCFACE/transfer_attack_similarity_scores_all12_lambda020_limit1000.csv,Facenet512,MI_ADMIX_DI_TI,vanilla,0.5000187754631042,Facenet512_MI_ADMIX_DI_TI_adv
18,ArcFace,/content/face_module/dataset_extractedfaces/celeba_pairs/092809.jpg,/content/face_module/dataset_extractedfaces/celeba_pairs/108708.jpg,celeba_pairs,dodging_attack,/home/nadmin/Desktop/updatedattack/results/ARCFACE/transfer_attack_similarity_scores_all12_lambda020_limit1000.csv,Facenet512,MI_FGSM,vanilla,0.4601117968559265,Facenet512_MI_FGSM_adv
18,ArcFace,/content/face_module/dataset_extractedfaces/celeba_pairs/092809.jpg,/content/face_module/dataset_extractedfaces/celeba_pairs/108708.jpg,celeba_pairs,dodging_attack,/home/nadmin/Desktop/updatedattack/results/ARCFACE/transfer_attack_similarity_scores_all12_lambda020_limit1000.csv,Facenet512,PGD,vanilla,0.5904636979103088,Facenet512_PGD_adv
18,ArcFace,/content/face_module/dataset_extractedfaces/celeba_pairs/092809.jpg,/content/face_module/dataset_extractedfaces/celeba_pairs/108708.jpg,celeba_pairs,dodging_attack,/home/nadmin/Desktop/updatedattack/results/ARCFACE/transfer_attack_similarity_scores_all12_lambda020_limit1000.csv,Facenet512,SI_NI_FGSM,vanilla,0.3641855716705322,Facenet512_SI_NI_FGSM_adv
18,ArcFace,/content/face_module/dataset_extractedfaces/celeba_pairs/092809.jpg,/content/face_module/dataset_extractedfaces/celeba_pairs/108708.jpg,celeba_pairs,dodging_attack,/home/nadmin/Desktop/updatedattack/results/ARCFACE/transfer_attack_similarity_scores_all12_lambda020_limit1000.csv,Facenet512,TI_FGSM,vanilla,0.5805017948150635,Facenet512_TI_FGSM_adv
18,ArcFace,/content/face_module/dataset_extractedfaces/celeba_pairs/092809.jpg,/content/face_module/dataset_extractedfaces/celeba_pairs/108708.jpg,celeba_pairs,dodging_attack,/home/nadmin/Desktop/updatedattack/results/ARCFACE/transfer_attack_similarity_scores_all12_lambda020_limit1000.csv,Facenet512,clean,clean,0.7128064632415771,Facenet512_clean
18,ArcFace,/content/face_module/dataset_extractedfaces/celeba_pairs/092809.jpg,/content/face_module/dataset_extractedfaces/celeba_pairs/108708.jpg,celeba_pairs,dodging_attack,/home/nadmin/Desktop/updatedattack/results/ARCFACE/transfer_attack_similarity_scores_all12_lambda020_limit1000.csv,GhostFaceNet,MI_ADMIX_DI_TI,vanilla,0.3817200660705566,GhostFaceNet_MI_ADMIX_DI_TI_adv
18,ArcFace,/content/face_module/dataset_extractedfaces/celeba_pairs/092809.jpg,/content/face_module/dataset_extractedfaces/celeba_pairs/108708.jpg,celeba_pairs,dodging_attack,/home/nadmin/Desktop/updatedattack/results/ARCFACE/transfer_attack_similarity_scores_all12_lambda020_limit1000.csv,GhostFaceNet,MI_FGSM,vanilla,0.2345194071531295,GhostFaceNet_MI_FGSM_adv
18,ArcFace,/content/face_module/dataset_extractedfaces/celeba_pairs/092809.jpg,/content/face_module/dataset_extractedfaces/celeba_pairs/108708.jpg,celeba_pairs,dodging_attack,/home/nadmin/Desktop/updatedattack/results/ARCFACE/transfer_attack_similarity_scores_all12_lambda020_limit1000.csv,GhostFaceNet,PGD,vanilla,0.4055668413639068,GhostFaceNet_PGD_adv
18,ArcFace,/content/face_module/dataset_extractedfaces/celeba_pairs/092809.jpg,/content/face_module/dataset_extractedfaces/celeba_pairs/108708.jpg,celeba_pairs,dodging_attack,/home/nadmin/Desktop/updatedattack/results/ARCFACE/transfer_attack_similarity_scores_all12_lambda020_limit1000.csv,GhostFaceNet,SI_NI_FGSM,vanilla,0.1664634644985199,GhostFaceNet_SI_NI_FGSM_adv
18,ArcFace,/content/face_module/dataset_extractedfaces/celeba_pairs/092809.jpg,/content/face_module/dataset_extractedfaces/celeba_pairs/108708.jpg,celeba_pairs,dodging_attack,/home/nadmin/Desktop/updatedattack/results/ARCFACE/transfer_attack_similarity_scores_all12_lambda020_limit1000.csv,GhostFaceNet,TI_FGSM,vanilla,0.4056375026702881,GhostFaceNet_TI_FGSM_adv
18,ArcFace,/content/face_module/dataset_extractedfaces/celeba_pairs/092809.jpg,/content/face_module/dataset_extractedfaces/celeba_pairs/108708.jpg,celeba_pairs,dodging_attack,/home/nadmin/Desktop/updatedattack/results/ARCFACE/transfer_attack_similarity_scores_all12_lambda020_limit1000.csv,GhostFaceNet,clean,clean,0.6571601629257202,GhostFaceNet_clean
18,ArcFace,/content/face_module/dataset_extractedfaces/celeba_pairs/092809.jpg,/content/face_module/dataset_extractedfaces/celeba_pairs/108708.jpg,celeba_pairs,dodging_attack,/home/nadmin/Desktop/updatedattack/results/ARCFACE/transfer_attack_similarity_scores_all12_lambda020_limit1000.csv,IR152,MI_ADMIX_DI_TI,vanilla,0.4261333048343658,IR152_MI_ADMIX_DI_TI_adv
18,ArcFace,/content/face_module/dataset_extractedfaces/celeba_pairs/092809.jpg,/content/face_module/dataset_extractedfaces/celeba_pairs/108708.jpg,celeba_pairs,dodging_attack,/home/nadmin/Desktop/updatedattack/results/ARCFACE/transfer_attack_similarity_scores_all12_lambda020_limit1000.csv,IR152,MI_FGSM,vanilla,0.3874024748802185,IR152_MI_FGSM_adv
18,ArcFace,/content/face_module/dataset_extractedfaces/celeba_pairs/092809.jpg,/content/face_module/dataset_extractedfaces/celeba_pairs/108708.jpg,celeba_pairs,dodging_attack,/home/nadmin/Desktop/updatedattack/results/ARCFACE/transfer_attack_similarity_scores_all12_lambda020_limit1000.csv,IR152,PGD,vanilla,0.5547930598258972,IR152_PGD_adv
18,ArcFace,/content/face_module/dataset_extractedfaces/celeba_pairs/092809.jpg,/content/face_module/dataset_extractedfaces/celeba_pairs/108708.jpg,celeba_pairs,dodging_attack,/home/nadmin/Desktop/updatedattack/results/ARCFACE/transfer_attack_similarity_scores_all12_lambda020_limit1000.csv,IR152,SI_NI_FGSM,vanilla,0.2907024919986725,IR152_SI_NI_FGSM_adv
18,ArcFace,/content/face_module/dataset_extractedfaces/celeba_pairs/092809.jpg,/content/face_module/dataset_extractedfaces/celeba_pairs/108708.jpg,celeba_pairs,dodging_attack,/home/nadmin/Desktop/updatedattack/results/ARCFACE/transfer_attack_similarity_scores_all12_lambda020_limit1000.csv,IR152,TI_FGSM,vanilla,0.4386255741119385,IR152_TI_FGSM_adv
18,ArcFace,/content/face_module/dataset_extractedfaces/celeba_pairs/092809.jpg,/content/face_module/dataset_extractedfaces/celeba_pairs/108708.jpg,celeba_pairs,dodging_attack,/home/nadmin/Desktop/updatedattack/results/ARCFACE/transfer_attack_similarity_scores_all12_lambda020_limit1000.csv,IR152,clean,clean,0.707098126411438,IR152_clean
18,ArcFace,/content/face_module/dataset_extractedfaces/celeba_pairs/092809.jpg,/content/face_module/dataset_extractedfaces/celeba_pairs/108708.jpg,celeba_pairs,dodging_attack,/home/nadmin/Desktop/updatedattack/results/ARCFACE/transfer_attack_similarity_scores_all12_lambda020_limit1000.csv,VGG-Face,MI_ADMIX_DI_TI,vanilla,0.3634629249572754,VGG-Face_MI_ADMIX_DI_TI_adv
18,ArcFace,/content/face_module/dataset_extractedfaces/celeba_pairs/092809.jpg,/content/face_module/dataset_extractedfaces/celeba_pairs/108708.jpg,celeba_pairs,dodging_attack,/home/nadmin/Desktop/updatedattack/results/ARCFACE/transfer_attack_similarity_scores_all12_lambda020_limit1000.csv,VGG-Face,MI_FGSM,vanilla,0.3648780286312103,VGG-Face_MI_FGSM_adv
18,ArcFace,/content/face_module/dataset_extractedfaces/celeba_pairs/092809.jpg,/content/face_module/dataset_extractedfaces/celeba_pairs/108708.jpg,celeba_pairs,dodging_attack,/home/nadmin/Desktop/updatedattack/results/ARCFACE/transfer_attack_similarity_scores_all12_lambda020_limit1000.csv,VGG-Face,PGD,vanilla,0.4545936584472656,VGG-Face_PGD_adv
18,ArcFace,/content/face_module/dataset_extractedfaces/celeba_pairs/092809.jpg,/content/face_module/dataset_extractedfaces/celeba_pairs/108708.jpg,celeba_pairs,dodging_attack,/home/nadmin/Desktop/updatedattack/results/ARCFACE/transfer_attack_similarity_scores_all12_lambda020_limit1000.csv,VGG-Face,SI_NI_FGSM,vanilla,0.3446346223354339,VGG-Face_SI_NI_FGSM_adv
18,ArcFace,/content/face_module/dataset_extractedfaces/celeba_pairs/092809.jpg,/content/face_module/dataset_extractedfaces/celeba_pairs/108708.jpg,celeba_pairs,dodging_attack,/home/nadmin/Desktop/updatedattack/results/ARCFACE/transfer_attack_similarity_scores_all12_lambda020_limit1000.csv,VGG-Face,TI_FGSM,vanilla,0.426665723323822,VGG-Face_TI_FGSM_adv
18,ArcFace,/content/face_module/dataset_extractedfaces/celeba_pairs/092809.jpg,/content/face_module/dataset_extractedfaces/celeba_pairs/108708.jpg,celeba_pairs,dodging_attack,/home/nadmin/Desktop/updatedattack/results/ARCFACE/transfer_attack_similarity_scores_all12_lambda020_limit1000.csv,VGG-Face,clean,clean,0.5854153633117676,VGG-Face_clean
19,ArcFace,/content/face_module/dataset_extractedfaces/vggface2_pairs/n000007_0012_01.jpg,/content/face_module/dataset_extractedfaces/vggface2_pairs/n000008_0101_01.jpg,vggface2_pairs,impersonation_attack,/home/nadmin/Desktop/updatedattack/results/ARCFACE/transfer_attack_similarity_scores_all12_lambda020_limit1000.csv,ArcFace,clean,clean,0.1917921304702758,ArcFace_clean
19,ArcFace,/content/face_module/dataset_extractedfaces/vggface2_pairs/n000007_0012_01.jpg,/content/face_module/dataset_extractedfaces/vggface2_pairs/n000008_0101_01.jpg,vggface2_pairs,impersonation_attack,/home/nadmin/Desktop/updatedattack/results/ARCFACE/transfer_attack_similarity_scores_all12_lambda020_limit1000.csv,Facenet512,MI_ADMIX_DI_TI,vanilla,0.0849911198019981,Facenet512_MI_ADMIX_DI_TI_adv
19,ArcFace,/content/face_module/dataset_extractedfaces/vggface2_pairs/n000007_0012_01.jpg,/content/face_module/dataset_extractedfaces/vggface2_pairs/n000008_0101_01.jpg,vggface2_pairs,impersonation_attack,/home/nadmin/Desktop/updatedattack/results/ARCFACE/transfer_attack_similarity_scores_all12_lambda020_limit1000.csv,Facenet512,MI_FGSM,vanilla,0.1443718373775482,Facenet512_MI_FGSM_adv
19,ArcFace,/content/face_module/dataset_extractedfaces/vggface2_pairs/n000007_0012_01.jpg,/content/face_module/dataset_extractedfaces/vggface2_pairs/n000008_0101_01.jpg,vggface2_pairs,impersonation_attack,/home/nadmin/Desktop/updatedattack/results/ARCFACE/transfer_attack_similarity_scores_all12_lambda020_limit1000.csv,Facenet512,PGD,vanilla,0.1025184318423271,Facenet512_PGD_adv
19,ArcFace,/content/face_module/dataset_extractedfaces/vggface2_pairs/n000007_0012_01.jpg,/content/face_module/dataset_extractedfaces/vggface2_pairs/n000008_0101_01.jpg,vggface2_pairs,impersonation_attack,/home/nadmin/Desktop/updatedattack/results/ARCFACE/transfer_attack_similarity_scores_all12_lambda020_limit1000.csv,Facenet512,SI_NI_FGSM,vanilla,0.1579629182815551,Facenet512_SI_NI_FGSM_adv
19,ArcFace,/content/face_module/dataset_extractedfaces/vggface2_pairs/n000007_0012_01.jpg,/content/face_module/dataset_extractedfaces/vggface2_pairs/n000008_0101_01.jpg,vggface2_pairs,impersonation_attack,/home/nadmin/Desktop/updatedattack/results/ARCFACE/transfer_attack_similarity_scores_all12_lambda020_limit1000.csv,Facenet512,TI_FGSM,vanilla,0.0771702975034713,Facenet512_TI_FGSM_adv
19,ArcFace,/content/face_module/dataset_extractedfaces/vggface2_pairs/n000007_0012_01.jpg,/content/face_module/dataset_extractedfaces/vggface2_pairs/n000008_0101_01.jpg,vggface2_pairs,impersonation_attack,/home/nadmin/Desktop/updatedattack/results/ARCFACE/transfer_attack_similarity_scores_all12_lambda020_limit1000.csv,Facenet512,clean,clean,0.0531447790563106,Facenet512_clean
19,ArcFace,/content/face_module/dataset_extractedfaces/vggface2_pairs/n000007_0012_01.jpg,/content/face_module/dataset_extractedfaces/vggface2_pairs/n000008_0101_01.jpg,vggface2_pairs,impersonation_attack,/home/nadmin/Desktop/updatedattack/results/ARCFACE/transfer_attack_similarity_scores_all12_lambda020_limit1000.csv,GhostFaceNet,MI_ADMIX_DI_TI,vanilla,0.0591340027749538,GhostFaceNet_MI_ADMIX_DI_TI_adv
19,ArcFace,/content/face_module/dataset_extractedfaces/vggface2_pairs/n000007_0012_01.jpg,/content/face_module/dataset_extractedfaces/vggface2_pairs/n000008_0101_01.jpg,vggface2_pairs,impersonation_attack,/home/nadmin/Desktop/updatedattack/results/ARCFACE/transfer_attack_similarity_scores_all12_lambda020_limit1000.csv,GhostFaceNet,MI_FGSM,vanilla,0.0932113081216812,GhostFaceNet_MI_FGSM_adv
19,ArcFace,/content/face_module/dataset_extractedfaces/vggface2_pairs/n000007_0012_01.jpg,/content/face_module/dataset_extractedfaces/vggface2_pairs/n000008_0101_01.jpg,vggface2_pairs,impersonation_attack,/home/nadmin/Desktop/updatedattack/results/ARCFACE/transfer_attack_similarity_scores_all12_lambda020_limit1000.csv,GhostFaceNet,PGD,vanilla,0.0768644362688064,GhostFaceNet_PGD_adv
19,ArcFace,/content/face_module/dataset_extractedfaces/vggface2_pairs/n000007_0012_01.jpg,/content/face_module/dataset_extractedfaces/vggface2_pairs/n000008_0101_01.jpg,vggface2_pairs,impersonation_attack,/home/nadmin/Desktop/updatedattack/results/ARCFACE/transfer_attack_similarity_scores_all12_lambda020_limit1000.csv,GhostFaceNet,SI_NI_FGSM,vanilla,0.1143208965659141,GhostFaceNet_SI_NI_FGSM_adv
19,ArcFace,/content/face_module/dataset_extractedfaces/vggface2_pairs/n000007_0012_01.jpg,/content/face_module/dataset_extractedfaces/vggface2_pairs/n000008_0101_01.jpg,vggface2_pairs,impersonation_attack,/home/nadmin/Desktop/updatedattack/results/ARCFACE/transfer_attack_similarity_scores_all12_lambda020_limit1000.csv,GhostFaceNet,TI_FGSM,vanilla,0.0570282228291034,GhostFaceNet_TI_FGSM_adv
19,ArcFace,/content/face_module/dataset_extractedfaces/vggface2_pairs/n000007_0012_01.jpg,/content/face_module/dataset_extractedfaces/vggface2_pairs/n000008_0101_01.jpg,vggface2_pairs,impersonation_attack,/home/nadmin/Desktop/updatedattack/results/ARCFACE/transfer_attack_similarity_scores_all12_lambda020_limit1000.csv,GhostFaceNet,clean,clean,0.0520271658897399,GhostFaceNet_clean
19,ArcFace,/content/face_module/dataset_extractedfaces/vggface2_pairs/n000007_0012_01.jpg,/content/face_module/dataset_extractedfaces/vggface2_pairs/n000008_0101_01.jpg,vggface2_pairs,impersonation_attack,/home/nadmin/Desktop/updatedattack/results/ARCFACE/transfer_attack_similarity_scores_all12_lambda020_limit1000.csv,IR152,MI_ADMIX_DI_TI,vanilla,-0.0232931487262249,IR152_MI_ADMIX_DI_TI_adv
19,ArcFace,/content/face_module/dataset_extractedfaces/vggface2_pairs/n000007_0012_01.jpg,/content/face_module/dataset_extractedfaces/vggface2_pairs/n000008_0101_01.jpg,vggface2_pairs,impersonation_attack,/home/nadmin/Desktop/updatedattack/results/ARCFACE/transfer_attack_similarity_scores_all12_lambda020_limit1000.csv,IR152,MI_FGSM,vanilla,0.0134452618658542,IR152_MI_FGSM_adv
19,ArcFace,/content/face_module/dataset_extractedfaces/vggface2_pairs/n000007_0012_01.jpg,/content/face_module/dataset_extractedfaces/vggface2_pairs/n000008_0101_01.jpg,vggface2_pairs,impersonation_attack,/home/nadmin/Desktop/updatedattack/results/ARCFACE/transfer_attack_similarity_scores_all12_lambda020_limit1000.csv,IR152,PGD,vanilla,-0.0107016013935208,IR152_PGD_adv
19,ArcFace,/content/face_module/dataset_extractedfaces/vggface2_pairs/n000007_0012_01.jpg,/content/face_module/dataset_extractedfaces/vggface2_pairs/n000008_0101_01.jpg,vggface2_pairs,impersonation_attack,/home/nadmin/Desktop/updatedattack/results/ARCFACE/transfer_attack_similarity_scores_all12_lambda020_limit1000.csv,IR152,SI_NI_FGSM,vanilla,0.0513306446373462,IR152_SI_NI_FGSM_adv
19,ArcFace,/content/face_module/dataset_extractedfaces/vggface2_pairs/n000007_0012_01.jpg,/content/face_module/dataset_extractedfaces/vggface2_pairs/n000008_0101_01.jpg,vggface2_pairs,impersonation_attack,/home/nadmin/Desktop/updatedattack/results/ARCFACE/transfer_attack_similarity_scores_all12_lambda020_limit1000.csv,IR152,TI_FGSM,vanilla,-0.0186102539300918,IR152_TI_FGSM_adv
19,ArcFace,/content/face_module/dataset_extractedfaces/vggface2_pairs/n000007_0012_01.jpg,/content/face_module/dataset_extractedfaces/vggface2_pairs/n000008_0101_01.jpg,vggface2_pairs,impersonation_attack,/home/nadmin/Desktop/updatedattack/results/ARCFACE/transfer_attack_similarity_scores_all12_lambda020_limit1000.csv,IR152,clean,clean,-0.0336103551089763,IR152_clean
19,ArcFace,/content/face_module/dataset_extractedfaces/vggface2_pairs/n000007_0012_01.jpg,/content/face_module/dataset_extractedfaces/vggface2_pairs/n000008_0101_01.jpg,vggface2_pairs,impersonation_attack,/home/nadmin/Desktop/updatedattack/results/ARCFACE/transfer_attack_similarity_scores_all12_lambda020_limit1000.csv,VGG-Face,MI_ADMIX_DI_TI,vanilla,0.1203108131885528,VGG-Face_MI_ADMIX_DI_TI_adv
19,ArcFace,/content/face_module/dataset_extractedfaces/vggface2_pairs/n000007_0012_01.jpg,/content/face_module/dataset_extractedfaces/vggface2_pairs/n000008_0101_01.jpg,vggface2_pairs,impersonation_attack,/home/nadmin/Desktop/updatedattack/results/ARCFACE/transfer_attack_similarity_scores_all12_lambda020_limit1000.csv,VGG-Face,MI_FGSM,vanilla,0.1140709146857261,VGG-Face_MI_FGSM_adv
19,ArcFace,/content/face_module/dataset_extractedfaces/vggface2_pairs/n000007_0012_01.jpg,/content/face_module/dataset_extractedfaces/vggface2_pairs/n000008_0101_01.jpg,vggface2_pairs,impersonation_attack,/home/nadmin/Desktop/updatedattack/results/ARCFACE/transfer_attack_similarity_scores_all12_lambda020_limit1000.csv,VGG-Face,PGD,vanilla,0.0747514069080352,VGG-Face_PGD_adv
19,ArcFace,/content/face_module/dataset_extractedfaces/vggface2_pairs/n000007_0012_01.jpg,/content/face_module/dataset_extractedfaces/vggface2_pairs/n000008_0101_01.jpg,vggface2_pairs,impersonation_attack,/home/nadmin/Desktop/updatedattack/results/ARCFACE/transfer_attack_similarity_scores_all12_lambda020_limit1000.csv,VGG-Face,SI_NI_FGSM,vanilla,0.1391840279102325,VGG-Face_SI_NI_FGSM_adv
19,ArcFace,/content/face_module/dataset_extractedfaces/vggface2_pairs/n000007_0012_01.jpg,/content/face_module/dataset_extractedfaces/vggface2_pairs/n000008_0101_01.jpg,vggface2_pairs,impersonation_attack,/home/nadmin/Desktop/updatedattack/results/ARCFACE/transfer_attack_similarity_scores_all12_lambda020_limit1000.csv,VGG-Face,TI_FGSM,vanilla,0.1002772450447082,VGG-Face_TI_FGSM_adv
19,ArcFace,/content/face_module/dataset_extractedfaces/vggface2_pairs/n000007_0012_01.jpg,/content/face_module/dataset_extractedfaces/vggface2_pairs/n000008_0101_01.jpg,vggface2_pairs,impersonation_attack,/home/nadmin/Desktop/updatedattack/results/ARCFACE/transfer_attack_similarity_scores_all12_lambda020_limit1000.csv,VGG-Face,clean,clean,0.056086029857397,VGG-Face_clean
21,ArcFace,/content/face_module/dataset_extractedfaces/vggface2_pairs/n000012_0183_01.jpg,/content/face_module/dataset_extractedfaces/vggface2_pairs/n000014_0113_01.jpg,vggface2_pairs,impersonation_attack,/home/nadmin/Desktop/updatedattack/results/ARCFACE/transfer_attack_similarity_scores_all12_lambda020_limit1000.csv,ArcFace,clean,clean,0.1859162747859954,ArcFace_clean
21,ArcFace,/content/face_module/dataset_extractedfaces/vggface2_pairs/n000012_0183_01.jpg,/content/face_module/dataset_extractedfaces/vggface2_pairs/n000014_0113_01.jpg,vggface2_pairs,impersonation_attack,/home/nadmin/Desktop/updatedattack/results/ARCFACE/transfer_attack_similarity_scores_all12_lambda020_limit1000.csv,Facenet512,MI_ADMIX_DI_TI,vanilla,-0.0149754527956247,Facenet512_MI_ADMIX_DI_TI_adv
21,ArcFace,/content/face_module/dataset_extractedfaces/vggface2_pairs/n000012_0183_01.jpg,/content/face_module/dataset_extractedfaces/vggface2_pairs/n000014_0113_01.jpg,vggface2_pairs,impersonation_attack,/home/nadmin/Desktop/updatedattack/results/ARCFACE/transfer_attack_similarity_scores_all12_lambda020_limit1000.csv,Facenet512,MI_FGSM,vanilla,0.0050348276272416,Facenet512_MI_FGSM_adv
21,ArcFace,/content/face_module/dataset_extractedfaces/vggface2_pairs/n000012_0183_01.jpg,/content/face_module/dataset_extractedfaces/vggface2_pairs/n000014_0113_01.jpg,vggface2_pairs,impersonation_attack,/home/nadmin/Desktop/updatedattack/results/ARCFACE/transfer_attack_similarity_scores_all12_lambda020_limit1000.csv,Facenet512,PGD,vanilla,-0.0965573191642761,Facenet512_PGD_adv
21,ArcFace,/content/face_module/dataset_extractedfaces/vggface2_pairs/n000012_0183_01.jpg,/content/face_module/dataset_extractedfaces/vggface2_pairs/n000014_0113_01.jpg,vggface2_pairs,impersonation_attack,/home/nadmin/Desktop/updatedattack/results/ARCFACE/transfer_attack_similarity_scores_all12_lambda020_limit1000.csv,Facenet512,SI_NI_FGSM,vanilla,0.0380309671163558,Facenet512_SI_NI_FGSM_adv
21,ArcFace,/content/face_module/dataset_extractedfaces/vggface2_pairs/n000012_0183_01.jpg,/content/face_module/dataset_extractedfaces/vggface2_pairs/n000014_0113_01.jpg,vggface2_pairs,impersonation_attack,/home/nadmin/Desktop/updatedattack/results/ARCFACE/transfer_attack_similarity_scores_all12_lambda020_limit1000.csv,Facenet512,TI_FGSM,vanilla,-0.0062289480119943,Facenet512_TI_FGSM_adv
21,ArcFace,/content/face_module/dataset_extractedfaces/vggface2_pairs/n000012_0183_01.jpg,/content/face_module/dataset_extractedfaces/vggface2_pairs/n000014_0113_01.jpg,vggface2_pairs,impersonation_attack,/home/nadmin/Desktop/updatedattack/results/ARCFACE/transfer_attack_similarity_scores_all12_lambda020_limit1000.csv,Facenet512,clean,clean,-0.2023607045412063,Facenet512_clean
21,ArcFace,/content/face_module/dataset_extractedfaces/vggface2_pairs/n000012_0183_01.jpg,/content/face_module/dataset_extractedfaces/vggface2_pairs/n000014_0113_01.jpg,vggface2_pairs,impersonation_attack,/home/nadmin/Desktop/updatedattack/results/ARCFACE/transfer_attack_similarity_scores_all12_lambda020_limit1000.csv,GhostFaceNet,MI_ADMIX_DI_TI,vanilla,0.1153042912483215,GhostFaceNet_MI_ADMIX_DI_TI_adv
21,ArcFace,/content/face_module/dataset_extractedfaces/vggface2_pairs/n000012_0183_01.jpg,/content/face_module/dataset_extractedfaces/vggface2_pairs/n000014_0113_01.jpg,vggface2_pairs,impersonation_attack,/home/nadmin/Desktop/updatedattack/results/ARCFACE/transfer_attack_similarity_scores_all12_lambda020_limit1000.csv,GhostFaceNet,MI_FGSM,vanilla,0.1689735352993011,GhostFaceNet_MI_FGSM_adv
21,ArcFace,/content/face_module/dataset_extractedfaces/vggface2_pairs/n000012_0183_01.jpg,/content/face_module/dataset_extractedfaces/vggface2_pairs/n000014_0113_01.jpg,vggface2_pairs,impersonation_attack,/home/nadmin/Desktop/updatedattack/results/ARCFACE/transfer_attack_similarity_scores_all12_lambda020_limit1000.csv,GhostFaceNet,PGD,vanilla,0.0941314175724983,GhostFaceNet_PGD_adv
21,ArcFace,/content/face_module/dataset_extractedfaces/vggface2_pairs/n000012_0183_01.jpg,/content/face_module/dataset_extractedfaces/vggface2_pairs/n000014_0113_01.jpg,vggface2_pairs,impersonation_attack,/home/nadmin/Desktop/updatedattack/results/ARCFACE/transfer_attack_similarity_scores_all12_lambda020_limit1000.csv,GhostFaceNet,SI_NI_FGSM,vanilla,0.1543591022491455,GhostFaceNet_SI_NI_FGSM_adv
21,ArcFace,/content/face_module/dataset_extractedfaces/vggface2_pairs/n000012_0183_01.jpg,/content/face_module/dataset_extractedfaces/vggface2_pairs/n000014_0113_01.jpg,vggface2_pairs,impersonation_attack,/home/nadmin/Desktop/updatedattack/results/ARCFACE/transfer_attack_similarity_scores_all12_lambda020_limit1000.csv,GhostFaceNet,TI_FGSM,vanilla,0.1311372220516204,GhostFaceNet_TI_FGSM_adv
21,ArcFace,/content/face_module/dataset_extractedfaces/vggface2_pairs/n000012_0183_01.jpg,/content/face_module/dataset_extractedfaces/vggface2_pairs/n000014_0113_01.jpg,vggface2_pairs,impersonation_attack,/home/nadmin/Desktop/updatedattack/results/ARCFACE/transfer_attack_similarity_scores_all12_lambda020_limit1000.csv,GhostFaceNet,clean,clean,0.0400891341269016,GhostFaceNet_clean
21,ArcFace,/content/face_module/dataset_extractedfaces/vggface2_pairs/n000012_0183_01.jpg,/content/face_module/dataset_extractedfaces/vggface2_pairs/n000014_0113_01.jpg,vggface2_pairs,impersonation_attack,/home/nadmin/Desktop/updatedattack/results/ARCFACE/transfer_attack_similarity_scores_all12_lambda020_limit1000.csv,IR152,MI_ADMIX_DI_TI,vanilla,0.0237717144191265,IR152_MI_ADMIX_DI_TI_adv
21,ArcFace,/content/face_module/dataset_extractedfaces/vggface2_pairs/n000012_0183_01.jpg,/content/face_module/dataset_extractedfaces/vggface2_pairs/n000014_0113_01.jpg,vggface2_pairs,impersonation_attack,/home/nadmin/Desktop/updatedattack/results/ARCFACE/transfer_attack_similarity_scores_all12_lambda020_limit1000.csv,IR152,MI_FGSM,vanilla,0.0300733633339405,IR152_MI_FGSM_adv
21,ArcFace,/content/face_module/dataset_extractedfaces/vggface2_pairs/n000012_0183_01.jpg,/content/face_module/dataset_extractedfaces/vggface2_pairs/n000014_0113_01.jpg,vggface2_pairs,impersonation_attack,/home/nadmin/Desktop/updatedattack/results/ARCFACE/transfer_attack_similarity_scores_all12_lambda020_limit1000.csv,IR152,PGD,vanilla,0.0096036102622747,IR152_PGD_adv
21,ArcFace,/content/face_module/dataset_extractedfaces/vggface2_pairs/n000012_0183_01.jpg,/content/face_module/dataset_extractedfaces/vggface2_pairs/n000014_0113_01.jpg,vggface2_pairs,impersonation_attack,/home/nadmin/Desktop/updatedattack/results/ARCFACE/transfer_attack_similarity_scores_all12_lambda020_limit1000.csv,IR152,SI_NI_FGSM,vanilla,0.0821959525346756,IR152_SI_NI_FGSM_adv
21,ArcFace,/content/face_module/dataset_extractedfaces/vggface2_pairs/n000012_0183_01.jpg,/content/face_module/dataset_extractedfaces/vggface2_pairs/n000014_0113_01.jpg,vggface2_pairs,impersonation_attack,/home/nadmin/Desktop/updatedattack/results/ARCFACE/transfer_attack_similarity_scores_all12_lambda020_limit1000.csv,IR152,TI_FGSM,vanilla,0.0446017980575561,IR152_TI_FGSM_adv
21,ArcFace,/content/face_module/dataset_extractedfaces/vggface2_pairs/n000012_0183_01.jpg,/content/face_module/dataset_extractedfaces/vggface2_pairs/n000014_0113_01.jpg,vggface2_pairs,impersonation_attack,/home/nadmin/Desktop/updatedattack/results/ARCFACE/transfer_attack_similarity_scores_all12_lambda020_limit1000.csv,IR152,clean,clean,-0.0263524912297725,IR152_clean
21,ArcFace,/content/face_module/dataset_extractedfaces/vggface2_pairs/n000012_0183_01.jpg,/content/face_module/dataset_extractedfaces/vggface2_pairs/n000014_0113_01.jpg,vggface2_pairs,impersonation_attack,/home/nadmin/Desktop/updatedattack/results/ARCFACE/transfer_attack_similarity_scores_all12_lambda020_limit1000.csv,VGG-Face,MI_ADMIX_DI_TI,vanilla,0.12631556391716,VGG-Face_MI_ADMIX_DI_TI_adv
21,ArcFace,/content/face_module/dataset_extractedfaces/vggface2_pairs/n000012_0183_01.jpg,/content/face_module/dataset_extractedfaces/vggface2_pairs/n000014_0113_01.jpg,vggface2_pairs,impersonation_attack,/home/nadmin/Desktop/updatedattack/results/ARCFACE/transfer_attack_similarity_scores_all12_lambda020_limit1000.csv,VGG-Face,MI_FGSM,vanilla,0.1360556334257125,VGG-Face_MI_FGSM_adv
21,ArcFace,/content/face_module/dataset_extractedfaces/vggface2_pairs/n000012_0183_01.jpg,/content/face_module/dataset_extractedfaces/vggface2_pairs/n000014_0113_01.jpg,vggface2_pairs,impersonation_attack,/home/nadmin/Desktop/updatedattack/results/ARCFACE/transfer_attack_similarity_scores_all12_lambda020_limit1000.csv,VGG-Face,PGD,vanilla,0.1096728295087814,VGG-Face_PGD_adv
21,ArcFace,/content/face_module/dataset_extractedfaces/vggface2_pairs/n000012_0183_01.jpg,/content/face_module/dataset_extractedfaces/vggface2_pairs/n000014_0113_01.jpg,vggface2_pairs,impersonation_attack,/home/nadmin/Desktop/updatedattack/results/ARCFACE/transfer_attack_similarity_scores_all12_lambda020_limit1000.csv,VGG-Face,SI_NI_FGSM,vanilla,0.1727958768606186,VGG-Face_SI_NI_FGSM_adv
21,ArcFace,/content/face_module/dataset_extractedfaces/vggface2_pairs/n000012_0183_01.jpg,/content/face_module/dataset_extractedfaces/vggface2_pairs/n000014_0113_01.jpg,vggface2_pairs,impersonation_attack,/home/nadmin/Desktop/updatedattack/results/ARCFACE/transfer_attack_similarity_scores_all12_lambda020_limit1000.csv,VGG-Face,TI_FGSM,vanilla,0.1190774962306022,VGG-Face_TI_FGSM_adv
21,ArcFace,/content/face_module/dataset_extractedfaces/vggface2_pairs/n000012_0183_01.jpg,/content/face_module/dataset_extractedfaces/vggface2_pairs/n000014_0113_01.jpg,vggface2_pairs,impersonation_attack,/home/nadmin/Desktop/updatedattack/results/ARCFACE/transfer_attack_similarity_scores_all12_lambda020_limit1000.csv,VGG-Face,clean,clean,0.064671903848648,VGG-Face_clean
23,ArcFace,/content/face_module/dataset_extractedfaces/lfw_pairs/Tom Daschle_5.jpg,/content/face_module/dataset_extractedfaces/lfw_pairs/Tom Daschle_6.jpg,lfw_pairs,dodging_attack,/home/nadmin/Desktop/updatedattack/results/ARCFACE/transfer_attack_similarity_scores_all12_lambda020_limit1000.csv,ArcFace,clean,clean,0.6419427394866943,ArcFace_clean
23,ArcFace,/content/face_module/dataset_extractedfaces/lfw_pairs/Tom Daschle_5.jpg,/content/face_module/dataset_extractedfaces/lfw_pairs/Tom Daschle_6.jpg,lfw_pairs,dodging_attack,/home/nadmin/Desktop/updatedattack/results/ARCFACE/transfer_attack_similarity_scores_all12_lambda020_limit1000.csv,Facenet512,MI_ADMIX_DI_TI,vanilla,0.6535704135894775,Facenet512_MI_ADMIX_DI_TI_adv
23,ArcFace,/content/face_module/dataset_extractedfaces/lfw_pairs/Tom Daschle_5.jpg,/content/face_module/dataset_extractedfaces/lfw_pairs/Tom Daschle_6.jpg,lfw_pairs,dodging_attack,/home/nadmin/Desktop/updatedattack/results/ARCFACE/transfer_attack_similarity_scores_all12_lambda020_limit1000.csv,Facenet512,MI_FGSM,vanilla,0.6492191553115845,Facenet512_MI_FGSM_adv
23,ArcFace,/content/face_module/dataset_extractedfaces/lfw_pairs/Tom Daschle_5.jpg,/content/face_module/dataset_extractedfaces/lfw_pairs/Tom Daschle_6.jpg,lfw_pairs,dodging_attack,/home/nadmin/Desktop/updatedattack/results/ARCFACE/transfer_attack_similarity_scores_all12_lambda020_limit1000.csv,Facenet512,PGD,vanilla,0.6914243698120117,Facenet512_PGD_adv
23,ArcFace,/content/face_module/dataset_extractedfaces/lfw_pairs/Tom Daschle_5.jpg,/content/face_module/dataset_extractedfaces/lfw_pairs/Tom Daschle_6.jpg,lfw_pairs,dodging_attack,/home/nadmin/Desktop/updatedattack/results/ARCFACE/transfer_attack_similarity_scores_all12_lambda020_limit1000.csv,Facenet512,SI_NI_FGSM,vanilla,0.5719454288482666,Facenet512_SI_NI_FGSM_adv
23,ArcFace,/content/face_module/dataset_extractedfaces/lfw_pairs/Tom Daschle_5.jpg,/content/face_module/dataset_extractedfaces/lfw_pairs/Tom Daschle_6.jpg,lfw_pairs,dodging_attack,/home/nadmin/Desktop/updatedattack/results/ARCFACE/transfer_attack_similarity_scores_all12_lambda020_limit1000.csv,Facenet512,TI_FGSM,vanilla,0.6901483535766602,Facenet512_TI_FGSM_adv
23,ArcFace,/content/face_module/dataset_extractedfaces/lfw_pairs/Tom Daschle_5.jpg,/content/face_module/dataset_extractedfaces/lfw_pairs/Tom Daschle_6.jpg,lfw_pairs,dodging_attack,/home/nadmin/Desktop/updatedattack/results/ARCFACE/transfer_attack_similarity_scores_all12_lambda020_limit1000.csv,Facenet512,clean,clean,0.7583963871002197,Facenet512_clean
23,ArcFace,/content/face_module/dataset_extractedfaces/lfw_pairs/Tom Daschle_5.jpg,/content/face_module/dataset_extractedfaces/lfw_pairs/Tom Daschle_6.jpg,lfw_pairs,dodging_attack,/home/nadmin/Desktop/updatedattack/results/ARCFACE/transfer_attack_similarity_scores_all12_lambda020_limit1000.csv,GhostFaceNet,MI_ADMIX_DI_TI,vanilla,0.2250578999519348,GhostFaceNet_MI_ADMIX_DI_TI_adv
23,ArcFace,/content/face_module/dataset_extractedfaces/lfw_pairs/Tom Daschle_5.jpg,/content/face_module/dataset_extractedfaces/lfw_pairs/Tom Daschle_6.jpg,lfw_pairs,dodging_attack,/home/nadmin/Desktop/updatedattack/results/ARCFACE/transfer_attack_similarity_scores_all12_lambda020_limit1000.csv,GhostFaceNet,MI_FGSM,vanilla,0.2772001624107361,GhostFaceNet_MI_FGSM_adv
23,ArcFace,/content/face_module/dataset_extractedfaces/lfw_pairs/Tom Daschle_5.jpg,/content/face_module/dataset_extractedfaces/lfw_pairs/Tom Daschle_6.jpg,lfw_pairs,dodging_attack,/home/nadmin/Desktop/updatedattack/results/ARCFACE/transfer_attack_similarity_scores_all12_lambda020_limit1000.csv,GhostFaceNet,PGD,vanilla,0.3156579732894897,GhostFaceNet_PGD_adv
23,ArcFace,/content/face_module/dataset_extractedfaces/lfw_pairs/Tom Daschle_5.jpg,/content/face_module/dataset_extractedfaces/lfw_pairs/Tom Daschle_6.jpg,lfw_pairs,dodging_attack,/home/nadmin/Desktop/updatedattack/results/ARCFACE/transfer_attack_similarity_scores_all12_lambda020_limit1000.csv,GhostFaceNet,SI_NI_FGSM,vanilla,0.2709680497646332,GhostFaceNet_SI_NI_FGSM_adv
23,ArcFace,/content/face_module/dataset_extractedfaces/lfw_pairs/Tom Daschle_5.jpg,/content/face_module/dataset_extractedfaces/lfw_pairs/Tom Daschle_6.jpg,lfw_pairs,dodging_attack,/home/nadmin/Desktop/updatedattack/results/ARCFACE/transfer_attack_similarity_scores_all12_lambda020_limit1000.csv,GhostFaceNet,TI_FGSM,vanilla,0.1648112833499908,GhostFaceNet_TI_FGSM_adv
23,ArcFace,/content/face_module/dataset_extractedfaces/lfw_pairs/Tom Daschle_5.jpg,/content/face_module/dataset_extractedfaces/lfw_pairs/Tom Daschle_6.jpg,lfw_pairs,dodging_attack,/home/nadmin/Desktop/updatedattack/results/ARCFACE/transfer_attack_similarity_scores_all12_lambda020_limit1000.csv,GhostFaceNet,clean,clean,0.2230295687913894,GhostFaceNet_clean
23,ArcFace,/content/face_module/dataset_extractedfaces/lfw_pairs/Tom Daschle_5.jpg,/content/face_module/dataset_extractedfaces/lfw_pairs/Tom Daschle_6.jpg,lfw_pairs,dodging_attack,/home/nadmin/Desktop/updatedattack/results/ARCFACE/transfer_attack_similarity_scores_all12_lambda020_limit1000.csv,IR152,MI_ADMIX_DI_TI,vanilla,0.5848474502563477,IR152_MI_ADMIX_DI_TI_adv
23,ArcFace,/content/face_module/dataset_extractedfaces/lfw_pairs/Tom Daschle_5.jpg,/content/face_module/dataset_extractedfaces/lfw_pairs/Tom Daschle_6.jpg,lfw_pairs,dodging_attack,/home/nadmin/Desktop/updatedattack/results/ARCFACE/transfer_attack_similarity_scores_all12_lambda020_limit1000.csv,IR152,MI_FGSM,vanilla,0.4788608849048614,IR152_MI_FGSM_adv
23,ArcFace,/content/face_module/dataset_extractedfaces/lfw_pairs/Tom Daschle_5.jpg,/content/face_module/dataset_extractedfaces/lfw_pairs/Tom Daschle_6.jpg,lfw_pairs,dodging_attack,/home/nadmin/Desktop/updatedattack/results/ARCFACE/transfer_attack_similarity_scores_all12_lambda020_limit1000.csv,IR152,PGD,vanilla,0.581065833568573,IR152_PGD_adv
23,ArcFace,/content/face_module/dataset_extractedfaces/lfw_pairs/Tom Daschle_5.jpg,/content/face_module/dataset_extractedfaces/lfw_pairs/Tom Daschle_6.jpg,lfw_pairs,dodging_attack,/home/nadmin/Desktop/updatedattack/results/ARCFACE/transfer_attack_similarity_scores_all12_lambda020_limit1000.csv,IR152,SI_NI_FGSM,vanilla,0.3633921444416046,IR152_SI_NI_FGSM_adv
23,ArcFace,/content/face_module/dataset_extractedfaces/lfw_pairs/Tom Daschle_5.jpg,/content/face_module/dataset_extractedfaces/lfw_pairs/Tom Daschle_6.jpg,lfw_pairs,dodging_attack,/home/nadmin/Desktop/updatedattack/results/ARCFACE/transfer_attack_similarity_scores_all12_lambda020_limit1000.csv,IR152,TI_FGSM,vanilla,0.5772603154182434,IR152_TI_FGSM_adv
23,ArcFace,/content/face_module/dataset_extractedfaces/lfw_pairs/Tom Daschle_5.jpg,/content/face_module/dataset_extractedfaces/lfw_pairs/Tom Daschle_6.jpg,lfw_pairs,dodging_attack,/home/nadmin/Desktop/updatedattack/results/ARCFACE/transfer_attack_similarity_scores_all12_lambda020_limit1000.csv,IR152,clean,clean,0.6403073072433472,IR152_clean
23,ArcFace,/content/face_module/dataset_extractedfaces/lfw_pairs/Tom Daschle_5.jpg,/content/face_module/dataset_extractedfaces/lfw_pairs/Tom Daschle_6.jpg,lfw_pairs,dodging_attack,/home/nadmin/Desktop/updatedattack/results/ARCFACE/transfer_attack_similarity_scores_all12_lambda020_limit1000.csv,VGG-Face,MI_ADMIX_DI_TI,vanilla,0.4122890830039978,VGG-Face_MI_ADMIX_DI_TI_adv
23,ArcFace,/content/face_module/dataset_extractedfaces/lfw_pairs/Tom Daschle_5.jpg,/content/face_module/dataset_extractedfaces/lfw_pairs/Tom Daschle_6.jpg,lfw_pairs,dodging_attack,/home/nadmin/Desktop/updatedattack/results/ARCFACE/transfer_attack_similarity_scores_all12_lambda020_limit1000.csv,VGG-Face,MI_FGSM,vanilla,0.4580349624156952,VGG-Face_MI_FGSM_adv
23,ArcFace,/content/face_module/dataset_extractedfaces/lfw_pairs/Tom Daschle_5.jpg,/content/face_module/dataset_extractedfaces/lfw_pairs/Tom Daschle_6.jpg,lfw_pairs,dodging_attack,/home/nadmin/Desktop/updatedattack/results/ARCFACE/transfer_attack_similarity_scores_all12_lambda020_limit1000.csv,VGG-Face,PGD,vanilla,0.5289511680603027,VGG-Face_PGD_adv
23,ArcFace,/content/face_module/dataset_extractedfaces/lfw_pairs/Tom Daschle_5.jpg,/content/face_module/dataset_extractedfaces/lfw_pairs/Tom Daschle_6.jpg,lfw_pairs,dodging_attack,/home/nadmin/Desktop/updatedattack/results/ARCFACE/transfer_attack_similarity_scores_all12_lambda020_limit1000.csv,VGG-Face,SI_NI_FGSM,vanilla,0.3822315335273742,VGG-Face_SI_NI_FGSM_adv
23,ArcFace,/content/face_module/dataset_extractedfaces/lfw_pairs/Tom Daschle_5.jpg,/content/face_module/dataset_extractedfaces/lfw_pairs/Tom Daschle_6.jpg,lfw_pairs,dodging_attack,/home/nadmin/Desktop/updatedattack/results/ARCFACE/transfer_attack_similarity_scores_all12_lambda020_limit1000.csv,VGG-Face,TI_FGSM,vanilla,0.4510272741317749,VGG-Face_TI_FGSM_adv
23,ArcFace,/content/face_module/dataset_extractedfaces/lfw_pairs/Tom Daschle_5.jpg,/content/face_module/dataset_extractedfaces/lfw_pairs/Tom Daschle_6.jpg,lfw_pairs,dodging_attack,/home/nadmin/Desktop/updatedattack/results/ARCFACE/transfer_attack_similarity_scores_all12_lambda020_limit1000.csv,VGG-Face,clean,clean,0.5580029487609863,VGG-Face_clean
26,ArcFace,/content/face_module/dataset_extractedfaces/celeba_pairs/113117.jpg,/content/face_module/dataset_extractedfaces/celeba_pairs/129449.jpg,celeba_pairs,impersonation_attack,/home/nadmin/Desktop/updatedattack/results/ARCFACE/transfer_attack_similarity_scores_all12_lambda020_limit1000.csv,ArcFace,clean,clean,0.0089564956724643,ArcFace_clean
26,ArcFace,/content/face_module/dataset_extractedfaces/celeba_pairs/113117.jpg,/content/face_module/dataset_extractedfaces/celeba_pairs/129449.jpg,celeba_pairs,impersonation_attack,/home/nadmin/Desktop/updatedattack/results/ARCFACE/transfer_attack_similarity_scores_all12_lambda020_limit1000.csv,Facenet512,MI_ADMIX_DI_TI,vanilla,-0.0497117824852466,Facenet512_MI_ADMIX_DI_TI_adv
26,ArcFace,/content/face_module/dataset_extractedfaces/celeba_pairs/113117.jpg,/content/face_module/dataset_extractedfaces/celeba_pairs/129449.jpg,celeba_pairs,impersonation_attack,/home/nadmin/Desktop/updatedattack/results/ARCFACE/transfer_attack_similarity_scores_all12_lambda020_limit1000.csv,Facenet512,MI_FGSM,vanilla,-0.0640566647052764,Facenet512_MI_FGSM_adv
26,ArcFace,/content/face_module/dataset_extractedfaces/celeba_pairs/113117.jpg,/content/face_module/dataset_extractedfaces/celeba_pairs/129449.jpg,celeba_pairs,impersonation_attack,/home/nadmin/Desktop/updatedattack/results/ARCFACE/transfer_attack_similarity_scores_all12_lambda020_limit1000.csv,Facenet512,PGD,vanilla,-0.1578331589698791,Facenet512_PGD_adv
26,ArcFace,/content/face_module/dataset_extractedfaces/celeba_pairs/113117.jpg,/content/face_module/dataset_extractedfaces/celeba_pairs/129449.jpg,celeba_pairs,impersonation_attack,/home/nadmin/Desktop/updatedattack/results/ARCFACE/transfer_attack_similarity_scores_all12_lambda020_limit1000.csv,Facenet512,SI_NI_FGSM,vanilla,-0.0023244507610797,Facenet512_SI_NI_FGSM_adv
26,ArcFace,/content/face_module/dataset_extractedfaces/celeba_pairs/113117.jpg,/content/face_module/dataset_extractedfaces/celeba_pairs/129449.jpg,celeba_pairs,impersonation_attack,/home/nadmin/Desktop/updatedattack/results/ARCFACE/transfer_attack_similarity_scores_all12_lambda020_limit1000.csv,Facenet512,TI_FGSM,vanilla,-0.0552563033998012,Facenet512_TI_FGSM_adv
26,ArcFace,/content/face_module/dataset_extractedfaces/celeba_pairs/113117.jpg,/content/face_module/dataset_extractedfaces/celeba_pairs/129449.jpg,celeba_pairs,impersonation_attack,/home/nadmin/Desktop/updatedattack/results/ARCFACE/transfer_attack_similarity_scores_all12_lambda020_limit1000.csv,Facenet512,clean,clean,-0.209015667438507,Facenet512_clean
26,ArcFace,/content/face_module/dataset_extractedfaces/celeba_pairs/113117.jpg,/content/face_module/dataset_extractedfaces/celeba_pairs/129449.jpg,celeba_pairs,impersonation_attack,/home/nadmin/Desktop/updatedattack/results/ARCFACE/transfer_attack_similarity_scores_all12_lambda020_limit1000.csv,GhostFaceNet,MI_ADMIX_DI_TI,vanilla,0.1167332679033279,GhostFaceNet_MI_ADMIX_DI_TI_adv
26,ArcFace,/content/face_module/dataset_extractedfaces/celeba_pairs/113117.jpg,/content/face_module/dataset_extractedfaces/celeba_pairs/129449.jpg,celeba_pairs,impersonation_attack,/home/nadmin/Desktop/updatedattack/results/ARCFACE/transfer_attack_similarity_scores_all12_lambda020_limit1000.csv,GhostFaceNet,MI_FGSM,vanilla,0.1120776906609535,GhostFaceNet_MI_FGSM_adv
26,ArcFace,/content/face_module/dataset_extractedfaces/celeba_pairs/113117.jpg,/content/face_module/dataset_extractedfaces/celeba_pairs/129449.jpg,celeba_pairs,impersonation_attack,/home/nadmin/Desktop/updatedattack/results/ARCFACE/transfer_attack_similarity_scores_all12_lambda020_limit1000.csv,GhostFaceNet,PGD,vanilla,0.0598117336630821,GhostFaceNet_PGD_adv
26,ArcFace,/content/face_module/dataset_extractedfaces/celeba_pairs/113117.jpg,/content/face_module/dataset_extractedfaces/celeba_pairs/129449.jpg,celeba_pairs,impersonation_attack,/home/nadmin/Desktop/updatedattack/results/ARCFACE/transfer_attack_similarity_scores_all12_lambda020_limit1000.csv,GhostFaceNet,SI_NI_FGSM,vanilla,0.1251482218503952,GhostFaceNet_SI_NI_FGSM_adv
26,ArcFace,/content/face_module/dataset_extractedfaces/celeba_pairs/113117.jpg,/content/face_module/dataset_extractedfaces/celeba_pairs/129449.jpg,celeba_pairs,impersonation_attack,/home/nadmin/Desktop/updatedattack/results/ARCFACE/transfer_attack_similarity_scores_all12_lambda020_limit1000.csv,GhostFaceNet,TI_FGSM,vanilla,0.0846210345625877,GhostFaceNet_TI_FGSM_adv
26,ArcFace,/content/face_module/dataset_extractedfaces/celeba_pairs/113117.jpg,/content/face_module/dataset_extractedfaces/celeba_pairs/129449.jpg,celeba_pairs,impersonation_attack,/home/nadmin/Desktop/updatedattack/results/ARCFACE/transfer_attack_similarity_scores_all12_lambda020_limit1000.csv,GhostFaceNet,clean,clean,0.0292761120945215,GhostFaceNet_clean
26,ArcFace,/content/face_module/dataset_extractedfaces/celeba_pairs/113117.jpg,/content/face_module/dataset_extractedfaces/celeba_pairs/129449.jpg,celeba_pairs,impersonation_attack,/home/nadmin/Desktop/updatedattack/results/ARCFACE/transfer_attack_similarity_scores_all12_lambda020_limit1000.csv,IR152,MI_ADMIX_DI_TI,vanilla,0.0687508732080459,IR152_MI_ADMIX_DI_TI_adv
26,ArcFace,/content/face_module/dataset_extractedfaces/celeba_pairs/113117.jpg,/content/face_module/dataset_extractedfaces/celeba_pairs/129449.jpg,celeba_pairs,impersonation_attack,/home/nadmin/Desktop/updatedattack/results/ARCFACE/transfer_attack_similarity_scores_all12_lambda020_limit1000.csv,IR152,MI_FGSM,vanilla,0.065744936466217,IR152_MI_FGSM_adv
26,ArcFace,/content/face_module/dataset_extractedfaces/celeba_pairs/113117.jpg,/content/face_module/dataset_extractedfaces/celeba_pairs/129449.jpg,celeba_pairs,impersonation_attack,/home/nadmin/Desktop/updatedattack/results/ARCFACE/transfer_attack_similarity_scores_all12_lambda020_limit1000.csv,IR152,PGD,vanilla,0.0767903551459312,IR152_PGD_adv
26,ArcFace,/content/face_module/dataset_extractedfaces/celeba_pairs/113117.jpg,/content/face_module/dataset_extractedfaces/celeba_pairs/129449.jpg,celeba_pairs,impersonation_attack,/home/nadmin/Desktop/updatedattack/results/ARCFACE/transfer_attack_similarity_scores_all12_lambda020_limit1000.csv,IR152,SI_NI_FGSM,vanilla,0.0752167105674743,IR152_SI_NI_FGSM_adv
26,ArcFace,/content/face_module/dataset_extractedfaces/celeba_pairs/113117.jpg,/content/face_module/dataset_extractedfaces/celeba_pairs/129449.jpg,celeba_pairs,impersonation_attack,/home/nadmin/Desktop/updatedattack/results/ARCFACE/transfer_attack_similarity_scores_all12_lambda020_limit1000.csv,IR152,TI_FGSM,vanilla,0.0783032029867172,IR152_TI_FGSM_adv
26,ArcFace,/content/face_module/dataset_extractedfaces/celeba_pairs/113117.jpg,/content/face_module/dataset_extractedfaces/celeba_pairs/129449.jpg,celeba_pairs,impersonation_attack,/home/nadmin/Desktop/updatedattack/results/ARCFACE/transfer_attack_similarity_scores_all12_lambda020_limit1000.csv,IR152,clean,clean,0.0772998481988906,IR152_clean
26,ArcFace,/content/face_module/dataset_extractedfaces/celeba_pairs/113117.jpg,/content/face_module/dataset_extractedfaces/celeba_pairs/129449.jpg,celeba_pairs,impersonation_attack,/home/nadmin/Desktop/updatedattack/results/ARCFACE/transfer_attack_similarity_scores_all12_lambda020_limit1000.csv,VGG-Face,MI_ADMIX_DI_TI,vanilla,0.0568942576646804,VGG-Face_MI_ADMIX_DI_TI_adv
26,ArcFace,/content/face_module/dataset_extractedfaces/celeba_pairs/113117.jpg,/content/face_module/dataset_extractedfaces/celeba_pairs/129449.jpg,celeba_pairs,impersonation_attack,/home/nadmin/Desktop/updatedattack/results/ARCFACE/transfer_attack_similarity_scores_all12_lambda020_limit1000.csv,VGG-Face,MI_FGSM,vanilla,0.0449934527277946,VGG-Face_MI_FGSM_adv
26,ArcFace,/content/face_module/dataset_extractedfaces/celeba_pairs/113117.jpg,/content/face_module/dataset_extractedfaces/celeba_pairs/129449.jpg,celeba_pairs,impersonation_attack,/home/nadmin/Desktop/updatedattack/results/ARCFACE/transfer_attack_similarity_scores_all12_lambda020_limit1000.csv,VGG-Face,PGD,vanilla,0.035371646285057,VGG-Face_PGD_adv
26,ArcFace,/content/face_module/dataset_extractedfaces/celeba_pairs/113117.jpg,/content/face_module/dataset_extractedfaces/celeba_pairs/129449.jpg,celeba_pairs,impersonation_attack,/home/nadmin/Desktop/updatedattack/results/ARCFACE/transfer_attack_similarity_scores_all12_lambda020_limit1000.csv,VGG-Face,SI_NI_FGSM,vanilla,0.059359110891819,VGG-Face_SI_NI_FGSM_adv
26,ArcFace,/content/face_module/dataset_extractedfaces/celeba_pairs/113117.jpg,/content/face_module/dataset_extractedfaces/celeba_pairs/129449.jpg,celeba_pairs,impersonation_attack,/home/nadmin/Desktop/updatedattack/results/ARCFACE/transfer_attack_similarity_scores_all12_lambda020_limit1000.csv,VGG-Face,TI_FGSM,vanilla,0.0550096333026886,VGG-Face_TI_FGSM_adv
26,ArcFace,/content/face_module/dataset_extractedfaces/celeba_pairs/113117.jpg,/content/face_module/dataset_extractedfaces/celeba_pairs/129449.jpg,celeba_pairs,impersonation_attack,/home/nadmin/Desktop/updatedattack/results/ARCFACE/transfer_attack_similarity_scores_all12_lambda020_limit1000.csv,VGG-Face,clean,clean,0.0275699980556964,VGG-Face_clean
27,ArcFace,/content/face_module/dataset_extractedfaces/celeba_pairs/023869.jpg,/content/face_module/dataset_extractedfaces/celeba_pairs/024923.jpg,celeba_pairs,dodging_attack,/home/nadmin/Desktop/updatedattack/results/ARCFACE/transfer_attack_similarity_scores_all12_lambda020_limit1000.csv,ArcFace,clean,clean,0.7247549891471863,ArcFace_clean
27,ArcFace,/content/face_module/dataset_extractedfaces/celeba_pairs/023869.jpg,/content/face_module/dataset_extractedfaces/celeba_pairs/024923.jpg,celeba_pairs,dodging_attack,/home/nadmin/Desktop/updatedattack/results/ARCFACE/transfer_attack_similarity_scores_all12_lambda020_limit1000.csv,Facenet512,MI_ADMIX_DI_TI,vanilla,0.7258489727973938,Facenet512_MI_ADMIX_DI_TI_adv
27,ArcFace,/content/face_module/dataset_extractedfaces/celeba_pairs/023869.jpg,/content/face_module/dataset_extractedfaces/celeba_pairs/024923.jpg,celeba_pairs,dodging_attack,/home/nadmin/Desktop/updatedattack/results/ARCFACE/transfer_attack_similarity_scores_all12_lambda020_limit1000.csv,Facenet512,MI_FGSM,vanilla,0.6578502058982849,Facenet512_MI_FGSM_adv
27,ArcFace,/content/face_module/dataset_extractedfaces/celeba_pairs/023869.jpg,/content/face_module/dataset_extractedfaces/celeba_pairs/024923.jpg,celeba_pairs,dodging_attack,/home/nadmin/Desktop/updatedattack/results/ARCFACE/transfer_attack_similarity_scores_all12_lambda020_limit1000.csv,Facenet512,PGD,vanilla,0.7507308721542358,Facenet512_PGD_adv
27,ArcFace,/content/face_module/dataset_extractedfaces/celeba_pairs/023869.jpg,/content/face_module/dataset_extractedfaces/celeba_pairs/024923.jpg,celeba_pairs,dodging_attack,/home/nadmin/Desktop/updatedattack/results/ARCFACE/transfer_attack_similarity_scores_all12_lambda020_limit1000.csv,Facenet512,SI_NI_FGSM,vanilla,0.5725765228271484,Facenet512_SI_NI_FGSM_adv
27,ArcFace,/content/face_module/dataset_extractedfaces/celeba_pairs/023869.jpg,/content/face_module/dataset_extractedfaces/celeba_pairs/024923.jpg,celeba_pairs,dodging_attack,/home/nadmin/Desktop/updatedattack/results/ARCFACE/transfer_attack_similarity_scores_all12_lambda020_limit1000.csv,Facenet512,TI_FGSM,vanilla,0.7218982577323914,Facenet512_TI_FGSM_adv
27,ArcFace,/content/face_module/dataset_extractedfaces/celeba_pairs/023869.jpg,/content/face_module/dataset_extractedfaces/celeba_pairs/024923.jpg,celeba_pairs,dodging_attack,/home/nadmin/Desktop/updatedattack/results/ARCFACE/transfer_attack_similarity_scores_all12_lambda020_limit1000.csv,Facenet512,clean,clean,0.8734109401702881,Facenet512_clean
27,ArcFace,/content/face_module/dataset_extractedfaces/celeba_pairs/023869.jpg,/content/face_module/dataset_extractedfaces/celeba_pairs/024923.jpg,celeba_pairs,dodging_attack,/home/nadmin/Desktop/updatedattack/results/ARCFACE/transfer_attack_similarity_scores_all12_lambda020_limit1000.csv,GhostFaceNet,MI_ADMIX_DI_TI,vanilla,0.3458158373832702,GhostFaceNet_MI_ADMIX_DI_TI_adv
27,ArcFace,/content/face_module/dataset_extractedfaces/celeba_pairs/023869.jpg,/content/face_module/dataset_extractedfaces/celeba_pairs/024923.jpg,celeba_pairs,dodging_attack,/home/nadmin/Desktop/updatedattack/results/ARCFACE/transfer_attack_similarity_scores_all12_lambda020_limit1000.csv,GhostFaceNet,MI_FGSM,vanilla,0.2404616475105285,GhostFaceNet_MI_FGSM_adv
27,ArcFace,/content/face_module/dataset_extractedfaces/celeba_pairs/023869.jpg,/content/face_module/dataset_extractedfaces/celeba_pairs/024923.jpg,celeba_pairs,dodging_attack,/home/nadmin/Desktop/updatedattack/results/ARCFACE/transfer_attack_similarity_scores_all12_lambda020_limit1000.csv,GhostFaceNet,PGD,vanilla,0.3689334988594055,GhostFaceNet_PGD_adv
27,ArcFace,/content/face_module/dataset_extractedfaces/celeba_pairs/023869.jpg,/content/face_module/dataset_extractedfaces/celeba_pairs/024923.jpg,celeba_pairs,dodging_attack,/home/nadmin/Desktop/updatedattack/results/ARCFACE/transfer_attack_similarity_scores_all12_lambda020_limit1000.csv,GhostFaceNet,SI_NI_FGSM,vanilla,0.255288302898407,GhostFaceNet_SI_NI_FGSM_adv
27,ArcFace,/content/face_module/dataset_extractedfaces/celeba_pairs/023869.jpg,/content/face_module/dataset_extractedfaces/celeba_pairs/024923.jpg,celeba_pairs,dodging_attack,/home/nadmin/Desktop/updatedattack/results/ARCFACE/transfer_attack_similarity_scores_all12_lambda020_limit1000.csv,GhostFaceNet,TI_FGSM,vanilla,0.3584866225719452,GhostFaceNet_TI_FGSM_adv
27,ArcFace,/content/face_module/dataset_extractedfaces/celeba_pairs/023869.jpg,/content/face_module/dataset_extractedfaces/celeba_pairs/024923.jpg,celeba_pairs,dodging_attack,/home/nadmin/Desktop/updatedattack/results/ARCFACE/transfer_attack_similarity_scores_all12_lambda020_limit1000.csv,GhostFaceNet,clean,clean,0.5224040746688843,GhostFaceNet_clean
27,ArcFace,/content/face_module/dataset_extractedfaces/celeba_pairs/023869.jpg,/content/face_module/dataset_extractedfaces/celeba_pairs/024923.jpg,celeba_pairs,dodging_attack,/home/nadmin/Desktop/updatedattack/results/ARCFACE/transfer_attack_similarity_scores_all12_lambda020_limit1000.csv,IR152,MI_ADMIX_DI_TI,vanilla,0.5360634922981262,IR152_MI_ADMIX_DI_TI_adv
27,ArcFace,/content/face_module/dataset_extractedfaces/celeba_pairs/023869.jpg,/content/face_module/dataset_extractedfaces/celeba_pairs/024923.jpg,celeba_pairs,dodging_attack,/home/nadmin/Desktop/updatedattack/results/ARCFACE/transfer_attack_similarity_scores_all12_lambda020_limit1000.csv,IR152,MI_FGSM,vanilla,0.5559872388839722,IR152_MI_FGSM_adv
27,ArcFace,/content/face_module/dataset_extractedfaces/celeba_pairs/023869.jpg,/content/face_module/dataset_extractedfaces/celeba_pairs/024923.jpg,celeba_pairs,dodging_attack,/home/nadmin/Desktop/updatedattack/results/ARCFACE/transfer_attack_similarity_scores_all12_lambda020_limit1000.csv,IR152,PGD,vanilla,0.6278117895126343,IR152_PGD_adv
27,ArcFace,/content/face_module/dataset_extractedfaces/celeba_pairs/023869.jpg,/content/face_module/dataset_extractedfaces/celeba_pairs/024923.jpg,celeba_pairs,dodging_attack,/home/nadmin/Desktop/updatedattack/results/ARCFACE/transfer_attack_similarity_scores_all12_lambda020_limit1000.csv,IR152,SI_NI_FGSM,vanilla,0.4914560914039612,IR152_SI_NI_FGSM_adv
27,ArcFace,/content/face_module/dataset_extractedfaces/celeba_pairs/023869.jpg,/content/face_module/dataset_extractedfaces/celeba_pairs/024923.jpg,celeba_pairs,dodging_attack,/home/nadmin/Desktop/updatedattack/results/ARCFACE/transfer_attack_similarity_scores_all12_lambda020_limit1000.csv,IR152,TI_FGSM,vanilla,0.5864535570144653,IR152_TI_FGSM_adv
27,ArcFace,/content/face_module/dataset_extractedfaces/celeba_pairs/023869.jpg,/content/face_module/dataset_extractedfaces/celeba_pairs/024923.jpg,celeba_pairs,dodging_attack,/home/nadmin/Desktop/updatedattack/results/ARCFACE/transfer_attack_similarity_scores_all12_lambda020_limit1000.csv,IR152,clean,clean,0.7295128107070923,IR152_clean
27,ArcFace,/content/face_module/dataset_extractedfaces/celeba_pairs/023869.jpg,/content/face_module/dataset_extractedfaces/celeba_pairs/024923.jpg,celeba_pairs,dodging_attack,/home/nadmin/Desktop/updatedattack/results/ARCFACE/transfer_attack_similarity_scores_all12_lambda020_limit1000.csv,VGG-Face,MI_ADMIX_DI_TI,vanilla,0.3287670016288757,VGG-Face_MI_ADMIX_DI_TI_adv
27,ArcFace,/content/face_module/dataset_extractedfaces/celeba_pairs/023869.jpg,/content/face_module/dataset_extractedfaces/celeba_pairs/024923.jpg,celeba_pairs,dodging_attack,/home/nadmin/Desktop/updatedattack/results/ARCFACE/transfer_attack_similarity_scores_all12_lambda020_limit1000.csv,VGG-Face,MI_FGSM,vanilla,0.2812808156013489,VGG-Face_MI_FGSM_adv
27,ArcFace,/content/face_module/dataset_extractedfaces/celeba_pairs/023869.jpg,/content/face_module/dataset_extractedfaces/celeba_pairs/024923.jpg,celeba_pairs,dodging_attack,/home/nadmin/Desktop/updatedattack/results/ARCFACE/transfer_attack_similarity_scores_all12_lambda020_limit1000.csv,VGG-Face,PGD,vanilla,0.3411080539226532,VGG-Face_PGD_adv
27,ArcFace,/content/face_module/dataset_extractedfaces/celeba_pairs/023869.jpg,/content/face_module/dataset_extractedfaces/celeba_pairs/024923.jpg,celeba_pairs,dodging_attack,/home/nadmin/Desktop/updatedattack/results/ARCFACE/transfer_attack_similarity_scores_all12_lambda020_limit1000.csv,VGG-Face,SI_NI_FGSM,vanilla,0.241597443819046,VGG-Face_SI_NI_FGSM_adv
27,ArcFace,/content/face_module/dataset_extractedfaces/celeba_pairs/023869.jpg,/content/face_module/dataset_extractedfaces/celeba_pairs/024923.jpg,celeba_pairs,dodging_attack,/home/nadmin/Desktop/updatedattack/results/ARCFACE/transfer_attack_similarity_scores_all12_lambda020_limit1000.csv,VGG-Face,TI_FGSM,vanilla,0.3767253458499908,VGG-Face_TI_FGSM_adv
27,ArcFace,/content/face_module/dataset_extractedfaces/celeba_pairs/023869.jpg,/content/face_module/dataset_extractedfaces/celeba_pairs/024923.jpg,celeba_pairs,dodging_attack,/home/nadmin/Desktop/updatedattack/results/ARCFACE/transfer_attack_similarity_scores_all12_lambda020_limit1000.csv,VGG-Face,clean,clean,0.3985179960727691,VGG-Face_clean
28,ArcFace,/content/face_module/dataset_extractedfaces/celeba_pairs/130980.jpg,/content/face_module/dataset_extractedfaces/celeba_pairs/147767.jpg,celeba_pairs,dodging_attack,/home/nadmin/Desktop/updatedattack/results/ARCFACE/transfer_attack_similarity_scores_all12_lambda020_limit1000.csv,ArcFace,clean,clean,0.3586554825305938,ArcFace_clean
28,ArcFace,/content/face_module/dataset_extractedfaces/celeba_pairs/130980.jpg,/content/face_module/dataset_extractedfaces/celeba_pairs/147767.jpg,celeba_pairs,dodging_attack,/home/nadmin/Desktop/updatedattack/results/ARCFACE/transfer_attack_similarity_scores_all12_lambda020_limit1000.csv,Facenet512,MI_ADMIX_DI_TI,vanilla,0.6223701238632202,Facenet512_MI_ADMIX_DI_TI_adv
28,ArcFace,/content/face_module/dataset_extractedfaces/celeba_pairs/130980.jpg,/content/face_module/dataset_extractedfaces/celeba_pairs/147767.jpg,celeba_pairs,dodging_attack,/home/nadmin/Desktop/updatedattack/results/ARCFACE/transfer_attack_similarity_scores_all12_lambda020_limit1000.csv,Facenet512,MI_FGSM,vanilla,0.5228801965713501,Facenet512_MI_FGSM_adv
28,ArcFace,/content/face_module/dataset_extractedfaces/celeba_pairs/130980.jpg,/content/face_module/dataset_extractedfaces/celeba_pairs/147767.jpg,celeba_pairs,dodging_attack,/home/nadmin/Desktop/updatedattack/results/ARCFACE/transfer_attack_similarity_scores_all12_lambda020_limit1000.csv,Facenet512,PGD,vanilla,0.6594229340553284,Facenet512_PGD_adv
28,ArcFace,/content/face_module/dataset_extractedfaces/celeba_pairs/130980.jpg,/content/face_module/dataset_extractedfaces/celeba_pairs/147767.jpg,celeba_pairs,dodging_attack,/home/nadmin/Desktop/updatedattack/results/ARCFACE/transfer_attack_similarity_scores_all12_lambda020_limit1000.csv,Facenet512,SI_NI_FGSM,vanilla,0.5345237255096436,Facenet512_SI_NI_FGSM_adv
28,ArcFace,/content/face_module/dataset_extractedfaces/celeba_pairs/130980.jpg,/content/face_module/dataset_extractedfaces/celeba_pairs/147767.jpg,celeba_pairs,dodging_attack,/home/nadmin/Desktop/updatedattack/results/ARCFACE/transfer_attack_similarity_scores_all12_lambda020_limit1000.csv,Facenet512,TI_FGSM,vanilla,0.5694047212600708,Facenet512_TI_FGSM_adv
28,ArcFace,/content/face_module/dataset_extractedfaces/celeba_pairs/130980.jpg,/content/face_module/dataset_extractedfaces/celeba_pairs/147767.jpg,celeba_pairs,dodging_attack,/home/nadmin/Desktop/updatedattack/results/ARCFACE/transfer_attack_similarity_scores_all12_lambda020_limit1000.csv,Facenet512,clean,clean,0.7959234714508057,Facenet512_clean
28,ArcFace,/content/face_module/dataset_extractedfaces/celeba_pairs/130980.jpg,/content/face_module/dataset_extractedfaces/celeba_pairs/147767.jpg,celeba_pairs,dodging_attack,/home/nadmin/Desktop/updatedattack/results/ARCFACE/transfer_attack_similarity_scores_all12_lambda020_limit1000.csv,GhostFaceNet,MI_ADMIX_DI_TI,vanilla,0.1420314759016037,GhostFaceNet_MI_ADMIX_DI_TI_adv
28,ArcFace,/content/face_module/dataset_extractedfaces/celeba_pairs/130980.jpg,/content/face_module/dataset_extractedfaces/celeba_pairs/147767.jpg,celeba_pairs,dodging_attack,/home/nadmin/Desktop/updatedattack/results/ARCFACE/transfer_attack_similarity_scores_all12_lambda020_limit1000.csv,GhostFaceNet,MI_FGSM,vanilla,0.169041633605957,GhostFaceNet_MI_FGSM_adv
28,ArcFace,/content/face_module/dataset_extractedfaces/celeba_pairs/130980.jpg,/content/face_module/dataset_extractedfaces/celeba_pairs/147767.jpg,celeba_pairs,dodging_attack,/home/nadmin/Desktop/updatedattack/results/ARCFACE/transfer_attack_similarity_scores_all12_lambda020_limit1000.csv,GhostFaceNet,PGD,vanilla,0.2493101060390472,GhostFaceNet_PGD_adv
28,ArcFace,/content/face_module/dataset_extractedfaces/celeba_pairs/130980.jpg,/content/face_module/dataset_extractedfaces/celeba_pairs/147767.jpg,celeba_pairs,dodging_attack,/home/nadmin/Desktop/updatedattack/results/ARCFACE/transfer_attack_similarity_scores_all12_lambda020_limit1000.csv,GhostFaceNet,SI_NI_FGSM,vanilla,0.1820266097784042,GhostFaceNet_SI_NI_FGSM_adv
28,ArcFace,/content/face_module/dataset_extractedfaces/celeba_pairs/130980.jpg,/content/face_module/dataset_extractedfaces/celeba_pairs/147767.jpg,celeba_pairs,dodging_attack,/home/nadmin/Desktop/updatedattack/results/ARCFACE/transfer_attack_similarity_scores_all12_lambda020_limit1000.csv,GhostFaceNet,TI_FGSM,vanilla,0.1704378277063369,GhostFaceNet_TI_FGSM_adv
28,ArcFace,/content/face_module/dataset_extractedfaces/celeba_pairs/130980.jpg,/content/face_module/dataset_extractedfaces/celeba_pairs/147767.jpg,celeba_pairs,dodging_attack,/home/nadmin/Desktop/updatedattack/results/ARCFACE/transfer_attack_similarity_scores_all12_lambda020_limit1000.csv,GhostFaceNet,clean,clean,0.3263397514820099,GhostFaceNet_clean
28,ArcFace,/content/face_module/dataset_extractedfaces/celeba_pairs/130980.jpg,/content/face_module/dataset_extractedfaces/celeba_pairs/147767.jpg,celeba_pairs,dodging_attack,/home/nadmin/Desktop/updatedattack/results/ARCFACE/transfer_attack_similarity_scores_all12_lambda020_limit1000.csv,IR152,MI_ADMIX_DI_TI,vanilla,0.5345519781112671,IR152_MI_ADMIX_DI_TI_adv
28,ArcFace,/content/face_module/dataset_extractedfaces/celeba_pairs/130980.jpg,/content/face_module/dataset_extractedfaces/celeba_pairs/147767.jpg,celeba_pairs,dodging_attack,/home/nadmin/Desktop/updatedattack/results/ARCFACE/transfer_attack_similarity_scores_all12_lambda020_limit1000.csv,IR152,MI_FGSM,vanilla,0.5242835879325867,IR152_MI_FGSM_adv
28,ArcFace,/content/face_module/dataset_extractedfaces/celeba_pairs/130980.jpg,/content/face_module/dataset_extractedfaces/celeba_pairs/147767.jpg,celeba_pairs,dodging_attack,/home/nadmin/Desktop/updatedattack/results/ARCFACE/transfer_attack_similarity_scores_all12_lambda020_limit1000.csv,IR152,PGD,vanilla,0.6532188653945923,IR152_PGD_adv
28,ArcFace,/content/face_module/dataset_extractedfaces/celeba_pairs/130980.jpg,/content/face_module/dataset_extractedfaces/celeba_pairs/147767.jpg,celeba_pairs,dodging_attack,/home/nadmin/Desktop/updatedattack/results/ARCFACE/transfer_attack_similarity_scores_all12_lambda020_limit1000.csv,IR152,SI_NI_FGSM,vanilla,0.5236139297485352,IR152_SI_NI_FGSM_adv
28,ArcFace,/content/face_module/dataset_extractedfaces/celeba_pairs/130980.jpg,/content/face_module/dataset_extractedfaces/celeba_pairs/147767.jpg,celeba_pairs,dodging_attack,/home/nadmin/Desktop/updatedattack/results/ARCFACE/transfer_attack_similarity_scores_all12_lambda020_limit1000.csv,IR152,TI_FGSM,vanilla,0.5803220868110657,IR152_TI_FGSM_adv
28,ArcFace,/content/face_module/dataset_extractedfaces/celeba_pairs/130980.jpg,/content/face_module/dataset_extractedfaces/celeba_pairs/147767.jpg,celeba_pairs,dodging_attack,/home/nadmin/Desktop/updatedattack/results/ARCFACE/transfer_attack_similarity_scores_all12_lambda020_limit1000.csv,IR152,clean,clean,0.6864030957221985,IR152_clean
28,ArcFace,/content/face_module/dataset_extractedfaces/celeba_pairs/130980.jpg,/content/face_module/dataset_extractedfaces/celeba_pairs/147767.jpg,celeba_pairs,dodging_attack,/home/nadmin/Desktop/updatedattack/results/ARCFACE/transfer_attack_similarity_scores_all12_lambda020_limit1000.csv,VGG-Face,MI_ADMIX_DI_TI,vanilla,0.5242552757263184,VGG-Face_MI_ADMIX_DI_TI_adv
28,ArcFace,/content/face_module/dataset_extractedfaces/celeba_pairs/130980.jpg,/content/face_module/dataset_extractedfaces/celeba_pairs/147767.jpg,celeba_pairs,dodging_attack,/home/nadmin/Desktop/updatedattack/results/ARCFACE/transfer_attack_similarity_scores_all12_lambda020_limit1000.csv,VGG-Face,MI_FGSM,vanilla,0.5422195196151733,VGG-Face_MI_FGSM_adv
28,ArcFace,/content/face_module/dataset_extractedfaces/celeba_pairs/130980.jpg,/content/face_module/dataset_extractedfaces/celeba_pairs/147767.jpg,celeba_pairs,dodging_attack,/home/nadmin/Desktop/updatedattack/results/ARCFACE/transfer_attack_similarity_scores_all12_lambda020_limit1000.csv,VGG-Face,PGD,vanilla,0.5342397689819336,VGG-Face_PGD_adv
28,ArcFace,/content/face_module/dataset_extractedfaces/celeba_pairs/130980.jpg,/content/face_module/dataset_extractedfaces/celeba_pairs/147767.jpg,celeba_pairs,dodging_attack,/home/nadmin/Desktop/updatedattack/results/ARCFACE/transfer_attack_similarity_scores_all12_lambda020_limit1000.csv,VGG-Face,SI_NI_FGSM,vanilla,0.4918547868728637,VGG-Face_SI_NI_FGSM_adv
28,ArcFace,/content/face_module/dataset_extractedfaces/celeba_pairs/130980.jpg,/content/face_module/dataset_extractedfaces/celeba_pairs/147767.jpg,celeba_pairs,dodging_attack,/home/nadmin/Desktop/updatedattack/results/ARCFACE/transfer_attack_similarity_scores_all12_lambda020_limit1000.csv,VGG-Face,TI_FGSM,vanilla,0.4847336411476135,VGG-Face_TI_FGSM_adv
28,ArcFace,/content/face_module/dataset_extractedfaces/celeba_pairs/130980.jpg,/content/face_module/dataset_extractedfaces/celeba_pairs/147767.jpg,celeba_pairs,dodging_attack,/home/nadmin/Desktop/updatedattack/results/ARCFACE/transfer_attack_similarity_scores_all12_lambda020_limit1000.csv,VGG-Face,clean,clean,0.5354241728782654,VGG-Face_clean
0,Facenet512,/content/face_module/dataset_extractedfaces/lfw_pairs/Renee Zellweger_1.jpg,/content/face_module/dataset_extractedfaces/lfw_pairs/Catherine Deneuve_2.jpg,lfw_pairs,impersonation_attack,/home/nadmin/Desktop/updatedattack/results/Facenet512/transfer_attack_similarity_scores_all12_lambda020_limit1000.csv,ArcFace,MI_ADMIX_DI_TI,vanilla,0.4666644930839538,ArcFace_MI_ADMIX_DI_TI_adv
0,Facenet512,/content/face_module/dataset_extractedfaces/lfw_pairs/Renee Zellweger_1.jpg,/content/face_module/dataset_extractedfaces/lfw_pairs/Catherine Deneuve_2.jpg,lfw_pairs,impersonation_attack,/home/nadmin/Desktop/updatedattack/results/Facenet512/transfer_attack_similarity_scores_all12_lambda020_limit1000.csv,ArcFace,MI_FGSM,vanilla,0.5250394940376282,ArcFace_MI_FGSM_adv
0,Facenet512,/content/face_module/dataset_extractedfaces/lfw_pairs/Renee Zellweger_1.jpg,/content/face_module/dataset_extractedfaces/lfw_pairs/Catherine Deneuve_2.jpg,lfw_pairs,impersonation_attack,/home/nadmin/Desktop/updatedattack/results/Facenet512/transfer_attack_similarity_scores_all12_lambda020_limit1000.csv,ArcFace,PGD,vanilla,0.4395657479763031,ArcFace_PGD_adv
0,Facenet512,/content/face_module/dataset_extractedfaces/lfw_pairs/Renee Zellweger_1.jpg,/content/face_module/dataset_extractedfaces/lfw_pairs/Catherine Deneuve_2.jpg,lfw_pairs,impersonation_attack,/home/nadmin/Desktop/updatedattack/results/Facenet512/transfer_attack_similarity_scores_all12_lambda020_limit1000.csv,ArcFace,SI_NI_FGSM,vanilla,0.5655761957168579,ArcFace_SI_NI_FGSM_adv
0,Facenet512,/content/face_module/dataset_extractedfaces/lfw_pairs/Renee Zellweger_1.jpg,/content/face_module/dataset_extractedfaces/lfw_pairs/Catherine Deneuve_2.jpg,lfw_pairs,impersonation_attack,/home/nadmin/Desktop/updatedattack/results/Facenet512/transfer_attack_similarity_scores_all12_lambda020_limit1000.csv,ArcFace,TI_FGSM,vanilla,0.4433415532112121,ArcFace_TI_FGSM_adv
0,Facenet512,/content/face_module/dataset_extractedfaces/lfw_pairs/Renee Zellweger_1.jpg,/content/face_module/dataset_extractedfaces/lfw_pairs/Catherine Deneuve_2.jpg,lfw_pairs,impersonation_attack,/home/nadmin/Desktop/updatedattack/results/Facenet512/transfer_attack_similarity_scores_all12_lambda020_limit1000.csv,ArcFace,clean,clean,0.2113871872425079,ArcFace_clean
0,Facenet512,/content/face_module/dataset_extractedfaces/lfw_pairs/Renee Zellweger_1.jpg,/content/face_module/dataset_extractedfaces/lfw_pairs/Catherine Deneuve_2.jpg,lfw_pairs,impersonation_attack,/home/nadmin/Desktop/updatedattack/results/Facenet512/transfer_attack_similarity_scores_all12_lambda020_limit1000.csv,Facenet512,clean,clean,0.2037829756736755,Facenet512_clean
0,Facenet512,/content/face_module/dataset_extractedfaces/lfw_pairs/Renee Zellweger_1.jpg,/content/face_module/dataset_extractedfaces/lfw_pairs/Catherine Deneuve_2.jpg,lfw_pairs,impersonation_attack,/home/nadmin/Desktop/updatedattack/results/Facenet512/transfer_attack_similarity_scores_all12_lambda020_limit1000.csv,GhostFaceNet,MI_ADMIX_DI_TI,vanilla,0.0934493467211723,GhostFaceNet_MI_ADMIX_DI_TI_adv
0,Facenet512,/content/face_module/dataset_extractedfaces/lfw_pairs/Renee Zellweger_1.jpg,/content/face_module/dataset_extractedfaces/lfw_pairs/Catherine Deneuve_2.jpg,lfw_pairs,impersonation_attack,/home/nadmin/Desktop/updatedattack/results/Facenet512/transfer_attack_similarity_scores_all12_lambda020_limit1000.csv,GhostFaceNet,MI_FGSM,vanilla,0.1160922050476074,GhostFaceNet_MI_FGSM_adv
0,Facenet512,/content/face_module/dataset_extractedfaces/lfw_pairs/Renee Zellweger_1.jpg,/content/face_module/dataset_extractedfaces/lfw_pairs/Catherine Deneuve_2.jpg,lfw_pairs,impersonation_attack,/home/nadmin/Desktop/updatedattack/results/Facenet512/transfer_attack_similarity_scores_all12_lambda020_limit1000.csv,GhostFaceNet,PGD,vanilla,0.1049904003739357,GhostFaceNet_PGD_adv
0,Facenet512,/content/face_module/dataset_extractedfaces/lfw_pairs/Renee Zellweger_1.jpg,/content/face_module/dataset_extractedfaces/lfw_pairs/Catherine Deneuve_2.jpg,lfw_pairs,impersonation_attack,/home/nadmin/Desktop/updatedattack/results/Facenet512/transfer_attack_similarity_scores_all12_lambda020_limit1000.csv,GhostFaceNet,SI_NI_FGSM,vanilla,0.0991615802049636,GhostFaceNet_SI_NI_FGSM_adv
0,Facenet512,/content/face_module/dataset_extractedfaces/lfw_pairs/Renee Zellweger_1.jpg,/content/face_module/dataset_extractedfaces/lfw_pairs/Catherine Deneuve_2.jpg,lfw_pairs,impersonation_attack,/home/nadmin/Desktop/updatedattack/results/Facenet512/transfer_attack_similarity_scores_all12_lambda020_limit1000.csv,GhostFaceNet,TI_FGSM,vanilla,0.0698606297373771,GhostFaceNet_TI_FGSM_adv
0,Facenet512,/content/face_module/dataset_extractedfaces/lfw_pairs/Renee Zellweger_1.jpg,/content/face_module/dataset_extractedfaces/lfw_pairs/Catherine Deneuve_2.jpg,lfw_pairs,impersonation_attack,/home/nadmin/Desktop/updatedattack/results/Facenet512/transfer_attack_similarity_scores_all12_lambda020_limit1000.csv,GhostFaceNet,clean,clean,0.0863346979022026,GhostFaceNet_clean
0,Facenet512,/content/face_module/dataset_extractedfaces/lfw_pairs/Renee Zellweger_1.jpg,/content/face_module/dataset_extractedfaces/lfw_pairs/Catherine Deneuve_2.jpg,lfw_pairs,impersonation_attack,/home/nadmin/Desktop/updatedattack/results/Facenet512/transfer_attack_similarity_scores_all12_lambda020_limit1000.csv,IR152,MI_ADMIX_DI_TI,vanilla,0.3636997044086456,IR152_MI_ADMIX_DI_TI_adv
0,Facenet512,/content/face_module/dataset_extractedfaces/lfw_pairs/Renee Zellweger_1.jpg,/content/face_module/dataset_extractedfaces/lfw_pairs/Catherine Deneuve_2.jpg,lfw_pairs,impersonation_attack,/home/nadmin/Desktop/updatedattack/results/Facenet512/transfer_attack_similarity_scores_all12_lambda020_limit1000.csv,IR152,MI_FGSM,vanilla,0.3951296508312225,IR152_MI_FGSM_adv
0,Facenet512,/content/face_module/dataset_extractedfaces/lfw_pairs/Renee Zellweger_1.jpg,/content/face_module/dataset_extractedfaces/lfw_pairs/Catherine Deneuve_2.jpg,lfw_pairs,impersonation_attack,/home/nadmin/Desktop/updatedattack/results/Facenet512/transfer_attack_similarity_scores_all12_lambda020_limit1000.csv,IR152,PGD,vanilla,0.2163403481245041,IR152_PGD_adv
0,Facenet512,/content/face_module/dataset_extractedfaces/lfw_pairs/Renee Zellweger_1.jpg,/content/face_module/dataset_extractedfaces/lfw_pairs/Catherine Deneuve_2.jpg,lfw_pairs,impersonation_attack,/home/nadmin/Desktop/updatedattack/results/Facenet512/transfer_attack_similarity_scores_all12_lambda020_limit1000.csv,IR152,SI_NI_FGSM,vanilla,0.3848578035831451,IR152_SI_NI_FGSM_adv
0,Facenet512,/content/face_module/dataset_extractedfaces/lfw_pairs/Renee Zellweger_1.jpg,/content/face_module/dataset_extractedfaces/lfw_pairs/Catherine Deneuve_2.jpg,lfw_pairs,impersonation_attack,/home/nadmin/Desktop/updatedattack/results/Facenet512/transfer_attack_similarity_scores_all12_lambda020_limit1000.csv,IR152,TI_FGSM,vanilla,0.2807106971740722,IR152_TI_FGSM_adv
0,Facenet512,/content/face_module/dataset_extractedfaces/lfw_pairs/Renee Zellweger_1.jpg,/content/face_module/dataset_extractedfaces/lfw_pairs/Catherine Deneuve_2.jpg,lfw_pairs,impersonation_attack,/home/nadmin/Desktop/updatedattack/results/Facenet512/transfer_attack_similarity_scores_all12_lambda020_limit1000.csv,IR152,clean,clean,0.0082020908594131,IR152_clean
0,Facenet512,/content/face_module/dataset_extractedfaces/lfw_pairs/Renee Zellweger_1.jpg,/content/face_module/dataset_extractedfaces/lfw_pairs/Catherine Deneuve_2.jpg,lfw_pairs,impersonation_attack,/home/nadmin/Desktop/updatedattack/results/Facenet512/transfer_attack_similarity_scores_all12_lambda020_limit1000.csv,VGG-Face,MI_ADMIX_DI_TI,vanilla,0.4082435667514801,VGG-Face_MI_ADMIX_DI_TI_adv
0,Facenet512,/content/face_module/dataset_extractedfaces/lfw_pairs/Renee Zellweger_1.jpg,/content/face_module/dataset_extractedfaces/lfw_pairs/Catherine Deneuve_2.jpg,lfw_pairs,impersonation_attack,/home/nadmin/Desktop/updatedattack/results/Facenet512/transfer_attack_similarity_scores_all12_lambda020_limit1000.csv,VGG-Face,MI_FGSM,vanilla,0.3905338048934936,VGG-Face_MI_FGSM_adv
0,Facenet512,/content/face_module/dataset_extractedfaces/lfw_pairs/Renee Zellweger_1.jpg,/content/face_module/dataset_extractedfaces/lfw_pairs/Catherine Deneuve_2.jpg,lfw_pairs,impersonation_attack,/home/nadmin/Desktop/updatedattack/results/Facenet512/transfer_attack_similarity_scores_all12_lambda020_limit1000.csv,VGG-Face,PGD,vanilla,0.2738012671470642,VGG-Face_PGD_adv
0,Facenet512,/content/face_module/dataset_extractedfaces/lfw_pairs/Renee Zellweger_1.jpg,/content/face_module/dataset_extractedfaces/lfw_pairs/Catherine Deneuve_2.jpg,lfw_pairs,impersonation_attack,/home/nadmin/Desktop/updatedattack/results/Facenet512/transfer_attack_similarity_scores_all12_lambda020_limit1000.csv,VGG-Face,SI_NI_FGSM,vanilla,0.3960862755775451,VGG-Face_SI_NI_FGSM_adv
0,Facenet512,/content/face_module/dataset_extractedfaces/lfw_pairs/Renee Zellweger_1.jpg,/content/face_module/dataset_extractedfaces/lfw_pairs/Catherine Deneuve_2.jpg,lfw_pairs,impersonation_attack,/home/nadmin/Desktop/updatedattack/results/Facenet512/transfer_attack_similarity_scores_all12_lambda020_limit1000.csv,VGG-Face,TI_FGSM,vanilla,0.3349545001983642,VGG-Face_TI_FGSM_adv
0,Facenet512,/content/face_module/dataset_extractedfaces/lfw_pairs/Renee Zellweger_1.jpg,/content/face_module/dataset_extractedfaces/lfw_pairs/Catherine Deneuve_2.jpg,lfw_pairs,impersonation_attack,/home/nadmin/Desktop/updatedattack/results/Facenet512/transfer_attack_similarity_scores_all12_lambda020_limit1000.csv,VGG-Face,clean,clean,0.091720625758171,VGG-Face_clean
1,Facenet512,/content/face_module/dataset_extractedfaces/vggface2_pairs/n000007_0113_01.jpg,/content/face_module/dataset_extractedfaces/vggface2_pairs/n000007_0122_01.jpg,vggface2_pairs,dodging_attack,/home/nadmin/Desktop/updatedattack/results/Facenet512/transfer_attack_similarity_scores_all12_lambda020_limit1000.csv,ArcFace,MI_ADMIX_DI_TI,vanilla,0.2182158529758453,ArcFace_MI_ADMIX_DI_TI_adv
1,Facenet512,/content/face_module/dataset_extractedfaces/vggface2_pairs/n000007_0113_01.jpg,/content/face_module/dataset_extractedfaces/vggface2_pairs/n000007_0122_01.jpg,vggface2_pairs,dodging_attack,/home/nadmin/Desktop/updatedattack/results/Facenet512/transfer_attack_similarity_scores_all12_lambda020_limit1000.csv,ArcFace,MI_FGSM,vanilla,0.137202650308609,ArcFace_MI_FGSM_adv
1,Facenet512,/content/face_module/dataset_extractedfaces/vggface2_pairs/n000007_0113_01.jpg,/content/face_module/dataset_extractedfaces/vggface2_pairs/n000007_0122_01.jpg,vggface2_pairs,dodging_attack,/home/nadmin/Desktop/updatedattack/results/Facenet512/transfer_attack_similarity_scores_all12_lambda020_limit1000.csv,ArcFace,PGD,vanilla,0.2298025786876678,ArcFace_PGD_adv
1,Facenet512,/content/face_module/dataset_extractedfaces/vggface2_pairs/n000007_0113_01.jpg,/content/face_module/dataset_extractedfaces/vggface2_pairs/n000007_0122_01.jpg,vggface2_pairs,dodging_attack,/home/nadmin/Desktop/updatedattack/results/Facenet512/transfer_attack_similarity_scores_all12_lambda020_limit1000.csv,ArcFace,SI_NI_FGSM,vanilla,0.1384373009204864,ArcFace_SI_NI_FGSM_adv
1,Facenet512,/content/face_module/dataset_extractedfaces/vggface2_pairs/n000007_0113_01.jpg,/content/face_module/dataset_extractedfaces/vggface2_pairs/n000007_0122_01.jpg,vggface2_pairs,dodging_attack,/home/nadmin/Desktop/updatedattack/results/Facenet512/transfer_attack_similarity_scores_all12_lambda020_limit1000.csv,ArcFace,TI_FGSM,vanilla,0.1904908120632171,ArcFace_TI_FGSM_adv
1,Facenet512,/content/face_module/dataset_extractedfaces/vggface2_pairs/n000007_0113_01.jpg,/content/face_module/dataset_extractedfaces/vggface2_pairs/n000007_0122_01.jpg,vggface2_pairs,dodging_attack,/home/nadmin/Desktop/updatedattack/results/Facenet512/transfer_attack_similarity_scores_all12_lambda020_limit1000.csv,ArcFace,clean,clean,0.3415670692920685,ArcFace_clean
1,Facenet512,/content/face_module/dataset_extractedfaces/vggface2_pairs/n000007_0113_01.jpg,/content/face_module/dataset_extractedfaces/vggface2_pairs/n000007_0122_01.jpg,vggface2_pairs,dodging_attack,/home/nadmin/Desktop/updatedattack/results/Facenet512/transfer_attack_similarity_scores_all12_lambda020_limit1000.csv,Facenet512,clean,clean,0.822794497013092,Facenet512_clean
1,Facenet512,/content/face_module/dataset_extractedfaces/vggface2_pairs/n000007_0113_01.jpg,/content/face_module/dataset_extractedfaces/vggface2_pairs/n000007_0122_01.jpg,vggface2_pairs,dodging_attack,/home/nadmin/Desktop/updatedattack/results/Facenet512/transfer_attack_similarity_scores_all12_lambda020_limit1000.csv,GhostFaceNet,MI_ADMIX_DI_TI,vanilla,0.2779722511768341,GhostFaceNet_MI_ADMIX_DI_TI_adv
1,Facenet512,/content/face_module/dataset_extractedfaces/vggface2_pairs/n000007_0113_01.jpg,/content/face_module/dataset_extractedfaces/vggface2_pairs/n000007_0122_01.jpg,vggface2_pairs,dodging_attack,/home/nadmin/Desktop/updatedattack/results/Facenet512/transfer_attack_similarity_scores_all12_lambda020_limit1000.csv,GhostFaceNet,MI_FGSM,vanilla,0.2997813820838928,GhostFaceNet_MI_FGSM_adv
1,Facenet512,/content/face_module/dataset_extractedfaces/vggface2_pairs/n000007_0113_01.jpg,/content/face_module/dataset_extractedfaces/vggface2_pairs/n000007_0122_01.jpg,vggface2_pairs,dodging_attack,/home/nadmin/Desktop/updatedattack/results/Facenet512/transfer_attack_similarity_scores_all12_lambda020_limit1000.csv,GhostFaceNet,PGD,vanilla,0.3348767161369324,GhostFaceNet_PGD_adv
1,Facenet512,/content/face_module/dataset_extractedfaces/vggface2_pairs/n000007_0113_01.jpg,/content/face_module/dataset_extractedfaces/vggface2_pairs/n000007_0122_01.jpg,vggface2_pairs,dodging_attack,/home/nadmin/Desktop/updatedattack/results/Facenet512/transfer_attack_similarity_scores_all12_lambda020_limit1000.csv,GhostFaceNet,SI_NI_FGSM,vanilla,0.2389012575149536,GhostFaceNet_SI_NI_FGSM_adv
1,Facenet512,/content/face_module/dataset_extractedfaces/vggface2_pairs/n000007_0113_01.jpg,/content/face_module/dataset_extractedfaces/vggface2_pairs/n000007_0122_01.jpg,vggface2_pairs,dodging_attack,/home/nadmin/Desktop/updatedattack/results/Facenet512/transfer_attack_similarity_scores_all12_lambda020_limit1000.csv,GhostFaceNet,TI_FGSM,vanilla,0.297075867652893,GhostFaceNet_TI_FGSM_adv
1,Facenet512,/content/face_module/dataset_extractedfaces/vggface2_pairs/n000007_0113_01.jpg,/content/face_module/dataset_extractedfaces/vggface2_pairs/n000007_0122_01.jpg,vggface2_pairs,dodging_attack,/home/nadmin/Desktop/updatedattack/results/Facenet512/transfer_attack_similarity_scores_all12_lambda020_limit1000.csv,GhostFaceNet,clean,clean,0.372836709022522,GhostFaceNet_clean
1,Facenet512,/content/face_module/dataset_extractedfaces/vggface2_pairs/n000007_0113_01.jpg,/content/face_module/dataset_extractedfaces/vggface2_pairs/n000007_0122_01.jpg,vggface2_pairs,dodging_attack,/home/nadmin/Desktop/updatedattack/results/Facenet512/transfer_attack_similarity_scores_all12_lambda020_limit1000.csv,IR152,MI_ADMIX_DI_TI,vanilla,0.4017181098461151,IR152_MI_ADMIX_DI_TI_adv
1,Facenet512,/content/face_module/dataset_extractedfaces/vggface2_pairs/n000007_0113_01.jpg,/content/face_module/dataset_extractedfaces/vggface2_pairs/n000007_0122_01.jpg,vggface2_pairs,dodging_attack,/home/nadmin/Desktop/updatedattack/results/Facenet512/transfer_attack_similarity_scores_all12_lambda020_limit1000.csv,IR152,MI_FGSM,vanilla,0.3494682312011719,IR152_MI_FGSM_adv
1,Facenet512,/content/face_module/dataset_extractedfaces/vggface2_pairs/n000007_0113_01.jpg,/content/face_module/dataset_extractedfaces/vggface2_pairs/n000007_0122_01.jpg,vggface2_pairs,dodging_attack,/home/nadmin/Desktop/updatedattack/results/Facenet512/transfer_attack_similarity_scores_all12_lambda020_limit1000.csv,IR152,PGD,vanilla,0.4892821311950683,IR152_PGD_adv
1,Facenet512,/content/face_module/dataset_extractedfaces/vggface2_pairs/n000007_0113_01.jpg,/content/face_module/dataset_extractedfaces/vggface2_pairs/n000007_0122_01.jpg,vggface2_pairs,dodging_attack,/home/nadmin/Desktop/updatedattack/results/Facenet512/transfer_attack_similarity_scores_all12_lambda020_limit1000.csv,IR152,SI_NI_FGSM,vanilla,0.3450842797756195,IR152_SI_NI_FGSM_adv
1,Facenet512,/content/face_module/dataset_extractedfaces/vggface2_pairs/n000007_0113_01.jpg,/content/face_module/dataset_extractedfaces/vggface2_pairs/n000007_0122_01.jpg,vggface2_pairs,dodging_attack,/home/nadmin/Desktop/updatedattack/results/Facenet512/transfer_attack_similarity_scores_all12_lambda020_limit1000.csv,IR152,TI_FGSM,vanilla,0.403969407081604,IR152_TI_FGSM_adv
1,Facenet512,/content/face_module/dataset_extractedfaces/vggface2_pairs/n000007_0113_01.jpg,/content/face_module/dataset_extractedfaces/vggface2_pairs/n000007_0122_01.jpg,vggface2_pairs,dodging_attack,/home/nadmin/Desktop/updatedattack/results/Facenet512/transfer_attack_similarity_scores_all12_lambda020_limit1000.csv,IR152,clean,clean,0.634651780128479,IR152_clean
1,Facenet512,/content/face_module/dataset_extractedfaces/vggface2_pairs/n000007_0113_01.jpg,/content/face_module/dataset_extractedfaces/vggface2_pairs/n000007_0122_01.jpg,vggface2_pairs,dodging_attack,/home/nadmin/Desktop/updatedattack/results/Facenet512/transfer_attack_similarity_scores_all12_lambda020_limit1000.csv,VGG-Face,MI_ADMIX_DI_TI,vanilla,0.2800452411174774,VGG-Face_MI_ADMIX_DI_TI_adv
1,Facenet512,/content/face_module/dataset_extractedfaces/vggface2_pairs/n000007_0113_01.jpg,/content/face_module/dataset_extractedfaces/vggface2_pairs/n000007_0122_01.jpg,vggface2_pairs,dodging_attack,/home/nadmin/Desktop/updatedattack/results/Facenet512/transfer_attack_similarity_scores_all12_lambda020_limit1000.csv,VGG-Face,MI_FGSM,vanilla,0.1342241168022155,VGG-Face_MI_FGSM_adv
1,Facenet512,/content/face_module/dataset_extractedfaces/vggface2_pairs/n000007_0113_01.jpg,/content/face_module/dataset_extractedfaces/vggface2_pairs/n000007_0122_01.jpg,vggface2_pairs,dodging_attack,/home/nadmin/Desktop/updatedattack/results/Facenet512/transfer_attack_similarity_scores_all12_lambda020_limit1000.csv,VGG-Face,PGD,vanilla,0.18986576795578,VGG-Face_PGD_adv
1,Facenet512,/content/face_module/dataset_extractedfaces/vggface2_pairs/n000007_0113_01.jpg,/content/face_module/dataset_extractedfaces/vggface2_pairs/n000007_0122_01.jpg,vggface2_pairs,dodging_attack,/home/nadmin/Desktop/updatedattack/results/Facenet512/transfer_attack_similarity_scores_all12_lambda020_limit1000.csv,VGG-Face,SI_NI_FGSM,vanilla,0.0962350517511367,VGG-Face_SI_NI_FGSM_adv
1,Facenet512,/content/face_module/dataset_extractedfaces/vggface2_pairs/n000007_0113_01.jpg,/content/face_module/dataset_extractedfaces/vggface2_pairs/n000007_0122_01.jpg,vggface2_pairs,dodging_attack,/home/nadmin/Desktop/updatedattack/results/Facenet512/transfer_attack_similarity_scores_all12_lambda020_limit1000.csv,VGG-Face,TI_FGSM,vanilla,0.2098634541034698,VGG-Face_TI_FGSM_adv
1,Facenet512,/content/face_module/dataset_extractedfaces/vggface2_pairs/n000007_0113_01.jpg,/content/face_module/dataset_extractedfaces/vggface2_pairs/n000007_0122_01.jpg,vggface2_pairs,dodging_attack,/home/nadmin/Desktop/updatedattack/results/Facenet512/transfer_attack_similarity_scores_all12_lambda020_limit1000.csv,VGG-Face,clean,clean,0.4813993573188782,VGG-Face_clean
2,Facenet512,/content/face_module/dataset_extractedfaces/celeba_pairs/107859.jpg,/content/face_module/dataset_extractedfaces/celeba_pairs/031892.jpg,celeba_pairs,impersonation_attack,/home/nadmin/Desktop/updatedattack/results/Facenet512/transfer_attack_similarity_scores_all12_lambda020_limit1000.csv,ArcFace,MI_ADMIX_DI_TI,vanilla,0.2328491061925888,ArcFace_MI_ADMIX_DI_TI_adv
2,Facenet512,/content/face_module/dataset_extractedfaces/celeba_pairs/107859.jpg,/content/face_module/dataset_extractedfaces/celeba_pairs/031892.jpg,celeba_pairs,impersonation_attack,/home/nadmin/Desktop/updatedattack/results/Facenet512/transfer_attack_similarity_scores_all12_lambda020_limit1000.csv,ArcFace,MI_FGSM,vanilla,0.2845454514026642,ArcFace_MI_FGSM_adv
2,Facenet512,/content/face_module/dataset_extractedfaces/celeba_pairs/107859.jpg,/content/face_module/dataset_extractedfaces/celeba_pairs/031892.jpg,celeba_pairs,impersonation_attack,/home/nadmin/Desktop/updatedattack/results/Facenet512/transfer_attack_similarity_scores_all12_lambda020_limit1000.csv,ArcFace,PGD,vanilla,0.3274388015270233,ArcFace_PGD_adv
2,Facenet512,/content/face_module/dataset_extractedfaces/celeba_pairs/107859.jpg,/content/face_module/dataset_extractedfaces/celeba_pairs/031892.jpg,celeba_pairs,impersonation_attack,/home/nadmin/Desktop/updatedattack/results/Facenet512/transfer_attack_similarity_scores_all12_lambda020_limit1000.csv,ArcFace,SI_NI_FGSM,vanilla,0.3424906730651855,ArcFace_SI_NI_FGSM_adv
2,Facenet512,/content/face_module/dataset_extractedfaces/celeba_pairs/107859.jpg,/content/face_module/dataset_extractedfaces/celeba_pairs/031892.jpg,celeba_pairs,impersonation_attack,/home/nadmin/Desktop/updatedattack/results/Facenet512/transfer_attack_similarity_scores_all12_lambda020_limit1000.csv,ArcFace,TI_FGSM,vanilla,0.3193520903587341,ArcFace_TI_FGSM_adv
2,Facenet512,/content/face_module/dataset_extractedfaces/celeba_pairs/107859.jpg,/content/face_module/dataset_extractedfaces/celeba_pairs/031892.jpg,celeba_pairs,impersonation_attack,/home/nadmin/Desktop/updatedattack/results/Facenet512/transfer_attack_similarity_scores_all12_lambda020_limit1000.csv,ArcFace,clean,clean,0.2291036397218704,ArcFace_clean
2,Facenet512,/content/face_module/dataset_extractedfaces/celeba_pairs/107859.jpg,/content/face_module/dataset_extractedfaces/celeba_pairs/031892.jpg,celeba_pairs,impersonation_attack,/home/nadmin/Desktop/updatedattack/results/Facenet512/transfer_attack_similarity_scores_all12_lambda020_limit1000.csv,Facenet512,clean,clean,0.0810722559690475,Facenet512_clean
2,Facenet512,/content/face_module/dataset_extractedfaces/celeba_pairs/107859.jpg,/content/face_module/dataset_extractedfaces/celeba_pairs/031892.jpg,celeba_pairs,impersonation_attack,/home/nadmin/Desktop/updatedattack/results/Facenet512/transfer_attack_similarity_scores_all12_lambda020_limit1000.csv,GhostFaceNet,MI_ADMIX_DI_TI,vanilla,0.0419699735939502,GhostFaceNet_MI_ADMIX_DI_TI_adv
2,Facenet512,/content/face_module/dataset_extractedfaces/celeba_pairs/107859.jpg,/content/face_module/dataset_extractedfaces/celeba_pairs/031892.jpg,celeba_pairs,impersonation_attack,/home/nadmin/Desktop/updatedattack/results/Facenet512/transfer_attack_similarity_scores_all12_lambda020_limit1000.csv,GhostFaceNet,MI_FGSM,vanilla,0.0296963676810264,GhostFaceNet_MI_FGSM_adv
2,Facenet512,/content/face_module/dataset_extractedfaces/celeba_pairs/107859.jpg,/content/face_module/dataset_extractedfaces/celeba_pairs/031892.jpg,celeba_pairs,impersonation_attack,/home/nadmin/Desktop/updatedattack/results/Facenet512/transfer_attack_similarity_scores_all12_lambda020_limit1000.csv,GhostFaceNet,PGD,vanilla,0.0416854098439216,GhostFaceNet_PGD_adv
2,Facenet512,/content/face_module/dataset_extractedfaces/celeba_pairs/107859.jpg,/content/face_module/dataset_extractedfaces/celeba_pairs/031892.jpg,celeba_pairs,impersonation_attack,/home/nadmin/Desktop/updatedattack/results/Facenet512/transfer_attack_similarity_scores_all12_lambda020_limit1000.csv,GhostFaceNet,SI_NI_FGSM,vanilla,0.081646479666233,GhostFaceNet_SI_NI_FGSM_adv
2,Facenet512,/content/face_module/dataset_extractedfaces/celeba_pairs/107859.jpg,/content/face_module/dataset_extractedfaces/celeba_pairs/031892.jpg,celeba_pairs,impersonation_attack,/home/nadmin/Desktop/updatedattack/results/Facenet512/transfer_attack_similarity_scores_all12_lambda020_limit1000.csv,GhostFaceNet,TI_FGSM,vanilla,0.0250280052423477,GhostFaceNet_TI_FGSM_adv
2,Facenet512,/content/face_module/dataset_extractedfaces/celeba_pairs/107859.jpg,/content/face_module/dataset_extractedfaces/celeba_pairs/031892.jpg,celeba_pairs,impersonation_attack,/home/nadmin/Desktop/updatedattack/results/Facenet512/transfer_attack_similarity_scores_all12_lambda020_limit1000.csv,GhostFaceNet,clean,clean,-0.0021720379590988,GhostFaceNet_clean
2,Facenet512,/content/face_module/dataset_extractedfaces/celeba_pairs/107859.jpg,/content/face_module/dataset_extractedfaces/celeba_pairs/031892.jpg,celeba_pairs,impersonation_attack,/home/nadmin/Desktop/updatedattack/results/Facenet512/transfer_attack_similarity_scores_all12_lambda020_limit1000.csv,IR152,MI_ADMIX_DI_TI,vanilla,0.1285480558872223,IR152_MI_ADMIX_DI_TI_adv
2,Facenet512,/content/face_module/dataset_extractedfaces/celeba_pairs/107859.jpg,/content/face_module/dataset_extractedfaces/celeba_pairs/031892.jpg,celeba_pairs,impersonation_attack,/home/nadmin/Desktop/updatedattack/results/Facenet512/transfer_attack_similarity_scores_all12_lambda020_limit1000.csv,IR152,MI_FGSM,vanilla,0.1711719632148742,IR152_MI_FGSM_adv
2,Facenet512,/content/face_module/dataset_extractedfaces/celeba_pairs/107859.jpg,/content/face_module/dataset_extractedfaces/celeba_pairs/031892.jpg,celeba_pairs,impersonation_attack,/home/nadmin/Desktop/updatedattack/results/Facenet512/transfer_attack_similarity_scores_all12_lambda020_limit1000.csv,IR152,PGD,vanilla,0.1719840914011001,IR152_PGD_adv
2,Facenet512,/content/face_module/dataset_extractedfaces/celeba_pairs/107859.jpg,/content/face_module/dataset_extractedfaces/celeba_pairs/031892.jpg,celeba_pairs,impersonation_attack,/home/nadmin/Desktop/updatedattack/results/Facenet512/transfer_attack_similarity_scores_all12_lambda020_limit1000.csv,IR152,SI_NI_FGSM,vanilla,0.2145318239927292,IR152_SI_NI_FGSM_adv
2,Facenet512,/content/face_module/dataset_extractedfaces/celeba_pairs/107859.jpg,/content/face_module/dataset_extractedfaces/celeba_pairs/031892.jpg,celeba_pairs,impersonation_attack,/home/nadmin/Desktop/updatedattack/results/Facenet512/transfer_attack_similarity_scores_all12_lambda020_limit1000.csv,IR152,TI_FGSM,vanilla,0.1794100105762481,IR152_TI_FGSM_adv
2,Facenet512,/content/face_module/dataset_extractedfaces/celeba_pairs/107859.jpg,/content/face_module/dataset_extractedfaces/celeba_pairs/031892.jpg,celeba_pairs,impersonation_attack,/home/nadmin/Desktop/updatedattack/results/Facenet512/transfer_attack_similarity_scores_all12_lambda020_limit1000.csv,IR152,clean,clean,0.1105675995349884,IR152_clean
2,Facenet512,/content/face_module/dataset_extractedfaces/celeba_pairs/107859.jpg,/content/face_module/dataset_extractedfaces/celeba_pairs/031892.jpg,celeba_pairs,impersonation_attack,/home/nadmin/Desktop/updatedattack/results/Facenet512/transfer_attack_similarity_scores_all12_lambda020_limit1000.csv,VGG-Face,MI_ADMIX_DI_TI,vanilla,0.1414080411195755,VGG-Face_MI_ADMIX_DI_TI_adv
2,Facenet512,/content/face_module/dataset_extractedfaces/celeba_pairs/107859.jpg,/content/face_module/dataset_extractedfaces/celeba_pairs/031892.jpg,celeba_pairs,impersonation_attack,/home/nadmin/Desktop/updatedattack/results/Facenet512/transfer_attack_similarity_scores_all12_lambda020_limit1000.csv,VGG-Face,MI_FGSM,vanilla,0.1823601126670837,VGG-Face_MI_FGSM_adv
2,Facenet512,/content/face_module/dataset_extractedfaces/celeba_pairs/107859.jpg,/content/face_module/dataset_extractedfaces/celeba_pairs/031892.jpg,celeba_pairs,impersonation_attack,/home/nadmin/Desktop/updatedattack/results/Facenet512/transfer_attack_similarity_scores_all12_lambda020_limit1000.csv,VGG-Face,PGD,vanilla,0.1703404486179351,VGG-Face_PGD_adv
2,Facenet512,/content/face_module/dataset_extractedfaces/celeba_pairs/107859.jpg,/content/face_module/dataset_extractedfaces/celeba_pairs/031892.jpg,celeba_pairs,impersonation_attack,/home/nadmin/Desktop/updatedattack/results/Facenet512/transfer_attack_similarity_scores_all12_lambda020_limit1000.csv,VGG-Face,SI_NI_FGSM,vanilla,0.2403850555419922,VGG-Face_SI_NI_FGSM_adv
2,Facenet512,/content/face_module/dataset_extractedfaces/celeba_pairs/107859.jpg,/content/face_module/dataset_extractedfaces/celeba_pairs/031892.jpg,celeba_pairs,impersonation_attack,/home/nadmin/Desktop/updatedattack/results/Facenet512/transfer_attack_similarity_scores_all12_lambda020_limit1000.csv,VGG-Face,TI_FGSM,vanilla,0.16754150390625,VGG-Face_TI_FGSM_adv
2,Facenet512,/content/face_module/dataset_extractedfaces/celeba_pairs/107859.jpg,/content/face_module/dataset_extractedfaces/celeba_pairs/031892.jpg,celeba_pairs,impersonation_attack,/home/nadmin/Desktop/updatedattack/results/Facenet512/transfer_attack_similarity_scores_all12_lambda020_limit1000.csv,VGG-Face,clean,clean,0.0735538974404335,VGG-Face_clean
3,Facenet512,/content/face_module/dataset_extractedfaces/vggface2_pairs/n000007_0076_01.jpg,/content/face_module/dataset_extractedfaces/vggface2_pairs/n000005_0080_01.jpg,vggface2_pairs,impersonation_attack,/home/nadmin/Desktop/updatedattack/results/Facenet512/transfer_attack_similarity_scores_all12_lambda020_limit1000.csv,ArcFace,MI_ADMIX_DI_TI,vanilla,0.2419713139533996,ArcFace_MI_ADMIX_DI_TI_adv
3,Facenet512,/content/face_module/dataset_extractedfaces/vggface2_pairs/n000007_0076_01.jpg,/content/face_module/dataset_extractedfaces/vggface2_pairs/n000005_0080_01.jpg,vggface2_pairs,impersonation_attack,/home/nadmin/Desktop/updatedattack/results/Facenet512/transfer_attack_similarity_scores_all12_lambda020_limit1000.csv,ArcFace,MI_FGSM,vanilla,0.1791877746582031,ArcFace_MI_FGSM_adv
3,Facenet512,/content/face_module/dataset_extractedfaces/vggface2_pairs/n000007_0076_01.jpg,/content/face_module/dataset_extractedfaces/vggface2_pairs/n000005_0080_01.jpg,vggface2_pairs,impersonation_attack,/home/nadmin/Desktop/updatedattack/results/Facenet512/transfer_attack_similarity_scores_all12_lambda020_limit1000.csv,ArcFace,PGD,vanilla,0.1513948738574981,ArcFace_PGD_adv
3,Facenet512,/content/face_module/dataset_extractedfaces/vggface2_pairs/n000007_0076_01.jpg,/content/face_module/dataset_extractedfaces/vggface2_pairs/n000005_0080_01.jpg,vggface2_pairs,impersonation_attack,/home/nadmin/Desktop/updatedattack/results/Facenet512/transfer_attack_similarity_scores_all12_lambda020_limit1000.csv,ArcFace,SI_NI_FGSM,vanilla,0.2793987393379211,ArcFace_SI_NI_FGSM_adv
3,Facenet512,/content/face_module/dataset_extractedfaces/vggface2_pairs/n000007_0076_01.jpg,/content/face_module/dataset_extractedfaces/vggface2_pairs/n000005_0080_01.jpg,vggface2_pairs,impersonation_attack,/home/nadmin/Desktop/updatedattack/results/Facenet512/transfer_attack_similarity_scores_all12_lambda020_limit1000.csv,ArcFace,TI_FGSM,vanilla,0.2040641605854034,ArcFace_TI_FGSM_adv
3,Facenet512,/content/face_module/dataset_extractedfaces/vggface2_pairs/n000007_0076_01.jpg,/content/face_module/dataset_extractedfaces/vggface2_pairs/n000005_0080_01.jpg,vggface2_pairs,impersonation_attack,/home/nadmin/Desktop/updatedattack/results/Facenet512/transfer_attack_similarity_scores_all12_lambda020_limit1000.csv,ArcFace,clean,clean,0.0339482352137565,ArcFace_clean
3,Facenet512,/content/face_module/dataset_extractedfaces/vggface2_pairs/n000007_0076_01.jpg,/content/face_module/dataset_extractedfaces/vggface2_pairs/n000005_0080_01.jpg,vggface2_pairs,impersonation_attack,/home/nadmin/Desktop/updatedattack/results/Facenet512/transfer_attack_similarity_scores_all12_lambda020_limit1000.csv,Facenet512,clean,clean,0.0153017658740282,Facenet512_clean
3,Facenet512,/content/face_module/dataset_extractedfaces/vggface2_pairs/n000007_0076_01.jpg,/content/face_module/dataset_extractedfaces/vggface2_pairs/n000005_0080_01.jpg,vggface2_pairs,impersonation_attack,/home/nadmin/Desktop/updatedattack/results/Facenet512/transfer_attack_similarity_scores_all12_lambda020_limit1000.csv,GhostFaceNet,MI_ADMIX_DI_TI,vanilla,0.1692400872707367,GhostFaceNet_MI_ADMIX_DI_TI_adv
3,Facenet512,/content/face_module/dataset_extractedfaces/vggface2_pairs/n000007_0076_01.jpg,/content/face_module/dataset_extractedfaces/vggface2_pairs/n000005_0080_01.jpg,vggface2_pairs,impersonation_attack,/home/nadmin/Desktop/updatedattack/results/Facenet512/transfer_attack_similarity_scores_all12_lambda020_limit1000.csv,GhostFaceNet,MI_FGSM,vanilla,0.1168815791606903,GhostFaceNet_MI_FGSM_adv
3,Facenet512,/content/face_module/dataset_extractedfaces/vggface2_pairs/n000007_0076_01.jpg,/content/face_module/dataset_extractedfaces/vggface2_pairs/n000005_0080_01.jpg,vggface2_pairs,impersonation_attack,/home/nadmin/Desktop/updatedattack/results/Facenet512/transfer_attack_similarity_scores_all12_lambda020_limit1000.csv,GhostFaceNet,PGD,vanilla,0.0815689638257026,GhostFaceNet_PGD_adv
3,Facenet512,/content/face_module/dataset_extractedfaces/vggface2_pairs/n000007_0076_01.jpg,/content/face_module/dataset_extractedfaces/vggface2_pairs/n000005_0080_01.jpg,vggface2_pairs,impersonation_attack,/home/nadmin/Desktop/updatedattack/results/Facenet512/transfer_attack_similarity_scores_all12_lambda020_limit1000.csv,GhostFaceNet,SI_NI_FGSM,vanilla,0.1707844138145446,GhostFaceNet_SI_NI_FGSM_adv
3,Facenet512,/content/face_module/dataset_extractedfaces/vggface2_pairs/n000007_0076_01.jpg,/content/face_module/dataset_extractedfaces/vggface2_pairs/n000005_0080_01.jpg,vggface2_pairs,impersonation_attack,/home/nadmin/Desktop/updatedattack/results/Facenet512/transfer_attack_similarity_scores_all12_lambda020_limit1000.csv,GhostFaceNet,TI_FGSM,vanilla,0.1468232423067093,GhostFaceNet_TI_FGSM_adv
3,Facenet512,/content/face_module/dataset_extractedfaces/vggface2_pairs/n000007_0076_01.jpg,/content/face_module/dataset_extractedfaces/vggface2_pairs/n000005_0080_01.jpg,vggface2_pairs,impersonation_attack,/home/nadmin/Desktop/updatedattack/results/Facenet512/transfer_attack_similarity_scores_all12_lambda020_limit1000.csv,GhostFaceNet,clean,clean,0.0733531713485717,GhostFaceNet_clean
3,Facenet512,/content/face_module/dataset_extractedfaces/vggface2_pairs/n000007_0076_01.jpg,/content/face_module/dataset_extractedfaces/vggface2_pairs/n000005_0080_01.jpg,vggface2_pairs,impersonation_attack,/home/nadmin/Desktop/updatedattack/results/Facenet512/transfer_attack_similarity_scores_all12_lambda020_limit1000.csv,IR152,MI_ADMIX_DI_TI,vanilla,0.1149200797080993,IR152_MI_ADMIX_DI_TI_adv
3,Facenet512,/content/face_module/dataset_extractedfaces/vggface2_pairs/n000007_0076_01.jpg,/content/face_module/dataset_extractedfaces/vggface2_pairs/n000005_0080_01.jpg,vggface2_pairs,impersonation_attack,/home/nadmin/Desktop/updatedattack/results/Facenet512/transfer_attack_similarity_scores_all12_lambda020_limit1000.csv,IR152,MI_FGSM,vanilla,0.0896211639046669,IR152_MI_FGSM_adv
3,Facenet512,/content/face_module/dataset_extractedfaces/vggface2_pairs/n000007_0076_01.jpg,/content/face_module/dataset_extractedfaces/vggface2_pairs/n000005_0080_01.jpg,vggface2_pairs,impersonation_attack,/home/nadmin/Desktop/updatedattack/results/Facenet512/transfer_attack_similarity_scores_all12_lambda020_limit1000.csv,IR152,PGD,vanilla,0.0866108909249305,IR152_PGD_adv
3,Facenet512,/content/face_module/dataset_extractedfaces/vggface2_pairs/n000007_0076_01.jpg,/content/face_module/dataset_extractedfaces/vggface2_pairs/n000005_0080_01.jpg,vggface2_pairs,impersonation_attack,/home/nadmin/Desktop/updatedattack/results/Facenet512/transfer_attack_similarity_scores_all12_lambda020_limit1000.csv,IR152,SI_NI_FGSM,vanilla,0.120299607515335,IR152_SI_NI_FGSM_adv
3,Facenet512,/content/face_module/dataset_extractedfaces/vggface2_pairs/n000007_0076_01.jpg,/content/face_module/dataset_extractedfaces/vggface2_pairs/n000005_0080_01.jpg,vggface2_pairs,impersonation_attack,/home/nadmin/Desktop/updatedattack/results/Facenet512/transfer_attack_similarity_scores_all12_lambda020_limit1000.csv,IR152,TI_FGSM,vanilla,0.1058292686939239,IR152_TI_FGSM_adv
3,Facenet512,/content/face_module/dataset_extractedfaces/vggface2_pairs/n000007_0076_01.jpg,/content/face_module/dataset_extractedfaces/vggface2_pairs/n000005_0080_01.jpg,vggface2_pairs,impersonation_attack,/home/nadmin/Desktop/updatedattack/results/Facenet512/transfer_attack_similarity_scores_all12_lambda020_limit1000.csv,IR152,clean,clean,0.0970130488276481,IR152_clean
3,Facenet512,/content/face_module/dataset_extractedfaces/vggface2_pairs/n000007_0076_01.jpg,/content/face_module/dataset_extractedfaces/vggface2_pairs/n000005_0080_01.jpg,vggface2_pairs,impersonation_attack,/home/nadmin/Desktop/updatedattack/results/Facenet512/transfer_attack_similarity_scores_all12_lambda020_limit1000.csv,VGG-Face,MI_ADMIX_DI_TI,vanilla,0.0891675055027008,VGG-Face_MI_ADMIX_DI_TI_adv
3,Facenet512,/content/face_module/dataset_extractedfaces/vggface2_pairs/n000007_0076_01.jpg,/content/face_module/dataset_extractedfaces/vggface2_pairs/n000005_0080_01.jpg,vggface2_pairs,impersonation_attack,/home/nadmin/Desktop/updatedattack/results/Facenet512/transfer_attack_similarity_scores_all12_lambda020_limit1000.csv,VGG-Face,MI_FGSM,vanilla,0.119857981801033,VGG-Face_MI_FGSM_adv
3,Facenet512,/content/face_module/dataset_extractedfaces/vggface2_pairs/n000007_0076_01.jpg,/content/face_module/dataset_extractedfaces/vggface2_pairs/n000005_0080_01.jpg,vggface2_pairs,impersonation_attack,/home/nadmin/Desktop/updatedattack/results/Facenet512/transfer_attack_similarity_scores_all12_lambda020_limit1000.csv,VGG-Face,PGD,vanilla,0.1076802685856819,VGG-Face_PGD_adv
3,Facenet512,/content/face_module/dataset_extractedfaces/vggface2_pairs/n000007_0076_01.jpg,/content/face_module/dataset_extractedfaces/vggface2_pairs/n000005_0080_01.jpg,vggface2_pairs,impersonation_attack,/home/nadmin/Desktop/updatedattack/results/Facenet512/transfer_attack_similarity_scores_all12_lambda020_limit1000.csv,VGG-Face,SI_NI_FGSM,vanilla,0.1016153618693351,VGG-Face_SI_NI_FGSM_adv
3,Facenet512,/content/face_module/dataset_extractedfaces/vggface2_pairs/n000007_0076_01.jpg,/content/face_module/dataset_extractedfaces/vggface2_pairs/n000005_0080_01.jpg,vggface2_pairs,impersonation_attack,/home/nadmin/Desktop/updatedattack/results/Facenet512/transfer_attack_similarity_scores_all12_lambda020_limit1000.csv,VGG-Face,TI_FGSM,vanilla,0.108154073357582,VGG-Face_TI_FGSM_adv
3,Facenet512,/content/face_module/dataset_extractedfaces/vggface2_pairs/n000007_0076_01.jpg,/content/face_module/dataset_extractedfaces/vggface2_pairs/n000005_0080_01.jpg,vggface2_pairs,impersonation_attack,/home/nadmin/Desktop/updatedattack/results/Facenet512/transfer_attack_similarity_scores_all12_lambda020_limit1000.csv,VGG-Face,clean,clean,0.0580454058945179,VGG-Face_clean
4,Facenet512,/content/face_module/dataset_extractedfaces/vggface2_pairs/n000008_0256_01.jpg,/content/face_module/dataset_extractedfaces/vggface2_pairs/n000008_0348_01.jpg,vggface2_pairs,dodging_attack,/home/nadmin/Desktop/updatedattack/results/Facenet512/transfer_attack_similarity_scores_all12_lambda020_limit1000.csv,ArcFace,MI_ADMIX_DI_TI,vanilla,0.0163390859961509,ArcFace_MI_ADMIX_DI_TI_adv
4,Facenet512,/content/face_module/dataset_extractedfaces/vggface2_pairs/n000008_0256_01.jpg,/content/face_module/dataset_extractedfaces/vggface2_pairs/n000008_0348_01.jpg,vggface2_pairs,dodging_attack,/home/nadmin/Desktop/updatedattack/results/Facenet512/transfer_attack_similarity_scores_all12_lambda020_limit1000.csv,ArcFace,MI_FGSM,vanilla,0.0217659212648868,ArcFace_MI_FGSM_adv
4,Facenet512,/content/face_module/dataset_extractedfaces/vggface2_pairs/n000008_0256_01.jpg,/content/face_module/dataset_extractedfaces/vggface2_pairs/n000008_0348_01.jpg,vggface2_pairs,dodging_attack,/home/nadmin/Desktop/updatedattack/results/Facenet512/transfer_attack_similarity_scores_all12_lambda020_limit1000.csv,ArcFace,PGD,vanilla,0.0226437430828809,ArcFace_PGD_adv
4,Facenet512,/content/face_module/dataset_extractedfaces/vggface2_pairs/n000008_0256_01.jpg,/content/face_module/dataset_extractedfaces/vggface2_pairs/n000008_0348_01.jpg,vggface2_pairs,dodging_attack,/home/nadmin/Desktop/updatedattack/results/Facenet512/transfer_attack_similarity_scores_all12_lambda020_limit1000.csv,ArcFace,SI_NI_FGSM,vanilla,0.0200745835900306,ArcFace_SI_NI_FGSM_adv
4,Facenet512,/content/face_module/dataset_extractedfaces/vggface2_pairs/n000008_0256_01.jpg,/content/face_module/dataset_extractedfaces/vggface2_pairs/n000008_0348_01.jpg,vggface2_pairs,dodging_attack,/home/nadmin/Desktop/updatedattack/results/Facenet512/transfer_attack_similarity_scores_all12_lambda020_limit1000.csv,ArcFace,TI_FGSM,vanilla,0.0209214575588703,ArcFace_TI_FGSM_adv
4,Facenet512,/content/face_module/dataset_extractedfaces/vggface2_pairs/n000008_0256_01.jpg,/content/face_module/dataset_extractedfaces/vggface2_pairs/n000008_0348_01.jpg,vggface2_pairs,dodging_attack,/home/nadmin/Desktop/updatedattack/results/Facenet512/transfer_attack_similarity_scores_all12_lambda020_limit1000.csv,ArcFace,clean,clean,0.017865490168333,ArcFace_clean
4,Facenet512,/content/face_module/dataset_extractedfaces/vggface2_pairs/n000008_0256_01.jpg,/content/face_module/dataset_extractedfaces/vggface2_pairs/n000008_0348_01.jpg,vggface2_pairs,dodging_attack,/home/nadmin/Desktop/updatedattack/results/Facenet512/transfer_attack_similarity_scores_all12_lambda020_limit1000.csv,Facenet512,clean,clean,0.52094566822052,Facenet512_clean
4,Facenet512,/content/face_module/dataset_extractedfaces/vggface2_pairs/n000008_0256_01.jpg,/content/face_module/dataset_extractedfaces/vggface2_pairs/n000008_0348_01.jpg,vggface2_pairs,dodging_attack,/home/nadmin/Desktop/updatedattack/results/Facenet512/transfer_attack_similarity_scores_all12_lambda020_limit1000.csv,GhostFaceNet,MI_ADMIX_DI_TI,vanilla,0.0231773927807807,GhostFaceNet_MI_ADMIX_DI_TI_adv
4,Facenet512,/content/face_module/dataset_extractedfaces/vggface2_pairs/n000008_0256_01.jpg,/content/face_module/dataset_extractedfaces/vggface2_pairs/n000008_0348_01.jpg,vggface2_pairs,dodging_attack,/home/nadmin/Desktop/updatedattack/results/Facenet512/transfer_attack_similarity_scores_all12_lambda020_limit1000.csv,GhostFaceNet,MI_FGSM,vanilla,0.0141990184783935,GhostFaceNet_MI_FGSM_adv
4,Facenet512,/content/face_module/dataset_extractedfaces/vggface2_pairs/n000008_0256_01.jpg,/content/face_module/dataset_extractedfaces/vggface2_pairs/n000008_0348_01.jpg,vggface2_pairs,dodging_attack,/home/nadmin/Desktop/updatedattack/results/Facenet512/transfer_attack_similarity_scores_all12_lambda020_limit1000.csv,GhostFaceNet,PGD,vanilla,-0.0010098917409777,GhostFaceNet_PGD_adv
4,Facenet512,/content/face_module/dataset_extractedfaces/vggface2_pairs/n000008_0256_01.jpg,/content/face_module/dataset_extractedfaces/vggface2_pairs/n000008_0348_01.jpg,vggface2_pairs,dodging_attack,/home/nadmin/Desktop/updatedattack/results/Facenet512/transfer_attack_similarity_scores_all12_lambda020_limit1000.csv,GhostFaceNet,SI_NI_FGSM,vanilla,0.0111707914620637,GhostFaceNet_SI_NI_FGSM_adv
4,Facenet512,/content/face_module/dataset_extractedfaces/vggface2_pairs/n000008_0256_01.jpg,/content/face_module/dataset_extractedfaces/vggface2_pairs/n000008_0348_01.jpg,vggface2_pairs,dodging_attack,/home/nadmin/Desktop/updatedattack/results/Facenet512/transfer_attack_similarity_scores_all12_lambda020_limit1000.csv,GhostFaceNet,TI_FGSM,vanilla,0.0106631442904472,GhostFaceNet_TI_FGSM_adv
4,Facenet512,/content/face_module/dataset_extractedfaces/vggface2_pairs/n000008_0256_01.jpg,/content/face_module/dataset_extractedfaces/vggface2_pairs/n000008_0348_01.jpg,vggface2_pairs,dodging_attack,/home/nadmin/Desktop/updatedattack/results/Facenet512/transfer_attack_similarity_scores_all12_lambda020_limit1000.csv,GhostFaceNet,clean,clean,0.0382209010422229,GhostFaceNet_clean
4,Facenet512,/content/face_module/dataset_extractedfaces/vggface2_pairs/n000008_0256_01.jpg,/content/face_module/dataset_extractedfaces/vggface2_pairs/n000008_0348_01.jpg,vggface2_pairs,dodging_attack,/home/nadmin/Desktop/updatedattack/results/Facenet512/transfer_attack_similarity_scores_all12_lambda020_limit1000.csv,IR152,MI_ADMIX_DI_TI,vanilla,0.1725721359252929,IR152_MI_ADMIX_DI_TI_adv
4,Facenet512,/content/face_module/dataset_extractedfaces/vggface2_pairs/n000008_0256_01.jpg,/content/face_module/dataset_extractedfaces/vggface2_pairs/n000008_0348_01.jpg,vggface2_pairs,dodging_attack,/home/nadmin/Desktop/updatedattack/results/Facenet512/transfer_attack_similarity_scores_all12_lambda020_limit1000.csv,IR152,MI_FGSM,vanilla,0.1886192262172699,IR152_MI_FGSM_adv
4,Facenet512,/content/face_module/dataset_extractedfaces/vggface2_pairs/n000008_0256_01.jpg,/content/face_module/dataset_extractedfaces/vggface2_pairs/n000008_0348_01.jpg,vggface2_pairs,dodging_attack,/home/nadmin/Desktop/updatedattack/results/Facenet512/transfer_attack_similarity_scores_all12_lambda020_limit1000.csv,IR152,PGD,vanilla,0.2648860216140747,IR152_PGD_adv
4,Facenet512,/content/face_module/dataset_extractedfaces/vggface2_pairs/n000008_0256_01.jpg,/content/face_module/dataset_extractedfaces/vggface2_pairs/n000008_0348_01.jpg,vggface2_pairs,dodging_attack,/home/nadmin/Desktop/updatedattack/results/Facenet512/transfer_attack_similarity_scores_all12_lambda020_limit1000.csv,IR152,SI_NI_FGSM,vanilla,0.1578304022550583,IR152_SI_NI_FGSM_adv
4,Facenet512,/content/face_module/dataset_extractedfaces/vggface2_pairs/n000008_0256_01.jpg,/content/face_module/dataset_extractedfaces/vggface2_pairs/n000008_0348_01.jpg,vggface2_pairs,dodging_attack,/home/nadmin/Desktop/updatedattack/results/Facenet512/transfer_attack_similarity_scores_all12_lambda020_limit1000.csv,IR152,TI_FGSM,vanilla,0.2248018085956573,IR152_TI_FGSM_adv
4,Facenet512,/content/face_module/dataset_extractedfaces/vggface2_pairs/n000008_0256_01.jpg,/content/face_module/dataset_extractedfaces/vggface2_pairs/n000008_0348_01.jpg,vggface2_pairs,dodging_attack,/home/nadmin/Desktop/updatedattack/results/Facenet512/transfer_attack_similarity_scores_all12_lambda020_limit1000.csv,IR152,clean,clean,0.3233869671821594,IR152_clean
4,Facenet512,/content/face_module/dataset_extractedfaces/vggface2_pairs/n000008_0256_01.jpg,/content/face_module/dataset_extractedfaces/vggface2_pairs/n000008_0348_01.jpg,vggface2_pairs,dodging_attack,/home/nadmin/Desktop/updatedattack/results/Facenet512/transfer_attack_similarity_scores_all12_lambda020_limit1000.csv,VGG-Face,MI_ADMIX_DI_TI,vanilla,0.1053664535284042,VGG-Face_MI_ADMIX_DI_TI_adv
4,Facenet512,/content/face_module/dataset_extractedfaces/vggface2_pairs/n000008_0256_01.jpg,/content/face_module/dataset_extractedfaces/vggface2_pairs/n000008_0348_01.jpg,vggface2_pairs,dodging_attack,/home/nadmin/Desktop/updatedattack/results/Facenet512/transfer_attack_similarity_scores_all12_lambda020_limit1000.csv,VGG-Face,MI_FGSM,vanilla,0.125923290848732,VGG-Face_MI_FGSM_adv
4,Facenet512,/content/face_module/dataset_extractedfaces/vggface2_pairs/n000008_0256_01.jpg,/content/face_module/dataset_extractedfaces/vggface2_pairs/n000008_0348_01.jpg,vggface2_pairs,dodging_attack,/home/nadmin/Desktop/updatedattack/results/Facenet512/transfer_attack_similarity_scores_all12_lambda020_limit1000.csv,VGG-Face,PGD,vanilla,0.1607045084238052,VGG-Face_PGD_adv
4,Facenet512,/content/face_module/dataset_extractedfaces/vggface2_pairs/n000008_0256_01.jpg,/content/face_module/dataset_extractedfaces/vggface2_pairs/n000008_0348_01.jpg,vggface2_pairs,dodging_attack,/home/nadmin/Desktop/updatedattack/results/Facenet512/transfer_attack_similarity_scores_all12_lambda020_limit1000.csv,VGG-Face,SI_NI_FGSM,vanilla,0.1289137601852417,VGG-Face_SI_NI_FGSM_adv
4,Facenet512,/content/face_module/dataset_extractedfaces/vggface2_pairs/n000008_0256_01.jpg,/content/face_module/dataset_extractedfaces/vggface2_pairs/n000008_0348_01.jpg,vggface2_pairs,dodging_attack,/home/nadmin/Desktop/updatedattack/results/Facenet512/transfer_attack_similarity_scores_all12_lambda020_limit1000.csv,VGG-Face,TI_FGSM,vanilla,0.1520949006080627,VGG-Face_TI_FGSM_adv
4,Facenet512,/content/face_module/dataset_extractedfaces/vggface2_pairs/n000008_0256_01.jpg,/content/face_module/dataset_extractedfaces/vggface2_pairs/n000008_0348_01.jpg,vggface2_pairs,dodging_attack,/home/nadmin/Desktop/updatedattack/results/Facenet512/transfer_attack_similarity_scores_all12_lambda020_limit1000.csv,VGG-Face,clean,clean,0.1985628455877304,VGG-Face_clean
5,Facenet512,/content/face_module/dataset_extractedfaces/vggface2_pairs/n000004_0204_01.jpg,/content/face_module/dataset_extractedfaces/vggface2_pairs/n000002_0070_01.jpg,vggface2_pairs,impersonation_attack,/home/nadmin/Desktop/updatedattack/results/Facenet512/transfer_attack_similarity_scores_all12_lambda020_limit1000.csv,ArcFace,MI_ADMIX_DI_TI,vanilla,0.0963412076234817,ArcFace_MI_ADMIX_DI_TI_adv
5,Facenet512,/content/face_module/dataset_extractedfaces/vggface2_pairs/n000004_0204_01.jpg,/content/face_module/dataset_extractedfaces/vggface2_pairs/n000002_0070_01.jpg,vggface2_pairs,impersonation_attack,/home/nadmin/Desktop/updatedattack/results/Facenet512/transfer_attack_similarity_scores_all12_lambda020_limit1000.csv,ArcFace,MI_FGSM,vanilla,0.074871689081192,ArcFace_MI_FGSM_adv
5,Facenet512,/content/face_module/dataset_extractedfaces/vggface2_pairs/n000004_0204_01.jpg,/content/face_module/dataset_extractedfaces/vggface2_pairs/n000002_0070_01.jpg,vggface2_pairs,impersonation_attack,/home/nadmin/Desktop/updatedattack/results/Facenet512/transfer_attack_similarity_scores_all12_lambda020_limit1000.csv,ArcFace,PGD,vanilla,0.0186047255992889,ArcFace_PGD_adv
5,Facenet512,/content/face_module/dataset_extractedfaces/vggface2_pairs/n000004_0204_01.jpg,/content/face_module/dataset_extractedfaces/vggface2_pairs/n000002_0070_01.jpg,vggface2_pairs,impersonation_attack,/home/nadmin/Desktop/updatedattack/results/Facenet512/transfer_attack_similarity_scores_all12_lambda020_limit1000.csv,ArcFace,SI_NI_FGSM,vanilla,0.042177814990282,ArcFace_SI_NI_FGSM_adv
5,Facenet512,/content/face_module/dataset_extractedfaces/vggface2_pairs/n000004_0204_01.jpg,/content/face_module/dataset_extractedfaces/vggface2_pairs/n000002_0070_01.jpg,vggface2_pairs,impersonation_attack,/home/nadmin/Desktop/updatedattack/results/Facenet512/transfer_attack_similarity_scores_all12_lambda020_limit1000.csv,ArcFace,TI_FGSM,vanilla,0.0814077258110046,ArcFace_TI_FGSM_adv
5,Facenet512,/content/face_module/dataset_extractedfaces/vggface2_pairs/n000004_0204_01.jpg,/content/face_module/dataset_extractedfaces/vggface2_pairs/n000002_0070_01.jpg,vggface2_pairs,impersonation_attack,/home/nadmin/Desktop/updatedattack/results/Facenet512/transfer_attack_similarity_scores_all12_lambda020_limit1000.csv,ArcFace,clean,clean,0.0034883907064795,ArcFace_clean
5,Facenet512,/content/face_module/dataset_extractedfaces/vggface2_pairs/n000004_0204_01.jpg,/content/face_module/dataset_extractedfaces/vggface2_pairs/n000002_0070_01.jpg,vggface2_pairs,impersonation_attack,/home/nadmin/Desktop/updatedattack/results/Facenet512/transfer_attack_similarity_scores_all12_lambda020_limit1000.csv,Facenet512,clean,clean,-0.0816236436367034,Facenet512_clean
5,Facenet512,/content/face_module/dataset_extractedfaces/vggface2_pairs/n000004_0204_01.jpg,/content/face_module/dataset_extractedfaces/vggface2_pairs/n000002_0070_01.jpg,vggface2_pairs,impersonation_attack,/home/nadmin/Desktop/updatedattack/results/Facenet512/transfer_attack_similarity_scores_all12_lambda020_limit1000.csv,GhostFaceNet,MI_ADMIX_DI_TI,vanilla,0.1666936576366424,GhostFaceNet_MI_ADMIX_DI_TI_adv
5,Facenet512,/content/face_module/dataset_extractedfaces/vggface2_pairs/n000004_0204_01.jpg,/content/face_module/dataset_extractedfaces/vggface2_pairs/n000002_0070_01.jpg,vggface2_pairs,impersonation_attack,/home/nadmin/Desktop/updatedattack/results/Facenet512/transfer_attack_similarity_scores_all12_lambda020_limit1000.csv,GhostFaceNet,MI_FGSM,vanilla,0.1043397858738899,GhostFaceNet_MI_FGSM_adv
5,Facenet512,/content/face_module/dataset_extractedfaces/vggface2_pairs/n000004_0204_01.jpg,/content/face_module/dataset_extractedfaces/vggface2_pairs/n000002_0070_01.jpg,vggface2_pairs,impersonation_attack,/home/nadmin/Desktop/updatedattack/results/Facenet512/transfer_attack_similarity_scores_all12_lambda020_limit1000.csv,GhostFaceNet,PGD,vanilla,0.0739972814917564,GhostFaceNet_PGD_adv
5,Facenet512,/content/face_module/dataset_extractedfaces/vggface2_pairs/n000004_0204_01.jpg,/content/face_module/dataset_extractedfaces/vggface2_pairs/n000002_0070_01.jpg,vggface2_pairs,impersonation_attack,/home/nadmin/Desktop/updatedattack/results/Facenet512/transfer_attack_similarity_scores_all12_lambda020_limit1000.csv,GhostFaceNet,SI_NI_FGSM,vanilla,0.0773553252220153,GhostFaceNet_SI_NI_FGSM_adv
5,Facenet512,/content/face_module/dataset_extractedfaces/vggface2_pairs/n000004_0204_01.jpg,/content/face_module/dataset_extractedfaces/vggface2_pairs/n000002_0070_01.jpg,vggface2_pairs,impersonation_attack,/home/nadmin/Desktop/updatedattack/results/Facenet512/transfer_attack_similarity_scores_all12_lambda020_limit1000.csv,GhostFaceNet,TI_FGSM,vanilla,0.1306729167699813,GhostFaceNet_TI_FGSM_adv
5,Facenet512,/content/face_module/dataset_extractedfaces/vggface2_pairs/n000004_0204_01.jpg,/content/face_module/dataset_extractedfaces/vggface2_pairs/n000002_0070_01.jpg,vggface2_pairs,impersonation_attack,/home/nadmin/Desktop/updatedattack/results/Facenet512/transfer_attack_similarity_scores_all12_lambda020_limit1000.csv,GhostFaceNet,clean,clean,0.1116373091936111,GhostFaceNet_clean
5,Facenet512,/content/face_module/dataset_extractedfaces/vggface2_pairs/n000004_0204_01.jpg,/content/face_module/dataset_extractedfaces/vggface2_pairs/n000002_0070_01.jpg,vggface2_pairs,impersonation_attack,/home/nadmin/Desktop/updatedattack/results/Facenet512/transfer_attack_similarity_scores_all12_lambda020_limit1000.csv,IR152,MI_ADMIX_DI_TI,vanilla,0.0065741203725337,IR152_MI_ADMIX_DI_TI_adv
5,Facenet512,/content/face_module/dataset_extractedfaces/vggface2_pairs/n000004_0204_01.jpg,/content/face_module/dataset_extractedfaces/vggface2_pairs/n000002_0070_01.jpg,vggface2_pairs,impersonation_attack,/home/nadmin/Desktop/updatedattack/results/Facenet512/transfer_attack_similarity_scores_all12_lambda020_limit1000.csv,IR152,MI_FGSM,vanilla,0.0308815613389015,IR152_MI_FGSM_adv
5,Facenet512,/content/face_module/dataset_extractedfaces/vggface2_pairs/n000004_0204_01.jpg,/content/face_module/dataset_extractedfaces/vggface2_pairs/n000002_0070_01.jpg,vggface2_pairs,impersonation_attack,/home/nadmin/Desktop/updatedattack/results/Facenet512/transfer_attack_similarity_scores_all12_lambda020_limit1000.csv,IR152,PGD,vanilla,-0.0257625430822372,IR152_PGD_adv
5,Facenet512,/content/face_module/dataset_extractedfaces/vggface2_pairs/n000004_0204_01.jpg,/content/face_module/dataset_extractedfaces/vggface2_pairs/n000002_0070_01.jpg,vggface2_pairs,impersonation_attack,/home/nadmin/Desktop/updatedattack/results/Facenet512/transfer_attack_similarity_scores_all12_lambda020_limit1000.csv,IR152,SI_NI_FGSM,vanilla,-0.0171135570853948,IR152_SI_NI_FGSM_adv
5,Facenet512,/content/face_module/dataset_extractedfaces/vggface2_pairs/n000004_0204_01.jpg,/content/face_module/dataset_extractedfaces/vggface2_pairs/n000002_0070_01.jpg,vggface2_pairs,impersonation_attack,/home/nadmin/Desktop/updatedattack/results/Facenet512/transfer_attack_similarity_scores_all12_lambda020_limit1000.csv,IR152,TI_FGSM,vanilla,0.0216226205229759,IR152_TI_FGSM_adv
5,Facenet512,/content/face_module/dataset_extractedfaces/vggface2_pairs/n000004_0204_01.jpg,/content/face_module/dataset_extractedfaces/vggface2_pairs/n000002_0070_01.jpg,vggface2_pairs,impersonation_attack,/home/nadmin/Desktop/updatedattack/results/Facenet512/transfer_attack_similarity_scores_all12_lambda020_limit1000.csv,IR152,clean,clean,-0.0258321724832057,IR152_clean
5,Facenet512,/content/face_module/dataset_extractedfaces/vggface2_pairs/n000004_0204_01.jpg,/content/face_module/dataset_extractedfaces/vggface2_pairs/n000002_0070_01.jpg,vggface2_pairs,impersonation_attack,/home/nadmin/Desktop/updatedattack/results/Facenet512/transfer_attack_similarity_scores_all12_lambda020_limit1000.csv,VGG-Face,MI_ADMIX_DI_TI,vanilla,0.0973261147737503,VGG-Face_MI_ADMIX_DI_TI_adv
5,Facenet512,/content/face_module/dataset_extractedfaces/vggface2_pairs/n000004_0204_01.jpg,/content/face_module/dataset_extractedfaces/vggface2_pairs/n000002_0070_01.jpg,vggface2_pairs,impersonation_attack,/home/nadmin/Desktop/updatedattack/results/Facenet512/transfer_attack_similarity_scores_all12_lambda020_limit1000.csv,VGG-Face,MI_FGSM,vanilla,0.1121511533856391,VGG-Face_MI_FGSM_adv
5,Facenet512,/content/face_module/dataset_extractedfaces/vggface2_pairs/n000004_0204_01.jpg,/content/face_module/dataset_extractedfaces/vggface2_pairs/n000002_0070_01.jpg,vggface2_pairs,impersonation_attack,/home/nadmin/Desktop/updatedattack/results/Facenet512/transfer_attack_similarity_scores_all12_lambda020_limit1000.csv,VGG-Face,PGD,vanilla,0.1043781414628028,VGG-Face_PGD_adv
5,Facenet512,/content/face_module/dataset_extractedfaces/vggface2_pairs/n000004_0204_01.jpg,/content/face_module/dataset_extractedfaces/vggface2_pairs/n000002_0070_01.jpg,vggface2_pairs,impersonation_attack,/home/nadmin/Desktop/updatedattack/results/Facenet512/transfer_attack_similarity_scores_all12_lambda020_limit1000.csv,VGG-Face,SI_NI_FGSM,vanilla,0.1065775901079177,VGG-Face_SI_NI_FGSM_adv
5,Facenet512,/content/face_module/dataset_extractedfaces/vggface2_pairs/n000004_0204_01.jpg,/content/face_module/dataset_extractedfaces/vggface2_pairs/n000002_0070_01.jpg,vggface2_pairs,impersonation_attack,/home/nadmin/Desktop/updatedattack/results/Facenet512/transfer_attack_similarity_scores_all12_lambda020_limit1000.csv,VGG-Face,TI_FGSM,vanilla,0.0947251096367836,VGG-Face_TI_FGSM_adv
5,Facenet512,/content/face_module/dataset_extractedfaces/vggface2_pairs/n000004_0204_01.jpg,/content/face_module/dataset_extractedfaces/vggface2_pairs/n000002_0070_01.jpg,vggface2_pairs,impersonation_attack,/home/nadmin/Desktop/updatedattack/results/Facenet512/transfer_attack_similarity_scores_all12_lambda020_limit1000.csv,VGG-Face,clean,clean,0.0456396713852882,VGG-Face_clean
6,Facenet512,/content/face_module/dataset_extractedfaces/lfw_pairs/Luiz Inacio Lula da Silva_7.jpg,/content/face_module/dataset_extractedfaces/lfw_pairs/Luiz Inacio Lula da Silva_8.jpg,lfw_pairs,dodging_attack,/home/nadmin/Desktop/updatedattack/results/Facenet512/transfer_attack_similarity_scores_all12_lambda020_limit1000.csv,ArcFace,MI_ADMIX_DI_TI,vanilla,0.3875483870506286,ArcFace_MI_ADMIX_DI_TI_adv
6,Facenet512,/content/face_module/dataset_extractedfaces/lfw_pairs/Luiz Inacio Lula da Silva_7.jpg,/content/face_module/dataset_extractedfaces/lfw_pairs/Luiz Inacio Lula da Silva_8.jpg,lfw_pairs,dodging_attack,/home/nadmin/Desktop/updatedattack/results/Facenet512/transfer_attack_similarity_scores_all12_lambda020_limit1000.csv,ArcFace,MI_FGSM,vanilla,0.4304955899715423,ArcFace_MI_FGSM_adv
6,Facenet512,/content/face_module/dataset_extractedfaces/lfw_pairs/Luiz Inacio Lula da Silva_7.jpg,/content/face_module/dataset_extractedfaces/lfw_pairs/Luiz Inacio Lula da Silva_8.jpg,lfw_pairs,dodging_attack,/home/nadmin/Desktop/updatedattack/results/Facenet512/transfer_attack_similarity_scores_all12_lambda020_limit1000.csv,ArcFace,PGD,vanilla,0.4868178963661194,ArcFace_PGD_adv
6,Facenet512,/content/face_module/dataset_extractedfaces/lfw_pairs/Luiz Inacio Lula da Silva_7.jpg,/content/face_module/dataset_extractedfaces/lfw_pairs/Luiz Inacio Lula da Silva_8.jpg,lfw_pairs,dodging_attack,/home/nadmin/Desktop/updatedattack/results/Facenet512/transfer_attack_similarity_scores_all12_lambda020_limit1000.csv,ArcFace,SI_NI_FGSM,vanilla,0.3489770591259002,ArcFace_SI_NI_FGSM_adv
6,Facenet512,/content/face_module/dataset_extractedfaces/lfw_pairs/Luiz Inacio Lula da Silva_7.jpg,/content/face_module/dataset_extractedfaces/lfw_pairs/Luiz Inacio Lula da Silva_8.jpg,lfw_pairs,dodging_attack,/home/nadmin/Desktop/updatedattack/results/Facenet512/transfer_attack_similarity_scores_all12_lambda020_limit1000.csv,ArcFace,TI_FGSM,vanilla,0.451259434223175,ArcFace_TI_FGSM_adv
6,Facenet512,/content/face_module/dataset_extractedfaces/lfw_pairs/Luiz Inacio Lula da Silva_7.jpg,/content/face_module/dataset_extractedfaces/lfw_pairs/Luiz Inacio Lula da Silva_8.jpg,lfw_pairs,dodging_attack,/home/nadmin/Desktop/updatedattack/results/Facenet512/transfer_attack_similarity_scores_all12_lambda020_limit1000.csv,ArcFace,clean,clean,0.7488540410995483,ArcFace_clean
6,Facenet512,/content/face_module/dataset_extractedfaces/lfw_pairs/Luiz Inacio Lula da Silva_7.jpg,/content/face_module/dataset_extractedfaces/lfw_pairs/Luiz Inacio Lula da Silva_8.jpg,lfw_pairs,dodging_attack,/home/nadmin/Desktop/updatedattack/results/Facenet512/transfer_attack_similarity_scores_all12_lambda020_limit1000.csv,Facenet512,clean,clean,0.7516776323318481,Facenet512_clean
6,Facenet512,/content/face_module/dataset_extractedfaces/lfw_pairs/Luiz Inacio Lula da Silva_7.jpg,/content/face_module/dataset_extractedfaces/lfw_pairs/Luiz Inacio Lula da Silva_8.jpg,lfw_pairs,dodging_attack,/home/nadmin/Desktop/updatedattack/results/Facenet512/transfer_attack_similarity_scores_all12_lambda020_limit1000.csv,GhostFaceNet,MI_ADMIX_DI_TI,vanilla,0.3785675466060638,GhostFaceNet_MI_ADMIX_DI_TI_adv
6,Facenet512,/content/face_module/dataset_extractedfaces/lfw_pairs/Luiz Inacio Lula da Silva_7.jpg,/content/face_module/dataset_extractedfaces/lfw_pairs/Luiz Inacio Lula da Silva_8.jpg,lfw_pairs,dodging_attack,/home/nadmin/Desktop/updatedattack/results/Facenet512/transfer_attack_similarity_scores_all12_lambda020_limit1000.csv,GhostFaceNet,MI_FGSM,vanilla,0.2418748587369918,GhostFaceNet_MI_FGSM_adv
6,Facenet512,/content/face_module/dataset_extractedfaces/lfw_pairs/Luiz Inacio Lula da Silva_7.jpg,/content/face_module/dataset_extractedfaces/lfw_pairs/Luiz Inacio Lula da Silva_8.jpg,lfw_pairs,dodging_attack,/home/nadmin/Desktop/updatedattack/results/Facenet512/transfer_attack_similarity_scores_all12_lambda020_limit1000.csv,GhostFaceNet,PGD,vanilla,0.2773798704147339,GhostFaceNet_PGD_adv
6,Facenet512,/content/face_module/dataset_extractedfaces/lfw_pairs/Luiz Inacio Lula da Silva_7.jpg,/content/face_module/dataset_extractedfaces/lfw_pairs/Luiz Inacio Lula da Silva_8.jpg,lfw_pairs,dodging_attack,/home/nadmin/Desktop/updatedattack/results/Facenet512/transfer_attack_similarity_scores_all12_lambda020_limit1000.csv,GhostFaceNet,SI_NI_FGSM,vanilla,0.2315934300422668,GhostFaceNet_SI_NI_FGSM_adv
6,Facenet512,/content/face_module/dataset_extractedfaces/lfw_pairs/Luiz Inacio Lula da Silva_7.jpg,/content/face_module/dataset_extractedfaces/lfw_pairs/Luiz Inacio Lula da Silva_8.jpg,lfw_pairs,dodging_attack,/home/nadmin/Desktop/updatedattack/results/Facenet512/transfer_attack_similarity_scores_all12_lambda020_limit1000.csv,GhostFaceNet,TI_FGSM,vanilla,0.3936043381690979,GhostFaceNet_TI_FGSM_adv
6,Facenet512,/content/face_module/dataset_extractedfaces/lfw_pairs/Luiz Inacio Lula da Silva_7.jpg,/content/face_module/dataset_extractedfaces/lfw_pairs/Luiz Inacio Lula da Silva_8.jpg,lfw_pairs,dodging_attack,/home/nadmin/Desktop/updatedattack/results/Facenet512/transfer_attack_similarity_scores_all12_lambda020_limit1000.csv,GhostFaceNet,clean,clean,0.5260540843009949,GhostFaceNet_clean
6,Facenet512,/content/face_module/dataset_extractedfaces/lfw_pairs/Luiz Inacio Lula da Silva_7.jpg,/content/face_module/dataset_extractedfaces/lfw_pairs/Luiz Inacio Lula da Silva_8.jpg,lfw_pairs,dodging_attack,/home/nadmin/Desktop/updatedattack/results/Facenet512/transfer_attack_similarity_scores_all12_lambda020_limit1000.csv,IR152,MI_ADMIX_DI_TI,vanilla,0.2358227968215942,IR152_MI_ADMIX_DI_TI_adv
6,Facenet512,/content/face_module/dataset_extractedfaces/lfw_pairs/Luiz Inacio Lula da Silva_7.jpg,/content/face_module/dataset_extractedfaces/lfw_pairs/Luiz Inacio Lula da Silva_8.jpg,lfw_pairs,dodging_attack,/home/nadmin/Desktop/updatedattack/results/Facenet512/transfer_attack_similarity_scores_all12_lambda020_limit1000.csv,IR152,MI_FGSM,vanilla,0.1434043943881988,IR152_MI_FGSM_adv
6,Facenet512,/content/face_module/dataset_extractedfaces/lfw_pairs/Luiz Inacio Lula da Silva_7.jpg,/content/face_module/dataset_extractedfaces/lfw_pairs/Luiz Inacio Lula da Silva_8.jpg,lfw_pairs,dodging_attack,/home/nadmin/Desktop/updatedattack/results/Facenet512/transfer_attack_similarity_scores_all12_lambda020_limit1000.csv,IR152,PGD,vanilla,0.2405224740505218,IR152_PGD_adv
6,Facenet512,/content/face_module/dataset_extractedfaces/lfw_pairs/Luiz Inacio Lula da Silva_7.jpg,/content/face_module/dataset_extractedfaces/lfw_pairs/Luiz Inacio Lula da Silva_8.jpg,lfw_pairs,dodging_attack,/home/nadmin/Desktop/updatedattack/results/Facenet512/transfer_attack_similarity_scores_all12_lambda020_limit1000.csv,IR152,SI_NI_FGSM,vanilla,0.109704278409481,IR152_SI_NI_FGSM_adv
6,Facenet512,/content/face_module/dataset_extractedfaces/lfw_pairs/Luiz Inacio Lula da Silva_7.jpg,/content/face_module/dataset_extractedfaces/lfw_pairs/Luiz Inacio Lula da Silva_8.jpg,lfw_pairs,dodging_attack,/home/nadmin/Desktop/updatedattack/results/Facenet512/transfer_attack_similarity_scores_all12_lambda020_limit1000.csv,IR152,TI_FGSM,vanilla,0.2339967340230941,IR152_TI_FGSM_adv
6,Facenet512,/content/face_module/dataset_extractedfaces/lfw_pairs/Luiz Inacio Lula da Silva_7.jpg,/content/face_module/dataset_extractedfaces/lfw_pairs/Luiz Inacio Lula da Silva_8.jpg,lfw_pairs,dodging_attack,/home/nadmin/Desktop/updatedattack/results/Facenet512/transfer_attack_similarity_scores_all12_lambda020_limit1000.csv,IR152,clean,clean,0.4096410870552063,IR152_clean
6,Facenet512,/content/face_module/dataset_extractedfaces/lfw_pairs/Luiz Inacio Lula da Silva_7.jpg,/content/face_module/dataset_extractedfaces/lfw_pairs/Luiz Inacio Lula da Silva_8.jpg,lfw_pairs,dodging_attack,/home/nadmin/Desktop/updatedattack/results/Facenet512/transfer_attack_similarity_scores_all12_lambda020_limit1000.csv,VGG-Face,MI_ADMIX_DI_TI,vanilla,0.293069839477539,VGG-Face_MI_ADMIX_DI_TI_adv
6,Facenet512,/content/face_module/dataset_extractedfaces/lfw_pairs/Luiz Inacio Lula da Silva_7.jpg,/content/face_module/dataset_extractedfaces/lfw_pairs/Luiz Inacio Lula da Silva_8.jpg,lfw_pairs,dodging_attack,/home/nadmin/Desktop/updatedattack/results/Facenet512/transfer_attack_similarity_scores_all12_lambda020_limit1000.csv,VGG-Face,MI_FGSM,vanilla,0.2924443483352661,VGG-Face_MI_FGSM_adv
6,Facenet512,/content/face_module/dataset_extractedfaces/lfw_pairs/Luiz Inacio Lula da Silva_7.jpg,/content/face_module/dataset_extractedfaces/lfw_pairs/Luiz Inacio Lula da Silva_8.jpg,lfw_pairs,dodging_attack,/home/nadmin/Desktop/updatedattack/results/Facenet512/transfer_attack_similarity_scores_all12_lambda020_limit1000.csv,VGG-Face,PGD,vanilla,0.3757964968681335,VGG-Face_PGD_adv
6,Facenet512,/content/face_module/dataset_extractedfaces/lfw_pairs/Luiz Inacio Lula da Silva_7.jpg,/content/face_module/dataset_extractedfaces/lfw_pairs/Luiz Inacio Lula da Silva_8.jpg,lfw_pairs,dodging_attack,/home/nadmin/Desktop/updatedattack/results/Facenet512/transfer_attack_similarity_scores_all12_lambda020_limit1000.csv,VGG-Face,SI_NI_FGSM,vanilla,0.2346955686807632,VGG-Face_SI_NI_FGSM_adv
6,Facenet512,/content/face_module/dataset_extractedfaces/lfw_pairs/Luiz Inacio Lula da Silva_7.jpg,/content/face_module/dataset_extractedfaces/lfw_pairs/Luiz Inacio Lula da Silva_8.jpg,lfw_pairs,dodging_attack,/home/nadmin/Desktop/updatedattack/results/Facenet512/transfer_attack_similarity_scores_all12_lambda020_limit1000.csv,VGG-Face,TI_FGSM,vanilla,0.2826029062271118,VGG-Face_TI_FGSM_adv
6,Facenet512,/content/face_module/dataset_extractedfaces/lfw_pairs/Luiz Inacio Lula da Silva_7.jpg,/content/face_module/dataset_extractedfaces/lfw_pairs/Luiz Inacio Lula da Silva_8.jpg,lfw_pairs,dodging_attack,/home/nadmin/Desktop/updatedattack/results/Facenet512/transfer_attack_similarity_scores_all12_lambda020_limit1000.csv,VGG-Face,clean,clean,0.5950594544410706,VGG-Face_clean
7,Facenet512,/content/face_module/dataset_extractedfaces/vggface2_pairs/n000010_0058_01.jpg,/content/face_module/dataset_extractedfaces/vggface2_pairs/n000010_0081_01.jpg,vggface2_pairs,dodging_attack,/home/nadmin/Desktop/updatedattack/results/Facenet512/transfer_attack_similarity_scores_all12_lambda020_limit1000.csv,ArcFace,MI_ADMIX_DI_TI,vanilla,0.4107033610343933,ArcFace_MI_ADMIX_DI_TI_adv
7,Facenet512,/content/face_module/dataset_extractedfaces/vggface2_pairs/n000010_0058_01.jpg,/content/face_module/dataset_extractedfaces/vggface2_pairs/n000010_0081_01.jpg,vggface2_pairs,dodging_attack,/home/nadmin/Desktop/updatedattack/results/Facenet512/transfer_attack_similarity_scores_all12_lambda020_limit1000.csv,ArcFace,MI_FGSM,vanilla,0.318214476108551,ArcFace_MI_FGSM_adv
7,Facenet512,/content/face_module/dataset_extractedfaces/vggface2_pairs/n000010_0058_01.jpg,/content/face_module/dataset_extractedfaces/vggface2_pairs/n000010_0081_01.jpg,vggface2_pairs,dodging_attack,/home/nadmin/Desktop/updatedattack/results/Facenet512/transfer_attack_similarity_scores_all12_lambda020_limit1000.csv,ArcFace,PGD,vanilla,0.3974970579147339,ArcFace_PGD_adv
7,Facenet512,/content/face_module/dataset_extractedfaces/vggface2_pairs/n000010_0058_01.jpg,/content/face_module/dataset_extractedfaces/vggface2_pairs/n000010_0081_01.jpg,vggface2_pairs,dodging_attack,/home/nadmin/Desktop/updatedattack/results/Facenet512/transfer_attack_similarity_scores_all12_lambda020_limit1000.csv,ArcFace,SI_NI_FGSM,vanilla,0.3750670850276947,ArcFace_SI_NI_FGSM_adv
7,Facenet512,/content/face_module/dataset_extractedfaces/vggface2_pairs/n000010_0058_01.jpg,/content/face_module/dataset_extractedfaces/vggface2_pairs/n000010_0081_01.jpg,vggface2_pairs,dodging_attack,/home/nadmin/Desktop/updatedattack/results/Facenet512/transfer_attack_similarity_scores_all12_lambda020_limit1000.csv,ArcFace,TI_FGSM,vanilla,0.4503252804279327,ArcFace_TI_FGSM_adv
7,Facenet512,/content/face_module/dataset_extractedfaces/vggface2_pairs/n000010_0058_01.jpg,/content/face_module/dataset_extractedfaces/vggface2_pairs/n000010_0081_01.jpg,vggface2_pairs,dodging_attack,/home/nadmin/Desktop/updatedattack/results/Facenet512/transfer_attack_similarity_scores_all12_lambda020_limit1000.csv,ArcFace,clean,clean,0.6302404403686523,ArcFace_clean
7,Facenet512,/content/face_module/dataset_extractedfaces/vggface2_pairs/n000010_0058_01.jpg,/content/face_module/dataset_extractedfaces/vggface2_pairs/n000010_0081_01.jpg,vggface2_pairs,dodging_attack,/home/nadmin/Desktop/updatedattack/results/Facenet512/transfer_attack_similarity_scores_all12_lambda020_limit1000.csv,Facenet512,clean,clean,0.6818405389785767,Facenet512_clean
7,Facenet512,/content/face_module/dataset_extractedfaces/vggface2_pairs/n000010_0058_01.jpg,/content/face_module/dataset_extractedfaces/vggface2_pairs/n000010_0081_01.jpg,vggface2_pairs,dodging_attack,/home/nadmin/Desktop/updatedattack/results/Facenet512/transfer_attack_similarity_scores_all12_lambda020_limit1000.csv,GhostFaceNet,MI_ADMIX_DI_TI,vanilla,0.1418585181236267,GhostFaceNet_MI_ADMIX_DI_TI_adv
7,Facenet512,/content/face_module/dataset_extractedfaces/vggface2_pairs/n000010_0058_01.jpg,/content/face_module/dataset_extractedfaces/vggface2_pairs/n000010_0081_01.jpg,vggface2_pairs,dodging_attack,/home/nadmin/Desktop/updatedattack/results/Facenet512/transfer_attack_similarity_scores_all12_lambda020_limit1000.csv,GhostFaceNet,MI_FGSM,vanilla,0.1003211289644241,GhostFaceNet_MI_FGSM_adv
7,Facenet512,/content/face_module/dataset_extractedfaces/vggface2_pairs/n000010_0058_01.jpg,/content/face_module/dataset_extractedfaces/vggface2_pairs/n000010_0081_01.jpg,vggface2_pairs,dodging_attack,/home/nadmin/Desktop/updatedattack/results/Facenet512/transfer_attack_similarity_scores_all12_lambda020_limit1000.csv,GhostFaceNet,PGD,vanilla,0.1583482027053833,GhostFaceNet_PGD_adv
7,Facenet512,/content/face_module/dataset_extractedfaces/vggface2_pairs/n000010_0058_01.jpg,/content/face_module/dataset_extractedfaces/vggface2_pairs/n000010_0081_01.jpg,vggface2_pairs,dodging_attack,/home/nadmin/Desktop/updatedattack/results/Facenet512/transfer_attack_similarity_scores_all12_lambda020_limit1000.csv,GhostFaceNet,SI_NI_FGSM,vanilla,0.114299900829792,GhostFaceNet_SI_NI_FGSM_adv
7,Facenet512,/content/face_module/dataset_extractedfaces/vggface2_pairs/n000010_0058_01.jpg,/content/face_module/dataset_extractedfaces/vggface2_pairs/n000010_0081_01.jpg,vggface2_pairs,dodging_attack,/home/nadmin/Desktop/updatedattack/results/Facenet512/transfer_attack_similarity_scores_all12_lambda020_limit1000.csv,GhostFaceNet,TI_FGSM,vanilla,0.2021898925304412,GhostFaceNet_TI_FGSM_adv
7,Facenet512,/content/face_module/dataset_extractedfaces/vggface2_pairs/n000010_0058_01.jpg,/content/face_module/dataset_extractedfaces/vggface2_pairs/n000010_0081_01.jpg,vggface2_pairs,dodging_attack,/home/nadmin/Desktop/updatedattack/results/Facenet512/transfer_attack_similarity_scores_all12_lambda020_limit1000.csv,GhostFaceNet,clean,clean,0.3731428980827331,GhostFaceNet_clean
7,Facenet512,/content/face_module/dataset_extractedfaces/vggface2_pairs/n000010_0058_01.jpg,/content/face_module/dataset_extractedfaces/vggface2_pairs/n000010_0081_01.jpg,vggface2_pairs,dodging_attack,/home/nadmin/Desktop/updatedattack/results/Facenet512/transfer_attack_similarity_scores_all12_lambda020_limit1000.csv,IR152,MI_ADMIX_DI_TI,vanilla,0.2826455235481262,IR152_MI_ADMIX_DI_TI_adv
7,Facenet512,/content/face_module/dataset_extractedfaces/vggface2_pairs/n000010_0058_01.jpg,/content/face_module/dataset_extractedfaces/vggface2_pairs/n000010_0081_01.jpg,vggface2_pairs,dodging_attack,/home/nadmin/Desktop/updatedattack/results/Facenet512/transfer_attack_similarity_scores_all12_lambda020_limit1000.csv,IR152,MI_FGSM,vanilla,0.2920616865158081,IR152_MI_FGSM_adv
7,Facenet512,/content/face_module/dataset_extractedfaces/vggface2_pairs/n000010_0058_01.jpg,/content/face_module/dataset_extractedfaces/vggface2_pairs/n000010_0081_01.jpg,vggface2_pairs,dodging_attack,/home/nadmin/Desktop/updatedattack/results/Facenet512/transfer_attack_similarity_scores_all12_lambda020_limit1000.csv,IR152,PGD,vanilla,0.3769178986549377,IR152_PGD_adv
7,Facenet512,/content/face_module/dataset_extractedfaces/vggface2_pairs/n000010_0058_01.jpg,/content/face_module/dataset_extractedfaces/vggface2_pairs/n000010_0081_01.jpg,vggface2_pairs,dodging_attack,/home/nadmin/Desktop/updatedattack/results/Facenet512/transfer_attack_similarity_scores_all12_lambda020_limit1000.csv,IR152,SI_NI_FGSM,vanilla,0.2732251286506653,IR152_SI_NI_FGSM_adv
7,Facenet512,/content/face_module/dataset_extractedfaces/vggface2_pairs/n000010_0058_01.jpg,/content/face_module/dataset_extractedfaces/vggface2_pairs/n000010_0081_01.jpg,vggface2_pairs,dodging_attack,/home/nadmin/Desktop/updatedattack/results/Facenet512/transfer_attack_similarity_scores_all12_lambda020_limit1000.csv,IR152,TI_FGSM,vanilla,0.3534604907035827,IR152_TI_FGSM_adv
7,Facenet512,/content/face_module/dataset_extractedfaces/vggface2_pairs/n000010_0058_01.jpg,/content/face_module/dataset_extractedfaces/vggface2_pairs/n000010_0081_01.jpg,vggface2_pairs,dodging_attack,/home/nadmin/Desktop/updatedattack/results/Facenet512/transfer_attack_similarity_scores_all12_lambda020_limit1000.csv,IR152,clean,clean,0.6537520885467529,IR152_clean
7,Facenet512,/content/face_module/dataset_extractedfaces/vggface2_pairs/n000010_0058_01.jpg,/content/face_module/dataset_extractedfaces/vggface2_pairs/n000010_0081_01.jpg,vggface2_pairs,dodging_attack,/home/nadmin/Desktop/updatedattack/results/Facenet512/transfer_attack_similarity_scores_all12_lambda020_limit1000.csv,VGG-Face,MI_ADMIX_DI_TI,vanilla,0.1803290843963623,VGG-Face_MI_ADMIX_DI_TI_adv
7,Facenet512,/content/face_module/dataset_extractedfaces/vggface2_pairs/n000010_0058_01.jpg,/content/face_module/dataset_extractedfaces/vggface2_pairs/n000010_0081_01.jpg,vggface2_pairs,dodging_attack,/home/nadmin/Desktop/updatedattack/results/Facenet512/transfer_attack_similarity_scores_all12_lambda020_limit1000.csv,VGG-Face,MI_FGSM,vanilla,0.1402514427900314,VGG-Face_MI_FGSM_adv
7,Facenet512,/content/face_module/dataset_extractedfaces/vggface2_pairs/n000010_0058_01.jpg,/content/face_module/dataset_extractedfaces/vggface2_pairs/n000010_0081_01.jpg,vggface2_pairs,dodging_attack,/home/nadmin/Desktop/updatedattack/results/Facenet512/transfer_attack_similarity_scores_all12_lambda020_limit1000.csv,VGG-Face,PGD,vanilla,0.1807842552661895,VGG-Face_PGD_adv
7,Facenet512,/content/face_module/dataset_extractedfaces/vggface2_pairs/n000010_0058_01.jpg,/content/face_module/dataset_extractedfaces/vggface2_pairs/n000010_0081_01.jpg,vggface2_pairs,dodging_attack,/home/nadmin/Desktop/updatedattack/results/Facenet512/transfer_attack_similarity_scores_all12_lambda020_limit1000.csv,VGG-Face,SI_NI_FGSM,vanilla,0.1837675869464874,VGG-Face_SI_NI_FGSM_adv
7,Facenet512,/content/face_module/dataset_extractedfaces/vggface2_pairs/n000010_0058_01.jpg,/content/face_module/dataset_extractedfaces/vggface2_pairs/n000010_0081_01.jpg,vggface2_pairs,dodging_attack,/home/nadmin/Desktop/updatedattack/results/Facenet512/transfer_attack_similarity_scores_all12_lambda020_limit1000.csv,VGG-Face,TI_FGSM,vanilla,0.2133199870586395,VGG-Face_TI_FGSM_adv
7,Facenet512,/content/face_module/dataset_extractedfaces/vggface2_pairs/n000010_0058_01.jpg,/content/face_module/dataset_extractedfaces/vggface2_pairs/n000010_0081_01.jpg,vggface2_pairs,dodging_attack,/home/nadmin/Desktop/updatedattack/results/Facenet512/transfer_attack_similarity_scores_all12_lambda020_limit1000.csv,VGG-Face,clean,clean,0.3336468935012817,VGG-Face_clean
8,Facenet512,/content/face_module/dataset_extractedfaces/celeba_pairs/023666.jpg,/content/face_module/dataset_extractedfaces/celeba_pairs/010959.jpg,celeba_pairs,impersonation_attack,/home/nadmin/Desktop/updatedattack/results/Facenet512/transfer_attack_similarity_scores_all12_lambda020_limit1000.csv,ArcFace,MI_ADMIX_DI_TI,vanilla,0.3368533849716186,ArcFace_MI_ADMIX_DI_TI_adv
8,Facenet512,/content/face_module/dataset_extractedfaces/celeba_pairs/023666.jpg,/content/face_module/dataset_extractedfaces/celeba_pairs/010959.jpg,celeba_pairs,impersonation_attack,/home/nadmin/Desktop/updatedattack/results/Facenet512/transfer_attack_similarity_scores_all12_lambda020_limit1000.csv,ArcFace,MI_FGSM,vanilla,0.3230743408203125,ArcFace_MI_FGSM_adv
8,Facenet512,/content/face_module/dataset_extractedfaces/celeba_pairs/023666.jpg,/content/face_module/dataset_extractedfaces/celeba_pairs/010959.jpg,celeba_pairs,impersonation_attack,/home/nadmin/Desktop/updatedattack/results/Facenet512/transfer_attack_similarity_scores_all12_lambda020_limit1000.csv,ArcFace,PGD,vanilla,0.335359513759613,ArcFace_PGD_adv
8,Facenet512,/content/face_module/dataset_extractedfaces/celeba_pairs/023666.jpg,/content/face_module/dataset_extractedfaces/celeba_pairs/010959.jpg,celeba_pairs,impersonation_attack,/home/nadmin/Desktop/updatedattack/results/Facenet512/transfer_attack_similarity_scores_all12_lambda020_limit1000.csv,ArcFace,SI_NI_FGSM,vanilla,0.4099837839603424,ArcFace_SI_NI_FGSM_adv
8,Facenet512,/content/face_module/dataset_extractedfaces/celeba_pairs/023666.jpg,/content/face_module/dataset_extractedfaces/celeba_pairs/010959.jpg,celeba_pairs,impersonation_attack,/home/nadmin/Desktop/updatedattack/results/Facenet512/transfer_attack_similarity_scores_all12_lambda020_limit1000.csv,ArcFace,TI_FGSM,vanilla,0.3215296268463135,ArcFace_TI_FGSM_adv
8,Facenet512,/content/face_module/dataset_extractedfaces/celeba_pairs/023666.jpg,/content/face_module/dataset_extractedfaces/celeba_pairs/010959.jpg,celeba_pairs,impersonation_attack,/home/nadmin/Desktop/updatedattack/results/Facenet512/transfer_attack_similarity_scores_all12_lambda020_limit1000.csv,ArcFace,clean,clean,0.1708459556102752,ArcFace_clean
8,Facenet512,/content/face_module/dataset_extractedfaces/celeba_pairs/023666.jpg,/content/face_module/dataset_extractedfaces/celeba_pairs/010959.jpg,celeba_pairs,impersonation_attack,/home/nadmin/Desktop/updatedattack/results/Facenet512/transfer_attack_similarity_scores_all12_lambda020_limit1000.csv,Facenet512,clean,clean,-0.2507398426532745,Facenet512_clean
8,Facenet512,/content/face_module/dataset_extractedfaces/celeba_pairs/023666.jpg,/content/face_module/dataset_extractedfaces/celeba_pairs/010959.jpg,celeba_pairs,impersonation_attack,/home/nadmin/Desktop/updatedattack/results/Facenet512/transfer_attack_similarity_scores_all12_lambda020_limit1000.csv,GhostFaceNet,MI_ADMIX_DI_TI,vanilla,0.3058821260929107,GhostFaceNet_MI_ADMIX_DI_TI_adv
8,Facenet512,/content/face_module/dataset_extractedfaces/celeba_pairs/023666.jpg,/content/face_module/dataset_extractedfaces/celeba_pairs/010959.jpg,celeba_pairs,impersonation_attack,/home/nadmin/Desktop/updatedattack/results/Facenet512/transfer_attack_similarity_scores_all12_lambda020_limit1000.csv,GhostFaceNet,MI_FGSM,vanilla,0.2373840808868408,GhostFaceNet_MI_FGSM_adv
8,Facenet512,/content/face_module/dataset_extractedfaces/celeba_pairs/023666.jpg,/content/face_module/dataset_extractedfaces/celeba_pairs/010959.jpg,celeba_pairs,impersonation_attack,/home/nadmin/Desktop/updatedattack/results/Facenet512/transfer_attack_similarity_scores_all12_lambda020_limit1000.csv,GhostFaceNet,PGD,vanilla,0.1635560989379882,GhostFaceNet_PGD_adv
8,Facenet512,/content/face_module/dataset_extractedfaces/celeba_pairs/023666.jpg,/content/face_module/dataset_extractedfaces/celeba_pairs/010959.jpg,celeba_pairs,impersonation_attack,/home/nadmin/Desktop/updatedattack/results/Facenet512/transfer_attack_similarity_scores_all12_lambda020_limit1000.csv,GhostFaceNet,SI_NI_FGSM,vanilla,0.2483340948820114,GhostFaceNet_SI_NI_FGSM_adv
8,Facenet512,/content/face_module/dataset_extractedfaces/celeba_pairs/023666.jpg,/content/face_module/dataset_extractedfaces/celeba_pairs/010959.jpg,celeba_pairs,impersonation_attack,/home/nadmin/Desktop/updatedattack/results/Facenet512/transfer_attack_similarity_scores_all12_lambda020_limit1000.csv,GhostFaceNet,TI_FGSM,vanilla,0.2554053664207458,GhostFaceNet_TI_FGSM_adv
8,Facenet512,/content/face_module/dataset_extractedfaces/celeba_pairs/023666.jpg,/content/face_module/dataset_extractedfaces/celeba_pairs/010959.jpg,celeba_pairs,impersonation_attack,/home/nadmin/Desktop/updatedattack/results/Facenet512/transfer_attack_similarity_scores_all12_lambda020_limit1000.csv,GhostFaceNet,clean,clean,-0.0084188310429453,GhostFaceNet_clean
8,Facenet512,/content/face_module/dataset_extractedfaces/celeba_pairs/023666.jpg,/content/face_module/dataset_extractedfaces/celeba_pairs/010959.jpg,celeba_pairs,impersonation_attack,/home/nadmin/Desktop/updatedattack/results/Facenet512/transfer_attack_similarity_scores_all12_lambda020_limit1000.csv,IR152,MI_ADMIX_DI_TI,vanilla,0.0040351618081331,IR152_MI_ADMIX_DI_TI_adv
8,Facenet512,/content/face_module/dataset_extractedfaces/celeba_pairs/023666.jpg,/content/face_module/dataset_extractedfaces/celeba_pairs/010959.jpg,celeba_pairs,impersonation_attack,/home/nadmin/Desktop/updatedattack/results/Facenet512/transfer_attack_similarity_scores_all12_lambda020_limit1000.csv,IR152,MI_FGSM,vanilla,0.0676063671708107,IR152_MI_FGSM_adv
8,Facenet512,/content/face_module/dataset_extractedfaces/celeba_pairs/023666.jpg,/content/face_module/dataset_extractedfaces/celeba_pairs/010959.jpg,celeba_pairs,impersonation_attack,/home/nadmin/Desktop/updatedattack/results/Facenet512/transfer_attack_similarity_scores_all12_lambda020_limit1000.csv,IR152,PGD,vanilla,0.0331917516887187,IR152_PGD_adv
8,Facenet512,/content/face_module/dataset_extractedfaces/celeba_pairs/023666.jpg,/content/face_module/dataset_extractedfaces/celeba_pairs/010959.jpg,celeba_pairs,impersonation_attack,/home/nadmin/Desktop/updatedattack/results/Facenet512/transfer_attack_similarity_scores_all12_lambda020_limit1000.csv,IR152,SI_NI_FGSM,vanilla,0.1154214590787887,IR152_SI_NI_FGSM_adv
8,Facenet512,/content/face_module/dataset_extractedfaces/celeba_pairs/023666.jpg,/content/face_module/dataset_extractedfaces/celeba_pairs/010959.jpg,celeba_pairs,impersonation_attack,/home/nadmin/Desktop/updatedattack/results/Facenet512/transfer_attack_similarity_scores_all12_lambda020_limit1000.csv,IR152,TI_FGSM,vanilla,-0.0381323620676994,IR152_TI_FGSM_adv
8,Facenet512,/content/face_module/dataset_extractedfaces/celeba_pairs/023666.jpg,/content/face_module/dataset_extractedfaces/celeba_pairs/010959.jpg,celeba_pairs,impersonation_attack,/home/nadmin/Desktop/updatedattack/results/Facenet512/transfer_attack_similarity_scores_all12_lambda020_limit1000.csv,IR152,clean,clean,0.0581048615276813,IR152_clean
8,Facenet512,/content/face_module/dataset_extractedfaces/celeba_pairs/023666.jpg,/content/face_module/dataset_extractedfaces/celeba_pairs/010959.jpg,celeba_pairs,impersonation_attack,/home/nadmin/Desktop/updatedattack/results/Facenet512/transfer_attack_similarity_scores_all12_lambda020_limit1000.csv,VGG-Face,MI_ADMIX_DI_TI,vanilla,0.1978933215141296,VGG-Face_MI_ADMIX_DI_TI_adv
8,Facenet512,/content/face_module/dataset_extractedfaces/celeba_pairs/023666.jpg,/content/face_module/dataset_extractedfaces/celeba_pairs/010959.jpg,celeba_pairs,impersonation_attack,/home/nadmin/Desktop/updatedattack/results/Facenet512/transfer_attack_similarity_scores_all12_lambda020_limit1000.csv,VGG-Face,MI_FGSM,vanilla,0.1966717988252639,VGG-Face_MI_FGSM_adv
8,Facenet512,/content/face_module/dataset_extractedfaces/celeba_pairs/023666.jpg,/content/face_module/dataset_extractedfaces/celeba_pairs/010959.jpg,celeba_pairs,impersonation_attack,/home/nadmin/Desktop/updatedattack/results/Facenet512/transfer_attack_similarity_scores_all12_lambda020_limit1000.csv,VGG-Face,PGD,vanilla,0.1643693745136261,VGG-Face_PGD_adv
8,Facenet512,/content/face_module/dataset_extractedfaces/celeba_pairs/023666.jpg,/content/face_module/dataset_extractedfaces/celeba_pairs/010959.jpg,celeba_pairs,impersonation_attack,/home/nadmin/Desktop/updatedattack/results/Facenet512/transfer_attack_similarity_scores_all12_lambda020_limit1000.csv,VGG-Face,SI_NI_FGSM,vanilla,0.2208763659000396,VGG-Face_SI_NI_FGSM_adv
8,Facenet512,/content/face_module/dataset_extractedfaces/celeba_pairs/023666.jpg,/content/face_module/dataset_extractedfaces/celeba_pairs/010959.jpg,celeba_pairs,impersonation_attack,/home/nadmin/Desktop/updatedattack/results/Facenet512/transfer_attack_similarity_scores_all12_lambda020_limit1000.csv,VGG-Face,TI_FGSM,vanilla,0.1510522365570068,VGG-Face_TI_FGSM_adv
8,Facenet512,/content/face_module/dataset_extractedfaces/celeba_pairs/023666.jpg,/content/face_module/dataset_extractedfaces/celeba_pairs/010959.jpg,celeba_pairs,impersonation_attack,/home/nadmin/Desktop/updatedattack/results/Facenet512/transfer_attack_similarity_scores_all12_lambda020_limit1000.csv,VGG-Face,clean,clean,0.0741820037364959,VGG-Face_clean
9,Facenet512,/content/face_module/dataset_extractedfaces/lfw_pairs/Colin Powell_75.jpg,/content/face_module/dataset_extractedfaces/lfw_pairs/Colin Powell_76.jpg,lfw_pairs,dodging_attack,/home/nadmin/Desktop/updatedattack/results/Facenet512/transfer_attack_similarity_scores_all12_lambda020_limit1000.csv,ArcFace,MI_ADMIX_DI_TI,vanilla,0.1823132932186126,ArcFace_MI_ADMIX_DI_TI_adv
9,Facenet512,/content/face_module/dataset_extractedfaces/lfw_pairs/Colin Powell_75.jpg,/content/face_module/dataset_extractedfaces/lfw_pairs/Colin Powell_76.jpg,lfw_pairs,dodging_attack,/home/nadmin/Desktop/updatedattack/results/Facenet512/transfer_attack_similarity_scores_all12_lambda020_limit1000.csv,ArcFace,MI_FGSM,vanilla,0.1183449998497963,ArcFace_MI_FGSM_adv
9,Facenet512,/content/face_module/dataset_extractedfaces/lfw_pairs/Colin Powell_75.jpg,/content/face_module/dataset_extractedfaces/lfw_pairs/Colin Powell_76.jpg,lfw_pairs,dodging_attack,/home/nadmin/Desktop/updatedattack/results/Facenet512/transfer_attack_similarity_scores_all12_lambda020_limit1000.csv,ArcFace,PGD,vanilla,0.1207016929984092,ArcFace_PGD_adv
9,Facenet512,/content/face_module/dataset_extractedfaces/lfw_pairs/Colin Powell_75.jpg,/content/face_module/dataset_extractedfaces/lfw_pairs/Colin Powell_76.jpg,lfw_pairs,dodging_attack,/home/nadmin/Desktop/updatedattack/results/Facenet512/transfer_attack_similarity_scores_all12_lambda020_limit1000.csv,ArcFace,SI_NI_FGSM,vanilla,0.0193999148905277,ArcFace_SI_NI_FGSM_adv
9,Facenet512,/content/face_module/dataset_extractedfaces/lfw_pairs/Colin Powell_75.jpg,/content/face_module/dataset_extractedfaces/lfw_pairs/Colin Powell_76.jpg,lfw_pairs,dodging_attack,/home/nadmin/Desktop/updatedattack/results/Facenet512/transfer_attack_similarity_scores_all12_lambda020_limit1000.csv,ArcFace,TI_FGSM,vanilla,0.190603569149971,ArcFace_TI_FGSM_adv
9,Facenet512,/content/face_module/dataset_extractedfaces/lfw_pairs/Colin Powell_75.jpg,/content/face_module/dataset_extractedfaces/lfw_pairs/Colin Powell_76.jpg,lfw_pairs,dodging_attack,/home/nadmin/Desktop/updatedattack/results/Facenet512/transfer_attack_similarity_scores_all12_lambda020_limit1000.csv,ArcFace,clean,clean,0.2683088183403015,ArcFace_clean
9,Facenet512,/content/face_module/dataset_extractedfaces/lfw_pairs/Colin Powell_75.jpg,/content/face_module/dataset_extractedfaces/lfw_pairs/Colin Powell_76.jpg,lfw_pairs,dodging_attack,/home/nadmin/Desktop/updatedattack/results/Facenet512/transfer_attack_similarity_scores_all12_lambda020_limit1000.csv,Facenet512,clean,clean,0.8218121528625488,Facenet512_clean
9,Facenet512,/content/face_module/dataset_extractedfaces/lfw_pairs/Colin Powell_75.jpg,/content/face_module/dataset_extractedfaces/lfw_pairs/Colin Powell_76.jpg,lfw_pairs,dodging_attack,/home/nadmin/Desktop/updatedattack/results/Facenet512/transfer_attack_similarity_scores_all12_lambda020_limit1000.csv,GhostFaceNet,MI_ADMIX_DI_TI,vanilla,0.1440584063529968,GhostFaceNet_MI_ADMIX_DI_TI_adv
9,Facenet512,/content/face_module/dataset_extractedfaces/lfw_pairs/Colin Powell_75.jpg,/content/face_module/dataset_extractedfaces/lfw_pairs/Colin Powell_76.jpg,lfw_pairs,dodging_attack,/home/nadmin/Desktop/updatedattack/results/Facenet512/transfer_attack_similarity_scores_all12_lambda020_limit1000.csv,GhostFaceNet,MI_FGSM,vanilla,0.2705525159835815,GhostFaceNet_MI_FGSM_adv
9,Facenet512,/content/face_module/dataset_extractedfaces/lfw_pairs/Colin Powell_75.jpg,/content/face_module/dataset_extractedfaces/lfw_pairs/Colin Powell_76.jpg,lfw_pairs,dodging_attack,/home/nadmin/Desktop/updatedattack/results/Facenet512/transfer_attack_similarity_scores_all12_lambda020_limit1000.csv,GhostFaceNet,PGD,vanilla,0.2865147590637207,GhostFaceNet_PGD_adv
9,Facenet512,/content/face_module/dataset_extractedfaces/lfw_pairs/Colin Powell_75.jpg,/content/face_module/dataset_extractedfaces/lfw_pairs/Colin Powell_76.jpg,lfw_pairs,dodging_attack,/home/nadmin/Desktop/updatedattack/results/Facenet512/transfer_attack_similarity_scores_all12_lambda020_limit1000.csv,GhostFaceNet,SI_NI_FGSM,vanilla,0.2015035450458526,GhostFaceNet_SI_NI_FGSM_adv
9,Facenet512,/content/face_module/dataset_extractedfaces/lfw_pairs/Colin Powell_75.jpg,/content/face_module/dataset_extractedfaces/lfw_pairs/Colin Powell_76.jpg,lfw_pairs,dodging_attack,/home/nadmin/Desktop/updatedattack/results/Facenet512/transfer_attack_similarity_scores_all12_lambda020_limit1000.csv,GhostFaceNet,TI_FGSM,vanilla,0.1588200330734253,GhostFaceNet_TI_FGSM_adv
9,Facenet512,/content/face_module/dataset_extractedfaces/lfw_pairs/Colin Powell_75.jpg,/content/face_module/dataset_extractedfaces/lfw_pairs/Colin Powell_76.jpg,lfw_pairs,dodging_attack,/home/nadmin/Desktop/updatedattack/results/Facenet512/transfer_attack_similarity_scores_all12_lambda020_limit1000.csv,GhostFaceNet,clean,clean,0.1963736414909362,GhostFaceNet_clean
9,Facenet512,/content/face_module/dataset_extractedfaces/lfw_pairs/Colin Powell_75.jpg,/content/face_module/dataset_extractedfaces/lfw_pairs/Colin Powell_76.jpg,lfw_pairs,dodging_attack,/home/nadmin/Desktop/updatedattack/results/Facenet512/transfer_attack_similarity_scores_all12_lambda020_limit1000.csv,IR152,MI_ADMIX_DI_TI,vanilla,0.3761278986930847,IR152_MI_ADMIX_DI_TI_adv
9,Facenet512,/content/face_module/dataset_extractedfaces/lfw_pairs/Colin Powell_75.jpg,/content/face_module/dataset_extractedfaces/lfw_pairs/Colin Powell_76.jpg,lfw_pairs,dodging_attack,/home/nadmin/Desktop/updatedattack/results/Facenet512/transfer_attack_similarity_scores_all12_lambda020_limit1000.csv,IR152,MI_FGSM,vanilla,0.3127066195011139,IR152_MI_FGSM_adv
9,Facenet512,/content/face_module/dataset_extractedfaces/lfw_pairs/Colin Powell_75.jpg,/content/face_module/dataset_extractedfaces/lfw_pairs/Colin Powell_76.jpg,lfw_pairs,dodging_attack,/home/nadmin/Desktop/updatedattack/results/Facenet512/transfer_attack_similarity_scores_all12_lambda020_limit1000.csv,IR152,PGD,vanilla,0.4430444836616516,IR152_PGD_adv
9,Facenet512,/content/face_module/dataset_extractedfaces/lfw_pairs/Colin Powell_75.jpg,/content/face_module/dataset_extractedfaces/lfw_pairs/Colin Powell_76.jpg,lfw_pairs,dodging_attack,/home/nadmin/Desktop/updatedattack/results/Facenet512/transfer_attack_similarity_scores_all12_lambda020_limit1000.csv,IR152,SI_NI_FGSM,vanilla,0.2488592863082885,IR152_SI_NI_FGSM_adv
9,Facenet512,/content/face_module/dataset_extractedfaces/lfw_pairs/Colin Powell_75.jpg,/content/face_module/dataset_extractedfaces/lfw_pairs/Colin Powell_76.jpg,lfw_pairs,dodging_attack,/home/nadmin/Desktop/updatedattack/results/Facenet512/transfer_attack_similarity_scores_all12_lambda020_limit1000.csv,IR152,TI_FGSM,vanilla,0.4762266874313354,IR152_TI_FGSM_adv
9,Facenet512,/content/face_module/dataset_extractedfaces/lfw_pairs/Colin Powell_75.jpg,/content/face_module/dataset_extractedfaces/lfw_pairs/Colin Powell_76.jpg,lfw_pairs,dodging_attack,/home/nadmin/Desktop/updatedattack/results/Facenet512/transfer_attack_similarity_scores_all12_lambda020_limit1000.csv,IR152,clean,clean,0.67546546459198,IR152_clean
9,Facenet512,/content/face_module/dataset_extractedfaces/lfw_pairs/Colin Powell_75.jpg,/content/face_module/dataset_extractedfaces/lfw_pairs/Colin Powell_76.jpg,lfw_pairs,dodging_attack,/home/nadmin/Desktop/updatedattack/results/Facenet512/transfer_attack_similarity_scores_all12_lambda020_limit1000.csv,VGG-Face,MI_ADMIX_DI_TI,vanilla,0.3229432702064514,VGG-Face_MI_ADMIX_DI_TI_adv
9,Facenet512,/content/face_module/dataset_extractedfaces/lfw_pairs/Colin Powell_75.jpg,/content/face_module/dataset_extractedfaces/lfw_pairs/Colin Powell_76.jpg,lfw_pairs,dodging_attack,/home/nadmin/Desktop/updatedattack/results/Facenet512/transfer_attack_similarity_scores_all12_lambda020_limit1000.csv,VGG-Face,MI_FGSM,vanilla,0.3194547295570373,VGG-Face_MI_FGSM_adv
9,Facenet512,/content/face_module/dataset_extractedfaces/lfw_pairs/Colin Powell_75.jpg,/content/face_module/dataset_extractedfaces/lfw_pairs/Colin Powell_76.jpg,lfw_pairs,dodging_attack,/home/nadmin/Desktop/updatedattack/results/Facenet512/transfer_attack_similarity_scores_all12_lambda020_limit1000.csv,VGG-Face,PGD,vanilla,0.3381578922271728,VGG-Face_PGD_adv
9,Facenet512,/content/face_module/dataset_extractedfaces/lfw_pairs/Colin Powell_75.jpg,/content/face_module/dataset_extractedfaces/lfw_pairs/Colin Powell_76.jpg,lfw_pairs,dodging_attack,/home/nadmin/Desktop/updatedattack/results/Facenet512/transfer_attack_similarity_scores_all12_lambda020_limit1000.csv,VGG-Face,SI_NI_FGSM,vanilla,0.2204187959432602,VGG-Face_SI_NI_FGSM_adv
9,Facenet512,/content/face_module/dataset_extractedfaces/lfw_pairs/Colin Powell_75.jpg,/content/face_module/dataset_extractedfaces/lfw_pairs/Colin Powell_76.jpg,lfw_pairs,dodging_attack,/home/nadmin/Desktop/updatedattack/results/Facenet512/transfer_attack_similarity_scores_all12_lambda020_limit1000.csv,VGG-Face,TI_FGSM,vanilla,0.3671231269836426,VGG-Face_TI_FGSM_adv
9,Facenet512,/content/face_module/dataset_extractedfaces/lfw_pairs/Colin Powell_75.jpg,/content/face_module/dataset_extractedfaces/lfw_pairs/Colin Powell_76.jpg,lfw_pairs,dodging_attack,/home/nadmin/Desktop/updatedattack/results/Facenet512/transfer_attack_similarity_scores_all12_lambda020_limit1000.csv,VGG-Face,clean,clean,0.5179383754730225,VGG-Face_clean
10,Facenet512,/content/face_module/dataset_extractedfaces/vggface2_pairs/n000005_0022_01.jpg,/content/face_module/dataset_extractedfaces/vggface2_pairs/n000005_0076_01.jpg,vggface2_pairs,dodging_attack,/home/nadmin/Desktop/updatedattack/results/Facenet512/transfer_attack_similarity_scores_all12_lambda020_limit1000.csv,ArcFace,MI_ADMIX_DI_TI,vanilla,0.4745458960533142,ArcFace_MI_ADMIX_DI_TI_adv
10,Facenet512,/content/face_module/dataset_extractedfaces/vggface2_pairs/n000005_0022_01.jpg,/content/face_module/dataset_extractedfaces/vggface2_pairs/n000005_0076_01.jpg,vggface2_pairs,dodging_attack,/home/nadmin/Desktop/updatedattack/results/Facenet512/transfer_attack_similarity_scores_all12_lambda020_limit1000.csv,ArcFace,MI_FGSM,vanilla,0.4319158792495727,ArcFace_MI_FGSM_adv
10,Facenet512,/content/face_module/dataset_extractedfaces/vggface2_pairs/n000005_0022_01.jpg,/content/face_module/dataset_extractedfaces/vggface2_pairs/n000005_0076_01.jpg,vggface2_pairs,dodging_attack,/home/nadmin/Desktop/updatedattack/results/Facenet512/transfer_attack_similarity_scores_all12_lambda020_limit1000.csv,ArcFace,PGD,vanilla,0.4513562321662903,ArcFace_PGD_adv
10,Facenet512,/content/face_module/dataset_extractedfaces/vggface2_pairs/n000005_0022_01.jpg,/content/face_module/dataset_extractedfaces/vggface2_pairs/n000005_0076_01.jpg,vggface2_pairs,dodging_attack,/home/nadmin/Desktop/updatedattack/results/Facenet512/transfer_attack_similarity_scores_all12_lambda020_limit1000.csv,ArcFace,SI_NI_FGSM,vanilla,0.399841845035553,ArcFace_SI_NI_FGSM_adv
10,Facenet512,/content/face_module/dataset_extractedfaces/vggface2_pairs/n000005_0022_01.jpg,/content/face_module/dataset_extractedfaces/vggface2_pairs/n000005_0076_01.jpg,vggface2_pairs,dodging_attack,/home/nadmin/Desktop/updatedattack/results/Facenet512/transfer_attack_similarity_scores_all12_lambda020_limit1000.csv,ArcFace,TI_FGSM,vanilla,0.4855605959892273,ArcFace_TI_FGSM_adv
10,Facenet512,/content/face_module/dataset_extractedfaces/vggface2_pairs/n000005_0022_01.jpg,/content/face_module/dataset_extractedfaces/vggface2_pairs/n000005_0076_01.jpg,vggface2_pairs,dodging_attack,/home/nadmin/Desktop/updatedattack/results/Facenet512/transfer_attack_similarity_scores_all12_lambda020_limit1000.csv,ArcFace,clean,clean,0.5862312316894531,ArcFace_clean
10,Facenet512,/content/face_module/dataset_extractedfaces/vggface2_pairs/n000005_0022_01.jpg,/content/face_module/dataset_extractedfaces/vggface2_pairs/n000005_0076_01.jpg,vggface2_pairs,dodging_attack,/home/nadmin/Desktop/updatedattack/results/Facenet512/transfer_attack_similarity_scores_all12_lambda020_limit1000.csv,Facenet512,clean,clean,0.7888361215591431,Facenet512_clean
10,Facenet512,/content/face_module/dataset_extractedfaces/vggface2_pairs/n000005_0022_01.jpg,/content/face_module/dataset_extractedfaces/vggface2_pairs/n000005_0076_01.jpg,vggface2_pairs,dodging_attack,/home/nadmin/Desktop/updatedattack/results/Facenet512/transfer_attack_similarity_scores_all12_lambda020_limit1000.csv,GhostFaceNet,MI_ADMIX_DI_TI,vanilla,0.136891633272171,GhostFaceNet_MI_ADMIX_DI_TI_adv
10,Facenet512,/content/face_module/dataset_extractedfaces/vggface2_pairs/n000005_0022_01.jpg,/content/face_module/dataset_extractedfaces/vggface2_pairs/n000005_0076_01.jpg,vggface2_pairs,dodging_attack,/home/nadmin/Desktop/updatedattack/results/Facenet512/transfer_attack_similarity_scores_all12_lambda020_limit1000.csv,GhostFaceNet,MI_FGSM,vanilla,0.1959500312805175,GhostFaceNet_MI_FGSM_adv
10,Facenet512,/content/face_module/dataset_extractedfaces/vggface2_pairs/n000005_0022_01.jpg,/content/face_module/dataset_extractedfaces/vggface2_pairs/n000005_0076_01.jpg,vggface2_pairs,dodging_attack,/home/nadmin/Desktop/updatedattack/results/Facenet512/transfer_attack_similarity_scores_all12_lambda020_limit1000.csv,GhostFaceNet,PGD,vanilla,0.2430406063795089,GhostFaceNet_PGD_adv
10,Facenet512,/content/face_module/dataset_extractedfaces/vggface2_pairs/n000005_0022_01.jpg,/content/face_module/dataset_extractedfaces/vggface2_pairs/n000005_0076_01.jpg,vggface2_pairs,dodging_attack,/home/nadmin/Desktop/updatedattack/results/Facenet512/transfer_attack_similarity_scores_all12_lambda020_limit1000.csv,GhostFaceNet,SI_NI_FGSM,vanilla,0.2019683867692947,GhostFaceNet_SI_NI_FGSM_adv
10,Facenet512,/content/face_module/dataset_extractedfaces/vggface2_pairs/n000005_0022_01.jpg,/content/face_module/dataset_extractedfaces/vggface2_pairs/n000005_0076_01.jpg,vggface2_pairs,dodging_attack,/home/nadmin/Desktop/updatedattack/results/Facenet512/transfer_attack_similarity_scores_all12_lambda020_limit1000.csv,GhostFaceNet,TI_FGSM,vanilla,0.1905749887228012,GhostFaceNet_TI_FGSM_adv
10,Facenet512,/content/face_module/dataset_extractedfaces/vggface2_pairs/n000005_0022_01.jpg,/content/face_module/dataset_extractedfaces/vggface2_pairs/n000005_0076_01.jpg,vggface2_pairs,dodging_attack,/home/nadmin/Desktop/updatedattack/results/Facenet512/transfer_attack_similarity_scores_all12_lambda020_limit1000.csv,GhostFaceNet,clean,clean,0.4006913900375366,GhostFaceNet_clean
10,Facenet512,/content/face_module/dataset_extractedfaces/vggface2_pairs/n000005_0022_01.jpg,/content/face_module/dataset_extractedfaces/vggface2_pairs/n000005_0076_01.jpg,vggface2_pairs,dodging_attack,/home/nadmin/Desktop/updatedattack/results/Facenet512/transfer_attack_similarity_scores_all12_lambda020_limit1000.csv,IR152,MI_ADMIX_DI_TI,vanilla,0.4096527993679046,IR152_MI_ADMIX_DI_TI_adv
10,Facenet512,/content/face_module/dataset_extractedfaces/vggface2_pairs/n000005_0022_01.jpg,/content/face_module/dataset_extractedfaces/vggface2_pairs/n000005_0076_01.jpg,vggface2_pairs,dodging_attack,/home/nadmin/Desktop/updatedattack/results/Facenet512/transfer_attack_similarity_scores_all12_lambda020_limit1000.csv,IR152,MI_FGSM,vanilla,0.432498574256897,IR152_MI_FGSM_adv
10,Facenet512,/content/face_module/dataset_extractedfaces/vggface2_pairs/n000005_0022_01.jpg,/content/face_module/dataset_extractedfaces/vggface2_pairs/n000005_0076_01.jpg,vggface2_pairs,dodging_attack,/home/nadmin/Desktop/updatedattack/results/Facenet512/transfer_attack_similarity_scores_all12_lambda020_limit1000.csv,IR152,PGD,vanilla,0.5098040103912354,IR152_PGD_adv
10,Facenet512,/content/face_module/dataset_extractedfaces/vggface2_pairs/n000005_0022_01.jpg,/content/face_module/dataset_extractedfaces/vggface2_pairs/n000005_0076_01.jpg,vggface2_pairs,dodging_attack,/home/nadmin/Desktop/updatedattack/results/Facenet512/transfer_attack_similarity_scores_all12_lambda020_limit1000.csv,IR152,SI_NI_FGSM,vanilla,0.4240833520889282,IR152_SI_NI_FGSM_adv
10,Facenet512,/content/face_module/dataset_extractedfaces/vggface2_pairs/n000005_0022_01.jpg,/content/face_module/dataset_extractedfaces/vggface2_pairs/n000005_0076_01.jpg,vggface2_pairs,dodging_attack,/home/nadmin/Desktop/updatedattack/results/Facenet512/transfer_attack_similarity_scores_all12_lambda020_limit1000.csv,IR152,TI_FGSM,vanilla,0.446315199136734,IR152_TI_FGSM_adv
10,Facenet512,/content/face_module/dataset_extractedfaces/vggface2_pairs/n000005_0022_01.jpg,/content/face_module/dataset_extractedfaces/vggface2_pairs/n000005_0076_01.jpg,vggface2_pairs,dodging_attack,/home/nadmin/Desktop/updatedattack/results/Facenet512/transfer_attack_similarity_scores_all12_lambda020_limit1000.csv,IR152,clean,clean,0.7079440951347351,IR152_clean
10,Facenet512,/content/face_module/dataset_extractedfaces/vggface2_pairs/n000005_0022_01.jpg,/content/face_module/dataset_extractedfaces/vggface2_pairs/n000005_0076_01.jpg,vggface2_pairs,dodging_attack,/home/nadmin/Desktop/updatedattack/results/Facenet512/transfer_attack_similarity_scores_all12_lambda020_limit1000.csv,VGG-Face,MI_ADMIX_DI_TI,vanilla,0.2119137495756149,VGG-Face_MI_ADMIX_DI_TI_adv
10,Facenet512,/content/face_module/dataset_extractedfaces/vggface2_pairs/n000005_0022_01.jpg,/content/face_module/dataset_extractedfaces/vggface2_pairs/n000005_0076_01.jpg,vggface2_pairs,dodging_attack,/home/nadmin/Desktop/updatedattack/results/Facenet512/transfer_attack_similarity_scores_all12_lambda020_limit1000.csv,VGG-Face,MI_FGSM,vanilla,0.2315033227205276,VGG-Face_MI_FGSM_adv
10,Facenet512,/content/face_module/dataset_extractedfaces/vggface2_pairs/n000005_0022_01.jpg,/content/face_module/dataset_extractedfaces/vggface2_pairs/n000005_0076_01.jpg,vggface2_pairs,dodging_attack,/home/nadmin/Desktop/updatedattack/results/Facenet512/transfer_attack_similarity_scores_all12_lambda020_limit1000.csv,VGG-Face,PGD,vanilla,0.2417489886283874,VGG-Face_PGD_adv
10,Facenet512,/content/face_module/dataset_extractedfaces/vggface2_pairs/n000005_0022_01.jpg,/content/face_module/dataset_extractedfaces/vggface2_pairs/n000005_0076_01.jpg,vggface2_pairs,dodging_attack,/home/nadmin/Desktop/updatedattack/results/Facenet512/transfer_attack_similarity_scores_all12_lambda020_limit1000.csv,VGG-Face,SI_NI_FGSM,vanilla,0.1537574827671051,VGG-Face_SI_NI_FGSM_adv
10,Facenet512,/content/face_module/dataset_extractedfaces/vggface2_pairs/n000005_0022_01.jpg,/content/face_module/dataset_extractedfaces/vggface2_pairs/n000005_0076_01.jpg,vggface2_pairs,dodging_attack,/home/nadmin/Desktop/updatedattack/results/Facenet512/transfer_attack_similarity_scores_all12_lambda020_limit1000.csv,VGG-Face,TI_FGSM,vanilla,0.2334563136100769,VGG-Face_TI_FGSM_adv
10,Facenet512,/content/face_module/dataset_extractedfaces/vggface2_pairs/n000005_0022_01.jpg,/content/face_module/dataset_extractedfaces/vggface2_pairs/n000005_0076_01.jpg,vggface2_pairs,dodging_attack,/home/nadmin/Desktop/updatedattack/results/Facenet512/transfer_attack_similarity_scores_all12_lambda020_limit1000.csv,VGG-Face,clean,clean,0.5038790702819824,VGG-Face_clean
11,Facenet512,/content/face_module/dataset_extractedfaces/vggface2_pairs/n000007_0176_01.jpg,/content/face_module/dataset_extractedfaces/vggface2_pairs/n000007_0335_03.jpg,vggface2_pairs,dodging_attack,/home/nadmin/Desktop/updatedattack/results/Facenet512/transfer_attack_similarity_scores_all12_lambda020_limit1000.csv,ArcFace,MI_ADMIX_DI_TI,vanilla,0.1861938238143921,ArcFace_MI_ADMIX_DI_TI_adv
11,Facenet512,/content/face_module/dataset_extractedfaces/vggface2_pairs/n000007_0176_01.jpg,/content/face_module/dataset_extractedfaces/vggface2_pairs/n000007_0335_03.jpg,vggface2_pairs,dodging_attack,/home/nadmin/Desktop/updatedattack/results/Facenet512/transfer_attack_similarity_scores_all12_lambda020_limit1000.csv,ArcFace,MI_FGSM,vanilla,0.1254559606313705,ArcFace_MI_FGSM_adv
11,Facenet512,/content/face_module/dataset_extractedfaces/vggface2_pairs/n000007_0176_01.jpg,/content/face_module/dataset_extractedfaces/vggface2_pairs/n000007_0335_03.jpg,vggface2_pairs,dodging_attack,/home/nadmin/Desktop/updatedattack/results/Facenet512/transfer_attack_similarity_scores_all12_lambda020_limit1000.csv,ArcFace,PGD,vanilla,0.0957067012786865,ArcFace_PGD_adv
11,Facenet512,/content/face_module/dataset_extractedfaces/vggface2_pairs/n000007_0176_01.jpg,/content/face_module/dataset_extractedfaces/vggface2_pairs/n000007_0335_03.jpg,vggface2_pairs,dodging_attack,/home/nadmin/Desktop/updatedattack/results/Facenet512/transfer_attack_similarity_scores_all12_lambda020_limit1000.csv,ArcFace,SI_NI_FGSM,vanilla,0.0457047931849956,ArcFace_SI_NI_FGSM_adv
11,Facenet512,/content/face_module/dataset_extractedfaces/vggface2_pairs/n000007_0176_01.jpg,/content/face_module/dataset_extractedfaces/vggface2_pairs/n000007_0335_03.jpg,vggface2_pairs,dodging_attack,/home/nadmin/Desktop/updatedattack/results/Facenet512/transfer_attack_similarity_scores_all12_lambda020_limit1000.csv,ArcFace,TI_FGSM,vanilla,0.1349664628505706,ArcFace_TI_FGSM_adv
11,Facenet512,/content/face_module/dataset_extractedfaces/vggface2_pairs/n000007_0176_01.jpg,/content/face_module/dataset_extractedfaces/vggface2_pairs/n000007_0335_03.jpg,vggface2_pairs,dodging_attack,/home/nadmin/Desktop/updatedattack/results/Facenet512/transfer_attack_similarity_scores_all12_lambda020_limit1000.csv,ArcFace,clean,clean,0.1998281925916671,ArcFace_clean
11,Facenet512,/content/face_module/dataset_extractedfaces/vggface2_pairs/n000007_0176_01.jpg,/content/face_module/dataset_extractedfaces/vggface2_pairs/n000007_0335_03.jpg,vggface2_pairs,dodging_attack,/home/nadmin/Desktop/updatedattack/results/Facenet512/transfer_attack_similarity_scores_all12_lambda020_limit1000.csv,Facenet512,clean,clean,0.7133797407150269,Facenet512_clean
11,Facenet512,/content/face_module/dataset_extractedfaces/vggface2_pairs/n000007_0176_01.jpg,/content/face_module/dataset_extractedfaces/vggface2_pairs/n000007_0335_03.jpg,vggface2_pairs,dodging_attack,/home/nadmin/Desktop/updatedattack/results/Facenet512/transfer_attack_similarity_scores_all12_lambda020_limit1000.csv,GhostFaceNet,MI_ADMIX_DI_TI,vanilla,0.1298903077840805,GhostFaceNet_MI_ADMIX_DI_TI_adv
11,Facenet512,/content/face_module/dataset_extractedfaces/vggface2_pairs/n000007_0176_01.jpg,/content/face_module/dataset_extractedfaces/vggface2_pairs/n000007_0335_03.jpg,vggface2_pairs,dodging_attack,/home/nadmin/Desktop/updatedattack/results/Facenet512/transfer_attack_similarity_scores_all12_lambda020_limit1000.csv,GhostFaceNet,MI_FGSM,vanilla,0.1155852526426315,GhostFaceNet_MI_FGSM_adv
11,Facenet512,/content/face_module/dataset_extractedfaces/vggface2_pairs/n000007_0176_01.jpg,/content/face_module/dataset_extractedfaces/vggface2_pairs/n000007_0335_03.jpg,vggface2_pairs,dodging_attack,/home/nadmin/Desktop/updatedattack/results/Facenet512/transfer_attack_similarity_scores_all12_lambda020_limit1000.csv,GhostFaceNet,PGD,vanilla,0.115525297820568,GhostFaceNet_PGD_adv
11,Facenet512,/content/face_module/dataset_extractedfaces/vggface2_pairs/n000007_0176_01.jpg,/content/face_module/dataset_extractedfaces/vggface2_pairs/n000007_0335_03.jpg,vggface2_pairs,dodging_attack,/home/nadmin/Desktop/updatedattack/results/Facenet512/transfer_attack_similarity_scores_all12_lambda020_limit1000.csv,GhostFaceNet,SI_NI_FGSM,vanilla,0.1243340224027633,GhostFaceNet_SI_NI_FGSM_adv
11,Facenet512,/content/face_module/dataset_extractedfaces/vggface2_pairs/n000007_0176_01.jpg,/content/face_module/dataset_extractedfaces/vggface2_pairs/n000007_0335_03.jpg,vggface2_pairs,dodging_attack,/home/nadmin/Desktop/updatedattack/results/Facenet512/transfer_attack_similarity_scores_all12_lambda020_limit1000.csv,GhostFaceNet,TI_FGSM,vanilla,0.1358290165662765,GhostFaceNet_TI_FGSM_adv
11,Facenet512,/content/face_module/dataset_extractedfaces/vggface2_pairs/n000007_0176_01.jpg,/content/face_module/dataset_extractedfaces/vggface2_pairs/n000007_0335_03.jpg,vggface2_pairs,dodging_attack,/home/nadmin/Desktop/updatedattack/results/Facenet512/transfer_attack_similarity_scores_all12_lambda020_limit1000.csv,GhostFaceNet,clean,clean,0.1519617438316345,GhostFaceNet_clean
11,Facenet512,/content/face_module/dataset_extractedfaces/vggface2_pairs/n000007_0176_01.jpg,/content/face_module/dataset_extractedfaces/vggface2_pairs/n000007_0335_03.jpg,vggface2_pairs,dodging_attack,/home/nadmin/Desktop/updatedattack/results/Facenet512/transfer_attack_similarity_scores_all12_lambda020_limit1000.csv,IR152,MI_ADMIX_DI_TI,vanilla,0.2496538013219833,IR152_MI_ADMIX_DI_TI_adv
11,Facenet512,/content/face_module/dataset_extractedfaces/vggface2_pairs/n000007_0176_01.jpg,/content/face_module/dataset_extractedfaces/vggface2_pairs/n000007_0335_03.jpg,vggface2_pairs,dodging_attack,/home/nadmin/Desktop/updatedattack/results/Facenet512/transfer_attack_similarity_scores_all12_lambda020_limit1000.csv,IR152,MI_FGSM,vanilla,0.189247727394104,IR152_MI_FGSM_adv
11,Facenet512,/content/face_module/dataset_extractedfaces/vggface2_pairs/n000007_0176_01.jpg,/content/face_module/dataset_extractedfaces/vggface2_pairs/n000007_0335_03.jpg,vggface2_pairs,dodging_attack,/home/nadmin/Desktop/updatedattack/results/Facenet512/transfer_attack_similarity_scores_all12_lambda020_limit1000.csv,IR152,PGD,vanilla,0.2562925815582275,IR152_PGD_adv
11,Facenet512,/content/face_module/dataset_extractedfaces/vggface2_pairs/n000007_0176_01.jpg,/content/face_module/dataset_extractedfaces/vggface2_pairs/n000007_0335_03.jpg,vggface2_pairs,dodging_attack,/home/nadmin/Desktop/updatedattack/results/Facenet512/transfer_attack_similarity_scores_all12_lambda020_limit1000.csv,IR152,SI_NI_FGSM,vanilla,0.1315961182117462,IR152_SI_NI_FGSM_adv
11,Facenet512,/content/face_module/dataset_extractedfaces/vggface2_pairs/n000007_0176_01.jpg,/content/face_module/dataset_extractedfaces/vggface2_pairs/n000007_0335_03.jpg,vggface2_pairs,dodging_attack,/home/nadmin/Desktop/updatedattack/results/Facenet512/transfer_attack_similarity_scores_all12_lambda020_limit1000.csv,IR152,TI_FGSM,vanilla,0.2208137810230255,IR152_TI_FGSM_adv
11,Facenet512,/content/face_module/dataset_extractedfaces/vggface2_pairs/n000007_0176_01.jpg,/content/face_module/dataset_extractedfaces/vggface2_pairs/n000007_0335_03.jpg,vggface2_pairs,dodging_attack,/home/nadmin/Desktop/updatedattack/results/Facenet512/transfer_attack_similarity_scores_all12_lambda020_limit1000.csv,IR152,clean,clean,0.476504236459732,IR152_clean
11,Facenet512,/content/face_module/dataset_extractedfaces/vggface2_pairs/n000007_0176_01.jpg,/content/face_module/dataset_extractedfaces/vggface2_pairs/n000007_0335_03.jpg,vggface2_pairs,dodging_attack,/home/nadmin/Desktop/updatedattack/results/Facenet512/transfer_attack_similarity_scores_all12_lambda020_limit1000.csv,VGG-Face,MI_ADMIX_DI_TI,vanilla,0.2084578871726989,VGG-Face_MI_ADMIX_DI_TI_adv
11,Facenet512,/content/face_module/dataset_extractedfaces/vggface2_pairs/n000007_0176_01.jpg,/content/face_module/dataset_extractedfaces/vggface2_pairs/n000007_0335_03.jpg,vggface2_pairs,dodging_attack,/home/nadmin/Desktop/updatedattack/results/Facenet512/transfer_attack_similarity_scores_all12_lambda020_limit1000.csv,VGG-Face,MI_FGSM,vanilla,0.1751154661178589,VGG-Face_MI_FGSM_adv
11,Facenet512,/content/face_module/dataset_extractedfaces/vggface2_pairs/n000007_0176_01.jpg,/content/face_module/dataset_extractedfaces/vggface2_pairs/n000007_0335_03.jpg,vggface2_pairs,dodging_attack,/home/nadmin/Desktop/updatedattack/results/Facenet512/transfer_attack_similarity_scores_all12_lambda020_limit1000.csv,VGG-Face,PGD,vanilla,0.2345224022865295,VGG-Face_PGD_adv
11,Facenet512,/content/face_module/dataset_extractedfaces/vggface2_pairs/n000007_0176_01.jpg,/content/face_module/dataset_extractedfaces/vggface2_pairs/n000007_0335_03.jpg,vggface2_pairs,dodging_attack,/home/nadmin/Desktop/updatedattack/results/Facenet512/transfer_attack_similarity_scores_all12_lambda020_limit1000.csv,VGG-Face,SI_NI_FGSM,vanilla,0.1369425952434539,VGG-Face_SI_NI_FGSM_adv
11,Facenet512,/content/face_module/dataset_extractedfaces/vggface2_pairs/n000007_0176_01.jpg,/content/face_module/dataset_extractedfaces/vggface2_pairs/n000007_0335_03.jpg,vggface2_pairs,dodging_attack,/home/nadmin/Desktop/updatedattack/results/Facenet512/transfer_attack_similarity_scores_all12_lambda020_limit1000.csv,VGG-Face,TI_FGSM,vanilla,0.1830261349678039,VGG-Face_TI_FGSM_adv
11,Facenet512,/content/face_module/dataset_extractedfaces/vggface2_pairs/n000007_0176_01.jpg,/content/face_module/dataset_extractedfaces/vggface2_pairs/n000007_0335_03.jpg,vggface2_pairs,dodging_attack,/home/nadmin/Desktop/updatedattack/results/Facenet512/transfer_attack_similarity_scores_all12_lambda020_limit1000.csv,VGG-Face,clean,clean,0.4585454761981964,VGG-Face_clean
12,Facenet512,/content/face_module/dataset_extractedfaces/celeba_pairs/003089.jpg,/content/face_module/dataset_extractedfaces/celeba_pairs/016966.jpg,celeba_pairs,impersonation_attack,/home/nadmin/Desktop/updatedattack/results/Facenet512/transfer_attack_similarity_scores_all12_lambda020_limit1000.csv,ArcFace,MI_ADMIX_DI_TI,vanilla,0.2808193862438202,ArcFace_MI_ADMIX_DI_TI_adv
12,Facenet512,/content/face_module/dataset_extractedfaces/celeba_pairs/003089.jpg,/content/face_module/dataset_extractedfaces/celeba_pairs/016966.jpg,celeba_pairs,impersonation_attack,/home/nadmin/Desktop/updatedattack/results/Facenet512/transfer_attack_similarity_scores_all12_lambda020_limit1000.csv,ArcFace,MI_FGSM,vanilla,0.2939848303794861,ArcFace_MI_FGSM_adv
12,Facenet512,/content/face_module/dataset_extractedfaces/celeba_pairs/003089.jpg,/content/face_module/dataset_extractedfaces/celeba_pairs/016966.jpg,celeba_pairs,impersonation_attack,/home/nadmin/Desktop/updatedattack/results/Facenet512/transfer_attack_similarity_scores_all12_lambda020_limit1000.csv,ArcFace,PGD,vanilla,0.2812707126140594,ArcFace_PGD_adv
12,Facenet512,/content/face_module/dataset_extractedfaces/celeba_pairs/003089.jpg,/content/face_module/dataset_extractedfaces/celeba_pairs/016966.jpg,celeba_pairs,impersonation_attack,/home/nadmin/Desktop/updatedattack/results/Facenet512/transfer_attack_similarity_scores_all12_lambda020_limit1000.csv,ArcFace,SI_NI_FGSM,vanilla,0.2756348848342895,ArcFace_SI_NI_FGSM_adv
12,Facenet512,/content/face_module/dataset_extractedfaces/celeba_pairs/003089.jpg,/content/face_module/dataset_extractedfaces/celeba_pairs/016966.jpg,celeba_pairs,impersonation_attack,/home/nadmin/Desktop/updatedattack/results/Facenet512/transfer_attack_similarity_scores_all12_lambda020_limit1000.csv,ArcFace,TI_FGSM,vanilla,0.2978326082229614,ArcFace_TI_FGSM_adv
12,Facenet512,/content/face_module/dataset_extractedfaces/celeba_pairs/003089.jpg,/content/face_module/dataset_extractedfaces/celeba_pairs/016966.jpg,celeba_pairs,impersonation_attack,/home/nadmin/Desktop/updatedattack/results/Facenet512/transfer_attack_similarity_scores_all12_lambda020_limit1000.csv,ArcFace,clean,clean,0.2072169482707977,ArcFace_clean
12,Facenet512,/content/face_module/dataset_extractedfaces/celeba_pairs/003089.jpg,/content/face_module/dataset_extractedfaces/celeba_pairs/016966.jpg,celeba_pairs,impersonation_attack,/home/nadmin/Desktop/updatedattack/results/Facenet512/transfer_attack_similarity_scores_all12_lambda020_limit1000.csv,Facenet512,clean,clean,0.0975427031517028,Facenet512_clean
12,Facenet512,/content/face_module/dataset_extractedfaces/celeba_pairs/003089.jpg,/content/face_module/dataset_extractedfaces/celeba_pairs/016966.jpg,celeba_pairs,impersonation_attack,/home/nadmin/Desktop/updatedattack/results/Facenet512/transfer_attack_similarity_scores_all12_lambda020_limit1000.csv,GhostFaceNet,MI_ADMIX_DI_TI,vanilla,-0.0406006015837192,GhostFaceNet_MI_ADMIX_DI_TI_adv
12,Facenet512,/content/face_module/dataset_extractedfaces/celeba_pairs/003089.jpg,/content/face_module/dataset_extractedfaces/celeba_pairs/016966.jpg,celeba_pairs,impersonation_attack,/home/nadmin/Desktop/updatedattack/results/Facenet512/transfer_attack_similarity_scores_all12_lambda020_limit1000.csv,GhostFaceNet,MI_FGSM,vanilla,-0.0235439669340848,GhostFaceNet_MI_FGSM_adv
12,Facenet512,/content/face_module/dataset_extractedfaces/celeba_pairs/003089.jpg,/content/face_module/dataset_extractedfaces/celeba_pairs/016966.jpg,celeba_pairs,impersonation_attack,/home/nadmin/Desktop/updatedattack/results/Facenet512/transfer_attack_similarity_scores_all12_lambda020_limit1000.csv,GhostFaceNet,PGD,vanilla,-0.0598524995148181,GhostFaceNet_PGD_adv
12,Facenet512,/content/face_module/dataset_extractedfaces/celeba_pairs/003089.jpg,/content/face_module/dataset_extractedfaces/celeba_pairs/016966.jpg,celeba_pairs,impersonation_attack,/home/nadmin/Desktop/updatedattack/results/Facenet512/transfer_attack_similarity_scores_all12_lambda020_limit1000.csv,GhostFaceNet,SI_NI_FGSM,vanilla,-0.0101498225703835,GhostFaceNet_SI_NI_FGSM_adv
12,Facenet512,/content/face_module/dataset_extractedfaces/celeba_pairs/003089.jpg,/content/face_module/dataset_extractedfaces/celeba_pairs/016966.jpg,celeba_pairs,impersonation_attack,/home/nadmin/Desktop/updatedattack/results/Facenet512/transfer_attack_similarity_scores_all12_lambda020_limit1000.csv,GhostFaceNet,TI_FGSM,vanilla,-0.0505492947995662,GhostFaceNet_TI_FGSM_adv
12,Facenet512,/content/face_module/dataset_extractedfaces/celeba_pairs/003089.jpg,/content/face_module/dataset_extractedfaces/celeba_pairs/016966.jpg,celeba_pairs,impersonation_attack,/home/nadmin/Desktop/updatedattack/results/Facenet512/transfer_attack_similarity_scores_all12_lambda020_limit1000.csv,GhostFaceNet,clean,clean,-0.1018042936921119,GhostFaceNet_clean
12,Facenet512,/content/face_module/dataset_extractedfaces/celeba_pairs/003089.jpg,/content/face_module/dataset_extractedfaces/celeba_pairs/016966.jpg,celeba_pairs,impersonation_attack,/home/nadmin/Desktop/updatedattack/results/Facenet512/transfer_attack_similarity_scores_all12_lambda020_limit1000.csv,IR152,MI_ADMIX_DI_TI,vanilla,0.1395554691553115,IR152_MI_ADMIX_DI_TI_adv
12,Facenet512,/content/face_module/dataset_extractedfaces/celeba_pairs/003089.jpg,/content/face_module/dataset_extractedfaces/celeba_pairs/016966.jpg,celeba_pairs,impersonation_attack,/home/nadmin/Desktop/updatedattack/results/Facenet512/transfer_attack_similarity_scores_all12_lambda020_limit1000.csv,IR152,MI_FGSM,vanilla,0.1080482006072998,IR152_MI_FGSM_adv
12,Facenet512,/content/face_module/dataset_extractedfaces/celeba_pairs/003089.jpg,/content/face_module/dataset_extractedfaces/celeba_pairs/016966.jpg,celeba_pairs,impersonation_attack,/home/nadmin/Desktop/updatedattack/results/Facenet512/transfer_attack_similarity_scores_all12_lambda020_limit1000.csv,IR152,PGD,vanilla,0.0839727818965911,IR152_PGD_adv
12,Facenet512,/content/face_module/dataset_extractedfaces/celeba_pairs/003089.jpg,/content/face_module/dataset_extractedfaces/celeba_pairs/016966.jpg,celeba_pairs,impersonation_attack,/home/nadmin/Desktop/updatedattack/results/Facenet512/transfer_attack_similarity_scores_all12_lambda020_limit1000.csv,IR152,SI_NI_FGSM,vanilla,0.1206884831190109,IR152_SI_NI_FGSM_adv
12,Facenet512,/content/face_module/dataset_extractedfaces/celeba_pairs/003089.jpg,/content/face_module/dataset_extractedfaces/celeba_pairs/016966.jpg,celeba_pairs,impersonation_attack,/home/nadmin/Desktop/updatedattack/results/Facenet512/transfer_attack_similarity_scores_all12_lambda020_limit1000.csv,IR152,TI_FGSM,vanilla,0.1561148017644882,IR152_TI_FGSM_adv
12,Facenet512,/content/face_module/dataset_extractedfaces/celeba_pairs/003089.jpg,/content/face_module/dataset_extractedfaces/celeba_pairs/016966.jpg,celeba_pairs,impersonation_attack,/home/nadmin/Desktop/updatedattack/results/Facenet512/transfer_attack_similarity_scores_all12_lambda020_limit1000.csv,IR152,clean,clean,0.0933876037597656,IR152_clean
12,Facenet512,/content/face_module/dataset_extractedfaces/celeba_pairs/003089.jpg,/content/face_module/dataset_extractedfaces/celeba_pairs/016966.jpg,celeba_pairs,impersonation_attack,/home/nadmin/Desktop/updatedattack/results/Facenet512/transfer_attack_similarity_scores_all12_lambda020_limit1000.csv,VGG-Face,MI_ADMIX_DI_TI,vanilla,0.1756674796342849,VGG-Face_MI_ADMIX_DI_TI_adv
12,Facenet512,/content/face_module/dataset_extractedfaces/celeba_pairs/003089.jpg,/content/face_module/dataset_extractedfaces/celeba_pairs/016966.jpg,celeba_pairs,impersonation_attack,/home/nadmin/Desktop/updatedattack/results/Facenet512/transfer_attack_similarity_scores_all12_lambda020_limit1000.csv,VGG-Face,MI_FGSM,vanilla,0.1557806134223938,VGG-Face_MI_FGSM_adv
12,Facenet512,/content/face_module/dataset_extractedfaces/celeba_pairs/003089.jpg,/content/face_module/dataset_extractedfaces/celeba_pairs/016966.jpg,celeba_pairs,impersonation_attack,/home/nadmin/Desktop/updatedattack/results/Facenet512/transfer_attack_similarity_scores_all12_lambda020_limit1000.csv,VGG-Face,PGD,vanilla,0.1521101593971252,VGG-Face_PGD_adv
12,Facenet512,/content/face_module/dataset_extractedfaces/celeba_pairs/003089.jpg,/content/face_module/dataset_extractedfaces/celeba_pairs/016966.jpg,celeba_pairs,impersonation_attack,/home/nadmin/Desktop/updatedattack/results/Facenet512/transfer_attack_similarity_scores_all12_lambda020_limit1000.csv,VGG-Face,SI_NI_FGSM,vanilla,0.150996133685112,VGG-Face_SI_NI_FGSM_adv
12,Facenet512,/content/face_module/dataset_extractedfaces/celeba_pairs/003089.jpg,/content/face_module/dataset_extractedfaces/celeba_pairs/016966.jpg,celeba_pairs,impersonation_attack,/home/nadmin/Desktop/updatedattack/results/Facenet512/transfer_attack_similarity_scores_all12_lambda020_limit1000.csv,VGG-Face,TI_FGSM,vanilla,0.1585165858268737,VGG-Face_TI_FGSM_adv
12,Facenet512,/content/face_module/dataset_extractedfaces/celeba_pairs/003089.jpg,/content/face_module/dataset_extractedfaces/celeba_pairs/016966.jpg,celeba_pairs,impersonation_attack,/home/nadmin/Desktop/updatedattack/results/Facenet512/transfer_attack_similarity_scores_all12_lambda020_limit1000.csv,VGG-Face,clean,clean,0.0685250088572502,VGG-Face_clean
15,Facenet512,/content/face_module/dataset_extractedfaces/lfw_pairs/George W Bush_518.jpg,/content/face_module/dataset_extractedfaces/lfw_pairs/George W Bush_519.jpg,lfw_pairs,dodging_attack,/home/nadmin/Desktop/updatedattack/results/Facenet512/transfer_attack_similarity_scores_all12_lambda020_limit1000.csv,ArcFace,MI_ADMIX_DI_TI,vanilla,0.4138786792755127,ArcFace_MI_ADMIX_DI_TI_adv
15,Facenet512,/content/face_module/dataset_extractedfaces/lfw_pairs/George W Bush_518.jpg,/content/face_module/dataset_extractedfaces/lfw_pairs/George W Bush_519.jpg,lfw_pairs,dodging_attack,/home/nadmin/Desktop/updatedattack/results/Facenet512/transfer_attack_similarity_scores_all12_lambda020_limit1000.csv,ArcFace,MI_FGSM,vanilla,0.3897159695625305,ArcFace_MI_FGSM_adv
15,Facenet512,/content/face_module/dataset_extractedfaces/lfw_pairs/George W Bush_518.jpg,/content/face_module/dataset_extractedfaces/lfw_pairs/George W Bush_519.jpg,lfw_pairs,dodging_attack,/home/nadmin/Desktop/updatedattack/results/Facenet512/transfer_attack_similarity_scores_all12_lambda020_limit1000.csv,ArcFace,PGD,vanilla,0.4548395574092865,ArcFace_PGD_adv
15,Facenet512,/content/face_module/dataset_extractedfaces/lfw_pairs/George W Bush_518.jpg,/content/face_module/dataset_extractedfaces/lfw_pairs/George W Bush_519.jpg,lfw_pairs,dodging_attack,/home/nadmin/Desktop/updatedattack/results/Facenet512/transfer_attack_similarity_scores_all12_lambda020_limit1000.csv,ArcFace,SI_NI_FGSM,vanilla,0.2876195013523102,ArcFace_SI_NI_FGSM_adv
15,Facenet512,/content/face_module/dataset_extractedfaces/lfw_pairs/George W Bush_518.jpg,/content/face_module/dataset_extractedfaces/lfw_pairs/George W Bush_519.jpg,lfw_pairs,dodging_attack,/home/nadmin/Desktop/updatedattack/results/Facenet512/transfer_attack_similarity_scores_all12_lambda020_limit1000.csv,ArcFace,TI_FGSM,vanilla,0.3347790837287903,ArcFace_TI_FGSM_adv
15,Facenet512,/content/face_module/dataset_extractedfaces/lfw_pairs/George W Bush_518.jpg,/content/face_module/dataset_extractedfaces/lfw_pairs/George W Bush_519.jpg,lfw_pairs,dodging_attack,/home/nadmin/Desktop/updatedattack/results/Facenet512/transfer_attack_similarity_scores_all12_lambda020_limit1000.csv,ArcFace,clean,clean,0.6775953769683838,ArcFace_clean
15,Facenet512,/content/face_module/dataset_extractedfaces/lfw_pairs/George W Bush_518.jpg,/content/face_module/dataset_extractedfaces/lfw_pairs/George W Bush_519.jpg,lfw_pairs,dodging_attack,/home/nadmin/Desktop/updatedattack/results/Facenet512/transfer_attack_similarity_scores_all12_lambda020_limit1000.csv,Facenet512,clean,clean,0.6876072287559509,Facenet512_clean
15,Facenet512,/content/face_module/dataset_extractedfaces/lfw_pairs/George W Bush_518.jpg,/content/face_module/dataset_extractedfaces/lfw_pairs/George W Bush_519.jpg,lfw_pairs,dodging_attack,/home/nadmin/Desktop/updatedattack/results/Facenet512/transfer_attack_similarity_scores_all12_lambda020_limit1000.csv,GhostFaceNet,MI_ADMIX_DI_TI,vanilla,0.2171498835086822,GhostFaceNet_MI_ADMIX_DI_TI_adv
15,Facenet512,/content/face_module/dataset_extractedfaces/lfw_pairs/George W Bush_518.jpg,/content/face_module/dataset_extractedfaces/lfw_pairs/George W Bush_519.jpg,lfw_pairs,dodging_attack,/home/nadmin/Desktop/updatedattack/results/Facenet512/transfer_attack_similarity_scores_all12_lambda020_limit1000.csv,GhostFaceNet,MI_FGSM,vanilla,0.1813565641641616,GhostFaceNet_MI_FGSM_adv
15,Facenet512,/content/face_module/dataset_extractedfaces/lfw_pairs/George W Bush_518.jpg,/content/face_module/dataset_extractedfaces/lfw_pairs/George W Bush_519.jpg,lfw_pairs,dodging_attack,/home/nadmin/Desktop/updatedattack/results/Facenet512/transfer_attack_similarity_scores_all12_lambda020_limit1000.csv,GhostFaceNet,PGD,vanilla,0.2566133141517639,GhostFaceNet_PGD_adv
15,Facenet512,/content/face_module/dataset_extractedfaces/lfw_pairs/George W Bush_518.jpg,/content/face_module/dataset_extractedfaces/lfw_pairs/George W Bush_519.jpg,lfw_pairs,dodging_attack,/home/nadmin/Desktop/updatedattack/results/Facenet512/transfer_attack_similarity_scores_all12_lambda020_limit1000.csv,GhostFaceNet,SI_NI_FGSM,vanilla,0.1915625929832458,GhostFaceNet_SI_NI_FGSM_adv
15,Facenet512,/content/face_module/dataset_extractedfaces/lfw_pairs/George W Bush_518.jpg,/content/face_module/dataset_extractedfaces/lfw_pairs/George W Bush_519.jpg,lfw_pairs,dodging_attack,/home/nadmin/Desktop/updatedattack/results/Facenet512/transfer_attack_similarity_scores_all12_lambda020_limit1000.csv,GhostFaceNet,TI_FGSM,vanilla,0.2324069887399673,GhostFaceNet_TI_FGSM_adv
15,Facenet512,/content/face_module/dataset_extractedfaces/lfw_pairs/George W Bush_518.jpg,/content/face_module/dataset_extractedfaces/lfw_pairs/George W Bush_519.jpg,lfw_pairs,dodging_attack,/home/nadmin/Desktop/updatedattack/results/Facenet512/transfer_attack_similarity_scores_all12_lambda020_limit1000.csv,GhostFaceNet,clean,clean,0.3439280986785888,GhostFaceNet_clean
15,Facenet512,/content/face_module/dataset_extractedfaces/lfw_pairs/George W Bush_518.jpg,/content/face_module/dataset_extractedfaces/lfw_pairs/George W Bush_519.jpg,lfw_pairs,dodging_attack,/home/nadmin/Desktop/updatedattack/results/Facenet512/transfer_attack_similarity_scores_all12_lambda020_limit1000.csv,IR152,MI_ADMIX_DI_TI,vanilla,0.2172942757606506,IR152_MI_ADMIX_DI_TI_adv
15,Facenet512,/content/face_module/dataset_extractedfaces/lfw_pairs/George W Bush_518.jpg,/content/face_module/dataset_extractedfaces/lfw_pairs/George W Bush_519.jpg,lfw_pairs,dodging_attack,/home/nadmin/Desktop/updatedattack/results/Facenet512/transfer_attack_similarity_scores_all12_lambda020_limit1000.csv,IR152,MI_FGSM,vanilla,0.2075670659542083,IR152_MI_FGSM_adv
15,Facenet512,/content/face_module/dataset_extractedfaces/lfw_pairs/George W Bush_518.jpg,/content/face_module/dataset_extractedfaces/lfw_pairs/George W Bush_519.jpg,lfw_pairs,dodging_attack,/home/nadmin/Desktop/updatedattack/results/Facenet512/transfer_attack_similarity_scores_all12_lambda020_limit1000.csv,IR152,PGD,vanilla,0.3430519700050354,IR152_PGD_adv
15,Facenet512,/content/face_module/dataset_extractedfaces/lfw_pairs/George W Bush_518.jpg,/content/face_module/dataset_extractedfaces/lfw_pairs/George W Bush_519.jpg,lfw_pairs,dodging_attack,/home/nadmin/Desktop/updatedattack/results/Facenet512/transfer_attack_similarity_scores_all12_lambda020_limit1000.csv,IR152,SI_NI_FGSM,vanilla,0.2426260709762573,IR152_SI_NI_FGSM_adv
15,Facenet512,/content/face_module/dataset_extractedfaces/lfw_pairs/George W Bush_518.jpg,/content/face_module/dataset_extractedfaces/lfw_pairs/George W Bush_519.jpg,lfw_pairs,dodging_attack,/home/nadmin/Desktop/updatedattack/results/Facenet512/transfer_attack_similarity_scores_all12_lambda020_limit1000.csv,IR152,TI_FGSM,vanilla,0.2965173721313476,IR152_TI_FGSM_adv
15,Facenet512,/content/face_module/dataset_extractedfaces/lfw_pairs/George W Bush_518.jpg,/content/face_module/dataset_extractedfaces/lfw_pairs/George W Bush_519.jpg,lfw_pairs,dodging_attack,/home/nadmin/Desktop/updatedattack/results/Facenet512/transfer_attack_similarity_scores_all12_lambda020_limit1000.csv,IR152,clean,clean,0.563267707824707,IR152_clean
15,Facenet512,/content/face_module/dataset_extractedfaces/lfw_pairs/George W Bush_518.jpg,/content/face_module/dataset_extractedfaces/lfw_pairs/George W Bush_519.jpg,lfw_pairs,dodging_attack,/home/nadmin/Desktop/updatedattack/results/Facenet512/transfer_attack_similarity_scores_all12_lambda020_limit1000.csv,VGG-Face,MI_ADMIX_DI_TI,vanilla,0.1016030833125114,VGG-Face_MI_ADMIX_DI_TI_adv
15,Facenet512,/content/face_module/dataset_extractedfaces/lfw_pairs/George W Bush_518.jpg,/content/face_module/dataset_extractedfaces/lfw_pairs/George W Bush_519.jpg,lfw_pairs,dodging_attack,/home/nadmin/Desktop/updatedattack/results/Facenet512/transfer_attack_similarity_scores_all12_lambda020_limit1000.csv,VGG-Face,MI_FGSM,vanilla,0.0934685692191124,VGG-Face_MI_FGSM_adv
15,Facenet512,/content/face_module/dataset_extractedfaces/lfw_pairs/George W Bush_518.jpg,/content/face_module/dataset_extractedfaces/lfw_pairs/George W Bush_519.jpg,lfw_pairs,dodging_attack,/home/nadmin/Desktop/updatedattack/results/Facenet512/transfer_attack_similarity_scores_all12_lambda020_limit1000.csv,VGG-Face,PGD,vanilla,0.2345372438430786,VGG-Face_PGD_adv
15,Facenet512,/content/face_module/dataset_extractedfaces/lfw_pairs/George W Bush_518.jpg,/content/face_module/dataset_extractedfaces/lfw_pairs/George W Bush_519.jpg,lfw_pairs,dodging_attack,/home/nadmin/Desktop/updatedattack/results/Facenet512/transfer_attack_similarity_scores_all12_lambda020_limit1000.csv,VGG-Face,SI_NI_FGSM,vanilla,0.0675144642591476,VGG-Face_SI_NI_FGSM_adv
15,Facenet512,/content/face_module/dataset_extractedfaces/lfw_pairs/George W Bush_518.jpg,/content/face_module/dataset_extractedfaces/lfw_pairs/George W Bush_519.jpg,lfw_pairs,dodging_attack,/home/nadmin/Desktop/updatedattack/results/Facenet512/transfer_attack_similarity_scores_all12_lambda020_limit1000.csv,VGG-Face,TI_FGSM,vanilla,0.1462296098470688,VGG-Face_TI_FGSM_adv
15,Facenet512,/content/face_module/dataset_extractedfaces/lfw_pairs/George W Bush_518.jpg,/content/face_module/dataset_extractedfaces/lfw_pairs/George W Bush_519.jpg,lfw_pairs,dodging_attack,/home/nadmin/Desktop/updatedattack/results/Facenet512/transfer_attack_similarity_scores_all12_lambda020_limit1000.csv,VGG-Face,clean,clean,0.529694676399231,VGG-Face_clean
16,Facenet512,/content/face_module/dataset_extractedfaces/lfw_pairs/Colin Powell_24.jpg,/content/face_module/dataset_extractedfaces/lfw_pairs/Colin Powell_25.jpg,lfw_pairs,dodging_attack,/home/nadmin/Desktop/updatedattack/results/Facenet512/transfer_attack_similarity_scores_all12_lambda020_limit1000.csv,ArcFace,MI_ADMIX_DI_TI,vanilla,0.3816540837287903,ArcFace_MI_ADMIX_DI_TI_adv
16,Facenet512,/content/face_module/dataset_extractedfaces/lfw_pairs/Colin Powell_24.jpg,/content/face_module/dataset_extractedfaces/lfw_pairs/Colin Powell_25.jpg,lfw_pairs,dodging_attack,/home/nadmin/Desktop/updatedattack/results/Facenet512/transfer_attack_similarity_scores_all12_lambda020_limit1000.csv,ArcFace,MI_FGSM,vanilla,0.3774458765983581,ArcFace_MI_FGSM_adv
16,Facenet512,/content/face_module/dataset_extractedfaces/lfw_pairs/Colin Powell_24.jpg,/content/face_module/dataset_extractedfaces/lfw_pairs/Colin Powell_25.jpg,lfw_pairs,dodging_attack,/home/nadmin/Desktop/updatedattack/results/Facenet512/transfer_attack_similarity_scores_all12_lambda020_limit1000.csv,ArcFace,PGD,vanilla,0.4420827031135559,ArcFace_PGD_adv
16,Facenet512,/content/face_module/dataset_extractedfaces/lfw_pairs/Colin Powell_24.jpg,/content/face_module/dataset_extractedfaces/lfw_pairs/Colin Powell_25.jpg,lfw_pairs,dodging_attack,/home/nadmin/Desktop/updatedattack/results/Facenet512/transfer_attack_similarity_scores_all12_lambda020_limit1000.csv,ArcFace,SI_NI_FGSM,vanilla,0.3874764442443847,ArcFace_SI_NI_FGSM_adv
16,Facenet512,/content/face_module/dataset_extractedfaces/lfw_pairs/Colin Powell_24.jpg,/content/face_module/dataset_extractedfaces/lfw_pairs/Colin Powell_25.jpg,lfw_pairs,dodging_attack,/home/nadmin/Desktop/updatedattack/results/Facenet512/transfer_attack_similarity_scores_all12_lambda020_limit1000.csv,ArcFace,TI_FGSM,vanilla,0.439033567905426,ArcFace_TI_FGSM_adv
16,Facenet512,/content/face_module/dataset_extractedfaces/lfw_pairs/Colin Powell_24.jpg,/content/face_module/dataset_extractedfaces/lfw_pairs/Colin Powell_25.jpg,lfw_pairs,dodging_attack,/home/nadmin/Desktop/updatedattack/results/Facenet512/transfer_attack_similarity_scores_all12_lambda020_limit1000.csv,ArcFace,clean,clean,0.6158847212791443,ArcFace_clean
16,Facenet512,/content/face_module/dataset_extractedfaces/lfw_pairs/Colin Powell_24.jpg,/content/face_module/dataset_extractedfaces/lfw_pairs/Colin Powell_25.jpg,lfw_pairs,dodging_attack,/home/nadmin/Desktop/updatedattack/results/Facenet512/transfer_attack_similarity_scores_all12_lambda020_limit1000.csv,Facenet512,clean,clean,0.7765311598777771,Facenet512_clean
16,Facenet512,/content/face_module/dataset_extractedfaces/lfw_pairs/Colin Powell_24.jpg,/content/face_module/dataset_extractedfaces/lfw_pairs/Colin Powell_25.jpg,lfw_pairs,dodging_attack,/home/nadmin/Desktop/updatedattack/results/Facenet512/transfer_attack_similarity_scores_all12_lambda020_limit1000.csv,GhostFaceNet,MI_ADMIX_DI_TI,vanilla,0.1491476595401764,GhostFaceNet_MI_ADMIX_DI_TI_adv
16,Facenet512,/content/face_module/dataset_extractedfaces/lfw_pairs/Colin Powell_24.jpg,/content/face_module/dataset_extractedfaces/lfw_pairs/Colin Powell_25.jpg,lfw_pairs,dodging_attack,/home/nadmin/Desktop/updatedattack/results/Facenet512/transfer_attack_similarity_scores_all12_lambda020_limit1000.csv,GhostFaceNet,MI_FGSM,vanilla,0.1132379844784736,GhostFaceNet_MI_FGSM_adv
16,Facenet512,/content/face_module/dataset_extractedfaces/lfw_pairs/Colin Powell_24.jpg,/content/face_module/dataset_extractedfaces/lfw_pairs/Colin Powell_25.jpg,lfw_pairs,dodging_attack,/home/nadmin/Desktop/updatedattack/results/Facenet512/transfer_attack_similarity_scores_all12_lambda020_limit1000.csv,GhostFaceNet,PGD,vanilla,0.1444161087274551,GhostFaceNet_PGD_adv
16,Facenet512,/content/face_module/dataset_extractedfaces/lfw_pairs/Colin Powell_24.jpg,/content/face_module/dataset_extractedfaces/lfw_pairs/Colin Powell_25.jpg,lfw_pairs,dodging_attack,/home/nadmin/Desktop/updatedattack/results/Facenet512/transfer_attack_similarity_scores_all12_lambda020_limit1000.csv,GhostFaceNet,SI_NI_FGSM,vanilla,0.0981999188661575,GhostFaceNet_SI_NI_FGSM_adv
16,Facenet512,/content/face_module/dataset_extractedfaces/lfw_pairs/Colin Powell_24.jpg,/content/face_module/dataset_extractedfaces/lfw_pairs/Colin Powell_25.jpg,lfw_pairs,dodging_attack,/home/nadmin/Desktop/updatedattack/results/Facenet512/transfer_attack_similarity_scores_all12_lambda020_limit1000.csv,GhostFaceNet,TI_FGSM,vanilla,0.14082932472229,GhostFaceNet_TI_FGSM_adv
16,Facenet512,/content/face_module/dataset_extractedfaces/lfw_pairs/Colin Powell_24.jpg,/content/face_module/dataset_extractedfaces/lfw_pairs/Colin Powell_25.jpg,lfw_pairs,dodging_attack,/home/nadmin/Desktop/updatedattack/results/Facenet512/transfer_attack_similarity_scores_all12_lambda020_limit1000.csv,GhostFaceNet,clean,clean,0.2969561815261841,GhostFaceNet_clean
16,Facenet512,/content/face_module/dataset_extractedfaces/lfw_pairs/Colin Powell_24.jpg,/content/face_module/dataset_extractedfaces/lfw_pairs/Colin Powell_25.jpg,lfw_pairs,dodging_attack,/home/nadmin/Desktop/updatedattack/results/Facenet512/transfer_attack_similarity_scores_all12_lambda020_limit1000.csv,IR152,MI_ADMIX_DI_TI,vanilla,0.2981614172458648,IR152_MI_ADMIX_DI_TI_adv
16,Facenet512,/content/face_module/dataset_extractedfaces/lfw_pairs/Colin Powell_24.jpg,/content/face_module/dataset_extractedfaces/lfw_pairs/Colin Powell_25.jpg,lfw_pairs,dodging_attack,/home/nadmin/Desktop/updatedattack/results/Facenet512/transfer_attack_similarity_scores_all12_lambda020_limit1000.csv,IR152,MI_FGSM,vanilla,0.3084425330162048,IR152_MI_FGSM_adv
16,Facenet512,/content/face_module/dataset_extractedfaces/lfw_pairs/Colin Powell_24.jpg,/content/face_module/dataset_extractedfaces/lfw_pairs/Colin Powell_25.jpg,lfw_pairs,dodging_attack,/home/nadmin/Desktop/updatedattack/results/Facenet512/transfer_attack_similarity_scores_all12_lambda020_limit1000.csv,IR152,PGD,vanilla,0.3674787580966949,IR152_PGD_adv
16,Facenet512,/content/face_module/dataset_extractedfaces/lfw_pairs/Colin Powell_24.jpg,/content/face_module/dataset_extractedfaces/lfw_pairs/Colin Powell_25.jpg,lfw_pairs,dodging_attack,/home/nadmin/Desktop/updatedattack/results/Facenet512/transfer_attack_similarity_scores_all12_lambda020_limit1000.csv,IR152,SI_NI_FGSM,vanilla,0.2193020135164261,IR152_SI_NI_FGSM_adv
16,Facenet512,/content/face_module/dataset_extractedfaces/lfw_pairs/Colin Powell_24.jpg,/content/face_module/dataset_extractedfaces/lfw_pairs/Colin Powell_25.jpg,lfw_pairs,dodging_attack,/home/nadmin/Desktop/updatedattack/results/Facenet512/transfer_attack_similarity_scores_all12_lambda020_limit1000.csv,IR152,TI_FGSM,vanilla,0.262241005897522,IR152_TI_FGSM_adv
16,Facenet512,/content/face_module/dataset_extractedfaces/lfw_pairs/Colin Powell_24.jpg,/content/face_module/dataset_extractedfaces/lfw_pairs/Colin Powell_25.jpg,lfw_pairs,dodging_attack,/home/nadmin/Desktop/updatedattack/results/Facenet512/transfer_attack_similarity_scores_all12_lambda020_limit1000.csv,IR152,clean,clean,0.5704069137573242,IR152_clean
16,Facenet512,/content/face_module/dataset_extractedfaces/lfw_pairs/Colin Powell_24.jpg,/content/face_module/dataset_extractedfaces/lfw_pairs/Colin Powell_25.jpg,lfw_pairs,dodging_attack,/home/nadmin/Desktop/updatedattack/results/Facenet512/transfer_attack_similarity_scores_all12_lambda020_limit1000.csv,VGG-Face,MI_ADMIX_DI_TI,vanilla,0.2675759196281433,VGG-Face_MI_ADMIX_DI_TI_adv
16,Facenet512,/content/face_module/dataset_extractedfaces/lfw_pairs/Colin Powell_24.jpg,/content/face_module/dataset_extractedfaces/lfw_pairs/Colin Powell_25.jpg,lfw_pairs,dodging_attack,/home/nadmin/Desktop/updatedattack/results/Facenet512/transfer_attack_similarity_scores_all12_lambda020_limit1000.csv,VGG-Face,MI_FGSM,vanilla,0.2748547792434692,VGG-Face_MI_FGSM_adv
16,Facenet512,/content/face_module/dataset_extractedfaces/lfw_pairs/Colin Powell_24.jpg,/content/face_module/dataset_extractedfaces/lfw_pairs/Colin Powell_25.jpg,lfw_pairs,dodging_attack,/home/nadmin/Desktop/updatedattack/results/Facenet512/transfer_attack_similarity_scores_all12_lambda020_limit1000.csv,VGG-Face,PGD,vanilla,0.3003916144371032,VGG-Face_PGD_adv
16,Facenet512,/content/face_module/dataset_extractedfaces/lfw_pairs/Colin Powell_24.jpg,/content/face_module/dataset_extractedfaces/lfw_pairs/Colin Powell_25.jpg,lfw_pairs,dodging_attack,/home/nadmin/Desktop/updatedattack/results/Facenet512/transfer_attack_similarity_scores_all12_lambda020_limit1000.csv,VGG-Face,SI_NI_FGSM,vanilla,0.3131568431854248,VGG-Face_SI_NI_FGSM_adv
16,Facenet512,/content/face_module/dataset_extractedfaces/lfw_pairs/Colin Powell_24.jpg,/content/face_module/dataset_extractedfaces/lfw_pairs/Colin Powell_25.jpg,lfw_pairs,dodging_attack,/home/nadmin/Desktop/updatedattack/results/Facenet512/transfer_attack_similarity_scores_all12_lambda020_limit1000.csv,VGG-Face,TI_FGSM,vanilla,0.3228327631950378,VGG-Face_TI_FGSM_adv
16,Facenet512,/content/face_module/dataset_extractedfaces/lfw_pairs/Colin Powell_24.jpg,/content/face_module/dataset_extractedfaces/lfw_pairs/Colin Powell_25.jpg,lfw_pairs,dodging_attack,/home/nadmin/Desktop/updatedattack/results/Facenet512/transfer_attack_similarity_scores_all12_lambda020_limit1000.csv,VGG-Face,clean,clean,0.4387425184249878,VGG-Face_clean
17,Facenet512,/content/face_module/dataset_extractedfaces/vggface2_pairs/n000016_0036_01.jpg,/content/face_module/dataset_extractedfaces/vggface2_pairs/n000012_0087_01.jpg,vggface2_pairs,impersonation_attack,/home/nadmin/Desktop/updatedattack/results/Facenet512/transfer_attack_similarity_scores_all12_lambda020_limit1000.csv,ArcFace,MI_ADMIX_DI_TI,vanilla,0.5924004316329956,ArcFace_MI_ADMIX_DI_TI_adv
17,Facenet512,/content/face_module/dataset_extractedfaces/vggface2_pairs/n000016_0036_01.jpg,/content/face_module/dataset_extractedfaces/vggface2_pairs/n000012_0087_01.jpg,vggface2_pairs,impersonation_attack,/home/nadmin/Desktop/updatedattack/results/Facenet512/transfer_attack_similarity_scores_all12_lambda020_limit1000.csv,ArcFace,MI_FGSM,vanilla,0.5929567813873291,ArcFace_MI_FGSM_adv
17,Facenet512,/content/face_module/dataset_extractedfaces/vggface2_pairs/n000016_0036_01.jpg,/content/face_module/dataset_extractedfaces/vggface2_pairs/n000012_0087_01.jpg,vggface2_pairs,impersonation_attack,/home/nadmin/Desktop/updatedattack/results/Facenet512/transfer_attack_similarity_scores_all12_lambda020_limit1000.csv,ArcFace,PGD,vanilla,0.5358109474182129,ArcFace_PGD_adv
17,Facenet512,/content/face_module/dataset_extractedfaces/vggface2_pairs/n000016_0036_01.jpg,/content/face_module/dataset_extractedfaces/vggface2_pairs/n000012_0087_01.jpg,vggface2_pairs,impersonation_attack,/home/nadmin/Desktop/updatedattack/results/Facenet512/transfer_attack_similarity_scores_all12_lambda020_limit1000.csv,ArcFace,SI_NI_FGSM,vanilla,0.6495679020881653,ArcFace_SI_NI_FGSM_adv
17,Facenet512,/content/face_module/dataset_extractedfaces/vggface2_pairs/n000016_0036_01.jpg,/content/face_module/dataset_extractedfaces/vggface2_pairs/n000012_0087_01.jpg,vggface2_pairs,impersonation_attack,/home/nadmin/Desktop/updatedattack/results/Facenet512/transfer_attack_similarity_scores_all12_lambda020_limit1000.csv,ArcFace,TI_FGSM,vanilla,0.5537054538726807,ArcFace_TI_FGSM_adv
17,Facenet512,/content/face_module/dataset_extractedfaces/vggface2_pairs/n000016_0036_01.jpg,/content/face_module/dataset_extractedfaces/vggface2_pairs/n000012_0087_01.jpg,vggface2_pairs,impersonation_attack,/home/nadmin/Desktop/updatedattack/results/Facenet512/transfer_attack_similarity_scores_all12_lambda020_limit1000.csv,ArcFace,clean,clean,0.3356752395629883,ArcFace_clean
17,Facenet512,/content/face_module/dataset_extractedfaces/vggface2_pairs/n000016_0036_01.jpg,/content/face_module/dataset_extractedfaces/vggface2_pairs/n000012_0087_01.jpg,vggface2_pairs,impersonation_attack,/home/nadmin/Desktop/updatedattack/results/Facenet512/transfer_attack_similarity_scores_all12_lambda020_limit1000.csv,Facenet512,clean,clean,-0.0131816901266574,Facenet512_clean
17,Facenet512,/content/face_module/dataset_extractedfaces/vggface2_pairs/n000016_0036_01.jpg,/content/face_module/dataset_extractedfaces/vggface2_pairs/n000012_0087_01.jpg,vggface2_pairs,impersonation_attack,/home/nadmin/Desktop/updatedattack/results/Facenet512/transfer_attack_similarity_scores_all12_lambda020_limit1000.csv,GhostFaceNet,MI_ADMIX_DI_TI,vanilla,0.0634972900152206,GhostFaceNet_MI_ADMIX_DI_TI_adv
17,Facenet512,/content/face_module/dataset_extractedfaces/vggface2_pairs/n000016_0036_01.jpg,/content/face_module/dataset_extractedfaces/vggface2_pairs/n000012_0087_01.jpg,vggface2_pairs,impersonation_attack,/home/nadmin/Desktop/updatedattack/results/Facenet512/transfer_attack_similarity_scores_all12_lambda020_limit1000.csv,GhostFaceNet,MI_FGSM,vanilla,0.0658443123102188,GhostFaceNet_MI_FGSM_adv
17,Facenet512,/content/face_module/dataset_extractedfaces/vggface2_pairs/n000016_0036_01.jpg,/content/face_module/dataset_extractedfaces/vggface2_pairs/n000012_0087_01.jpg,vggface2_pairs,impersonation_attack,/home/nadmin/Desktop/updatedattack/results/Facenet512/transfer_attack_similarity_scores_all12_lambda020_limit1000.csv,GhostFaceNet,PGD,vanilla,0.038881815969944,GhostFaceNet_PGD_adv
17,Facenet512,/content/face_module/dataset_extractedfaces/vggface2_pairs/n000016_0036_01.jpg,/content/face_module/dataset_extractedfaces/vggface2_pairs/n000012_0087_01.jpg,vggface2_pairs,impersonation_attack,/home/nadmin/Desktop/updatedattack/results/Facenet512/transfer_attack_similarity_scores_all12_lambda020_limit1000.csv,GhostFaceNet,SI_NI_FGSM,vanilla,0.0666962191462516,GhostFaceNet_SI_NI_FGSM_adv
17,Facenet512,/content/face_module/dataset_extractedfaces/vggface2_pairs/n000016_0036_01.jpg,/content/face_module/dataset_extractedfaces/vggface2_pairs/n000012_0087_01.jpg,vggface2_pairs,impersonation_attack,/home/nadmin/Desktop/updatedattack/results/Facenet512/transfer_attack_similarity_scores_all12_lambda020_limit1000.csv,GhostFaceNet,TI_FGSM,vanilla,0.0572231672704219,GhostFaceNet_TI_FGSM_adv
17,Facenet512,/content/face_module/dataset_extractedfaces/vggface2_pairs/n000016_0036_01.jpg,/content/face_module/dataset_extractedfaces/vggface2_pairs/n000012_0087_01.jpg,vggface2_pairs,impersonation_attack,/home/nadmin/Desktop/updatedattack/results/Facenet512/transfer_attack_similarity_scores_all12_lambda020_limit1000.csv,GhostFaceNet,clean,clean,-0.0316651351749897,GhostFaceNet_clean
17,Facenet512,/content/face_module/dataset_extractedfaces/vggface2_pairs/n000016_0036_01.jpg,/content/face_module/dataset_extractedfaces/vggface2_pairs/n000012_0087_01.jpg,vggface2_pairs,impersonation_attack,/home/nadmin/Desktop/updatedattack/results/Facenet512/transfer_attack_similarity_scores_all12_lambda020_limit1000.csv,IR152,MI_ADMIX_DI_TI,vanilla,0.1761465817689895,IR152_MI_ADMIX_DI_TI_adv
17,Facenet512,/content/face_module/dataset_extractedfaces/vggface2_pairs/n000016_0036_01.jpg,/content/face_module/dataset_extractedfaces/vggface2_pairs/n000012_0087_01.jpg,vggface2_pairs,impersonation_attack,/home/nadmin/Desktop/updatedattack/results/Facenet512/transfer_attack_similarity_scores_all12_lambda020_limit1000.csv,IR152,MI_FGSM,vanilla,0.09809011220932,IR152_MI_FGSM_adv
17,Facenet512,/content/face_module/dataset_extractedfaces/vggface2_pairs/n000016_0036_01.jpg,/content/face_module/dataset_extractedfaces/vggface2_pairs/n000012_0087_01.jpg,vggface2_pairs,impersonation_attack,/home/nadmin/Desktop/updatedattack/results/Facenet512/transfer_attack_similarity_scores_all12_lambda020_limit1000.csv,IR152,PGD,vanilla,0.0674905776977539,IR152_PGD_adv
17,Facenet512,/content/face_module/dataset_extractedfaces/vggface2_pairs/n000016_0036_01.jpg,/content/face_module/dataset_extractedfaces/vggface2_pairs/n000012_0087_01.jpg,vggface2_pairs,impersonation_attack,/home/nadmin/Desktop/updatedattack/results/Facenet512/transfer_attack_similarity_scores_all12_lambda020_limit1000.csv,IR152,SI_NI_FGSM,vanilla,0.1687018275260925,IR152_SI_NI_FGSM_adv
17,Facenet512,/content/face_module/dataset_extractedfaces/vggface2_pairs/n000016_0036_01.jpg,/content/face_module/dataset_extractedfaces/vggface2_pairs/n000012_0087_01.jpg,vggface2_pairs,impersonation_attack,/home/nadmin/Desktop/updatedattack/results/Facenet512/transfer_attack_similarity_scores_all12_lambda020_limit1000.csv,IR152,TI_FGSM,vanilla,0.128162682056427,IR152_TI_FGSM_adv
17,Facenet512,/content/face_module/dataset_extractedfaces/vggface2_pairs/n000016_0036_01.jpg,/content/face_module/dataset_extractedfaces/vggface2_pairs/n000012_0087_01.jpg,vggface2_pairs,impersonation_attack,/home/nadmin/Desktop/updatedattack/results/Facenet512/transfer_attack_similarity_scores_all12_lambda020_limit1000.csv,IR152,clean,clean,-0.0301507841795682,IR152_clean
17,Facenet512,/content/face_module/dataset_extractedfaces/vggface2_pairs/n000016_0036_01.jpg,/content/face_module/dataset_extractedfaces/vggface2_pairs/n000012_0087_01.jpg,vggface2_pairs,impersonation_attack,/home/nadmin/Desktop/updatedattack/results/Facenet512/transfer_attack_similarity_scores_all12_lambda020_limit1000.csv,VGG-Face,MI_ADMIX_DI_TI,vanilla,0.3533430099487304,VGG-Face_MI_ADMIX_DI_TI_adv
17,Facenet512,/content/face_module/dataset_extractedfaces/vggface2_pairs/n000016_0036_01.jpg,/content/face_module/dataset_extractedfaces/vggface2_pairs/n000012_0087_01.jpg,vggface2_pairs,impersonation_attack,/home/nadmin/Desktop/updatedattack/results/Facenet512/transfer_attack_similarity_scores_all12_lambda020_limit1000.csv,VGG-Face,MI_FGSM,vanilla,0.3018271327018738,VGG-Face_MI_FGSM_adv
17,Facenet512,/content/face_module/dataset_extractedfaces/vggface2_pairs/n000016_0036_01.jpg,/content/face_module/dataset_extractedfaces/vggface2_pairs/n000012_0087_01.jpg,vggface2_pairs,impersonation_attack,/home/nadmin/Desktop/updatedattack/results/Facenet512/transfer_attack_similarity_scores_all12_lambda020_limit1000.csv,VGG-Face,PGD,vanilla,0.256199300289154,VGG-Face_PGD_adv
17,Facenet512,/content/face_module/dataset_extractedfaces/vggface2_pairs/n000016_0036_01.jpg,/content/face_module/dataset_extractedfaces/vggface2_pairs/n000012_0087_01.jpg,vggface2_pairs,impersonation_attack,/home/nadmin/Desktop/updatedattack/results/Facenet512/transfer_attack_similarity_scores_all12_lambda020_limit1000.csv,VGG-Face,SI_NI_FGSM,vanilla,0.3486130237579345,VGG-Face_SI_NI_FGSM_adv
17,Facenet512,/content/face_module/dataset_extractedfaces/vggface2_pairs/n000016_0036_01.jpg,/content/face_module/dataset_extractedfaces/vggface2_pairs/n000012_0087_01.jpg,vggface2_pairs,impersonation_attack,/home/nadmin/Desktop/updatedattack/results/Facenet512/transfer_attack_similarity_scores_all12_lambda020_limit1000.csv,VGG-Face,TI_FGSM,vanilla,0.3297691941261291,VGG-Face_TI_FGSM_adv
17,Facenet512,/content/face_module/dataset_extractedfaces/vggface2_pairs/n000016_0036_01.jpg,/content/face_module/dataset_extractedfaces/vggface2_pairs/n000012_0087_01.jpg,vggface2_pairs,impersonation_attack,/home/nadmin/Desktop/updatedattack/results/Facenet512/transfer_attack_similarity_scores_all12_lambda020_limit1000.csv,VGG-Face,clean,clean,0.1219722479581832,VGG-Face_clean
18,Facenet512,/content/face_module/dataset_extractedfaces/celeba_pairs/092809.jpg,/content/face_module/dataset_extractedfaces/celeba_pairs/108708.jpg,celeba_pairs,dodging_attack,/home/nadmin/Desktop/updatedattack/results/Facenet512/transfer_attack_similarity_scores_all12_lambda020_limit1000.csv,ArcFace,MI_ADMIX_DI_TI,vanilla,0.371097207069397,ArcFace_MI_ADMIX_DI_TI_adv
18,Facenet512,/content/face_module/dataset_extractedfaces/celeba_pairs/092809.jpg,/content/face_module/dataset_extractedfaces/celeba_pairs/108708.jpg,celeba_pairs,dodging_attack,/home/nadmin/Desktop/updatedattack/results/Facenet512/transfer_attack_similarity_scores_all12_lambda020_limit1000.csv,ArcFace,MI_FGSM,vanilla,0.3459633886814117,ArcFace_MI_FGSM_adv
18,Facenet512,/content/face_module/dataset_extractedfaces/celeba_pairs/092809.jpg,/content/face_module/dataset_extractedfaces/celeba_pairs/108708.jpg,celeba_pairs,dodging_attack,/home/nadmin/Desktop/updatedattack/results/Facenet512/transfer_attack_similarity_scores_all12_lambda020_limit1000.csv,ArcFace,PGD,vanilla,0.4755835235118866,ArcFace_PGD_adv
18,Facenet512,/content/face_module/dataset_extractedfaces/celeba_pairs/092809.jpg,/content/face_module/dataset_extractedfaces/celeba_pairs/108708.jpg,celeba_pairs,dodging_attack,/home/nadmin/Desktop/updatedattack/results/Facenet512/transfer_attack_similarity_scores_all12_lambda020_limit1000.csv,ArcFace,SI_NI_FGSM,vanilla,0.3723789751529693,ArcFace_SI_NI_FGSM_adv
18,Facenet512,/content/face_module/dataset_extractedfaces/celeba_pairs/092809.jpg,/content/face_module/dataset_extractedfaces/celeba_pairs/108708.jpg,celeba_pairs,dodging_attack,/home/nadmin/Desktop/updatedattack/results/Facenet512/transfer_attack_similarity_scores_all12_lambda020_limit1000.csv,ArcFace,TI_FGSM,vanilla,0.4566181898117065,ArcFace_TI_FGSM_adv
18,Facenet512,/content/face_module/dataset_extractedfaces/celeba_pairs/092809.jpg,/content/face_module/dataset_extractedfaces/celeba_pairs/108708.jpg,celeba_pairs,dodging_attack,/home/nadmin/Desktop/updatedattack/results/Facenet512/transfer_attack_similarity_scores_all12_lambda020_limit1000.csv,ArcFace,clean,clean,0.7534175515174866,ArcFace_clean
18,Facenet512,/content/face_module/dataset_extractedfaces/celeba_pairs/092809.jpg,/content/face_module/dataset_extractedfaces/celeba_pairs/108708.jpg,celeba_pairs,dodging_attack,/home/nadmin/Desktop/updatedattack/results/Facenet512/transfer_attack_similarity_scores_all12_lambda020_limit1000.csv,Facenet512,clean,clean,0.7128064632415771,Facenet512_clean
18,Facenet512,/content/face_module/dataset_extractedfaces/celeba_pairs/092809.jpg,/content/face_module/dataset_extractedfaces/celeba_pairs/108708.jpg,celeba_pairs,dodging_attack,/home/nadmin/Desktop/updatedattack/results/Facenet512/transfer_attack_similarity_scores_all12_lambda020_limit1000.csv,GhostFaceNet,MI_ADMIX_DI_TI,vanilla,0.3691321015357971,GhostFaceNet_MI_ADMIX_DI_TI_adv
18,Facenet512,/content/face_module/dataset_extractedfaces/celeba_pairs/092809.jpg,/content/face_module/dataset_extractedfaces/celeba_pairs/108708.jpg,celeba_pairs,dodging_attack,/home/nadmin/Desktop/updatedattack/results/Facenet512/transfer_attack_similarity_scores_all12_lambda020_limit1000.csv,GhostFaceNet,MI_FGSM,vanilla,0.2667222619056701,GhostFaceNet_MI_FGSM_adv
18,Facenet512,/content/face_module/dataset_extractedfaces/celeba_pairs/092809.jpg,/content/face_module/dataset_extractedfaces/celeba_pairs/108708.jpg,celeba_pairs,dodging_attack,/home/nadmin/Desktop/updatedattack/results/Facenet512/transfer_attack_similarity_scores_all12_lambda020_limit1000.csv,GhostFaceNet,PGD,vanilla,0.3537676036357879,GhostFaceNet_PGD_adv
18,Facenet512,/content/face_module/dataset_extractedfaces/celeba_pairs/092809.jpg,/content/face_module/dataset_extractedfaces/celeba_pairs/108708.jpg,celeba_pairs,dodging_attack,/home/nadmin/Desktop/updatedattack/results/Facenet512/transfer_attack_similarity_scores_all12_lambda020_limit1000.csv,GhostFaceNet,SI_NI_FGSM,vanilla,0.2061901837587356,GhostFaceNet_SI_NI_FGSM_adv
18,Facenet512,/content/face_module/dataset_extractedfaces/celeba_pairs/092809.jpg,/content/face_module/dataset_extractedfaces/celeba_pairs/108708.jpg,celeba_pairs,dodging_attack,/home/nadmin/Desktop/updatedattack/results/Facenet512/transfer_attack_similarity_scores_all12_lambda020_limit1000.csv,GhostFaceNet,TI_FGSM,vanilla,0.3985015153884887,GhostFaceNet_TI_FGSM_adv
18,Facenet512,/content/face_module/dataset_extractedfaces/celeba_pairs/092809.jpg,/content/face_module/dataset_extractedfaces/celeba_pairs/108708.jpg,celeba_pairs,dodging_attack,/home/nadmin/Desktop/updatedattack/results/Facenet512/transfer_attack_similarity_scores_all12_lambda020_limit1000.csv,GhostFaceNet,clean,clean,0.6571601629257202,GhostFaceNet_clean
18,Facenet512,/content/face_module/dataset_extractedfaces/celeba_pairs/092809.jpg,/content/face_module/dataset_extractedfaces/celeba_pairs/108708.jpg,celeba_pairs,dodging_attack,/home/nadmin/Desktop/updatedattack/results/Facenet512/transfer_attack_similarity_scores_all12_lambda020_limit1000.csv,IR152,MI_ADMIX_DI_TI,vanilla,0.2998003959655761,IR152_MI_ADMIX_DI_TI_adv
18,Facenet512,/content/face_module/dataset_extractedfaces/celeba_pairs/092809.jpg,/content/face_module/dataset_extractedfaces/celeba_pairs/108708.jpg,celeba_pairs,dodging_attack,/home/nadmin/Desktop/updatedattack/results/Facenet512/transfer_attack_similarity_scores_all12_lambda020_limit1000.csv,IR152,MI_FGSM,vanilla,0.3470332622528076,IR152_MI_FGSM_adv
18,Facenet512,/content/face_module/dataset_extractedfaces/celeba_pairs/092809.jpg,/content/face_module/dataset_extractedfaces/celeba_pairs/108708.jpg,celeba_pairs,dodging_attack,/home/nadmin/Desktop/updatedattack/results/Facenet512/transfer_attack_similarity_scores_all12_lambda020_limit1000.csv,IR152,PGD,vanilla,0.4228609204292297,IR152_PGD_adv
18,Facenet512,/content/face_module/dataset_extractedfaces/celeba_pairs/092809.jpg,/content/face_module/dataset_extractedfaces/celeba_pairs/108708.jpg,celeba_pairs,dodging_attack,/home/nadmin/Desktop/updatedattack/results/Facenet512/transfer_attack_similarity_scores_all12_lambda020_limit1000.csv,IR152,SI_NI_FGSM,vanilla,0.3156455159187317,IR152_SI_NI_FGSM_adv
18,Facenet512,/content/face_module/dataset_extractedfaces/celeba_pairs/092809.jpg,/content/face_module/dataset_extractedfaces/celeba_pairs/108708.jpg,celeba_pairs,dodging_attack,/home/nadmin/Desktop/updatedattack/results/Facenet512/transfer_attack_similarity_scores_all12_lambda020_limit1000.csv,IR152,TI_FGSM,vanilla,0.3598877191543579,IR152_TI_FGSM_adv
18,Facenet512,/content/face_module/dataset_extractedfaces/celeba_pairs/092809.jpg,/content/face_module/dataset_extractedfaces/celeba_pairs/108708.jpg,celeba_pairs,dodging_attack,/home/nadmin/Desktop/updatedattack/results/Facenet512/transfer_attack_similarity_scores_all12_lambda020_limit1000.csv,IR152,clean,clean,0.707098126411438,IR152_clean
18,Facenet512,/content/face_module/dataset_extractedfaces/celeba_pairs/092809.jpg,/content/face_module/dataset_extractedfaces/celeba_pairs/108708.jpg,celeba_pairs,dodging_attack,/home/nadmin/Desktop/updatedattack/results/Facenet512/transfer_attack_similarity_scores_all12_lambda020_limit1000.csv,VGG-Face,MI_ADMIX_DI_TI,vanilla,0.2449395656585693,VGG-Face_MI_ADMIX_DI_TI_adv
18,Facenet512,/content/face_module/dataset_extractedfaces/celeba_pairs/092809.jpg,/content/face_module/dataset_extractedfaces/celeba_pairs/108708.jpg,celeba_pairs,dodging_attack,/home/nadmin/Desktop/updatedattack/results/Facenet512/transfer_attack_similarity_scores_all12_lambda020_limit1000.csv,VGG-Face,MI_FGSM,vanilla,0.2006662786006927,VGG-Face_MI_FGSM_adv
18,Facenet512,/content/face_module/dataset_extractedfaces/celeba_pairs/092809.jpg,/content/face_module/dataset_extractedfaces/celeba_pairs/108708.jpg,celeba_pairs,dodging_attack,/home/nadmin/Desktop/updatedattack/results/Facenet512/transfer_attack_similarity_scores_all12_lambda020_limit1000.csv,VGG-Face,PGD,vanilla,0.2767798602581024,VGG-Face_PGD_adv
18,Facenet512,/content/face_module/dataset_extractedfaces/celeba_pairs/092809.jpg,/content/face_module/dataset_extractedfaces/celeba_pairs/108708.jpg,celeba_pairs,dodging_attack,/home/nadmin/Desktop/updatedattack/results/Facenet512/transfer_attack_similarity_scores_all12_lambda020_limit1000.csv,VGG-Face,SI_NI_FGSM,vanilla,0.1712312400341034,VGG-Face_SI_NI_FGSM_adv
18,Facenet512,/content/face_module/dataset_extractedfaces/celeba_pairs/092809.jpg,/content/face_module/dataset_extractedfaces/celeba_pairs/108708.jpg,celeba_pairs,dodging_attack,/home/nadmin/Desktop/updatedattack/results/Facenet512/transfer_attack_similarity_scores_all12_lambda020_limit1000.csv,VGG-Face,TI_FGSM,vanilla,0.271695077419281,VGG-Face_TI_FGSM_adv
18,Facenet512,/content/face_module/dataset_extractedfaces/celeba_pairs/092809.jpg,/content/face_module/dataset_extractedfaces/celeba_pairs/108708.jpg,celeba_pairs,dodging_attack,/home/nadmin/Desktop/updatedattack/results/Facenet512/transfer_attack_similarity_scores_all12_lambda020_limit1000.csv,VGG-Face,clean,clean,0.5854153633117676,VGG-Face_clean
19,Facenet512,/content/face_module/dataset_extractedfaces/vggface2_pairs/n000007_0012_01.jpg,/content/face_module/dataset_extractedfaces/vggface2_pairs/n000008_0101_01.jpg,vggface2_pairs,impersonation_attack,/home/nadmin/Desktop/updatedattack/results/Facenet512/transfer_attack_similarity_scores_all12_lambda020_limit1000.csv,ArcFace,MI_ADMIX_DI_TI,vanilla,0.2719879746437073,ArcFace_MI_ADMIX_DI_TI_adv
19,Facenet512,/content/face_module/dataset_extractedfaces/vggface2_pairs/n000007_0012_01.jpg,/content/face_module/dataset_extractedfaces/vggface2_pairs/n000008_0101_01.jpg,vggface2_pairs,impersonation_attack,/home/nadmin/Desktop/updatedattack/results/Facenet512/transfer_attack_similarity_scores_all12_lambda020_limit1000.csv,ArcFace,MI_FGSM,vanilla,0.317036896944046,ArcFace_MI_FGSM_adv
19,Facenet512,/content/face_module/dataset_extractedfaces/vggface2_pairs/n000007_0012_01.jpg,/content/face_module/dataset_extractedfaces/vggface2_pairs/n000008_0101_01.jpg,vggface2_pairs,impersonation_attack,/home/nadmin/Desktop/updatedattack/results/Facenet512/transfer_attack_similarity_scores_all12_lambda020_limit1000.csv,ArcFace,PGD,vanilla,0.3391104340553283,ArcFace_PGD_adv
19,Facenet512,/content/face_module/dataset_extractedfaces/vggface2_pairs/n000007_0012_01.jpg,/content/face_module/dataset_extractedfaces/vggface2_pairs/n000008_0101_01.jpg,vggface2_pairs,impersonation_attack,/home/nadmin/Desktop/updatedattack/results/Facenet512/transfer_attack_similarity_scores_all12_lambda020_limit1000.csv,ArcFace,SI_NI_FGSM,vanilla,0.3589991331100464,ArcFace_SI_NI_FGSM_adv
19,Facenet512,/content/face_module/dataset_extractedfaces/vggface2_pairs/n000007_0012_01.jpg,/content/face_module/dataset_extractedfaces/vggface2_pairs/n000008_0101_01.jpg,vggface2_pairs,impersonation_attack,/home/nadmin/Desktop/updatedattack/results/Facenet512/transfer_attack_similarity_scores_all12_lambda020_limit1000.csv,ArcFace,TI_FGSM,vanilla,0.2502089440822601,ArcFace_TI_FGSM_adv
19,Facenet512,/content/face_module/dataset_extractedfaces/vggface2_pairs/n000007_0012_01.jpg,/content/face_module/dataset_extractedfaces/vggface2_pairs/n000008_0101_01.jpg,vggface2_pairs,impersonation_attack,/home/nadmin/Desktop/updatedattack/results/Facenet512/transfer_attack_similarity_scores_all12_lambda020_limit1000.csv,ArcFace,clean,clean,0.1917921304702758,ArcFace_clean
19,Facenet512,/content/face_module/dataset_extractedfaces/vggface2_pairs/n000007_0012_01.jpg,/content/face_module/dataset_extractedfaces/vggface2_pairs/n000008_0101_01.jpg,vggface2_pairs,impersonation_attack,/home/nadmin/Desktop/updatedattack/results/Facenet512/transfer_attack_similarity_scores_all12_lambda020_limit1000.csv,Facenet512,clean,clean,0.0531447790563106,Facenet512_clean
19,Facenet512,/content/face_module/dataset_extractedfaces/vggface2_pairs/n000007_0012_01.jpg,/content/face_module/dataset_extractedfaces/vggface2_pairs/n000008_0101_01.jpg,vggface2_pairs,impersonation_attack,/home/nadmin/Desktop/updatedattack/results/Facenet512/transfer_attack_similarity_scores_all12_lambda020_limit1000.csv,GhostFaceNet,MI_ADMIX_DI_TI,vanilla,0.0995207279920578,GhostFaceNet_MI_ADMIX_DI_TI_adv
19,Facenet512,/content/face_module/dataset_extractedfaces/vggface2_pairs/n000007_0012_01.jpg,/content/face_module/dataset_extractedfaces/vggface2_pairs/n000008_0101_01.jpg,vggface2_pairs,impersonation_attack,/home/nadmin/Desktop/updatedattack/results/Facenet512/transfer_attack_similarity_scores_all12_lambda020_limit1000.csv,GhostFaceNet,MI_FGSM,vanilla,0.0900436788797378,GhostFaceNet_MI_FGSM_adv
19,Facenet512,/content/face_module/dataset_extractedfaces/vggface2_pairs/n000007_0012_01.jpg,/content/face_module/dataset_extractedfaces/vggface2_pairs/n000008_0101_01.jpg,vggface2_pairs,impersonation_attack,/home/nadmin/Desktop/updatedattack/results/Facenet512/transfer_attack_similarity_scores_all12_lambda020_limit1000.csv,GhostFaceNet,PGD,vanilla,0.0944200158119201,GhostFaceNet_PGD_adv
19,Facenet512,/content/face_module/dataset_extractedfaces/vggface2_pairs/n000007_0012_01.jpg,/content/face_module/dataset_extractedfaces/vggface2_pairs/n000008_0101_01.jpg,vggface2_pairs,impersonation_attack,/home/nadmin/Desktop/updatedattack/results/Facenet512/transfer_attack_similarity_scores_all12_lambda020_limit1000.csv,GhostFaceNet,SI_NI_FGSM,vanilla,0.1170423030853271,GhostFaceNet_SI_NI_FGSM_adv
19,Facenet512,/content/face_module/dataset_extractedfaces/vggface2_pairs/n000007_0012_01.jpg,/content/face_module/dataset_extractedfaces/vggface2_pairs/n000008_0101_01.jpg,vggface2_pairs,impersonation_attack,/home/nadmin/Desktop/updatedattack/results/Facenet512/transfer_attack_similarity_scores_all12_lambda020_limit1000.csv,GhostFaceNet,TI_FGSM,vanilla,0.0933834463357925,GhostFaceNet_TI_FGSM_adv
19,Facenet512,/content/face_module/dataset_extractedfaces/vggface2_pairs/n000007_0012_01.jpg,/content/face_module/dataset_extractedfaces/vggface2_pairs/n000008_0101_01.jpg,vggface2_pairs,impersonation_attack,/home/nadmin/Desktop/updatedattack/results/Facenet512/transfer_attack_similarity_scores_all12_lambda020_limit1000.csv,GhostFaceNet,clean,clean,0.0520271658897399,GhostFaceNet_clean
19,Facenet512,/content/face_module/dataset_extractedfaces/vggface2_pairs/n000007_0012_01.jpg,/content/face_module/dataset_extractedfaces/vggface2_pairs/n000008_0101_01.jpg,vggface2_pairs,impersonation_attack,/home/nadmin/Desktop/updatedattack/results/Facenet512/transfer_attack_similarity_scores_all12_lambda020_limit1000.csv,IR152,MI_ADMIX_DI_TI,vanilla,-0.0135257188230752,IR152_MI_ADMIX_DI_TI_adv
19,Facenet512,/content/face_module/dataset_extractedfaces/vggface2_pairs/n000007_0012_01.jpg,/content/face_module/dataset_extractedfaces/vggface2_pairs/n000008_0101_01.jpg,vggface2_pairs,impersonation_attack,/home/nadmin/Desktop/updatedattack/results/Facenet512/transfer_attack_similarity_scores_all12_lambda020_limit1000.csv,IR152,MI_FGSM,vanilla,0.0186068750917911,IR152_MI_FGSM_adv
19,Facenet512,/content/face_module/dataset_extractedfaces/vggface2_pairs/n000007_0012_01.jpg,/content/face_module/dataset_extractedfaces/vggface2_pairs/n000008_0101_01.jpg,vggface2_pairs,impersonation_attack,/home/nadmin/Desktop/updatedattack/results/Facenet512/transfer_attack_similarity_scores_all12_lambda020_limit1000.csv,IR152,PGD,vanilla,0.014730030670762,IR152_PGD_adv
19,Facenet512,/content/face_module/dataset_extractedfaces/vggface2_pairs/n000007_0012_01.jpg,/content/face_module/dataset_extractedfaces/vggface2_pairs/n000008_0101_01.jpg,vggface2_pairs,impersonation_attack,/home/nadmin/Desktop/updatedattack/results/Facenet512/transfer_attack_similarity_scores_all12_lambda020_limit1000.csv,IR152,SI_NI_FGSM,vanilla,0.0329795740544796,IR152_SI_NI_FGSM_adv
19,Facenet512,/content/face_module/dataset_extractedfaces/vggface2_pairs/n000007_0012_01.jpg,/content/face_module/dataset_extractedfaces/vggface2_pairs/n000008_0101_01.jpg,vggface2_pairs,impersonation_attack,/home/nadmin/Desktop/updatedattack/results/Facenet512/transfer_attack_similarity_scores_all12_lambda020_limit1000.csv,IR152,TI_FGSM,vanilla,-0.0163362268358469,IR152_TI_FGSM_adv
19,Facenet512,/content/face_module/dataset_extractedfaces/vggface2_pairs/n000007_0012_01.jpg,/content/face_module/dataset_extractedfaces/vggface2_pairs/n000008_0101_01.jpg,vggface2_pairs,impersonation_attack,/home/nadmin/Desktop/updatedattack/results/Facenet512/transfer_attack_similarity_scores_all12_lambda020_limit1000.csv,IR152,clean,clean,-0.0336103551089763,IR152_clean
19,Facenet512,/content/face_module/dataset_extractedfaces/vggface2_pairs/n000007_0012_01.jpg,/content/face_module/dataset_extractedfaces/vggface2_pairs/n000008_0101_01.jpg,vggface2_pairs,impersonation_attack,/home/nadmin/Desktop/updatedattack/results/Facenet512/transfer_attack_similarity_scores_all12_lambda020_limit1000.csv,VGG-Face,MI_ADMIX_DI_TI,vanilla,0.1067771688103675,VGG-Face_MI_ADMIX_DI_TI_adv
19,Facenet512,/content/face_module/dataset_extractedfaces/vggface2_pairs/n000007_0012_01.jpg,/content/face_module/dataset_extractedfaces/vggface2_pairs/n000008_0101_01.jpg,vggface2_pairs,impersonation_attack,/home/nadmin/Desktop/updatedattack/results/Facenet512/transfer_attack_similarity_scores_all12_lambda020_limit1000.csv,VGG-Face,MI_FGSM,vanilla,0.1627720892429351,VGG-Face_MI_FGSM_adv
19,Facenet512,/content/face_module/dataset_extractedfaces/vggface2_pairs/n000007_0012_01.jpg,/content/face_module/dataset_extractedfaces/vggface2_pairs/n000008_0101_01.jpg,vggface2_pairs,impersonation_attack,/home/nadmin/Desktop/updatedattack/results/Facenet512/transfer_attack_similarity_scores_all12_lambda020_limit1000.csv,VGG-Face,PGD,vanilla,0.1351256072521209,VGG-Face_PGD_adv
19,Facenet512,/content/face_module/dataset_extractedfaces/vggface2_pairs/n000007_0012_01.jpg,/content/face_module/dataset_extractedfaces/vggface2_pairs/n000008_0101_01.jpg,vggface2_pairs,impersonation_attack,/home/nadmin/Desktop/updatedattack/results/Facenet512/transfer_attack_similarity_scores_all12_lambda020_limit1000.csv,VGG-Face,SI_NI_FGSM,vanilla,0.2033361196517944,VGG-Face_SI_NI_FGSM_adv
19,Facenet512,/content/face_module/dataset_extractedfaces/vggface2_pairs/n000007_0012_01.jpg,/content/face_module/dataset_extractedfaces/vggface2_pairs/n000008_0101_01.jpg,vggface2_pairs,impersonation_attack,/home/nadmin/Desktop/updatedattack/results/Facenet512/transfer_attack_similarity_scores_all12_lambda020_limit1000.csv,VGG-Face,TI_FGSM,vanilla,0.1063024997711181,VGG-Face_TI_FGSM_adv
19,Facenet512,/content/face_module/dataset_extractedfaces/vggface2_pairs/n000007_0012_01.jpg,/content/face_module/dataset_extractedfaces/vggface2_pairs/n000008_0101_01.jpg,vggface2_pairs,impersonation_attack,/home/nadmin/Desktop/updatedattack/results/Facenet512/transfer_attack_similarity_scores_all12_lambda020_limit1000.csv,VGG-Face,clean,clean,0.056086029857397,VGG-Face_clean
21,Facenet512,/content/face_module/dataset_extractedfaces/vggface2_pairs/n000012_0183_01.jpg,/content/face_module/dataset_extractedfaces/vggface2_pairs/n000014_0113_01.jpg,vggface2_pairs,impersonation_attack,/home/nadmin/Desktop/updatedattack/results/Facenet512/transfer_attack_similarity_scores_all12_lambda020_limit1000.csv,ArcFace,MI_ADMIX_DI_TI,vanilla,0.4069828391075134,ArcFace_MI_ADMIX_DI_TI_adv
21,Facenet512,/content/face_module/dataset_extractedfaces/vggface2_pairs/n000012_0183_01.jpg,/content/face_module/dataset_extractedfaces/vggface2_pairs/n000014_0113_01.jpg,vggface2_pairs,impersonation_attack,/home/nadmin/Desktop/updatedattack/results/Facenet512/transfer_attack_similarity_scores_all12_lambda020_limit1000.csv,ArcFace,MI_FGSM,vanilla,0.3822554349899292,ArcFace_MI_FGSM_adv
21,Facenet512,/content/face_module/dataset_extractedfaces/vggface2_pairs/n000012_0183_01.jpg,/content/face_module/dataset_extractedfaces/vggface2_pairs/n000014_0113_01.jpg,vggface2_pairs,impersonation_attack,/home/nadmin/Desktop/updatedattack/results/Facenet512/transfer_attack_similarity_scores_all12_lambda020_limit1000.csv,ArcFace,PGD,vanilla,0.329529732465744,ArcFace_PGD_adv
21,Facenet512,/content/face_module/dataset_extractedfaces/vggface2_pairs/n000012_0183_01.jpg,/content/face_module/dataset_extractedfaces/vggface2_pairs/n000014_0113_01.jpg,vggface2_pairs,impersonation_attack,/home/nadmin/Desktop/updatedattack/results/Facenet512/transfer_attack_similarity_scores_all12_lambda020_limit1000.csv,ArcFace,SI_NI_FGSM,vanilla,0.4474858939647674,ArcFace_SI_NI_FGSM_adv
21,Facenet512,/content/face_module/dataset_extractedfaces/vggface2_pairs/n000012_0183_01.jpg,/content/face_module/dataset_extractedfaces/vggface2_pairs/n000014_0113_01.jpg,vggface2_pairs,impersonation_attack,/home/nadmin/Desktop/updatedattack/results/Facenet512/transfer_attack_similarity_scores_all12_lambda020_limit1000.csv,ArcFace,TI_FGSM,vanilla,0.3774664998054504,ArcFace_TI_FGSM_adv
21,Facenet512,/content/face_module/dataset_extractedfaces/vggface2_pairs/n000012_0183_01.jpg,/content/face_module/dataset_extractedfaces/vggface2_pairs/n000014_0113_01.jpg,vggface2_pairs,impersonation_attack,/home/nadmin/Desktop/updatedattack/results/Facenet512/transfer_attack_similarity_scores_all12_lambda020_limit1000.csv,ArcFace,clean,clean,0.1859162747859954,ArcFace_clean
21,Facenet512,/content/face_module/dataset_extractedfaces/vggface2_pairs/n000012_0183_01.jpg,/content/face_module/dataset_extractedfaces/vggface2_pairs/n000014_0113_01.jpg,vggface2_pairs,impersonation_attack,/home/nadmin/Desktop/updatedattack/results/Facenet512/transfer_attack_similarity_scores_all12_lambda020_limit1000.csv,Facenet512,clean,clean,-0.2023607045412063,Facenet512_clean
21,Facenet512,/content/face_module/dataset_extractedfaces/vggface2_pairs/n000012_0183_01.jpg,/content/face_module/dataset_extractedfaces/vggface2_pairs/n000014_0113_01.jpg,vggface2_pairs,impersonation_attack,/home/nadmin/Desktop/updatedattack/results/Facenet512/transfer_attack_similarity_scores_all12_lambda020_limit1000.csv,GhostFaceNet,MI_ADMIX_DI_TI,vanilla,0.1206419467926025,GhostFaceNet_MI_ADMIX_DI_TI_adv
21,Facenet512,/content/face_module/dataset_extractedfaces/vggface2_pairs/n000012_0183_01.jpg,/content/face_module/dataset_extractedfaces/vggface2_pairs/n000014_0113_01.jpg,vggface2_pairs,impersonation_attack,/home/nadmin/Desktop/updatedattack/results/Facenet512/transfer_attack_similarity_scores_all12_lambda020_limit1000.csv,GhostFaceNet,MI_FGSM,vanilla,0.1320542991161346,GhostFaceNet_MI_FGSM_adv
21,Facenet512,/content/face_module/dataset_extractedfaces/vggface2_pairs/n000012_0183_01.jpg,/content/face_module/dataset_extractedfaces/vggface2_pairs/n000014_0113_01.jpg,vggface2_pairs,impersonation_attack,/home/nadmin/Desktop/updatedattack/results/Facenet512/transfer_attack_similarity_scores_all12_lambda020_limit1000.csv,GhostFaceNet,PGD,vanilla,0.0766416490077972,GhostFaceNet_PGD_adv
21,Facenet512,/content/face_module/dataset_extractedfaces/vggface2_pairs/n000012_0183_01.jpg,/content/face_module/dataset_extractedfaces/vggface2_pairs/n000014_0113_01.jpg,vggface2_pairs,impersonation_attack,/home/nadmin/Desktop/updatedattack/results/Facenet512/transfer_attack_similarity_scores_all12_lambda020_limit1000.csv,GhostFaceNet,SI_NI_FGSM,vanilla,0.1228748559951782,GhostFaceNet_SI_NI_FGSM_adv
21,Facenet512,/content/face_module/dataset_extractedfaces/vggface2_pairs/n000012_0183_01.jpg,/content/face_module/dataset_extractedfaces/vggface2_pairs/n000014_0113_01.jpg,vggface2_pairs,impersonation_attack,/home/nadmin/Desktop/updatedattack/results/Facenet512/transfer_attack_similarity_scores_all12_lambda020_limit1000.csv,GhostFaceNet,TI_FGSM,vanilla,0.10628442466259,GhostFaceNet_TI_FGSM_adv
21,Facenet512,/content/face_module/dataset_extractedfaces/vggface2_pairs/n000012_0183_01.jpg,/content/face_module/dataset_extractedfaces/vggface2_pairs/n000014_0113_01.jpg,vggface2_pairs,impersonation_attack,/home/nadmin/Desktop/updatedattack/results/Facenet512/transfer_attack_similarity_scores_all12_lambda020_limit1000.csv,GhostFaceNet,clean,clean,0.0400891341269016,GhostFaceNet_clean
21,Facenet512,/content/face_module/dataset_extractedfaces/vggface2_pairs/n000012_0183_01.jpg,/content/face_module/dataset_extractedfaces/vggface2_pairs/n000014_0113_01.jpg,vggface2_pairs,impersonation_attack,/home/nadmin/Desktop/updatedattack/results/Facenet512/transfer_attack_similarity_scores_all12_lambda020_limit1000.csv,IR152,MI_ADMIX_DI_TI,vanilla,0.0306769087910652,IR152_MI_ADMIX_DI_TI_adv
21,Facenet512,/content/face_module/dataset_extractedfaces/vggface2_pairs/n000012_0183_01.jpg,/content/face_module/dataset_extractedfaces/vggface2_pairs/n000014_0113_01.jpg,vggface2_pairs,impersonation_attack,/home/nadmin/Desktop/updatedattack/results/Facenet512/transfer_attack_similarity_scores_all12_lambda020_limit1000.csv,IR152,MI_FGSM,vanilla,0.0043391454964876,IR152_MI_FGSM_adv
21,Facenet512,/content/face_module/dataset_extractedfaces/vggface2_pairs/n000012_0183_01.jpg,/content/face_module/dataset_extractedfaces/vggface2_pairs/n000014_0113_01.jpg,vggface2_pairs,impersonation_attack,/home/nadmin/Desktop/updatedattack/results/Facenet512/transfer_attack_similarity_scores_all12_lambda020_limit1000.csv,IR152,PGD,vanilla,-0.0078929644078016,IR152_PGD_adv
21,Facenet512,/content/face_module/dataset_extractedfaces/vggface2_pairs/n000012_0183_01.jpg,/content/face_module/dataset_extractedfaces/vggface2_pairs/n000014_0113_01.jpg,vggface2_pairs,impersonation_attack,/home/nadmin/Desktop/updatedattack/results/Facenet512/transfer_attack_similarity_scores_all12_lambda020_limit1000.csv,IR152,SI_NI_FGSM,vanilla,0.0306661315262317,IR152_SI_NI_FGSM_adv
21,Facenet512,/content/face_module/dataset_extractedfaces/vggface2_pairs/n000012_0183_01.jpg,/content/face_module/dataset_extractedfaces/vggface2_pairs/n000014_0113_01.jpg,vggface2_pairs,impersonation_attack,/home/nadmin/Desktop/updatedattack/results/Facenet512/transfer_attack_similarity_scores_all12_lambda020_limit1000.csv,IR152,TI_FGSM,vanilla,-0.0046522142365574,IR152_TI_FGSM_adv
21,Facenet512,/content/face_module/dataset_extractedfaces/vggface2_pairs/n000012_0183_01.jpg,/content/face_module/dataset_extractedfaces/vggface2_pairs/n000014_0113_01.jpg,vggface2_pairs,impersonation_attack,/home/nadmin/Desktop/updatedattack/results/Facenet512/transfer_attack_similarity_scores_all12_lambda020_limit1000.csv,IR152,clean,clean,-0.0263524912297725,IR152_clean
21,Facenet512,/content/face_module/dataset_extractedfaces/vggface2_pairs/n000012_0183_01.jpg,/content/face_module/dataset_extractedfaces/vggface2_pairs/n000014_0113_01.jpg,vggface2_pairs,impersonation_attack,/home/nadmin/Desktop/updatedattack/results/Facenet512/transfer_attack_similarity_scores_all12_lambda020_limit1000.csv,VGG-Face,MI_ADMIX_DI_TI,vanilla,0.1503728032112121,VGG-Face_MI_ADMIX_DI_TI_adv
21,Facenet512,/content/face_module/dataset_extractedfaces/vggface2_pairs/n000012_0183_01.jpg,/content/face_module/dataset_extractedfaces/vggface2_pairs/n000014_0113_01.jpg,vggface2_pairs,impersonation_attack,/home/nadmin/Desktop/updatedattack/results/Facenet512/transfer_attack_similarity_scores_all12_lambda020_limit1000.csv,VGG-Face,MI_FGSM,vanilla,0.122743472456932,VGG-Face_MI_FGSM_adv
21,Facenet512,/content/face_module/dataset_extractedfaces/vggface2_pairs/n000012_0183_01.jpg,/content/face_module/dataset_extractedfaces/vggface2_pairs/n000014_0113_01.jpg,vggface2_pairs,impersonation_attack,/home/nadmin/Desktop/updatedattack/results/Facenet512/transfer_attack_similarity_scores_all12_lambda020_limit1000.csv,VGG-Face,PGD,vanilla,0.1174408644437789,VGG-Face_PGD_adv
21,Facenet512,/content/face_module/dataset_extractedfaces/vggface2_pairs/n000012_0183_01.jpg,/content/face_module/dataset_extractedfaces/vggface2_pairs/n000014_0113_01.jpg,vggface2_pairs,impersonation_attack,/home/nadmin/Desktop/updatedattack/results/Facenet512/transfer_attack_similarity_scores_all12_lambda020_limit1000.csv,VGG-Face,SI_NI_FGSM,vanilla,0.1590195894241333,VGG-Face_SI_NI_FGSM_adv
21,Facenet512,/content/face_module/dataset_extractedfaces/vggface2_pairs/n000012_0183_01.jpg,/content/face_module/dataset_extractedfaces/vggface2_pairs/n000014_0113_01.jpg,vggface2_pairs,impersonation_attack,/home/nadmin/Desktop/updatedattack/results/Facenet512/transfer_attack_similarity_scores_all12_lambda020_limit1000.csv,VGG-Face,TI_FGSM,vanilla,0.1389475762844085,VGG-Face_TI_FGSM_adv
21,Facenet512,/content/face_module/dataset_extractedfaces/vggface2_pairs/n000012_0183_01.jpg,/content/face_module/dataset_extractedfaces/vggface2_pairs/n000014_0113_01.jpg,vggface2_pairs,impersonation_attack,/home/nadmin/Desktop/updatedattack/results/Facenet512/transfer_attack_similarity_scores_all12_lambda020_limit1000.csv,VGG-Face,clean,clean,0.064671903848648,VGG-Face_clean
23,Facenet512,/content/face_module/dataset_extractedfaces/lfw_pairs/Tom Daschle_5.jpg,/content/face_module/dataset_extractedfaces/lfw_pairs/Tom Daschle_6.jpg,lfw_pairs,dodging_attack,/home/nadmin/Desktop/updatedattack/results/Facenet512/transfer_attack_similarity_scores_all12_lambda020_limit1000.csv,ArcFace,MI_ADMIX_DI_TI,vanilla,0.386674016714096,ArcFace_MI_ADMIX_DI_TI_adv
23,Facenet512,/content/face_module/dataset_extractedfaces/lfw_pairs/Tom Daschle_5.jpg,/content/face_module/dataset_extractedfaces/lfw_pairs/Tom Daschle_6.jpg,lfw_pairs,dodging_attack,/home/nadmin/Desktop/updatedattack/results/Facenet512/transfer_attack_similarity_scores_all12_lambda020_limit1000.csv,ArcFace,MI_FGSM,vanilla,0.2976853549480438,ArcFace_MI_FGSM_adv
23,Facenet512,/content/face_module/dataset_extractedfaces/lfw_pairs/Tom Daschle_5.jpg,/content/face_module/dataset_extractedfaces/lfw_pairs/Tom Daschle_6.jpg,lfw_pairs,dodging_attack,/home/nadmin/Desktop/updatedattack/results/Facenet512/transfer_attack_similarity_scores_all12_lambda020_limit1000.csv,ArcFace,PGD,vanilla,0.4020074605941772,ArcFace_PGD_adv
23,Facenet512,/content/face_module/dataset_extractedfaces/lfw_pairs/Tom Daschle_5.jpg,/content/face_module/dataset_extractedfaces/lfw_pairs/Tom Daschle_6.jpg,lfw_pairs,dodging_attack,/home/nadmin/Desktop/updatedattack/results/Facenet512/transfer_attack_similarity_scores_all12_lambda020_limit1000.csv,ArcFace,SI_NI_FGSM,vanilla,0.3851931989192962,ArcFace_SI_NI_FGSM_adv
23,Facenet512,/content/face_module/dataset_extractedfaces/lfw_pairs/Tom Daschle_5.jpg,/content/face_module/dataset_extractedfaces/lfw_pairs/Tom Daschle_6.jpg,lfw_pairs,dodging_attack,/home/nadmin/Desktop/updatedattack/results/Facenet512/transfer_attack_similarity_scores_all12_lambda020_limit1000.csv,ArcFace,TI_FGSM,vanilla,0.4476739764213562,ArcFace_TI_FGSM_adv
23,Facenet512,/content/face_module/dataset_extractedfaces/lfw_pairs/Tom Daschle_5.jpg,/content/face_module/dataset_extractedfaces/lfw_pairs/Tom Daschle_6.jpg,lfw_pairs,dodging_attack,/home/nadmin/Desktop/updatedattack/results/Facenet512/transfer_attack_similarity_scores_all12_lambda020_limit1000.csv,ArcFace,clean,clean,0.6419427394866943,ArcFace_clean
23,Facenet512,/content/face_module/dataset_extractedfaces/lfw_pairs/Tom Daschle_5.jpg,/content/face_module/dataset_extractedfaces/lfw_pairs/Tom Daschle_6.jpg,lfw_pairs,dodging_attack,/home/nadmin/Desktop/updatedattack/results/Facenet512/transfer_attack_similarity_scores_all12_lambda020_limit1000.csv,Facenet512,clean,clean,0.7583963871002197,Facenet512_clean
23,Facenet512,/content/face_module/dataset_extractedfaces/lfw_pairs/Tom Daschle_5.jpg,/content/face_module/dataset_extractedfaces/lfw_pairs/Tom Daschle_6.jpg,lfw_pairs,dodging_attack,/home/nadmin/Desktop/updatedattack/results/Facenet512/transfer_attack_similarity_scores_all12_lambda020_limit1000.csv,GhostFaceNet,MI_ADMIX_DI_TI,vanilla,0.1822306215763092,GhostFaceNet_MI_ADMIX_DI_TI_adv
23,Facenet512,/content/face_module/dataset_extractedfaces/lfw_pairs/Tom Daschle_5.jpg,/content/face_module/dataset_extractedfaces/lfw_pairs/Tom Daschle_6.jpg,lfw_pairs,dodging_attack,/home/nadmin/Desktop/updatedattack/results/Facenet512/transfer_attack_similarity_scores_all12_lambda020_limit1000.csv,GhostFaceNet,MI_FGSM,vanilla,0.3109366595745086,GhostFaceNet_MI_FGSM_adv
23,Facenet512,/content/face_module/dataset_extractedfaces/lfw_pairs/Tom Daschle_5.jpg,/content/face_module/dataset_extractedfaces/lfw_pairs/Tom Daschle_6.jpg,lfw_pairs,dodging_attack,/home/nadmin/Desktop/updatedattack/results/Facenet512/transfer_attack_similarity_scores_all12_lambda020_limit1000.csv,GhostFaceNet,PGD,vanilla,0.2513481676578522,GhostFaceNet_PGD_adv
23,Facenet512,/content/face_module/dataset_extractedfaces/lfw_pairs/Tom Daschle_5.jpg,/content/face_module/dataset_extractedfaces/lfw_pairs/Tom Daschle_6.jpg,lfw_pairs,dodging_attack,/home/nadmin/Desktop/updatedattack/results/Facenet512/transfer_attack_similarity_scores_all12_lambda020_limit1000.csv,GhostFaceNet,SI_NI_FGSM,vanilla,0.295948714017868,GhostFaceNet_SI_NI_FGSM_adv
23,Facenet512,/content/face_module/dataset_extractedfaces/lfw_pairs/Tom Daschle_5.jpg,/content/face_module/dataset_extractedfaces/lfw_pairs/Tom Daschle_6.jpg,lfw_pairs,dodging_attack,/home/nadmin/Desktop/updatedattack/results/Facenet512/transfer_attack_similarity_scores_all12_lambda020_limit1000.csv,GhostFaceNet,TI_FGSM,vanilla,0.2444988191127777,GhostFaceNet_TI_FGSM_adv
23,Facenet512,/content/face_module/dataset_extractedfaces/lfw_pairs/Tom Daschle_5.jpg,/content/face_module/dataset_extractedfaces/lfw_pairs/Tom Daschle_6.jpg,lfw_pairs,dodging_attack,/home/nadmin/Desktop/updatedattack/results/Facenet512/transfer_attack_similarity_scores_all12_lambda020_limit1000.csv,GhostFaceNet,clean,clean,0.2230295687913894,GhostFaceNet_clean
23,Facenet512,/content/face_module/dataset_extractedfaces/lfw_pairs/Tom Daschle_5.jpg,/content/face_module/dataset_extractedfaces/lfw_pairs/Tom Daschle_6.jpg,lfw_pairs,dodging_attack,/home/nadmin/Desktop/updatedattack/results/Facenet512/transfer_attack_similarity_scores_all12_lambda020_limit1000.csv,IR152,MI_ADMIX_DI_TI,vanilla,0.3274133801460266,IR152_MI_ADMIX_DI_TI_adv
23,Facenet512,/content/face_module/dataset_extractedfaces/lfw_pairs/Tom Daschle_5.jpg,/content/face_module/dataset_extractedfaces/lfw_pairs/Tom Daschle_6.jpg,lfw_pairs,dodging_attack,/home/nadmin/Desktop/updatedattack/results/Facenet512/transfer_attack_similarity_scores_all12_lambda020_limit1000.csv,IR152,MI_FGSM,vanilla,0.4283207058906555,IR152_MI_FGSM_adv
23,Facenet512,/content/face_module/dataset_extractedfaces/lfw_pairs/Tom Daschle_5.jpg,/content/face_module/dataset_extractedfaces/lfw_pairs/Tom Daschle_6.jpg,lfw_pairs,dodging_attack,/home/nadmin/Desktop/updatedattack/results/Facenet512/transfer_attack_similarity_scores_all12_lambda020_limit1000.csv,IR152,PGD,vanilla,0.514741063117981,IR152_PGD_adv
23,Facenet512,/content/face_module/dataset_extractedfaces/lfw_pairs/Tom Daschle_5.jpg,/content/face_module/dataset_extractedfaces/lfw_pairs/Tom Daschle_6.jpg,lfw_pairs,dodging_attack,/home/nadmin/Desktop/updatedattack/results/Facenet512/transfer_attack_similarity_scores_all12_lambda020_limit1000.csv,IR152,SI_NI_FGSM,vanilla,0.3540595173835754,IR152_SI_NI_FGSM_adv
23,Facenet512,/content/face_module/dataset_extractedfaces/lfw_pairs/Tom Daschle_5.jpg,/content/face_module/dataset_extractedfaces/lfw_pairs/Tom Daschle_6.jpg,lfw_pairs,dodging_attack,/home/nadmin/Desktop/updatedattack/results/Facenet512/transfer_attack_similarity_scores_all12_lambda020_limit1000.csv,IR152,TI_FGSM,vanilla,0.4557289481163025,IR152_TI_FGSM_adv
23,Facenet512,/content/face_module/dataset_extractedfaces/lfw_pairs/Tom Daschle_5.jpg,/content/face_module/dataset_extractedfaces/lfw_pairs/Tom Daschle_6.jpg,lfw_pairs,dodging_attack,/home/nadmin/Desktop/updatedattack/results/Facenet512/transfer_attack_similarity_scores_all12_lambda020_limit1000.csv,IR152,clean,clean,0.6403073072433472,IR152_clean
23,Facenet512,/content/face_module/dataset_extractedfaces/lfw_pairs/Tom Daschle_5.jpg,/content/face_module/dataset_extractedfaces/lfw_pairs/Tom Daschle_6.jpg,lfw_pairs,dodging_attack,/home/nadmin/Desktop/updatedattack/results/Facenet512/transfer_attack_similarity_scores_all12_lambda020_limit1000.csv,VGG-Face,MI_ADMIX_DI_TI,vanilla,0.2640434801578522,VGG-Face_MI_ADMIX_DI_TI_adv
23,Facenet512,/content/face_module/dataset_extractedfaces/lfw_pairs/Tom Daschle_5.jpg,/content/face_module/dataset_extractedfaces/lfw_pairs/Tom Daschle_6.jpg,lfw_pairs,dodging_attack,/home/nadmin/Desktop/updatedattack/results/Facenet512/transfer_attack_similarity_scores_all12_lambda020_limit1000.csv,VGG-Face,MI_FGSM,vanilla,0.3162397742271423,VGG-Face_MI_FGSM_adv
23,Facenet512,/content/face_module/dataset_extractedfaces/lfw_pairs/Tom Daschle_5.jpg,/content/face_module/dataset_extractedfaces/lfw_pairs/Tom Daschle_6.jpg,lfw_pairs,dodging_attack,/home/nadmin/Desktop/updatedattack/results/Facenet512/transfer_attack_similarity_scores_all12_lambda020_limit1000.csv,VGG-Face,PGD,vanilla,0.3859663009643554,VGG-Face_PGD_adv
23,Facenet512,/content/face_module/dataset_extractedfaces/lfw_pairs/Tom Daschle_5.jpg,/content/face_module/dataset_extractedfaces/lfw_pairs/Tom Daschle_6.jpg,lfw_pairs,dodging_attack,/home/nadmin/Desktop/updatedattack/results/Facenet512/transfer_attack_similarity_scores_all12_lambda020_limit1000.csv,VGG-Face,SI_NI_FGSM,vanilla,0.2594019770622253,VGG-Face_SI_NI_FGSM_adv
23,Facenet512,/content/face_module/dataset_extractedfaces/lfw_pairs/Tom Daschle_5.jpg,/content/face_module/dataset_extractedfaces/lfw_pairs/Tom Daschle_6.jpg,lfw_pairs,dodging_attack,/home/nadmin/Desktop/updatedattack/results/Facenet512/transfer_attack_similarity_scores_all12_lambda020_limit1000.csv,VGG-Face,TI_FGSM,vanilla,0.320614218711853,VGG-Face_TI_FGSM_adv
23,Facenet512,/content/face_module/dataset_extractedfaces/lfw_pairs/Tom Daschle_5.jpg,/content/face_module/dataset_extractedfaces/lfw_pairs/Tom Daschle_6.jpg,lfw_pairs,dodging_attack,/home/nadmin/Desktop/updatedattack/results/Facenet512/transfer_attack_similarity_scores_all12_lambda020_limit1000.csv,VGG-Face,clean,clean,0.5580029487609863,VGG-Face_clean
26,Facenet512,/content/face_module/dataset_extractedfaces/celeba_pairs/113117.jpg,/content/face_module/dataset_extractedfaces/celeba_pairs/129449.jpg,celeba_pairs,impersonation_attack,/home/nadmin/Desktop/updatedattack/results/Facenet512/transfer_attack_similarity_scores_all12_lambda020_limit1000.csv,ArcFace,MI_ADMIX_DI_TI,vanilla,0.0853149443864822,ArcFace_MI_ADMIX_DI_TI_adv
26,Facenet512,/content/face_module/dataset_extractedfaces/celeba_pairs/113117.jpg,/content/face_module/dataset_extractedfaces/celeba_pairs/129449.jpg,celeba_pairs,impersonation_attack,/home/nadmin/Desktop/updatedattack/results/Facenet512/transfer_attack_similarity_scores_all12_lambda020_limit1000.csv,ArcFace,MI_FGSM,vanilla,0.091172456741333,ArcFace_MI_FGSM_adv
26,Facenet512,/content/face_module/dataset_extractedfaces/celeba_pairs/113117.jpg,/content/face_module/dataset_extractedfaces/celeba_pairs/129449.jpg,celeba_pairs,impersonation_attack,/home/nadmin/Desktop/updatedattack/results/Facenet512/transfer_attack_similarity_scores_all12_lambda020_limit1000.csv,ArcFace,PGD,vanilla,0.0919507890939712,ArcFace_PGD_adv
26,Facenet512,/content/face_module/dataset_extractedfaces/celeba_pairs/113117.jpg,/content/face_module/dataset_extractedfaces/celeba_pairs/129449.jpg,celeba_pairs,impersonation_attack,/home/nadmin/Desktop/updatedattack/results/Facenet512/transfer_attack_similarity_scores_all12_lambda020_limit1000.csv,ArcFace,SI_NI_FGSM,vanilla,0.1636149734258651,ArcFace_SI_NI_FGSM_adv
26,Facenet512,/content/face_module/dataset_extractedfaces/celeba_pairs/113117.jpg,/content/face_module/dataset_extractedfaces/celeba_pairs/129449.jpg,celeba_pairs,impersonation_attack,/home/nadmin/Desktop/updatedattack/results/Facenet512/transfer_attack_similarity_scores_all12_lambda020_limit1000.csv,ArcFace,TI_FGSM,vanilla,0.0953105241060257,ArcFace_TI_FGSM_adv
26,Facenet512,/content/face_module/dataset_extractedfaces/celeba_pairs/113117.jpg,/content/face_module/dataset_extractedfaces/celeba_pairs/129449.jpg,celeba_pairs,impersonation_attack,/home/nadmin/Desktop/updatedattack/results/Facenet512/transfer_attack_similarity_scores_all12_lambda020_limit1000.csv,ArcFace,clean,clean,0.0089564956724643,ArcFace_clean
26,Facenet512,/content/face_module/dataset_extractedfaces/celeba_pairs/113117.jpg,/content/face_module/dataset_extractedfaces/celeba_pairs/129449.jpg,celeba_pairs,impersonation_attack,/home/nadmin/Desktop/updatedattack/results/Facenet512/transfer_attack_similarity_scores_all12_lambda020_limit1000.csv,Facenet512,clean,clean,-0.209015667438507,Facenet512_clean
26,Facenet512,/content/face_module/dataset_extractedfaces/celeba_pairs/113117.jpg,/content/face_module/dataset_extractedfaces/celeba_pairs/129449.jpg,celeba_pairs,impersonation_attack,/home/nadmin/Desktop/updatedattack/results/Facenet512/transfer_attack_similarity_scores_all12_lambda020_limit1000.csv,GhostFaceNet,MI_ADMIX_DI_TI,vanilla,0.0747733861207962,GhostFaceNet_MI_ADMIX_DI_TI_adv
26,Facenet512,/content/face_module/dataset_extractedfaces/celeba_pairs/113117.jpg,/content/face_module/dataset_extractedfaces/celeba_pairs/129449.jpg,celeba_pairs,impersonation_attack,/home/nadmin/Desktop/updatedattack/results/Facenet512/transfer_attack_similarity_scores_all12_lambda020_limit1000.csv,GhostFaceNet,MI_FGSM,vanilla,0.0376666337251663,GhostFaceNet_MI_FGSM_adv
26,Facenet512,/content/face_module/dataset_extractedfaces/celeba_pairs/113117.jpg,/content/face_module/dataset_extractedfaces/celeba_pairs/129449.jpg,celeba_pairs,impersonation_attack,/home/nadmin/Desktop/updatedattack/results/Facenet512/transfer_attack_similarity_scores_all12_lambda020_limit1000.csv,GhostFaceNet,PGD,vanilla,0.0285226088017225,GhostFaceNet_PGD_adv
26,Facenet512,/content/face_module/dataset_extractedfaces/celeba_pairs/113117.jpg,/content/face_module/dataset_extractedfaces/celeba_pairs/129449.jpg,celeba_pairs,impersonation_attack,/home/nadmin/Desktop/updatedattack/results/Facenet512/transfer_attack_similarity_scores_all12_lambda020_limit1000.csv,GhostFaceNet,SI_NI_FGSM,vanilla,0.046631634235382,GhostFaceNet_SI_NI_FGSM_adv
26,Facenet512,/content/face_module/dataset_extractedfaces/celeba_pairs/113117.jpg,/content/face_module/dataset_extractedfaces/celeba_pairs/129449.jpg,celeba_pairs,impersonation_attack,/home/nadmin/Desktop/updatedattack/results/Facenet512/transfer_attack_similarity_scores_all12_lambda020_limit1000.csv,GhostFaceNet,TI_FGSM,vanilla,0.0411802940070629,GhostFaceNet_TI_FGSM_adv
26,Facenet512,/content/face_module/dataset_extractedfaces/celeba_pairs/113117.jpg,/content/face_module/dataset_extractedfaces/celeba_pairs/129449.jpg,celeba_pairs,impersonation_attack,/home/nadmin/Desktop/updatedattack/results/Facenet512/transfer_attack_similarity_scores_all12_lambda020_limit1000.csv,GhostFaceNet,clean,clean,0.0292761120945215,GhostFaceNet_clean
26,Facenet512,/content/face_module/dataset_extractedfaces/celeba_pairs/113117.jpg,/content/face_module/dataset_extractedfaces/celeba_pairs/129449.jpg,celeba_pairs,impersonation_attack,/home/nadmin/Desktop/updatedattack/results/Facenet512/transfer_attack_similarity_scores_all12_lambda020_limit1000.csv,IR152,MI_ADMIX_DI_TI,vanilla,0.0387948714196682,IR152_MI_ADMIX_DI_TI_adv
26,Facenet512,/content/face_module/dataset_extractedfaces/celeba_pairs/113117.jpg,/content/face_module/dataset_extractedfaces/celeba_pairs/129449.jpg,celeba_pairs,impersonation_attack,/home/nadmin/Desktop/updatedattack/results/Facenet512/transfer_attack_similarity_scores_all12_lambda020_limit1000.csv,IR152,MI_FGSM,vanilla,0.0426184982061386,IR152_MI_FGSM_adv
26,Facenet512,/content/face_module/dataset_extractedfaces/celeba_pairs/113117.jpg,/content/face_module/dataset_extractedfaces/celeba_pairs/129449.jpg,celeba_pairs,impersonation_attack,/home/nadmin/Desktop/updatedattack/results/Facenet512/transfer_attack_similarity_scores_all12_lambda020_limit1000.csv,IR152,PGD,vanilla,0.0761122405529022,IR152_PGD_adv
26,Facenet512,/content/face_module/dataset_extractedfaces/celeba_pairs/113117.jpg,/content/face_module/dataset_extractedfaces/celeba_pairs/129449.jpg,celeba_pairs,impersonation_attack,/home/nadmin/Desktop/updatedattack/results/Facenet512/transfer_attack_similarity_scores_all12_lambda020_limit1000.csv,IR152,SI_NI_FGSM,vanilla,0.0675077438354492,IR152_SI_NI_FGSM_adv
26,Facenet512,/content/face_module/dataset_extractedfaces/celeba_pairs/113117.jpg,/content/face_module/dataset_extractedfaces/celeba_pairs/129449.jpg,celeba_pairs,impersonation_attack,/home/nadmin/Desktop/updatedattack/results/Facenet512/transfer_attack_similarity_scores_all12_lambda020_limit1000.csv,IR152,TI_FGSM,vanilla,0.0363676846027374,IR152_TI_FGSM_adv
26,Facenet512,/content/face_module/dataset_extractedfaces/celeba_pairs/113117.jpg,/content/face_module/dataset_extractedfaces/celeba_pairs/129449.jpg,celeba_pairs,impersonation_attack,/home/nadmin/Desktop/updatedattack/results/Facenet512/transfer_attack_similarity_scores_all12_lambda020_limit1000.csv,IR152,clean,clean,0.0772998481988906,IR152_clean
26,Facenet512,/content/face_module/dataset_extractedfaces/celeba_pairs/113117.jpg,/content/face_module/dataset_extractedfaces/celeba_pairs/129449.jpg,celeba_pairs,impersonation_attack,/home/nadmin/Desktop/updatedattack/results/Facenet512/transfer_attack_similarity_scores_all12_lambda020_limit1000.csv,VGG-Face,MI_ADMIX_DI_TI,vanilla,0.056538563221693,VGG-Face_MI_ADMIX_DI_TI_adv
26,Facenet512,/content/face_module/dataset_extractedfaces/celeba_pairs/113117.jpg,/content/face_module/dataset_extractedfaces/celeba_pairs/129449.jpg,celeba_pairs,impersonation_attack,/home/nadmin/Desktop/updatedattack/results/Facenet512/transfer_attack_similarity_scores_all12_lambda020_limit1000.csv,VGG-Face,MI_FGSM,vanilla,0.0502931214869022,VGG-Face_MI_FGSM_adv
26,Facenet512,/content/face_module/dataset_extractedfaces/celeba_pairs/113117.jpg,/content/face_module/dataset_extractedfaces/celeba_pairs/129449.jpg,celeba_pairs,impersonation_attack,/home/nadmin/Desktop/updatedattack/results/Facenet512/transfer_attack_similarity_scores_all12_lambda020_limit1000.csv,VGG-Face,PGD,vanilla,0.0496599413454532,VGG-Face_PGD_adv
26,Facenet512,/content/face_module/dataset_extractedfaces/celeba_pairs/113117.jpg,/content/face_module/dataset_extractedfaces/celeba_pairs/129449.jpg,celeba_pairs,impersonation_attack,/home/nadmin/Desktop/updatedattack/results/Facenet512/transfer_attack_similarity_scores_all12_lambda020_limit1000.csv,VGG-Face,SI_NI_FGSM,vanilla,0.0668341889977455,VGG-Face_SI_NI_FGSM_adv
26,Facenet512,/content/face_module/dataset_extractedfaces/celeba_pairs/113117.jpg,/content/face_module/dataset_extractedfaces/celeba_pairs/129449.jpg,celeba_pairs,impersonation_attack,/home/nadmin/Desktop/updatedattack/results/Facenet512/transfer_attack_similarity_scores_all12_lambda020_limit1000.csv,VGG-Face,TI_FGSM,vanilla,0.0525317341089248,VGG-Face_TI_FGSM_adv
26,Facenet512,/content/face_module/dataset_extractedfaces/celeba_pairs/113117.jpg,/content/face_module/dataset_extractedfaces/celeba_pairs/129449.jpg,celeba_pairs,impersonation_attack,/home/nadmin/Desktop/updatedattack/results/Facenet512/transfer_attack_similarity_scores_all12_lambda020_limit1000.csv,VGG-Face,clean,clean,0.0275699980556964,VGG-Face_clean
27,Facenet512,/content/face_module/dataset_extractedfaces/celeba_pairs/023869.jpg,/content/face_module/dataset_extractedfaces/celeba_pairs/024923.jpg,celeba_pairs,dodging_attack,/home/nadmin/Desktop/updatedattack/results/Facenet512/transfer_attack_similarity_scores_all12_lambda020_limit1000.csv,ArcFace,MI_ADMIX_DI_TI,vanilla,0.4734461307525635,ArcFace_MI_ADMIX_DI_TI_adv
27,Facenet512,/content/face_module/dataset_extractedfaces/celeba_pairs/023869.jpg,/content/face_module/dataset_extractedfaces/celeba_pairs/024923.jpg,celeba_pairs,dodging_attack,/home/nadmin/Desktop/updatedattack/results/Facenet512/transfer_attack_similarity_scores_all12_lambda020_limit1000.csv,ArcFace,MI_FGSM,vanilla,0.4596437811851501,ArcFace_MI_FGSM_adv
27,Facenet512,/content/face_module/dataset_extractedfaces/celeba_pairs/023869.jpg,/content/face_module/dataset_extractedfaces/celeba_pairs/024923.jpg,celeba_pairs,dodging_attack,/home/nadmin/Desktop/updatedattack/results/Facenet512/transfer_attack_similarity_scores_all12_lambda020_limit1000.csv,ArcFace,PGD,vanilla,0.544376015663147,ArcFace_PGD_adv
27,Facenet512,/content/face_module/dataset_extractedfaces/celeba_pairs/023869.jpg,/content/face_module/dataset_extractedfaces/celeba_pairs/024923.jpg,celeba_pairs,dodging_attack,/home/nadmin/Desktop/updatedattack/results/Facenet512/transfer_attack_similarity_scores_all12_lambda020_limit1000.csv,ArcFace,SI_NI_FGSM,vanilla,0.3624850511550903,ArcFace_SI_NI_FGSM_adv
27,Facenet512,/content/face_module/dataset_extractedfaces/celeba_pairs/023869.jpg,/content/face_module/dataset_extractedfaces/celeba_pairs/024923.jpg,celeba_pairs,dodging_attack,/home/nadmin/Desktop/updatedattack/results/Facenet512/transfer_attack_similarity_scores_all12_lambda020_limit1000.csv,ArcFace,TI_FGSM,vanilla,0.5092517137527466,ArcFace_TI_FGSM_adv
27,Facenet512,/content/face_module/dataset_extractedfaces/celeba_pairs/023869.jpg,/content/face_module/dataset_extractedfaces/celeba_pairs/024923.jpg,celeba_pairs,dodging_attack,/home/nadmin/Desktop/updatedattack/results/Facenet512/transfer_attack_similarity_scores_all12_lambda020_limit1000.csv,ArcFace,clean,clean,0.7247549891471863,ArcFace_clean
27,Facenet512,/content/face_module/dataset_extractedfaces/celeba_pairs/023869.jpg,/content/face_module/dataset_extractedfaces/celeba_pairs/024923.jpg,celeba_pairs,dodging_attack,/home/nadmin/Desktop/updatedattack/results/Facenet512/transfer_attack_similarity_scores_all12_lambda020_limit1000.csv,Facenet512,clean,clean,0.8734109401702881,Facenet512_clean
27,Facenet512,/content/face_module/dataset_extractedfaces/celeba_pairs/023869.jpg,/content/face_module/dataset_extractedfaces/celeba_pairs/024923.jpg,celeba_pairs,dodging_attack,/home/nadmin/Desktop/updatedattack/results/Facenet512/transfer_attack_similarity_scores_all12_lambda020_limit1000.csv,GhostFaceNet,MI_ADMIX_DI_TI,vanilla,0.2442392706871032,GhostFaceNet_MI_ADMIX_DI_TI_adv
27,Facenet512,/content/face_module/dataset_extractedfaces/celeba_pairs/023869.jpg,/content/face_module/dataset_extractedfaces/celeba_pairs/024923.jpg,celeba_pairs,dodging_attack,/home/nadmin/Desktop/updatedattack/results/Facenet512/transfer_attack_similarity_scores_all12_lambda020_limit1000.csv,GhostFaceNet,MI_FGSM,vanilla,0.2325391173362732,GhostFaceNet_MI_FGSM_adv
27,Facenet512,/content/face_module/dataset_extractedfaces/celeba_pairs/023869.jpg,/content/face_module/dataset_extractedfaces/celeba_pairs/024923.jpg,celeba_pairs,dodging_attack,/home/nadmin/Desktop/updatedattack/results/Facenet512/transfer_attack_similarity_scores_all12_lambda020_limit1000.csv,GhostFaceNet,PGD,vanilla,0.3148744702339172,GhostFaceNet_PGD_adv
27,Facenet512,/content/face_module/dataset_extractedfaces/celeba_pairs/023869.jpg,/content/face_module/dataset_extractedfaces/celeba_pairs/024923.jpg,celeba_pairs,dodging_attack,/home/nadmin/Desktop/updatedattack/results/Facenet512/transfer_attack_similarity_scores_all12_lambda020_limit1000.csv,GhostFaceNet,SI_NI_FGSM,vanilla,0.2281160652637481,GhostFaceNet_SI_NI_FGSM_adv
27,Facenet512,/content/face_module/dataset_extractedfaces/celeba_pairs/023869.jpg,/content/face_module/dataset_extractedfaces/celeba_pairs/024923.jpg,celeba_pairs,dodging_attack,/home/nadmin/Desktop/updatedattack/results/Facenet512/transfer_attack_similarity_scores_all12_lambda020_limit1000.csv,GhostFaceNet,TI_FGSM,vanilla,0.2886088192462921,GhostFaceNet_TI_FGSM_adv
27,Facenet512,/content/face_module/dataset_extractedfaces/celeba_pairs/023869.jpg,/content/face_module/dataset_extractedfaces/celeba_pairs/024923.jpg,celeba_pairs,dodging_attack,/home/nadmin/Desktop/updatedattack/results/Facenet512/transfer_attack_similarity_scores_all12_lambda020_limit1000.csv,GhostFaceNet,clean,clean,0.5224040746688843,GhostFaceNet_clean
27,Facenet512,/content/face_module/dataset_extractedfaces/celeba_pairs/023869.jpg,/content/face_module/dataset_extractedfaces/celeba_pairs/024923.jpg,celeba_pairs,dodging_attack,/home/nadmin/Desktop/updatedattack/results/Facenet512/transfer_attack_similarity_scores_all12_lambda020_limit1000.csv,IR152,MI_ADMIX_DI_TI,vanilla,0.5225281715393066,IR152_MI_ADMIX_DI_TI_adv
27,Facenet512,/content/face_module/dataset_extractedfaces/celeba_pairs/023869.jpg,/content/face_module/dataset_extractedfaces/celeba_pairs/024923.jpg,celeba_pairs,dodging_attack,/home/nadmin/Desktop/updatedattack/results/Facenet512/transfer_attack_similarity_scores_all12_lambda020_limit1000.csv,IR152,MI_FGSM,vanilla,0.4981772005558014,IR152_MI_FGSM_adv
27,Facenet512,/content/face_module/dataset_extractedfaces/celeba_pairs/023869.jpg,/content/face_module/dataset_extractedfaces/celeba_pairs/024923.jpg,celeba_pairs,dodging_attack,/home/nadmin/Desktop/updatedattack/results/Facenet512/transfer_attack_similarity_scores_all12_lambda020_limit1000.csv,IR152,PGD,vanilla,0.6066458821296692,IR152_PGD_adv
27,Facenet512,/content/face_module/dataset_extractedfaces/celeba_pairs/023869.jpg,/content/face_module/dataset_extractedfaces/celeba_pairs/024923.jpg,celeba_pairs,dodging_attack,/home/nadmin/Desktop/updatedattack/results/Facenet512/transfer_attack_similarity_scores_all12_lambda020_limit1000.csv,IR152,SI_NI_FGSM,vanilla,0.486260712146759,IR152_SI_NI_FGSM_adv
27,Facenet512,/content/face_module/dataset_extractedfaces/celeba_pairs/023869.jpg,/content/face_module/dataset_extractedfaces/celeba_pairs/024923.jpg,celeba_pairs,dodging_attack,/home/nadmin/Desktop/updatedattack/results/Facenet512/transfer_attack_similarity_scores_all12_lambda020_limit1000.csv,IR152,TI_FGSM,vanilla,0.5828102827072144,IR152_TI_FGSM_adv
27,Facenet512,/content/face_module/dataset_extractedfaces/celeba_pairs/023869.jpg,/content/face_module/dataset_extractedfaces/celeba_pairs/024923.jpg,celeba_pairs,dodging_attack,/home/nadmin/Desktop/updatedattack/results/Facenet512/transfer_attack_similarity_scores_all12_lambda020_limit1000.csv,IR152,clean,clean,0.7295128107070923,IR152_clean
27,Facenet512,/content/face_module/dataset_extractedfaces/celeba_pairs/023869.jpg,/content/face_module/dataset_extractedfaces/celeba_pairs/024923.jpg,celeba_pairs,dodging_attack,/home/nadmin/Desktop/updatedattack/results/Facenet512/transfer_attack_similarity_scores_all12_lambda020_limit1000.csv,VGG-Face,MI_ADMIX_DI_TI,vanilla,0.1819691807031631,VGG-Face_MI_ADMIX_DI_TI_adv
27,Facenet512,/content/face_module/dataset_extractedfaces/celeba_pairs/023869.jpg,/content/face_module/dataset_extractedfaces/celeba_pairs/024923.jpg,celeba_pairs,dodging_attack,/home/nadmin/Desktop/updatedattack/results/Facenet512/transfer_attack_similarity_scores_all12_lambda020_limit1000.csv,VGG-Face,MI_FGSM,vanilla,0.1092764139175415,VGG-Face_MI_FGSM_adv
27,Facenet512,/content/face_module/dataset_extractedfaces/celeba_pairs/023869.jpg,/content/face_module/dataset_extractedfaces/celeba_pairs/024923.jpg,celeba_pairs,dodging_attack,/home/nadmin/Desktop/updatedattack/results/Facenet512/transfer_attack_similarity_scores_all12_lambda020_limit1000.csv,VGG-Face,PGD,vanilla,0.1569758951663971,VGG-Face_PGD_adv
27,Facenet512,/content/face_module/dataset_extractedfaces/celeba_pairs/023869.jpg,/content/face_module/dataset_extractedfaces/celeba_pairs/024923.jpg,celeba_pairs,dodging_attack,/home/nadmin/Desktop/updatedattack/results/Facenet512/transfer_attack_similarity_scores_all12_lambda020_limit1000.csv,VGG-Face,SI_NI_FGSM,vanilla,0.0845168083906173,VGG-Face_SI_NI_FGSM_adv
27,Facenet512,/content/face_module/dataset_extractedfaces/celeba_pairs/023869.jpg,/content/face_module/dataset_extractedfaces/celeba_pairs/024923.jpg,celeba_pairs,dodging_attack,/home/nadmin/Desktop/updatedattack/results/Facenet512/transfer_attack_similarity_scores_all12_lambda020_limit1000.csv,VGG-Face,TI_FGSM,vanilla,0.183655560016632,VGG-Face_TI_FGSM_adv
27,Facenet512,/content/face_module/dataset_extractedfaces/celeba_pairs/023869.jpg,/content/face_module/dataset_extractedfaces/celeba_pairs/024923.jpg,celeba_pairs,dodging_attack,/home/nadmin/Desktop/updatedattack/results/Facenet512/transfer_attack_similarity_scores_all12_lambda020_limit1000.csv,VGG-Face,clean,clean,0.3985179960727691,VGG-Face_clean
28,Facenet512,/content/face_module/dataset_extractedfaces/celeba_pairs/130980.jpg,/content/face_module/dataset_extractedfaces/celeba_pairs/147767.jpg,celeba_pairs,dodging_attack,/home/nadmin/Desktop/updatedattack/results/Facenet512/transfer_attack_similarity_scores_all12_lambda020_limit1000.csv,ArcFace,MI_ADMIX_DI_TI,vanilla,0.1221941411495208,ArcFace_MI_ADMIX_DI_TI_adv
28,Facenet512,/content/face_module/dataset_extractedfaces/celeba_pairs/130980.jpg,/content/face_module/dataset_extractedfaces/celeba_pairs/147767.jpg,celeba_pairs,dodging_attack,/home/nadmin/Desktop/updatedattack/results/Facenet512/transfer_attack_similarity_scores_all12_lambda020_limit1000.csv,ArcFace,MI_FGSM,vanilla,0.1134383827447891,ArcFace_MI_FGSM_adv
28,Facenet512,/content/face_module/dataset_extractedfaces/celeba_pairs/130980.jpg,/content/face_module/dataset_extractedfaces/celeba_pairs/147767.jpg,celeba_pairs,dodging_attack,/home/nadmin/Desktop/updatedattack/results/Facenet512/transfer_attack_similarity_scores_all12_lambda020_limit1000.csv,ArcFace,PGD,vanilla,0.1226161643862724,ArcFace_PGD_adv
28,Facenet512,/content/face_module/dataset_extractedfaces/celeba_pairs/130980.jpg,/content/face_module/dataset_extractedfaces/celeba_pairs/147767.jpg,celeba_pairs,dodging_attack,/home/nadmin/Desktop/updatedattack/results/Facenet512/transfer_attack_similarity_scores_all12_lambda020_limit1000.csv,ArcFace,SI_NI_FGSM,vanilla,0.0927332565188407,ArcFace_SI_NI_FGSM_adv
28,Facenet512,/content/face_module/dataset_extractedfaces/celeba_pairs/130980.jpg,/content/face_module/dataset_extractedfaces/celeba_pairs/147767.jpg,celeba_pairs,dodging_attack,/home/nadmin/Desktop/updatedattack/results/Facenet512/transfer_attack_similarity_scores_all12_lambda020_limit1000.csv,ArcFace,TI_FGSM,vanilla,0.1225061416625976,ArcFace_TI_FGSM_adv
28,Facenet512,/content/face_module/dataset_extractedfaces/celeba_pairs/130980.jpg,/content/face_module/dataset_extractedfaces/celeba_pairs/147767.jpg,celeba_pairs,dodging_attack,/home/nadmin/Desktop/updatedattack/results/Facenet512/transfer_attack_similarity_scores_all12_lambda020_limit1000.csv,ArcFace,clean,clean,0.3586554825305938,ArcFace_clean
28,Facenet512,/content/face_module/dataset_extractedfaces/celeba_pairs/130980.jpg,/content/face_module/dataset_extractedfaces/celeba_pairs/147767.jpg,celeba_pairs,dodging_attack,/home/nadmin/Desktop/updatedattack/results/Facenet512/transfer_attack_similarity_scores_all12_lambda020_limit1000.csv,Facenet512,clean,clean,0.7959234714508057,Facenet512_clean
28,Facenet512,/content/face_module/dataset_extractedfaces/celeba_pairs/130980.jpg,/content/face_module/dataset_extractedfaces/celeba_pairs/147767.jpg,celeba_pairs,dodging_attack,/home/nadmin/Desktop/updatedattack/results/Facenet512/transfer_attack_similarity_scores_all12_lambda020_limit1000.csv,GhostFaceNet,MI_ADMIX_DI_TI,vanilla,0.1813392639160156,GhostFaceNet_MI_ADMIX_DI_TI_adv
28,Facenet512,/content/face_module/dataset_extractedfaces/celeba_pairs/130980.jpg,/content/face_module/dataset_extractedfaces/celeba_pairs/147767.jpg,celeba_pairs,dodging_attack,/home/nadmin/Desktop/updatedattack/results/Facenet512/transfer_attack_similarity_scores_all12_lambda020_limit1000.csv,GhostFaceNet,MI_FGSM,vanilla,0.1464294642210006,GhostFaceNet_MI_FGSM_adv
28,Facenet512,/content/face_module/dataset_extractedfaces/celeba_pairs/130980.jpg,/content/face_module/dataset_extractedfaces/celeba_pairs/147767.jpg,celeba_pairs,dodging_attack,/home/nadmin/Desktop/updatedattack/results/Facenet512/transfer_attack_similarity_scores_all12_lambda020_limit1000.csv,GhostFaceNet,PGD,vanilla,0.153019443154335,GhostFaceNet_PGD_adv
28,Facenet512,/content/face_module/dataset_extractedfaces/celeba_pairs/130980.jpg,/content/face_module/dataset_extractedfaces/celeba_pairs/147767.jpg,celeba_pairs,dodging_attack,/home/nadmin/Desktop/updatedattack/results/Facenet512/transfer_attack_similarity_scores_all12_lambda020_limit1000.csv,GhostFaceNet,SI_NI_FGSM,vanilla,0.1210870593786239,GhostFaceNet_SI_NI_FGSM_adv
28,Facenet512,/content/face_module/dataset_extractedfaces/celeba_pairs/130980.jpg,/content/face_module/dataset_extractedfaces/celeba_pairs/147767.jpg,celeba_pairs,dodging_attack,/home/nadmin/Desktop/updatedattack/results/Facenet512/transfer_attack_similarity_scores_all12_lambda020_limit1000.csv,GhostFaceNet,TI_FGSM,vanilla,0.1454856693744659,GhostFaceNet_TI_FGSM_adv
28,Facenet512,/content/face_module/dataset_extractedfaces/celeba_pairs/130980.jpg,/content/face_module/dataset_extractedfaces/celeba_pairs/147767.jpg,celeba_pairs,dodging_attack,/home/nadmin/Desktop/updatedattack/results/Facenet512/transfer_attack_similarity_scores_all12_lambda020_limit1000.csv,GhostFaceNet,clean,clean,0.3263397514820099,GhostFaceNet_clean
28,Facenet512,/content/face_module/dataset_extractedfaces/celeba_pairs/130980.jpg,/content/face_module/dataset_extractedfaces/celeba_pairs/147767.jpg,celeba_pairs,dodging_attack,/home/nadmin/Desktop/updatedattack/results/Facenet512/transfer_attack_similarity_scores_all12_lambda020_limit1000.csv,IR152,MI_ADMIX_DI_TI,vanilla,0.2115673720836639,IR152_MI_ADMIX_DI_TI_adv
28,Facenet512,/content/face_module/dataset_extractedfaces/celeba_pairs/130980.jpg,/content/face_module/dataset_extractedfaces/celeba_pairs/147767.jpg,celeba_pairs,dodging_attack,/home/nadmin/Desktop/updatedattack/results/Facenet512/transfer_attack_similarity_scores_all12_lambda020_limit1000.csv,IR152,MI_FGSM,vanilla,0.2108651846647262,IR152_MI_FGSM_adv
28,Facenet512,/content/face_module/dataset_extractedfaces/celeba_pairs/130980.jpg,/content/face_module/dataset_extractedfaces/celeba_pairs/147767.jpg,celeba_pairs,dodging_attack,/home/nadmin/Desktop/updatedattack/results/Facenet512/transfer_attack_similarity_scores_all12_lambda020_limit1000.csv,IR152,PGD,vanilla,0.2480641007423401,IR152_PGD_adv
28,Facenet512,/content/face_module/dataset_extractedfaces/celeba_pairs/130980.jpg,/content/face_module/dataset_extractedfaces/celeba_pairs/147767.jpg,celeba_pairs,dodging_attack,/home/nadmin/Desktop/updatedattack/results/Facenet512/transfer_attack_similarity_scores_all12_lambda020_limit1000.csv,IR152,SI_NI_FGSM,vanilla,0.1450176537036895,IR152_SI_NI_FGSM_adv
28,Facenet512,/content/face_module/dataset_extractedfaces/celeba_pairs/130980.jpg,/content/face_module/dataset_extractedfaces/celeba_pairs/147767.jpg,celeba_pairs,dodging_attack,/home/nadmin/Desktop/updatedattack/results/Facenet512/transfer_attack_similarity_scores_all12_lambda020_limit1000.csv,IR152,TI_FGSM,vanilla,0.2564125061035156,IR152_TI_FGSM_adv
28,Facenet512,/content/face_module/dataset_extractedfaces/celeba_pairs/130980.jpg,/content/face_module/dataset_extractedfaces/celeba_pairs/147767.jpg,celeba_pairs,dodging_attack,/home/nadmin/Desktop/updatedattack/results/Facenet512/transfer_attack_similarity_scores_all12_lambda020_limit1000.csv,IR152,clean,clean,0.6864030957221985,IR152_clean
28,Facenet512,/content/face_module/dataset_extractedfaces/celeba_pairs/130980.jpg,/content/face_module/dataset_extractedfaces/celeba_pairs/147767.jpg,celeba_pairs,dodging_attack,/home/nadmin/Desktop/updatedattack/results/Facenet512/transfer_attack_similarity_scores_all12_lambda020_limit1000.csv,VGG-Face,MI_ADMIX_DI_TI,vanilla,0.3449646830558777,VGG-Face_MI_ADMIX_DI_TI_adv
28,Facenet512,/content/face_module/dataset_extractedfaces/celeba_pairs/130980.jpg,/content/face_module/dataset_extractedfaces/celeba_pairs/147767.jpg,celeba_pairs,dodging_attack,/home/nadmin/Desktop/updatedattack/results/Facenet512/transfer_attack_similarity_scores_all12_lambda020_limit1000.csv,VGG-Face,MI_FGSM,vanilla,0.3692272305488586,VGG-Face_MI_FGSM_adv
28,Facenet512,/content/face_module/dataset_extractedfaces/celeba_pairs/130980.jpg,/content/face_module/dataset_extractedfaces/celeba_pairs/147767.jpg,celeba_pairs,dodging_attack,/home/nadmin/Desktop/updatedattack/results/Facenet512/transfer_attack_similarity_scores_all12_lambda020_limit1000.csv,VGG-Face,PGD,vanilla,0.3711698353290558,VGG-Face_PGD_adv
28,Facenet512,/content/face_module/dataset_extractedfaces/celeba_pairs/130980.jpg,/content/face_module/dataset_extractedfaces/celeba_pairs/147767.jpg,celeba_pairs,dodging_attack,/home/nadmin/Desktop/updatedattack/results/Facenet512/transfer_attack_similarity_scores_all12_lambda020_limit1000.csv,VGG-Face,SI_NI_FGSM,vanilla,0.3178905546665191,VGG-Face_SI_NI_FGSM_adv
28,Facenet512,/content/face_module/dataset_extractedfaces/celeba_pairs/130980.jpg,/content/face_module/dataset_extractedfaces/celeba_pairs/147767.jpg,celeba_pairs,dodging_attack,/home/nadmin/Desktop/updatedattack/results/Facenet512/transfer_attack_similarity_scores_all12_lambda020_limit1000.csv,VGG-Face,TI_FGSM,vanilla,0.3337395489215851,VGG-Face_TI_FGSM_adv
28,Facenet512,/content/face_module/dataset_extractedfaces/celeba_pairs/130980.jpg,/content/face_module/dataset_extractedfaces/celeba_pairs/147767.jpg,celeba_pairs,dodging_attack,/home/nadmin/Desktop/updatedattack/results/Facenet512/transfer_attack_similarity_scores_all12_lambda020_limit1000.csv,VGG-Face,clean,clean,0.5354241728782654,VGG-Face_clean
0,GhostFaceNet,/content/face_module/dataset_extractedfaces/lfw_pairs/Renee Zellweger_1.jpg,/content/face_module/dataset_extractedfaces/lfw_pairs/Catherine Deneuve_2.jpg,lfw_pairs,impersonation_attack,/home/nadmin/Desktop/updatedattack/results/Ghostfacenet/transfer_attack_similarity_scores_all12_lambda020_limit1000.csv,ArcFace,MI_ADMIX_DI_TI,vanilla,0.2434850633144378,ArcFace_MI_ADMIX_DI_TI_adv
0,GhostFaceNet,/content/face_module/dataset_extractedfaces/lfw_pairs/Renee Zellweger_1.jpg,/content/face_module/dataset_extractedfaces/lfw_pairs/Catherine Deneuve_2.jpg,lfw_pairs,impersonation_attack,/home/nadmin/Desktop/updatedattack/results/Ghostfacenet/transfer_attack_similarity_scores_all12_lambda020_limit1000.csv,ArcFace,MI_FGSM,vanilla,0.328120619058609,ArcFace_MI_FGSM_adv
0,GhostFaceNet,/content/face_module/dataset_extractedfaces/lfw_pairs/Renee Zellweger_1.jpg,/content/face_module/dataset_extractedfaces/lfw_pairs/Catherine Deneuve_2.jpg,lfw_pairs,impersonation_attack,/home/nadmin/Desktop/updatedattack/results/Ghostfacenet/transfer_attack_similarity_scores_all12_lambda020_limit1000.csv,ArcFace,PGD,vanilla,0.2514288425445556,ArcFace_PGD_adv
0,GhostFaceNet,/content/face_module/dataset_extractedfaces/lfw_pairs/Renee Zellweger_1.jpg,/content/face_module/dataset_extractedfaces/lfw_pairs/Catherine Deneuve_2.jpg,lfw_pairs,impersonation_attack,/home/nadmin/Desktop/updatedattack/results/Ghostfacenet/transfer_attack_similarity_scores_all12_lambda020_limit1000.csv,ArcFace,SI_NI_FGSM,vanilla,0.3141273856163025,ArcFace_SI_NI_FGSM_adv
0,GhostFaceNet,/content/face_module/dataset_extractedfaces/lfw_pairs/Renee Zellweger_1.jpg,/content/face_module/dataset_extractedfaces/lfw_pairs/Catherine Deneuve_2.jpg,lfw_pairs,impersonation_attack,/home/nadmin/Desktop/updatedattack/results/Ghostfacenet/transfer_attack_similarity_scores_all12_lambda020_limit1000.csv,ArcFace,TI_FGSM,vanilla,0.2446101754903793,ArcFace_TI_FGSM_adv
0,GhostFaceNet,/content/face_module/dataset_extractedfaces/lfw_pairs/Renee Zellweger_1.jpg,/content/face_module/dataset_extractedfaces/lfw_pairs/Catherine Deneuve_2.jpg,lfw_pairs,impersonation_attack,/home/nadmin/Desktop/updatedattack/results/Ghostfacenet/transfer_attack_similarity_scores_all12_lambda020_limit1000.csv,ArcFace,clean,clean,0.2113871872425079,ArcFace_clean
0,GhostFaceNet,/content/face_module/dataset_extractedfaces/lfw_pairs/Renee Zellweger_1.jpg,/content/face_module/dataset_extractedfaces/lfw_pairs/Catherine Deneuve_2.jpg,lfw_pairs,impersonation_attack,/home/nadmin/Desktop/updatedattack/results/Ghostfacenet/transfer_attack_similarity_scores_all12_lambda020_limit1000.csv,Facenet512,MI_ADMIX_DI_TI,vanilla,0.2550982236862182,Facenet512_MI_ADMIX_DI_TI_adv
0,GhostFaceNet,/content/face_module/dataset_extractedfaces/lfw_pairs/Renee Zellweger_1.jpg,/content/face_module/dataset_extractedfaces/lfw_pairs/Catherine Deneuve_2.jpg,lfw_pairs,impersonation_attack,/home/nadmin/Desktop/updatedattack/results/Ghostfacenet/transfer_attack_similarity_scores_all12_lambda020_limit1000.csv,Facenet512,MI_FGSM,vanilla,0.3407811820507049,Facenet512_MI_FGSM_adv
0,GhostFaceNet,/content/face_module/dataset_extractedfaces/lfw_pairs/Renee Zellweger_1.jpg,/content/face_module/dataset_extractedfaces/lfw_pairs/Catherine Deneuve_2.jpg,lfw_pairs,impersonation_attack,/home/nadmin/Desktop/updatedattack/results/Ghostfacenet/transfer_attack_similarity_scores_all12_lambda020_limit1000.csv,Facenet512,PGD,vanilla,0.2905148863792419,Facenet512_PGD_adv
0,GhostFaceNet,/content/face_module/dataset_extractedfaces/lfw_pairs/Renee Zellweger_1.jpg,/content/face_module/dataset_extractedfaces/lfw_pairs/Catherine Deneuve_2.jpg,lfw_pairs,impersonation_attack,/home/nadmin/Desktop/updatedattack/results/Ghostfacenet/transfer_attack_similarity_scores_all12_lambda020_limit1000.csv,Facenet512,SI_NI_FGSM,vanilla,0.3304495513439178,Facenet512_SI_NI_FGSM_adv
0,GhostFaceNet,/content/face_module/dataset_extractedfaces/lfw_pairs/Renee Zellweger_1.jpg,/content/face_module/dataset_extractedfaces/lfw_pairs/Catherine Deneuve_2.jpg,lfw_pairs,impersonation_attack,/home/nadmin/Desktop/updatedattack/results/Ghostfacenet/transfer_attack_similarity_scores_all12_lambda020_limit1000.csv,Facenet512,TI_FGSM,vanilla,0.3042487204074859,Facenet512_TI_FGSM_adv
0,GhostFaceNet,/content/face_module/dataset_extractedfaces/lfw_pairs/Renee Zellweger_1.jpg,/content/face_module/dataset_extractedfaces/lfw_pairs/Catherine Deneuve_2.jpg,lfw_pairs,impersonation_attack,/home/nadmin/Desktop/updatedattack/results/Ghostfacenet/transfer_attack_similarity_scores_all12_lambda020_limit1000.csv,Facenet512,clean,clean,0.2037829756736755,Facenet512_clean
0,GhostFaceNet,/content/face_module/dataset_extractedfaces/lfw_pairs/Renee Zellweger_1.jpg,/content/face_module/dataset_extractedfaces/lfw_pairs/Catherine Deneuve_2.jpg,lfw_pairs,impersonation_attack,/home/nadmin/Desktop/updatedattack/results/Ghostfacenet/transfer_attack_similarity_scores_all12_lambda020_limit1000.csv,GhostFaceNet,clean,clean,0.0863346979022026,GhostFaceNet_clean
0,GhostFaceNet,/content/face_module/dataset_extractedfaces/lfw_pairs/Renee Zellweger_1.jpg,/content/face_module/dataset_extractedfaces/lfw_pairs/Catherine Deneuve_2.jpg,lfw_pairs,impersonation_attack,/home/nadmin/Desktop/updatedattack/results/Ghostfacenet/transfer_attack_similarity_scores_all12_lambda020_limit1000.csv,IR152,MI_ADMIX_DI_TI,vanilla,0.0610364004969596,IR152_MI_ADMIX_DI_TI_adv
0,GhostFaceNet,/content/face_module/dataset_extractedfaces/lfw_pairs/Renee Zellweger_1.jpg,/content/face_module/dataset_extractedfaces/lfw_pairs/Catherine Deneuve_2.jpg,lfw_pairs,impersonation_attack,/home/nadmin/Desktop/updatedattack/results/Ghostfacenet/transfer_attack_similarity_scores_all12_lambda020_limit1000.csv,IR152,MI_FGSM,vanilla,0.177846223115921,IR152_MI_FGSM_adv
0,GhostFaceNet,/content/face_module/dataset_extractedfaces/lfw_pairs/Renee Zellweger_1.jpg,/content/face_module/dataset_extractedfaces/lfw_pairs/Catherine Deneuve_2.jpg,lfw_pairs,impersonation_attack,/home/nadmin/Desktop/updatedattack/results/Ghostfacenet/transfer_attack_similarity_scores_all12_lambda020_limit1000.csv,IR152,PGD,vanilla,0.0379588678479194,IR152_PGD_adv
0,GhostFaceNet,/content/face_module/dataset_extractedfaces/lfw_pairs/Renee Zellweger_1.jpg,/content/face_module/dataset_extractedfaces/lfw_pairs/Catherine Deneuve_2.jpg,lfw_pairs,impersonation_attack,/home/nadmin/Desktop/updatedattack/results/Ghostfacenet/transfer_attack_similarity_scores_all12_lambda020_limit1000.csv,IR152,SI_NI_FGSM,vanilla,0.195591926574707,IR152_SI_NI_FGSM_adv
0,GhostFaceNet,/content/face_module/dataset_extractedfaces/lfw_pairs/Renee Zellweger_1.jpg,/content/face_module/dataset_extractedfaces/lfw_pairs/Catherine Deneuve_2.jpg,lfw_pairs,impersonation_attack,/home/nadmin/Desktop/updatedattack/results/Ghostfacenet/transfer_attack_similarity_scores_all12_lambda020_limit1000.csv,IR152,TI_FGSM,vanilla,0.0346794053912162,IR152_TI_FGSM_adv
0,GhostFaceNet,/content/face_module/dataset_extractedfaces/lfw_pairs/Renee Zellweger_1.jpg,/content/face_module/dataset_extractedfaces/lfw_pairs/Catherine Deneuve_2.jpg,lfw_pairs,impersonation_attack,/home/nadmin/Desktop/updatedattack/results/Ghostfacenet/transfer_attack_similarity_scores_all12_lambda020_limit1000.csv,IR152,clean,clean,0.0082020908594131,IR152_clean
0,GhostFaceNet,/content/face_module/dataset_extractedfaces/lfw_pairs/Renee Zellweger_1.jpg,/content/face_module/dataset_extractedfaces/lfw_pairs/Catherine Deneuve_2.jpg,lfw_pairs,impersonation_attack,/home/nadmin/Desktop/updatedattack/results/Ghostfacenet/transfer_attack_similarity_scores_all12_lambda020_limit1000.csv,VGG-Face,MI_ADMIX_DI_TI,vanilla,0.146907091140747,VGG-Face_MI_ADMIX_DI_TI_adv
0,GhostFaceNet,/content/face_module/dataset_extractedfaces/lfw_pairs/Renee Zellweger_1.jpg,/content/face_module/dataset_extractedfaces/lfw_pairs/Catherine Deneuve_2.jpg,lfw_pairs,impersonation_attack,/home/nadmin/Desktop/updatedattack/results/Ghostfacenet/transfer_attack_similarity_scores_all12_lambda020_limit1000.csv,VGG-Face,MI_FGSM,vanilla,0.2185202687978744,VGG-Face_MI_FGSM_adv
0,GhostFaceNet,/content/face_module/dataset_extractedfaces/lfw_pairs/Renee Zellweger_1.jpg,/content/face_module/dataset_extractedfaces/lfw_pairs/Catherine Deneuve_2.jpg,lfw_pairs,impersonation_attack,/home/nadmin/Desktop/updatedattack/results/Ghostfacenet/transfer_attack_similarity_scores_all12_lambda020_limit1000.csv,VGG-Face,PGD,vanilla,0.1226573139429092,VGG-Face_PGD_adv
0,GhostFaceNet,/content/face_module/dataset_extractedfaces/lfw_pairs/Renee Zellweger_1.jpg,/content/face_module/dataset_extractedfaces/lfw_pairs/Catherine Deneuve_2.jpg,lfw_pairs,impersonation_attack,/home/nadmin/Desktop/updatedattack/results/Ghostfacenet/transfer_attack_similarity_scores_all12_lambda020_limit1000.csv,VGG-Face,SI_NI_FGSM,vanilla,0.2514761686325073,VGG-Face_SI_NI_FGSM_adv
0,GhostFaceNet,/content/face_module/dataset_extractedfaces/lfw_pairs/Renee Zellweger_1.jpg,/content/face_module/dataset_extractedfaces/lfw_pairs/Catherine Deneuve_2.jpg,lfw_pairs,impersonation_attack,/home/nadmin/Desktop/updatedattack/results/Ghostfacenet/transfer_attack_similarity_scores_all12_lambda020_limit1000.csv,VGG-Face,TI_FGSM,vanilla,0.1120725721120834,VGG-Face_TI_FGSM_adv
0,GhostFaceNet,/content/face_module/dataset_extractedfaces/lfw_pairs/Renee Zellweger_1.jpg,/content/face_module/dataset_extractedfaces/lfw_pairs/Catherine Deneuve_2.jpg,lfw_pairs,impersonation_attack,/home/nadmin/Desktop/updatedattack/results/Ghostfacenet/transfer_attack_similarity_scores_all12_lambda020_limit1000.csv,VGG-Face,clean,clean,0.091720625758171,VGG-Face_clean
1,GhostFaceNet,/content/face_module/dataset_extractedfaces/vggface2_pairs/n000007_0113_01.jpg,/content/face_module/dataset_extractedfaces/vggface2_pairs/n000007_0122_01.jpg,vggface2_pairs,dodging_attack,/home/nadmin/Desktop/updatedattack/results/Ghostfacenet/transfer_attack_similarity_scores_all12_lambda020_limit1000.csv,ArcFace,MI_ADMIX_DI_TI,vanilla,0.3261563181877136,ArcFace_MI_ADMIX_DI_TI_adv
1,GhostFaceNet,/content/face_module/dataset_extractedfaces/vggface2_pairs/n000007_0113_01.jpg,/content/face_module/dataset_extractedfaces/vggface2_pairs/n000007_0122_01.jpg,vggface2_pairs,dodging_attack,/home/nadmin/Desktop/updatedattack/results/Ghostfacenet/transfer_attack_similarity_scores_all12_lambda020_limit1000.csv,ArcFace,MI_FGSM,vanilla,0.3088224530220032,ArcFace_MI_FGSM_adv
1,GhostFaceNet,/content/face_module/dataset_extractedfaces/vggface2_pairs/n000007_0113_01.jpg,/content/face_module/dataset_extractedfaces/vggface2_pairs/n000007_0122_01.jpg,vggface2_pairs,dodging_attack,/home/nadmin/Desktop/updatedattack/results/Ghostfacenet/transfer_attack_similarity_scores_all12_lambda020_limit1000.csv,ArcFace,PGD,vanilla,0.3286438584327698,ArcFace_PGD_adv
1,GhostFaceNet,/content/face_module/dataset_extractedfaces/vggface2_pairs/n000007_0113_01.jpg,/content/face_module/dataset_extractedfaces/vggface2_pairs/n000007_0122_01.jpg,vggface2_pairs,dodging_attack,/home/nadmin/Desktop/updatedattack/results/Ghostfacenet/transfer_attack_similarity_scores_all12_lambda020_limit1000.csv,ArcFace,SI_NI_FGSM,vanilla,0.3457268476486206,ArcFace_SI_NI_FGSM_adv
1,GhostFaceNet,/content/face_module/dataset_extractedfaces/vggface2_pairs/n000007_0113_01.jpg,/content/face_module/dataset_extractedfaces/vggface2_pairs/n000007_0122_01.jpg,vggface2_pairs,dodging_attack,/home/nadmin/Desktop/updatedattack/results/Ghostfacenet/transfer_attack_similarity_scores_all12_lambda020_limit1000.csv,ArcFace,TI_FGSM,vanilla,0.3385180532932281,ArcFace_TI_FGSM_adv
1,GhostFaceNet,/content/face_module/dataset_extractedfaces/vggface2_pairs/n000007_0113_01.jpg,/content/face_module/dataset_extractedfaces/vggface2_pairs/n000007_0122_01.jpg,vggface2_pairs,dodging_attack,/home/nadmin/Desktop/updatedattack/results/Ghostfacenet/transfer_attack_similarity_scores_all12_lambda020_limit1000.csv,ArcFace,clean,clean,0.3415670692920685,ArcFace_clean
1,GhostFaceNet,/content/face_module/dataset_extractedfaces/vggface2_pairs/n000007_0113_01.jpg,/content/face_module/dataset_extractedfaces/vggface2_pairs/n000007_0122_01.jpg,vggface2_pairs,dodging_attack,/home/nadmin/Desktop/updatedattack/results/Ghostfacenet/transfer_attack_similarity_scores_all12_lambda020_limit1000.csv,Facenet512,MI_ADMIX_DI_TI,vanilla,0.7824863195419312,Facenet512_MI_ADMIX_DI_TI_adv
1,GhostFaceNet,/content/face_module/dataset_extractedfaces/vggface2_pairs/n000007_0113_01.jpg,/content/face_module/dataset_extractedfaces/vggface2_pairs/n000007_0122_01.jpg,vggface2_pairs,dodging_attack,/home/nadmin/Desktop/updatedattack/results/Ghostfacenet/transfer_attack_similarity_scores_all12_lambda020_limit1000.csv,Facenet512,MI_FGSM,vanilla,0.8170663118362427,Facenet512_MI_FGSM_adv
1,GhostFaceNet,/content/face_module/dataset_extractedfaces/vggface2_pairs/n000007_0113_01.jpg,/content/face_module/dataset_extractedfaces/vggface2_pairs/n000007_0122_01.jpg,vggface2_pairs,dodging_attack,/home/nadmin/Desktop/updatedattack/results/Ghostfacenet/transfer_attack_similarity_scores_all12_lambda020_limit1000.csv,Facenet512,PGD,vanilla,0.8278422355651855,Facenet512_PGD_adv
1,GhostFaceNet,/content/face_module/dataset_extractedfaces/vggface2_pairs/n000007_0113_01.jpg,/content/face_module/dataset_extractedfaces/vggface2_pairs/n000007_0122_01.jpg,vggface2_pairs,dodging_attack,/home/nadmin/Desktop/updatedattack/results/Ghostfacenet/transfer_attack_similarity_scores_all12_lambda020_limit1000.csv,Facenet512,SI_NI_FGSM,vanilla,0.7852190136909485,Facenet512_SI_NI_FGSM_adv
1,GhostFaceNet,/content/face_module/dataset_extractedfaces/vggface2_pairs/n000007_0113_01.jpg,/content/face_module/dataset_extractedfaces/vggface2_pairs/n000007_0122_01.jpg,vggface2_pairs,dodging_attack,/home/nadmin/Desktop/updatedattack/results/Ghostfacenet/transfer_attack_similarity_scores_all12_lambda020_limit1000.csv,Facenet512,TI_FGSM,vanilla,0.8049384355545044,Facenet512_TI_FGSM_adv
1,GhostFaceNet,/content/face_module/dataset_extractedfaces/vggface2_pairs/n000007_0113_01.jpg,/content/face_module/dataset_extractedfaces/vggface2_pairs/n000007_0122_01.jpg,vggface2_pairs,dodging_attack,/home/nadmin/Desktop/updatedattack/results/Ghostfacenet/transfer_attack_similarity_scores_all12_lambda020_limit1000.csv,Facenet512,clean,clean,0.822794497013092,Facenet512_clean
1,GhostFaceNet,/content/face_module/dataset_extractedfaces/vggface2_pairs/n000007_0113_01.jpg,/content/face_module/dataset_extractedfaces/vggface2_pairs/n000007_0122_01.jpg,vggface2_pairs,dodging_attack,/home/nadmin/Desktop/updatedattack/results/Ghostfacenet/transfer_attack_similarity_scores_all12_lambda020_limit1000.csv,GhostFaceNet,clean,clean,0.372836709022522,GhostFaceNet_clean
1,GhostFaceNet,/content/face_module/dataset_extractedfaces/vggface2_pairs/n000007_0113_01.jpg,/content/face_module/dataset_extractedfaces/vggface2_pairs/n000007_0122_01.jpg,vggface2_pairs,dodging_attack,/home/nadmin/Desktop/updatedattack/results/Ghostfacenet/transfer_attack_similarity_scores_all12_lambda020_limit1000.csv,IR152,MI_ADMIX_DI_TI,vanilla,0.5911429524421692,IR152_MI_ADMIX_DI_TI_adv
1,GhostFaceNet,/content/face_module/dataset_extractedfaces/vggface2_pairs/n000007_0113_01.jpg,/content/face_module/dataset_extractedfaces/vggface2_pairs/n000007_0122_01.jpg,vggface2_pairs,dodging_attack,/home/nadmin/Desktop/updatedattack/results/Ghostfacenet/transfer_attack_similarity_scores_all12_lambda020_limit1000.csv,IR152,MI_FGSM,vanilla,0.581049382686615,IR152_MI_FGSM_adv
1,GhostFaceNet,/content/face_module/dataset_extractedfaces/vggface2_pairs/n000007_0113_01.jpg,/content/face_module/dataset_extractedfaces/vggface2_pairs/n000007_0122_01.jpg,vggface2_pairs,dodging_attack,/home/nadmin/Desktop/updatedattack/results/Ghostfacenet/transfer_attack_similarity_scores_all12_lambda020_limit1000.csv,IR152,PGD,vanilla,0.6234919428825378,IR152_PGD_adv
1,GhostFaceNet,/content/face_module/dataset_extractedfaces/vggface2_pairs/n000007_0113_01.jpg,/content/face_module/dataset_extractedfaces/vggface2_pairs/n000007_0122_01.jpg,vggface2_pairs,dodging_attack,/home/nadmin/Desktop/updatedattack/results/Ghostfacenet/transfer_attack_similarity_scores_all12_lambda020_limit1000.csv,IR152,SI_NI_FGSM,vanilla,0.5470177531242371,IR152_SI_NI_FGSM_adv
1,GhostFaceNet,/content/face_module/dataset_extractedfaces/vggface2_pairs/n000007_0113_01.jpg,/content/face_module/dataset_extractedfaces/vggface2_pairs/n000007_0122_01.jpg,vggface2_pairs,dodging_attack,/home/nadmin/Desktop/updatedattack/results/Ghostfacenet/transfer_attack_similarity_scores_all12_lambda020_limit1000.csv,IR152,TI_FGSM,vanilla,0.5813384056091309,IR152_TI_FGSM_adv
1,GhostFaceNet,/content/face_module/dataset_extractedfaces/vggface2_pairs/n000007_0113_01.jpg,/content/face_module/dataset_extractedfaces/vggface2_pairs/n000007_0122_01.jpg,vggface2_pairs,dodging_attack,/home/nadmin/Desktop/updatedattack/results/Ghostfacenet/transfer_attack_similarity_scores_all12_lambda020_limit1000.csv,IR152,clean,clean,0.634651780128479,IR152_clean
1,GhostFaceNet,/content/face_module/dataset_extractedfaces/vggface2_pairs/n000007_0113_01.jpg,/content/face_module/dataset_extractedfaces/vggface2_pairs/n000007_0122_01.jpg,vggface2_pairs,dodging_attack,/home/nadmin/Desktop/updatedattack/results/Ghostfacenet/transfer_attack_similarity_scores_all12_lambda020_limit1000.csv,VGG-Face,MI_ADMIX_DI_TI,vanilla,0.4584722518920898,VGG-Face_MI_ADMIX_DI_TI_adv
1,GhostFaceNet,/content/face_module/dataset_extractedfaces/vggface2_pairs/n000007_0113_01.jpg,/content/face_module/dataset_extractedfaces/vggface2_pairs/n000007_0122_01.jpg,vggface2_pairs,dodging_attack,/home/nadmin/Desktop/updatedattack/results/Ghostfacenet/transfer_attack_similarity_scores_all12_lambda020_limit1000.csv,VGG-Face,MI_FGSM,vanilla,0.413204163312912,VGG-Face_MI_FGSM_adv
1,GhostFaceNet,/content/face_module/dataset_extractedfaces/vggface2_pairs/n000007_0113_01.jpg,/content/face_module/dataset_extractedfaces/vggface2_pairs/n000007_0122_01.jpg,vggface2_pairs,dodging_attack,/home/nadmin/Desktop/updatedattack/results/Ghostfacenet/transfer_attack_similarity_scores_all12_lambda020_limit1000.csv,VGG-Face,PGD,vanilla,0.4849648177623749,VGG-Face_PGD_adv
1,GhostFaceNet,/content/face_module/dataset_extractedfaces/vggface2_pairs/n000007_0113_01.jpg,/content/face_module/dataset_extractedfaces/vggface2_pairs/n000007_0122_01.jpg,vggface2_pairs,dodging_attack,/home/nadmin/Desktop/updatedattack/results/Ghostfacenet/transfer_attack_similarity_scores_all12_lambda020_limit1000.csv,VGG-Face,SI_NI_FGSM,vanilla,0.3907535672187805,VGG-Face_SI_NI_FGSM_adv
1,GhostFaceNet,/content/face_module/dataset_extractedfaces/vggface2_pairs/n000007_0113_01.jpg,/content/face_module/dataset_extractedfaces/vggface2_pairs/n000007_0122_01.jpg,vggface2_pairs,dodging_attack,/home/nadmin/Desktop/updatedattack/results/Ghostfacenet/transfer_attack_similarity_scores_all12_lambda020_limit1000.csv,VGG-Face,TI_FGSM,vanilla,0.4596147537231445,VGG-Face_TI_FGSM_adv
1,GhostFaceNet,/content/face_module/dataset_extractedfaces/vggface2_pairs/n000007_0113_01.jpg,/content/face_module/dataset_extractedfaces/vggface2_pairs/n000007_0122_01.jpg,vggface2_pairs,dodging_attack,/home/nadmin/Desktop/updatedattack/results/Ghostfacenet/transfer_attack_similarity_scores_all12_lambda020_limit1000.csv,VGG-Face,clean,clean,0.4813993573188782,VGG-Face_clean
2,GhostFaceNet,/content/face_module/dataset_extractedfaces/celeba_pairs/107859.jpg,/content/face_module/dataset_extractedfaces/celeba_pairs/031892.jpg,celeba_pairs,impersonation_attack,/home/nadmin/Desktop/updatedattack/results/Ghostfacenet/transfer_attack_similarity_scores_all12_lambda020_limit1000.csv,ArcFace,MI_ADMIX_DI_TI,vanilla,0.2901071608066559,ArcFace_MI_ADMIX_DI_TI_adv
2,GhostFaceNet,/content/face_module/dataset_extractedfaces/celeba_pairs/107859.jpg,/content/face_module/dataset_extractedfaces/celeba_pairs/031892.jpg,celeba_pairs,impersonation_attack,/home/nadmin/Desktop/updatedattack/results/Ghostfacenet/transfer_attack_similarity_scores_all12_lambda020_limit1000.csv,ArcFace,MI_FGSM,vanilla,0.336974024772644,ArcFace_MI_FGSM_adv
2,GhostFaceNet,/content/face_module/dataset_extractedfaces/celeba_pairs/107859.jpg,/content/face_module/dataset_extractedfaces/celeba_pairs/031892.jpg,celeba_pairs,impersonation_attack,/home/nadmin/Desktop/updatedattack/results/Ghostfacenet/transfer_attack_similarity_scores_all12_lambda020_limit1000.csv,ArcFace,PGD,vanilla,0.3156689405441284,ArcFace_PGD_adv
2,GhostFaceNet,/content/face_module/dataset_extractedfaces/celeba_pairs/107859.jpg,/content/face_module/dataset_extractedfaces/celeba_pairs/031892.jpg,celeba_pairs,impersonation_attack,/home/nadmin/Desktop/updatedattack/results/Ghostfacenet/transfer_attack_similarity_scores_all12_lambda020_limit1000.csv,ArcFace,SI_NI_FGSM,vanilla,0.2383614629507064,ArcFace_SI_NI_FGSM_adv
2,GhostFaceNet,/content/face_module/dataset_extractedfaces/celeba_pairs/107859.jpg,/content/face_module/dataset_extractedfaces/celeba_pairs/031892.jpg,celeba_pairs,impersonation_attack,/home/nadmin/Desktop/updatedattack/results/Ghostfacenet/transfer_attack_similarity_scores_all12_lambda020_limit1000.csv,ArcFace,TI_FGSM,vanilla,0.287111759185791,ArcFace_TI_FGSM_adv
2,GhostFaceNet,/content/face_module/dataset_extractedfaces/celeba_pairs/107859.jpg,/content/face_module/dataset_extractedfaces/celeba_pairs/031892.jpg,celeba_pairs,impersonation_attack,/home/nadmin/Desktop/updatedattack/results/Ghostfacenet/transfer_attack_similarity_scores_all12_lambda020_limit1000.csv,ArcFace,clean,clean,0.2291036397218704,ArcFace_clean
2,GhostFaceNet,/content/face_module/dataset_extractedfaces/celeba_pairs/107859.jpg,/content/face_module/dataset_extractedfaces/celeba_pairs/031892.jpg,celeba_pairs,impersonation_attack,/home/nadmin/Desktop/updatedattack/results/Ghostfacenet/transfer_attack_similarity_scores_all12_lambda020_limit1000.csv,Facenet512,MI_ADMIX_DI_TI,vanilla,0.2087027728557586,Facenet512_MI_ADMIX_DI_TI_adv
2,GhostFaceNet,/content/face_module/dataset_extractedfaces/celeba_pairs/107859.jpg,/content/face_module/dataset_extractedfaces/celeba_pairs/031892.jpg,celeba_pairs,impersonation_attack,/home/nadmin/Desktop/updatedattack/results/Ghostfacenet/transfer_attack_similarity_scores_all12_lambda020_limit1000.csv,Facenet512,MI_FGSM,vanilla,0.1439952105283737,Facenet512_MI_FGSM_adv
2,GhostFaceNet,/content/face_module/dataset_extractedfaces/celeba_pairs/107859.jpg,/content/face_module/dataset_extractedfaces/celeba_pairs/031892.jpg,celeba_pairs,impersonation_attack,/home/nadmin/Desktop/updatedattack/results/Ghostfacenet/transfer_attack_similarity_scores_all12_lambda020_limit1000.csv,Facenet512,PGD,vanilla,0.1369569450616836,Facenet512_PGD_adv
2,GhostFaceNet,/content/face_module/dataset_extractedfaces/celeba_pairs/107859.jpg,/content/face_module/dataset_extractedfaces/celeba_pairs/031892.jpg,celeba_pairs,impersonation_attack,/home/nadmin/Desktop/updatedattack/results/Ghostfacenet/transfer_attack_similarity_scores_all12_lambda020_limit1000.csv,Facenet512,SI_NI_FGSM,vanilla,0.1190280616283416,Facenet512_SI_NI_FGSM_adv
2,GhostFaceNet,/content/face_module/dataset_extractedfaces/celeba_pairs/107859.jpg,/content/face_module/dataset_extractedfaces/celeba_pairs/031892.jpg,celeba_pairs,impersonation_attack,/home/nadmin/Desktop/updatedattack/results/Ghostfacenet/transfer_attack_similarity_scores_all12_lambda020_limit1000.csv,Facenet512,TI_FGSM,vanilla,0.1863441616296768,Facenet512_TI_FGSM_adv
2,GhostFaceNet,/content/face_module/dataset_extractedfaces/celeba_pairs/107859.jpg,/content/face_module/dataset_extractedfaces/celeba_pairs/031892.jpg,celeba_pairs,impersonation_attack,/home/nadmin/Desktop/updatedattack/results/Ghostfacenet/transfer_attack_similarity_scores_all12_lambda020_limit1000.csv,Facenet512,clean,clean,0.0810722559690475,Facenet512_clean
2,GhostFaceNet,/content/face_module/dataset_extractedfaces/celeba_pairs/107859.jpg,/content/face_module/dataset_extractedfaces/celeba_pairs/031892.jpg,celeba_pairs,impersonation_attack,/home/nadmin/Desktop/updatedattack/results/Ghostfacenet/transfer_attack_similarity_scores_all12_lambda020_limit1000.csv,GhostFaceNet,clean,clean,-0.0021720379590988,GhostFaceNet_clean
2,GhostFaceNet,/content/face_module/dataset_extractedfaces/celeba_pairs/107859.jpg,/content/face_module/dataset_extractedfaces/celeba_pairs/031892.jpg,celeba_pairs,impersonation_attack,/home/nadmin/Desktop/updatedattack/results/Ghostfacenet/transfer_attack_similarity_scores_all12_lambda020_limit1000.csv,IR152,MI_ADMIX_DI_TI,vanilla,0.1419071555137634,IR152_MI_ADMIX_DI_TI_adv
2,GhostFaceNet,/content/face_module/dataset_extractedfaces/celeba_pairs/107859.jpg,/content/face_module/dataset_extractedfaces/celeba_pairs/031892.jpg,celeba_pairs,impersonation_attack,/home/nadmin/Desktop/updatedattack/results/Ghostfacenet/transfer_attack_similarity_scores_all12_lambda020_limit1000.csv,IR152,MI_FGSM,vanilla,0.037932701408863,IR152_MI_FGSM_adv
2,GhostFaceNet,/content/face_module/dataset_extractedfaces/celeba_pairs/107859.jpg,/content/face_module/dataset_extractedfaces/celeba_pairs/031892.jpg,celeba_pairs,impersonation_attack,/home/nadmin/Desktop/updatedattack/results/Ghostfacenet/transfer_attack_similarity_scores_all12_lambda020_limit1000.csv,IR152,PGD,vanilla,0.1030811592936515,IR152_PGD_adv
2,GhostFaceNet,/content/face_module/dataset_extractedfaces/celeba_pairs/107859.jpg,/content/face_module/dataset_extractedfaces/celeba_pairs/031892.jpg,celeba_pairs,impersonation_attack,/home/nadmin/Desktop/updatedattack/results/Ghostfacenet/transfer_attack_similarity_scores_all12_lambda020_limit1000.csv,IR152,SI_NI_FGSM,vanilla,0.1061702221632003,IR152_SI_NI_FGSM_adv
2,GhostFaceNet,/content/face_module/dataset_extractedfaces/celeba_pairs/107859.jpg,/content/face_module/dataset_extractedfaces/celeba_pairs/031892.jpg,celeba_pairs,impersonation_attack,/home/nadmin/Desktop/updatedattack/results/Ghostfacenet/transfer_attack_similarity_scores_all12_lambda020_limit1000.csv,IR152,TI_FGSM,vanilla,0.1157303676009178,IR152_TI_FGSM_adv
2,GhostFaceNet,/content/face_module/dataset_extractedfaces/celeba_pairs/107859.jpg,/content/face_module/dataset_extractedfaces/celeba_pairs/031892.jpg,celeba_pairs,impersonation_attack,/home/nadmin/Desktop/updatedattack/results/Ghostfacenet/transfer_attack_similarity_scores_all12_lambda020_limit1000.csv,IR152,clean,clean,0.1105675995349884,IR152_clean
2,GhostFaceNet,/content/face_module/dataset_extractedfaces/celeba_pairs/107859.jpg,/content/face_module/dataset_extractedfaces/celeba_pairs/031892.jpg,celeba_pairs,impersonation_attack,/home/nadmin/Desktop/updatedattack/results/Ghostfacenet/transfer_attack_similarity_scores_all12_lambda020_limit1000.csv,VGG-Face,MI_ADMIX_DI_TI,vanilla,0.0992843210697174,VGG-Face_MI_ADMIX_DI_TI_adv
2,GhostFaceNet,/content/face_module/dataset_extractedfaces/celeba_pairs/107859.jpg,/content/face_module/dataset_extractedfaces/celeba_pairs/031892.jpg,celeba_pairs,impersonation_attack,/home/nadmin/Desktop/updatedattack/results/Ghostfacenet/transfer_attack_similarity_scores_all12_lambda020_limit1000.csv,VGG-Face,MI_FGSM,vanilla,0.1120759397745132,VGG-Face_MI_FGSM_adv
2,GhostFaceNet,/content/face_module/dataset_extractedfaces/celeba_pairs/107859.jpg,/content/face_module/dataset_extractedfaces/celeba_pairs/031892.jpg,celeba_pairs,impersonation_attack,/home/nadmin/Desktop/updatedattack/results/Ghostfacenet/transfer_attack_similarity_scores_all12_lambda020_limit1000.csv,VGG-Face,PGD,vanilla,0.131175547838211,VGG-Face_PGD_adv
2,GhostFaceNet,/content/face_module/dataset_extractedfaces/celeba_pairs/107859.jpg,/content/face_module/dataset_extractedfaces/celeba_pairs/031892.jpg,celeba_pairs,impersonation_attack,/home/nadmin/Desktop/updatedattack/results/Ghostfacenet/transfer_attack_similarity_scores_all12_lambda020_limit1000.csv,VGG-Face,SI_NI_FGSM,vanilla,0.1249311566352844,VGG-Face_SI_NI_FGSM_adv
2,GhostFaceNet,/content/face_module/dataset_extractedfaces/celeba_pairs/107859.jpg,/content/face_module/dataset_extractedfaces/celeba_pairs/031892.jpg,celeba_pairs,impersonation_attack,/home/nadmin/Desktop/updatedattack/results/Ghostfacenet/transfer_attack_similarity_scores_all12_lambda020_limit1000.csv,VGG-Face,TI_FGSM,vanilla,0.1380931138992309,VGG-Face_TI_FGSM_adv
2,GhostFaceNet,/content/face_module/dataset_extractedfaces/celeba_pairs/107859.jpg,/content/face_module/dataset_extractedfaces/celeba_pairs/031892.jpg,celeba_pairs,impersonation_attack,/home/nadmin/Desktop/updatedattack/results/Ghostfacenet/transfer_attack_similarity_scores_all12_lambda020_limit1000.csv,VGG-Face,clean,clean,0.0735538974404335,VGG-Face_clean
3,GhostFaceNet,/content/face_module/dataset_extractedfaces/vggface2_pairs/n000007_0076_01.jpg,/content/face_module/dataset_extractedfaces/vggface2_pairs/n000005_0080_01.jpg,vggface2_pairs,impersonation_attack,/home/nadmin/Desktop/updatedattack/results/Ghostfacenet/transfer_attack_similarity_scores_all12_lambda020_limit1000.csv,ArcFace,MI_ADMIX_DI_TI,vanilla,0.1706679463386535,ArcFace_MI_ADMIX_DI_TI_adv
3,GhostFaceNet,/content/face_module/dataset_extractedfaces/vggface2_pairs/n000007_0076_01.jpg,/content/face_module/dataset_extractedfaces/vggface2_pairs/n000005_0080_01.jpg,vggface2_pairs,impersonation_attack,/home/nadmin/Desktop/updatedattack/results/Ghostfacenet/transfer_attack_similarity_scores_all12_lambda020_limit1000.csv,ArcFace,MI_FGSM,vanilla,0.1323383450508117,ArcFace_MI_FGSM_adv
3,GhostFaceNet,/content/face_module/dataset_extractedfaces/vggface2_pairs/n000007_0076_01.jpg,/content/face_module/dataset_extractedfaces/vggface2_pairs/n000005_0080_01.jpg,vggface2_pairs,impersonation_attack,/home/nadmin/Desktop/updatedattack/results/Ghostfacenet/transfer_attack_similarity_scores_all12_lambda020_limit1000.csv,ArcFace,PGD,vanilla,0.0613664425909519,ArcFace_PGD_adv
3,GhostFaceNet,/content/face_module/dataset_extractedfaces/vggface2_pairs/n000007_0076_01.jpg,/content/face_module/dataset_extractedfaces/vggface2_pairs/n000005_0080_01.jpg,vggface2_pairs,impersonation_attack,/home/nadmin/Desktop/updatedattack/results/Ghostfacenet/transfer_attack_similarity_scores_all12_lambda020_limit1000.csv,ArcFace,SI_NI_FGSM,vanilla,0.1047374755144119,ArcFace_SI_NI_FGSM_adv
3,GhostFaceNet,/content/face_module/dataset_extractedfaces/vggface2_pairs/n000007_0076_01.jpg,/content/face_module/dataset_extractedfaces/vggface2_pairs/n000005_0080_01.jpg,vggface2_pairs,impersonation_attack,/home/nadmin/Desktop/updatedattack/results/Ghostfacenet/transfer_attack_similarity_scores_all12_lambda020_limit1000.csv,ArcFace,TI_FGSM,vanilla,0.1164997071027755,ArcFace_TI_FGSM_adv
3,GhostFaceNet,/content/face_module/dataset_extractedfaces/vggface2_pairs/n000007_0076_01.jpg,/content/face_module/dataset_extractedfaces/vggface2_pairs/n000005_0080_01.jpg,vggface2_pairs,impersonation_attack,/home/nadmin/Desktop/updatedattack/results/Ghostfacenet/transfer_attack_similarity_scores_all12_lambda020_limit1000.csv,ArcFace,clean,clean,0.0339482352137565,ArcFace_clean
3,GhostFaceNet,/content/face_module/dataset_extractedfaces/vggface2_pairs/n000007_0076_01.jpg,/content/face_module/dataset_extractedfaces/vggface2_pairs/n000005_0080_01.jpg,vggface2_pairs,impersonation_attack,/home/nadmin/Desktop/updatedattack/results/Ghostfacenet/transfer_attack_similarity_scores_all12_lambda020_limit1000.csv,Facenet512,MI_ADMIX_DI_TI,vanilla,0.0948124378919601,Facenet512_MI_ADMIX_DI_TI_adv
3,GhostFaceNet,/content/face_module/dataset_extractedfaces/vggface2_pairs/n000007_0076_01.jpg,/content/face_module/dataset_extractedfaces/vggface2_pairs/n000005_0080_01.jpg,vggface2_pairs,impersonation_attack,/home/nadmin/Desktop/updatedattack/results/Ghostfacenet/transfer_attack_similarity_scores_all12_lambda020_limit1000.csv,Facenet512,MI_FGSM,vanilla,0.0143401063978672,Facenet512_MI_FGSM_adv
3,GhostFaceNet,/content/face_module/dataset_extractedfaces/vggface2_pairs/n000007_0076_01.jpg,/content/face_module/dataset_extractedfaces/vggface2_pairs/n000005_0080_01.jpg,vggface2_pairs,impersonation_attack,/home/nadmin/Desktop/updatedattack/results/Ghostfacenet/transfer_attack_similarity_scores_all12_lambda020_limit1000.csv,Facenet512,PGD,vanilla,0.0284540019929409,Facenet512_PGD_adv
3,GhostFaceNet,/content/face_module/dataset_extractedfaces/vggface2_pairs/n000007_0076_01.jpg,/content/face_module/dataset_extractedfaces/vggface2_pairs/n000005_0080_01.jpg,vggface2_pairs,impersonation_attack,/home/nadmin/Desktop/updatedattack/results/Ghostfacenet/transfer_attack_similarity_scores_all12_lambda020_limit1000.csv,Facenet512,SI_NI_FGSM,vanilla,0.0302969478070735,Facenet512_SI_NI_FGSM_adv
3,GhostFaceNet,/content/face_module/dataset_extractedfaces/vggface2_pairs/n000007_0076_01.jpg,/content/face_module/dataset_extractedfaces/vggface2_pairs/n000005_0080_01.jpg,vggface2_pairs,impersonation_attack,/home/nadmin/Desktop/updatedattack/results/Ghostfacenet/transfer_attack_similarity_scores_all12_lambda020_limit1000.csv,Facenet512,TI_FGSM,vanilla,0.068887248635292,Facenet512_TI_FGSM_adv
3,GhostFaceNet,/content/face_module/dataset_extractedfaces/vggface2_pairs/n000007_0076_01.jpg,/content/face_module/dataset_extractedfaces/vggface2_pairs/n000005_0080_01.jpg,vggface2_pairs,impersonation_attack,/home/nadmin/Desktop/updatedattack/results/Ghostfacenet/transfer_attack_similarity_scores_all12_lambda020_limit1000.csv,Facenet512,clean,clean,0.0153017658740282,Facenet512_clean
3,GhostFaceNet,/content/face_module/dataset_extractedfaces/vggface2_pairs/n000007_0076_01.jpg,/content/face_module/dataset_extractedfaces/vggface2_pairs/n000005_0080_01.jpg,vggface2_pairs,impersonation_attack,/home/nadmin/Desktop/updatedattack/results/Ghostfacenet/transfer_attack_similarity_scores_all12_lambda020_limit1000.csv,GhostFaceNet,clean,clean,0.0733531713485717,GhostFaceNet_clean
3,GhostFaceNet,/content/face_module/dataset_extractedfaces/vggface2_pairs/n000007_0076_01.jpg,/content/face_module/dataset_extractedfaces/vggface2_pairs/n000005_0080_01.jpg,vggface2_pairs,impersonation_attack,/home/nadmin/Desktop/updatedattack/results/Ghostfacenet/transfer_attack_similarity_scores_all12_lambda020_limit1000.csv,IR152,MI_ADMIX_DI_TI,vanilla,0.1099762097001075,IR152_MI_ADMIX_DI_TI_adv
3,GhostFaceNet,/content/face_module/dataset_extractedfaces/vggface2_pairs/n000007_0076_01.jpg,/content/face_module/dataset_extractedfaces/vggface2_pairs/n000005_0080_01.jpg,vggface2_pairs,impersonation_attack,/home/nadmin/Desktop/updatedattack/results/Ghostfacenet/transfer_attack_similarity_scores_all12_lambda020_limit1000.csv,IR152,MI_FGSM,vanilla,0.1191646158695221,IR152_MI_FGSM_adv
3,GhostFaceNet,/content/face_module/dataset_extractedfaces/vggface2_pairs/n000007_0076_01.jpg,/content/face_module/dataset_extractedfaces/vggface2_pairs/n000005_0080_01.jpg,vggface2_pairs,impersonation_attack,/home/nadmin/Desktop/updatedattack/results/Ghostfacenet/transfer_attack_similarity_scores_all12_lambda020_limit1000.csv,IR152,PGD,vanilla,0.118793748319149,IR152_PGD_adv
3,GhostFaceNet,/content/face_module/dataset_extractedfaces/vggface2_pairs/n000007_0076_01.jpg,/content/face_module/dataset_extractedfaces/vggface2_pairs/n000005_0080_01.jpg,vggface2_pairs,impersonation_attack,/home/nadmin/Desktop/updatedattack/results/Ghostfacenet/transfer_attack_similarity_scores_all12_lambda020_limit1000.csv,IR152,SI_NI_FGSM,vanilla,0.1329899430274963,IR152_SI_NI_FGSM_adv
3,GhostFaceNet,/content/face_module/dataset_extractedfaces/vggface2_pairs/n000007_0076_01.jpg,/content/face_module/dataset_extractedfaces/vggface2_pairs/n000005_0080_01.jpg,vggface2_pairs,impersonation_attack,/home/nadmin/Desktop/updatedattack/results/Ghostfacenet/transfer_attack_similarity_scores_all12_lambda020_limit1000.csv,IR152,TI_FGSM,vanilla,0.1160877123475074,IR152_TI_FGSM_adv
3,GhostFaceNet,/content/face_module/dataset_extractedfaces/vggface2_pairs/n000007_0076_01.jpg,/content/face_module/dataset_extractedfaces/vggface2_pairs/n000005_0080_01.jpg,vggface2_pairs,impersonation_attack,/home/nadmin/Desktop/updatedattack/results/Ghostfacenet/transfer_attack_similarity_scores_all12_lambda020_limit1000.csv,IR152,clean,clean,0.0970130488276481,IR152_clean
3,GhostFaceNet,/content/face_module/dataset_extractedfaces/vggface2_pairs/n000007_0076_01.jpg,/content/face_module/dataset_extractedfaces/vggface2_pairs/n000005_0080_01.jpg,vggface2_pairs,impersonation_attack,/home/nadmin/Desktop/updatedattack/results/Ghostfacenet/transfer_attack_similarity_scores_all12_lambda020_limit1000.csv,VGG-Face,MI_ADMIX_DI_TI,vanilla,0.0765207111835479,VGG-Face_MI_ADMIX_DI_TI_adv
3,GhostFaceNet,/content/face_module/dataset_extractedfaces/vggface2_pairs/n000007_0076_01.jpg,/content/face_module/dataset_extractedfaces/vggface2_pairs/n000005_0080_01.jpg,vggface2_pairs,impersonation_attack,/home/nadmin/Desktop/updatedattack/results/Ghostfacenet/transfer_attack_similarity_scores_all12_lambda020_limit1000.csv,VGG-Face,MI_FGSM,vanilla,0.1008680611848831,VGG-Face_MI_FGSM_adv
3,GhostFaceNet,/content/face_module/dataset_extractedfaces/vggface2_pairs/n000007_0076_01.jpg,/content/face_module/dataset_extractedfaces/vggface2_pairs/n000005_0080_01.jpg,vggface2_pairs,impersonation_attack,/home/nadmin/Desktop/updatedattack/results/Ghostfacenet/transfer_attack_similarity_scores_all12_lambda020_limit1000.csv,VGG-Face,PGD,vanilla,0.0736443772912025,VGG-Face_PGD_adv
3,GhostFaceNet,/content/face_module/dataset_extractedfaces/vggface2_pairs/n000007_0076_01.jpg,/content/face_module/dataset_extractedfaces/vggface2_pairs/n000005_0080_01.jpg,vggface2_pairs,impersonation_attack,/home/nadmin/Desktop/updatedattack/results/Ghostfacenet/transfer_attack_similarity_scores_all12_lambda020_limit1000.csv,VGG-Face,SI_NI_FGSM,vanilla,0.0959439501166343,VGG-Face_SI_NI_FGSM_adv
3,GhostFaceNet,/content/face_module/dataset_extractedfaces/vggface2_pairs/n000007_0076_01.jpg,/content/face_module/dataset_extractedfaces/vggface2_pairs/n000005_0080_01.jpg,vggface2_pairs,impersonation_attack,/home/nadmin/Desktop/updatedattack/results/Ghostfacenet/transfer_attack_similarity_scores_all12_lambda020_limit1000.csv,VGG-Face,TI_FGSM,vanilla,0.0715235024690628,VGG-Face_TI_FGSM_adv
3,GhostFaceNet,/content/face_module/dataset_extractedfaces/vggface2_pairs/n000007_0076_01.jpg,/content/face_module/dataset_extractedfaces/vggface2_pairs/n000005_0080_01.jpg,vggface2_pairs,impersonation_attack,/home/nadmin/Desktop/updatedattack/results/Ghostfacenet/transfer_attack_similarity_scores_all12_lambda020_limit1000.csv,VGG-Face,clean,clean,0.0580454058945179,VGG-Face_clean
4,GhostFaceNet,/content/face_module/dataset_extractedfaces/vggface2_pairs/n000008_0256_01.jpg,/content/face_module/dataset_extractedfaces/vggface2_pairs/n000008_0348_01.jpg,vggface2_pairs,dodging_attack,/home/nadmin/Desktop/updatedattack/results/Ghostfacenet/transfer_attack_similarity_scores_all12_lambda020_limit1000.csv,ArcFace,MI_ADMIX_DI_TI,vanilla,0.0110661704093217,ArcFace_MI_ADMIX_DI_TI_adv
4,GhostFaceNet,/content/face_module/dataset_extractedfaces/vggface2_pairs/n000008_0256_01.jpg,/content/face_module/dataset_extractedfaces/vggface2_pairs/n000008_0348_01.jpg,vggface2_pairs,dodging_attack,/home/nadmin/Desktop/updatedattack/results/Ghostfacenet/transfer_attack_similarity_scores_all12_lambda020_limit1000.csv,ArcFace,MI_FGSM,vanilla,0.0065628392621874,ArcFace_MI_FGSM_adv
4,GhostFaceNet,/content/face_module/dataset_extractedfaces/vggface2_pairs/n000008_0256_01.jpg,/content/face_module/dataset_extractedfaces/vggface2_pairs/n000008_0348_01.jpg,vggface2_pairs,dodging_attack,/home/nadmin/Desktop/updatedattack/results/Ghostfacenet/transfer_attack_similarity_scores_all12_lambda020_limit1000.csv,ArcFace,PGD,vanilla,0.0070701045915484,ArcFace_PGD_adv
4,GhostFaceNet,/content/face_module/dataset_extractedfaces/vggface2_pairs/n000008_0256_01.jpg,/content/face_module/dataset_extractedfaces/vggface2_pairs/n000008_0348_01.jpg,vggface2_pairs,dodging_attack,/home/nadmin/Desktop/updatedattack/results/Ghostfacenet/transfer_attack_similarity_scores_all12_lambda020_limit1000.csv,ArcFace,SI_NI_FGSM,vanilla,-0.0255933180451393,ArcFace_SI_NI_FGSM_adv
4,GhostFaceNet,/content/face_module/dataset_extractedfaces/vggface2_pairs/n000008_0256_01.jpg,/content/face_module/dataset_extractedfaces/vggface2_pairs/n000008_0348_01.jpg,vggface2_pairs,dodging_attack,/home/nadmin/Desktop/updatedattack/results/Ghostfacenet/transfer_attack_similarity_scores_all12_lambda020_limit1000.csv,ArcFace,TI_FGSM,vanilla,0.0346074365079402,ArcFace_TI_FGSM_adv
4,GhostFaceNet,/content/face_module/dataset_extractedfaces/vggface2_pairs/n000008_0256_01.jpg,/content/face_module/dataset_extractedfaces/vggface2_pairs/n000008_0348_01.jpg,vggface2_pairs,dodging_attack,/home/nadmin/Desktop/updatedattack/results/Ghostfacenet/transfer_attack_similarity_scores_all12_lambda020_limit1000.csv,ArcFace,clean,clean,0.017865490168333,ArcFace_clean
4,GhostFaceNet,/content/face_module/dataset_extractedfaces/vggface2_pairs/n000008_0256_01.jpg,/content/face_module/dataset_extractedfaces/vggface2_pairs/n000008_0348_01.jpg,vggface2_pairs,dodging_attack,/home/nadmin/Desktop/updatedattack/results/Ghostfacenet/transfer_attack_similarity_scores_all12_lambda020_limit1000.csv,Facenet512,MI_ADMIX_DI_TI,vanilla,0.5440194606781006,Facenet512_MI_ADMIX_DI_TI_adv
4,GhostFaceNet,/content/face_module/dataset_extractedfaces/vggface2_pairs/n000008_0256_01.jpg,/content/face_module/dataset_extractedfaces/vggface2_pairs/n000008_0348_01.jpg,vggface2_pairs,dodging_attack,/home/nadmin/Desktop/updatedattack/results/Ghostfacenet/transfer_attack_similarity_scores_all12_lambda020_limit1000.csv,Facenet512,MI_FGSM,vanilla,0.5577383637428284,Facenet512_MI_FGSM_adv
4,GhostFaceNet,/content/face_module/dataset_extractedfaces/vggface2_pairs/n000008_0256_01.jpg,/content/face_module/dataset_extractedfaces/vggface2_pairs/n000008_0348_01.jpg,vggface2_pairs,dodging_attack,/home/nadmin/Desktop/updatedattack/results/Ghostfacenet/transfer_attack_similarity_scores_all12_lambda020_limit1000.csv,Facenet512,PGD,vanilla,0.5293536186218262,Facenet512_PGD_adv
4,GhostFaceNet,/content/face_module/dataset_extractedfaces/vggface2_pairs/n000008_0256_01.jpg,/content/face_module/dataset_extractedfaces/vggface2_pairs/n000008_0348_01.jpg,vggface2_pairs,dodging_attack,/home/nadmin/Desktop/updatedattack/results/Ghostfacenet/transfer_attack_similarity_scores_all12_lambda020_limit1000.csv,Facenet512,SI_NI_FGSM,vanilla,0.471468061208725,Facenet512_SI_NI_FGSM_adv
4,GhostFaceNet,/content/face_module/dataset_extractedfaces/vggface2_pairs/n000008_0256_01.jpg,/content/face_module/dataset_extractedfaces/vggface2_pairs/n000008_0348_01.jpg,vggface2_pairs,dodging_attack,/home/nadmin/Desktop/updatedattack/results/Ghostfacenet/transfer_attack_similarity_scores_all12_lambda020_limit1000.csv,Facenet512,TI_FGSM,vanilla,0.5195011496543884,Facenet512_TI_FGSM_adv
4,GhostFaceNet,/content/face_module/dataset_extractedfaces/vggface2_pairs/n000008_0256_01.jpg,/content/face_module/dataset_extractedfaces/vggface2_pairs/n000008_0348_01.jpg,vggface2_pairs,dodging_attack,/home/nadmin/Desktop/updatedattack/results/Ghostfacenet/transfer_attack_similarity_scores_all12_lambda020_limit1000.csv,Facenet512,clean,clean,0.52094566822052,Facenet512_clean
4,GhostFaceNet,/content/face_module/dataset_extractedfaces/vggface2_pairs/n000008_0256_01.jpg,/content/face_module/dataset_extractedfaces/vggface2_pairs/n000008_0348_01.jpg,vggface2_pairs,dodging_attack,/home/nadmin/Desktop/updatedattack/results/Ghostfacenet/transfer_attack_similarity_scores_all12_lambda020_limit1000.csv,GhostFaceNet,clean,clean,0.0382209010422229,GhostFaceNet_clean
4,GhostFaceNet,/content/face_module/dataset_extractedfaces/vggface2_pairs/n000008_0256_01.jpg,/content/face_module/dataset_extractedfaces/vggface2_pairs/n000008_0348_01.jpg,vggface2_pairs,dodging_attack,/home/nadmin/Desktop/updatedattack/results/Ghostfacenet/transfer_attack_similarity_scores_all12_lambda020_limit1000.csv,IR152,MI_ADMIX_DI_TI,vanilla,0.1977512836456298,IR152_MI_ADMIX_DI_TI_adv
4,GhostFaceNet,/content/face_module/dataset_extractedfaces/vggface2_pairs/n000008_0256_01.jpg,/content/face_module/dataset_extractedfaces/vggface2_pairs/n000008_0348_01.jpg,vggface2_pairs,dodging_attack,/home/nadmin/Desktop/updatedattack/results/Ghostfacenet/transfer_attack_similarity_scores_all12_lambda020_limit1000.csv,IR152,MI_FGSM,vanilla,0.2485775798559188,IR152_MI_FGSM_adv
4,GhostFaceNet,/content/face_module/dataset_extractedfaces/vggface2_pairs/n000008_0256_01.jpg,/content/face_module/dataset_extractedfaces/vggface2_pairs/n000008_0348_01.jpg,vggface2_pairs,dodging_attack,/home/nadmin/Desktop/updatedattack/results/Ghostfacenet/transfer_attack_similarity_scores_all12_lambda020_limit1000.csv,IR152,PGD,vanilla,0.2621516585350036,IR152_PGD_adv
4,GhostFaceNet,/content/face_module/dataset_extractedfaces/vggface2_pairs/n000008_0256_01.jpg,/content/face_module/dataset_extractedfaces/vggface2_pairs/n000008_0348_01.jpg,vggface2_pairs,dodging_attack,/home/nadmin/Desktop/updatedattack/results/Ghostfacenet/transfer_attack_similarity_scores_all12_lambda020_limit1000.csv,IR152,SI_NI_FGSM,vanilla,0.2512556612491607,IR152_SI_NI_FGSM_adv
4,GhostFaceNet,/content/face_module/dataset_extractedfaces/vggface2_pairs/n000008_0256_01.jpg,/content/face_module/dataset_extractedfaces/vggface2_pairs/n000008_0348_01.jpg,vggface2_pairs,dodging_attack,/home/nadmin/Desktop/updatedattack/results/Ghostfacenet/transfer_attack_similarity_scores_all12_lambda020_limit1000.csv,IR152,TI_FGSM,vanilla,0.1704635620117187,IR152_TI_FGSM_adv
4,GhostFaceNet,/content/face_module/dataset_extractedfaces/vggface2_pairs/n000008_0256_01.jpg,/content/face_module/dataset_extractedfaces/vggface2_pairs/n000008_0348_01.jpg,vggface2_pairs,dodging_attack,/home/nadmin/Desktop/updatedattack/results/Ghostfacenet/transfer_attack_similarity_scores_all12_lambda020_limit1000.csv,IR152,clean,clean,0.3233869671821594,IR152_clean
4,GhostFaceNet,/content/face_module/dataset_extractedfaces/vggface2_pairs/n000008_0256_01.jpg,/content/face_module/dataset_extractedfaces/vggface2_pairs/n000008_0348_01.jpg,vggface2_pairs,dodging_attack,/home/nadmin/Desktop/updatedattack/results/Ghostfacenet/transfer_attack_similarity_scores_all12_lambda020_limit1000.csv,VGG-Face,MI_ADMIX_DI_TI,vanilla,0.1979835480451584,VGG-Face_MI_ADMIX_DI_TI_adv
4,GhostFaceNet,/content/face_module/dataset_extractedfaces/vggface2_pairs/n000008_0256_01.jpg,/content/face_module/dataset_extractedfaces/vggface2_pairs/n000008_0348_01.jpg,vggface2_pairs,dodging_attack,/home/nadmin/Desktop/updatedattack/results/Ghostfacenet/transfer_attack_similarity_scores_all12_lambda020_limit1000.csv,VGG-Face,MI_FGSM,vanilla,0.1924506723880767,VGG-Face_MI_FGSM_adv
4,GhostFaceNet,/content/face_module/dataset_extractedfaces/vggface2_pairs/n000008_0256_01.jpg,/content/face_module/dataset_extractedfaces/vggface2_pairs/n000008_0348_01.jpg,vggface2_pairs,dodging_attack,/home/nadmin/Desktop/updatedattack/results/Ghostfacenet/transfer_attack_similarity_scores_all12_lambda020_limit1000.csv,VGG-Face,PGD,vanilla,0.1964381635189056,VGG-Face_PGD_adv
4,GhostFaceNet,/content/face_module/dataset_extractedfaces/vggface2_pairs/n000008_0256_01.jpg,/content/face_module/dataset_extractedfaces/vggface2_pairs/n000008_0348_01.jpg,vggface2_pairs,dodging_attack,/home/nadmin/Desktop/updatedattack/results/Ghostfacenet/transfer_attack_similarity_scores_all12_lambda020_limit1000.csv,VGG-Face,SI_NI_FGSM,vanilla,0.1682667434215545,VGG-Face_SI_NI_FGSM_adv
4,GhostFaceNet,/content/face_module/dataset_extractedfaces/vggface2_pairs/n000008_0256_01.jpg,/content/face_module/dataset_extractedfaces/vggface2_pairs/n000008_0348_01.jpg,vggface2_pairs,dodging_attack,/home/nadmin/Desktop/updatedattack/results/Ghostfacenet/transfer_attack_similarity_scores_all12_lambda020_limit1000.csv,VGG-Face,TI_FGSM,vanilla,0.1963572800159454,VGG-Face_TI_FGSM_adv
4,GhostFaceNet,/content/face_module/dataset_extractedfaces/vggface2_pairs/n000008_0256_01.jpg,/content/face_module/dataset_extractedfaces/vggface2_pairs/n000008_0348_01.jpg,vggface2_pairs,dodging_attack,/home/nadmin/Desktop/updatedattack/results/Ghostfacenet/transfer_attack_similarity_scores_all12_lambda020_limit1000.csv,VGG-Face,clean,clean,0.1985628455877304,VGG-Face_clean
5,GhostFaceNet,/content/face_module/dataset_extractedfaces/vggface2_pairs/n000004_0204_01.jpg,/content/face_module/dataset_extractedfaces/vggface2_pairs/n000002_0070_01.jpg,vggface2_pairs,impersonation_attack,/home/nadmin/Desktop/updatedattack/results/Ghostfacenet/transfer_attack_similarity_scores_all12_lambda020_limit1000.csv,ArcFace,MI_ADMIX_DI_TI,vanilla,0.0294268652796745,ArcFace_MI_ADMIX_DI_TI_adv
5,GhostFaceNet,/content/face_module/dataset_extractedfaces/vggface2_pairs/n000004_0204_01.jpg,/content/face_module/dataset_extractedfaces/vggface2_pairs/n000002_0070_01.jpg,vggface2_pairs,impersonation_attack,/home/nadmin/Desktop/updatedattack/results/Ghostfacenet/transfer_attack_similarity_scores_all12_lambda020_limit1000.csv,ArcFace,MI_FGSM,vanilla,0.0518865212798118,ArcFace_MI_FGSM_adv
5,GhostFaceNet,/content/face_module/dataset_extractedfaces/vggface2_pairs/n000004_0204_01.jpg,/content/face_module/dataset_extractedfaces/vggface2_pairs/n000002_0070_01.jpg,vggface2_pairs,impersonation_attack,/home/nadmin/Desktop/updatedattack/results/Ghostfacenet/transfer_attack_similarity_scores_all12_lambda020_limit1000.csv,ArcFace,PGD,vanilla,0.0808134377002716,ArcFace_PGD_adv
5,GhostFaceNet,/content/face_module/dataset_extractedfaces/vggface2_pairs/n000004_0204_01.jpg,/content/face_module/dataset_extractedfaces/vggface2_pairs/n000002_0070_01.jpg,vggface2_pairs,impersonation_attack,/home/nadmin/Desktop/updatedattack/results/Ghostfacenet/transfer_attack_similarity_scores_all12_lambda020_limit1000.csv,ArcFace,SI_NI_FGSM,vanilla,0.1137039214372634,ArcFace_SI_NI_FGSM_adv
5,GhostFaceNet,/content/face_module/dataset_extractedfaces/vggface2_pairs/n000004_0204_01.jpg,/content/face_module/dataset_extractedfaces/vggface2_pairs/n000002_0070_01.jpg,vggface2_pairs,impersonation_attack,/home/nadmin/Desktop/updatedattack/results/Ghostfacenet/transfer_attack_similarity_scores_all12_lambda020_limit1000.csv,ArcFace,TI_FGSM,vanilla,0.0271685607731342,ArcFace_TI_FGSM_adv
5,GhostFaceNet,/content/face_module/dataset_extractedfaces/vggface2_pairs/n000004_0204_01.jpg,/content/face_module/dataset_extractedfaces/vggface2_pairs/n000002_0070_01.jpg,vggface2_pairs,impersonation_attack,/home/nadmin/Desktop/updatedattack/results/Ghostfacenet/transfer_attack_similarity_scores_all12_lambda020_limit1000.csv,ArcFace,clean,clean,0.0034883907064795,ArcFace_clean
5,GhostFaceNet,/content/face_module/dataset_extractedfaces/vggface2_pairs/n000004_0204_01.jpg,/content/face_module/dataset_extractedfaces/vggface2_pairs/n000002_0070_01.jpg,vggface2_pairs,impersonation_attack,/home/nadmin/Desktop/updatedattack/results/Ghostfacenet/transfer_attack_similarity_scores_all12_lambda020_limit1000.csv,Facenet512,MI_ADMIX_DI_TI,vanilla,0.0163630098104476,Facenet512_MI_ADMIX_DI_TI_adv
5,GhostFaceNet,/content/face_module/dataset_extractedfaces/vggface2_pairs/n000004_0204_01.jpg,/content/face_module/dataset_extractedfaces/vggface2_pairs/n000002_0070_01.jpg,vggface2_pairs,impersonation_attack,/home/nadmin/Desktop/updatedattack/results/Ghostfacenet/transfer_attack_similarity_scores_all12_lambda020_limit1000.csv,Facenet512,MI_FGSM,vanilla,-0.025056229904294,Facenet512_MI_FGSM_adv
5,GhostFaceNet,/content/face_module/dataset_extractedfaces/vggface2_pairs/n000004_0204_01.jpg,/content/face_module/dataset_extractedfaces/vggface2_pairs/n000002_0070_01.jpg,vggface2_pairs,impersonation_attack,/home/nadmin/Desktop/updatedattack/results/Ghostfacenet/transfer_attack_similarity_scores_all12_lambda020_limit1000.csv,Facenet512,PGD,vanilla,-0.0605012699961662,Facenet512_PGD_adv
5,GhostFaceNet,/content/face_module/dataset_extractedfaces/vggface2_pairs/n000004_0204_01.jpg,/content/face_module/dataset_extractedfaces/vggface2_pairs/n000002_0070_01.jpg,vggface2_pairs,impersonation_attack,/home/nadmin/Desktop/updatedattack/results/Ghostfacenet/transfer_attack_similarity_scores_all12_lambda020_limit1000.csv,Facenet512,SI_NI_FGSM,vanilla,0.017964381724596,Facenet512_SI_NI_FGSM_adv
5,GhostFaceNet,/content/face_module/dataset_extractedfaces/vggface2_pairs/n000004_0204_01.jpg,/content/face_module/dataset_extractedfaces/vggface2_pairs/n000002_0070_01.jpg,vggface2_pairs,impersonation_attack,/home/nadmin/Desktop/updatedattack/results/Ghostfacenet/transfer_attack_similarity_scores_all12_lambda020_limit1000.csv,Facenet512,TI_FGSM,vanilla,-0.0280751734972,Facenet512_TI_FGSM_adv
5,GhostFaceNet,/content/face_module/dataset_extractedfaces/vggface2_pairs/n000004_0204_01.jpg,/content/face_module/dataset_extractedfaces/vggface2_pairs/n000002_0070_01.jpg,vggface2_pairs,impersonation_attack,/home/nadmin/Desktop/updatedattack/results/Ghostfacenet/transfer_attack_similarity_scores_all12_lambda020_limit1000.csv,Facenet512,clean,clean,-0.0816236436367034,Facenet512_clean
5,GhostFaceNet,/content/face_module/dataset_extractedfaces/vggface2_pairs/n000004_0204_01.jpg,/content/face_module/dataset_extractedfaces/vggface2_pairs/n000002_0070_01.jpg,vggface2_pairs,impersonation_attack,/home/nadmin/Desktop/updatedattack/results/Ghostfacenet/transfer_attack_similarity_scores_all12_lambda020_limit1000.csv,GhostFaceNet,clean,clean,0.1116373091936111,GhostFaceNet_clean
5,GhostFaceNet,/content/face_module/dataset_extractedfaces/vggface2_pairs/n000004_0204_01.jpg,/content/face_module/dataset_extractedfaces/vggface2_pairs/n000002_0070_01.jpg,vggface2_pairs,impersonation_attack,/home/nadmin/Desktop/updatedattack/results/Ghostfacenet/transfer_attack_similarity_scores_all12_lambda020_limit1000.csv,IR152,MI_ADMIX_DI_TI,vanilla,0.1036194562911987,IR152_MI_ADMIX_DI_TI_adv
5,GhostFaceNet,/content/face_module/dataset_extractedfaces/vggface2_pairs/n000004_0204_01.jpg,/content/face_module/dataset_extractedfaces/vggface2_pairs/n000002_0070_01.jpg,vggface2_pairs,impersonation_attack,/home/nadmin/Desktop/updatedattack/results/Ghostfacenet/transfer_attack_similarity_scores_all12_lambda020_limit1000.csv,IR152,MI_FGSM,vanilla,0.1348474025726318,IR152_MI_FGSM_adv
5,GhostFaceNet,/content/face_module/dataset_extractedfaces/vggface2_pairs/n000004_0204_01.jpg,/content/face_module/dataset_extractedfaces/vggface2_pairs/n000002_0070_01.jpg,vggface2_pairs,impersonation_attack,/home/nadmin/Desktop/updatedattack/results/Ghostfacenet/transfer_attack_similarity_scores_all12_lambda020_limit1000.csv,IR152,PGD,vanilla,0.0754909142851829,IR152_PGD_adv
5,GhostFaceNet,/content/face_module/dataset_extractedfaces/vggface2_pairs/n000004_0204_01.jpg,/content/face_module/dataset_extractedfaces/vggface2_pairs/n000002_0070_01.jpg,vggface2_pairs,impersonation_attack,/home/nadmin/Desktop/updatedattack/results/Ghostfacenet/transfer_attack_similarity_scores_all12_lambda020_limit1000.csv,IR152,SI_NI_FGSM,vanilla,0.1647780388593673,IR152_SI_NI_FGSM_adv
5,GhostFaceNet,/content/face_module/dataset_extractedfaces/vggface2_pairs/n000004_0204_01.jpg,/content/face_module/dataset_extractedfaces/vggface2_pairs/n000002_0070_01.jpg,vggface2_pairs,impersonation_attack,/home/nadmin/Desktop/updatedattack/results/Ghostfacenet/transfer_attack_similarity_scores_all12_lambda020_limit1000.csv,IR152,TI_FGSM,vanilla,0.0812675505876541,IR152_TI_FGSM_adv
5,GhostFaceNet,/content/face_module/dataset_extractedfaces/vggface2_pairs/n000004_0204_01.jpg,/content/face_module/dataset_extractedfaces/vggface2_pairs/n000002_0070_01.jpg,vggface2_pairs,impersonation_attack,/home/nadmin/Desktop/updatedattack/results/Ghostfacenet/transfer_attack_similarity_scores_all12_lambda020_limit1000.csv,IR152,clean,clean,-0.0258321724832057,IR152_clean
5,GhostFaceNet,/content/face_module/dataset_extractedfaces/vggface2_pairs/n000004_0204_01.jpg,/content/face_module/dataset_extractedfaces/vggface2_pairs/n000002_0070_01.jpg,vggface2_pairs,impersonation_attack,/home/nadmin/Desktop/updatedattack/results/Ghostfacenet/transfer_attack_similarity_scores_all12_lambda020_limit1000.csv,VGG-Face,MI_ADMIX_DI_TI,vanilla,0.0882032513618469,VGG-Face_MI_ADMIX_DI_TI_adv
5,GhostFaceNet,/content/face_module/dataset_extractedfaces/vggface2_pairs/n000004_0204_01.jpg,/content/face_module/dataset_extractedfaces/vggface2_pairs/n000002_0070_01.jpg,vggface2_pairs,impersonation_attack,/home/nadmin/Desktop/updatedattack/results/Ghostfacenet/transfer_attack_similarity_scores_all12_lambda020_limit1000.csv,VGG-Face,MI_FGSM,vanilla,0.0863197371363639,VGG-Face_MI_FGSM_adv
5,GhostFaceNet,/content/face_module/dataset_extractedfaces/vggface2_pairs/n000004_0204_01.jpg,/content/face_module/dataset_extractedfaces/vggface2_pairs/n000002_0070_01.jpg,vggface2_pairs,impersonation_attack,/home/nadmin/Desktop/updatedattack/results/Ghostfacenet/transfer_attack_similarity_scores_all12_lambda020_limit1000.csv,VGG-Face,PGD,vanilla,0.0662847906351089,VGG-Face_PGD_adv
5,GhostFaceNet,/content/face_module/dataset_extractedfaces/vggface2_pairs/n000004_0204_01.jpg,/content/face_module/dataset_extractedfaces/vggface2_pairs/n000002_0070_01.jpg,vggface2_pairs,impersonation_attack,/home/nadmin/Desktop/updatedattack/results/Ghostfacenet/transfer_attack_similarity_scores_all12_lambda020_limit1000.csv,VGG-Face,SI_NI_FGSM,vanilla,0.1111903339624404,VGG-Face_SI_NI_FGSM_adv
5,GhostFaceNet,/content/face_module/dataset_extractedfaces/vggface2_pairs/n000004_0204_01.jpg,/content/face_module/dataset_extractedfaces/vggface2_pairs/n000002_0070_01.jpg,vggface2_pairs,impersonation_attack,/home/nadmin/Desktop/updatedattack/results/Ghostfacenet/transfer_attack_similarity_scores_all12_lambda020_limit1000.csv,VGG-Face,TI_FGSM,vanilla,0.0729118436574935,VGG-Face_TI_FGSM_adv
5,GhostFaceNet,/content/face_module/dataset_extractedfaces/vggface2_pairs/n000004_0204_01.jpg,/content/face_module/dataset_extractedfaces/vggface2_pairs/n000002_0070_01.jpg,vggface2_pairs,impersonation_attack,/home/nadmin/Desktop/updatedattack/results/Ghostfacenet/transfer_attack_similarity_scores_all12_lambda020_limit1000.csv,VGG-Face,clean,clean,0.0456396713852882,VGG-Face_clean
6,GhostFaceNet,/content/face_module/dataset_extractedfaces/lfw_pairs/Luiz Inacio Lula da Silva_7.jpg,/content/face_module/dataset_extractedfaces/lfw_pairs/Luiz Inacio Lula da Silva_8.jpg,lfw_pairs,dodging_attack,/home/nadmin/Desktop/updatedattack/results/Ghostfacenet/transfer_attack_similarity_scores_all12_lambda020_limit1000.csv,ArcFace,MI_ADMIX_DI_TI,vanilla,0.6883339881896973,ArcFace_MI_ADMIX_DI_TI_adv
6,GhostFaceNet,/content/face_module/dataset_extractedfaces/lfw_pairs/Luiz Inacio Lula da Silva_7.jpg,/content/face_module/dataset_extractedfaces/lfw_pairs/Luiz Inacio Lula da Silva_8.jpg,lfw_pairs,dodging_attack,/home/nadmin/Desktop/updatedattack/results/Ghostfacenet/transfer_attack_similarity_scores_all12_lambda020_limit1000.csv,ArcFace,MI_FGSM,vanilla,0.7439262270927429,ArcFace_MI_FGSM_adv
6,GhostFaceNet,/content/face_module/dataset_extractedfaces/lfw_pairs/Luiz Inacio Lula da Silva_7.jpg,/content/face_module/dataset_extractedfaces/lfw_pairs/Luiz Inacio Lula da Silva_8.jpg,lfw_pairs,dodging_attack,/home/nadmin/Desktop/updatedattack/results/Ghostfacenet/transfer_attack_similarity_scores_all12_lambda020_limit1000.csv,ArcFace,PGD,vanilla,0.7553507089614868,ArcFace_PGD_adv
6,GhostFaceNet,/content/face_module/dataset_extractedfaces/lfw_pairs/Luiz Inacio Lula da Silva_7.jpg,/content/face_module/dataset_extractedfaces/lfw_pairs/Luiz Inacio Lula da Silva_8.jpg,lfw_pairs,dodging_attack,/home/nadmin/Desktop/updatedattack/results/Ghostfacenet/transfer_attack_similarity_scores_all12_lambda020_limit1000.csv,ArcFace,SI_NI_FGSM,vanilla,0.6295305490493774,ArcFace_SI_NI_FGSM_adv
6,GhostFaceNet,/content/face_module/dataset_extractedfaces/lfw_pairs/Luiz Inacio Lula da Silva_7.jpg,/content/face_module/dataset_extractedfaces/lfw_pairs/Luiz Inacio Lula da Silva_8.jpg,lfw_pairs,dodging_attack,/home/nadmin/Desktop/updatedattack/results/Ghostfacenet/transfer_attack_similarity_scores_all12_lambda020_limit1000.csv,ArcFace,TI_FGSM,vanilla,0.7326709032058716,ArcFace_TI_FGSM_adv
6,GhostFaceNet,/content/face_module/dataset_extractedfaces/lfw_pairs/Luiz Inacio Lula da Silva_7.jpg,/content/face_module/dataset_extractedfaces/lfw_pairs/Luiz Inacio Lula da Silva_8.jpg,lfw_pairs,dodging_attack,/home/nadmin/Desktop/updatedattack/results/Ghostfacenet/transfer_attack_similarity_scores_all12_lambda020_limit1000.csv,ArcFace,clean,clean,0.7488540410995483,ArcFace_clean
6,GhostFaceNet,/content/face_module/dataset_extractedfaces/lfw_pairs/Luiz Inacio Lula da Silva_7.jpg,/content/face_module/dataset_extractedfaces/lfw_pairs/Luiz Inacio Lula da Silva_8.jpg,lfw_pairs,dodging_attack,/home/nadmin/Desktop/updatedattack/results/Ghostfacenet/transfer_attack_similarity_scores_all12_lambda020_limit1000.csv,Facenet512,MI_ADMIX_DI_TI,vanilla,0.7002813816070557,Facenet512_MI_ADMIX_DI_TI_adv
6,GhostFaceNet,/content/face_module/dataset_extractedfaces/lfw_pairs/Luiz Inacio Lula da Silva_7.jpg,/content/face_module/dataset_extractedfaces/lfw_pairs/Luiz Inacio Lula da Silva_8.jpg,lfw_pairs,dodging_attack,/home/nadmin/Desktop/updatedattack/results/Ghostfacenet/transfer_attack_similarity_scores_all12_lambda020_limit1000.csv,Facenet512,MI_FGSM,vanilla,0.6872225999832153,Facenet512_MI_FGSM_adv
6,GhostFaceNet,/content/face_module/dataset_extractedfaces/lfw_pairs/Luiz Inacio Lula da Silva_7.jpg,/content/face_module/dataset_extractedfaces/lfw_pairs/Luiz Inacio Lula da Silva_8.jpg,lfw_pairs,dodging_attack,/home/nadmin/Desktop/updatedattack/results/Ghostfacenet/transfer_attack_similarity_scores_all12_lambda020_limit1000.csv,Facenet512,PGD,vanilla,0.7210524082183838,Facenet512_PGD_adv
6,GhostFaceNet,/content/face_module/dataset_extractedfaces/lfw_pairs/Luiz Inacio Lula da Silva_7.jpg,/content/face_module/dataset_extractedfaces/lfw_pairs/Luiz Inacio Lula da Silva_8.jpg,lfw_pairs,dodging_attack,/home/nadmin/Desktop/updatedattack/results/Ghostfacenet/transfer_attack_similarity_scores_all12_lambda020_limit1000.csv,Facenet512,SI_NI_FGSM,vanilla,0.569985032081604,Facenet512_SI_NI_FGSM_adv
6,GhostFaceNet,/content/face_module/dataset_extractedfaces/lfw_pairs/Luiz Inacio Lula da Silva_7.jpg,/content/face_module/dataset_extractedfaces/lfw_pairs/Luiz Inacio Lula da Silva_8.jpg,lfw_pairs,dodging_attack,/home/nadmin/Desktop/updatedattack/results/Ghostfacenet/transfer_attack_similarity_scores_all12_lambda020_limit1000.csv,Facenet512,TI_FGSM,vanilla,0.7072133421897888,Facenet512_TI_FGSM_adv
6,GhostFaceNet,/content/face_module/dataset_extractedfaces/lfw_pairs/Luiz Inacio Lula da Silva_7.jpg,/content/face_module/dataset_extractedfaces/lfw_pairs/Luiz Inacio Lula da Silva_8.jpg,lfw_pairs,dodging_attack,/home/nadmin/Desktop/updatedattack/results/Ghostfacenet/transfer_attack_similarity_scores_all12_lambda020_limit1000.csv,Facenet512,clean,clean,0.7516776323318481,Facenet512_clean
6,GhostFaceNet,/content/face_module/dataset_extractedfaces/lfw_pairs/Luiz Inacio Lula da Silva_7.jpg,/content/face_module/dataset_extractedfaces/lfw_pairs/Luiz Inacio Lula da Silva_8.jpg,lfw_pairs,dodging_attack,/home/nadmin/Desktop/updatedattack/results/Ghostfacenet/transfer_attack_similarity_scores_all12_lambda020_limit1000.csv,GhostFaceNet,clean,clean,0.5260540843009949,GhostFaceNet_clean
6,GhostFaceNet,/content/face_module/dataset_extractedfaces/lfw_pairs/Luiz Inacio Lula da Silva_7.jpg,/content/face_module/dataset_extractedfaces/lfw_pairs/Luiz Inacio Lula da Silva_8.jpg,lfw_pairs,dodging_attack,/home/nadmin/Desktop/updatedattack/results/Ghostfacenet/transfer_attack_similarity_scores_all12_lambda020_limit1000.csv,IR152,MI_ADMIX_DI_TI,vanilla,0.3539255261421203,IR152_MI_ADMIX_DI_TI_adv
6,GhostFaceNet,/content/face_module/dataset_extractedfaces/lfw_pairs/Luiz Inacio Lula da Silva_7.jpg,/content/face_module/dataset_extractedfaces/lfw_pairs/Luiz Inacio Lula da Silva_8.jpg,lfw_pairs,dodging_attack,/home/nadmin/Desktop/updatedattack/results/Ghostfacenet/transfer_attack_similarity_scores_all12_lambda020_limit1000.csv,IR152,MI_FGSM,vanilla,0.5152190923690796,IR152_MI_FGSM_adv
6,GhostFaceNet,/content/face_module/dataset_extractedfaces/lfw_pairs/Luiz Inacio Lula da Silva_7.jpg,/content/face_module/dataset_extractedfaces/lfw_pairs/Luiz Inacio Lula da Silva_8.jpg,lfw_pairs,dodging_attack,/home/nadmin/Desktop/updatedattack/results/Ghostfacenet/transfer_attack_similarity_scores_all12_lambda020_limit1000.csv,IR152,PGD,vanilla,0.4937367439270019,IR152_PGD_adv
6,GhostFaceNet,/content/face_module/dataset_extractedfaces/lfw_pairs/Luiz Inacio Lula da Silva_7.jpg,/content/face_module/dataset_extractedfaces/lfw_pairs/Luiz Inacio Lula da Silva_8.jpg,lfw_pairs,dodging_attack,/home/nadmin/Desktop/updatedattack/results/Ghostfacenet/transfer_attack_similarity_scores_all12_lambda020_limit1000.csv,IR152,SI_NI_FGSM,vanilla,0.373974859714508,IR152_SI_NI_FGSM_adv
6,GhostFaceNet,/content/face_module/dataset_extractedfaces/lfw_pairs/Luiz Inacio Lula da Silva_7.jpg,/content/face_module/dataset_extractedfaces/lfw_pairs/Luiz Inacio Lula da Silva_8.jpg,lfw_pairs,dodging_attack,/home/nadmin/Desktop/updatedattack/results/Ghostfacenet/transfer_attack_similarity_scores_all12_lambda020_limit1000.csv,IR152,TI_FGSM,vanilla,0.3538667261600494,IR152_TI_FGSM_adv
6,GhostFaceNet,/content/face_module/dataset_extractedfaces/lfw_pairs/Luiz Inacio Lula da Silva_7.jpg,/content/face_module/dataset_extractedfaces/lfw_pairs/Luiz Inacio Lula da Silva_8.jpg,lfw_pairs,dodging_attack,/home/nadmin/Desktop/updatedattack/results/Ghostfacenet/transfer_attack_similarity_scores_all12_lambda020_limit1000.csv,IR152,clean,clean,0.4096410870552063,IR152_clean
6,GhostFaceNet,/content/face_module/dataset_extractedfaces/lfw_pairs/Luiz Inacio Lula da Silva_7.jpg,/content/face_module/dataset_extractedfaces/lfw_pairs/Luiz Inacio Lula da Silva_8.jpg,lfw_pairs,dodging_attack,/home/nadmin/Desktop/updatedattack/results/Ghostfacenet/transfer_attack_similarity_scores_all12_lambda020_limit1000.csv,VGG-Face,MI_ADMIX_DI_TI,vanilla,0.4963277578353882,VGG-Face_MI_ADMIX_DI_TI_adv
6,GhostFaceNet,/content/face_module/dataset_extractedfaces/lfw_pairs/Luiz Inacio Lula da Silva_7.jpg,/content/face_module/dataset_extractedfaces/lfw_pairs/Luiz Inacio Lula da Silva_8.jpg,lfw_pairs,dodging_attack,/home/nadmin/Desktop/updatedattack/results/Ghostfacenet/transfer_attack_similarity_scores_all12_lambda020_limit1000.csv,VGG-Face,MI_FGSM,vanilla,0.5659085512161255,VGG-Face_MI_FGSM_adv
6,GhostFaceNet,/content/face_module/dataset_extractedfaces/lfw_pairs/Luiz Inacio Lula da Silva_7.jpg,/content/face_module/dataset_extractedfaces/lfw_pairs/Luiz Inacio Lula da Silva_8.jpg,lfw_pairs,dodging_attack,/home/nadmin/Desktop/updatedattack/results/Ghostfacenet/transfer_attack_similarity_scores_all12_lambda020_limit1000.csv,VGG-Face,PGD,vanilla,0.5664855241775513,VGG-Face_PGD_adv
6,GhostFaceNet,/content/face_module/dataset_extractedfaces/lfw_pairs/Luiz Inacio Lula da Silva_7.jpg,/content/face_module/dataset_extractedfaces/lfw_pairs/Luiz Inacio Lula da Silva_8.jpg,lfw_pairs,dodging_attack,/home/nadmin/Desktop/updatedattack/results/Ghostfacenet/transfer_attack_similarity_scores_all12_lambda020_limit1000.csv,VGG-Face,SI_NI_FGSM,vanilla,0.5147596001625061,VGG-Face_SI_NI_FGSM_adv
6,GhostFaceNet,/content/face_module/dataset_extractedfaces/lfw_pairs/Luiz Inacio Lula da Silva_7.jpg,/content/face_module/dataset_extractedfaces/lfw_pairs/Luiz Inacio Lula da Silva_8.jpg,lfw_pairs,dodging_attack,/home/nadmin/Desktop/updatedattack/results/Ghostfacenet/transfer_attack_similarity_scores_all12_lambda020_limit1000.csv,VGG-Face,TI_FGSM,vanilla,0.5186004638671875,VGG-Face_TI_FGSM_adv
6,GhostFaceNet,/content/face_module/dataset_extractedfaces/lfw_pairs/Luiz Inacio Lula da Silva_7.jpg,/content/face_module/dataset_extractedfaces/lfw_pairs/Luiz Inacio Lula da Silva_8.jpg,lfw_pairs,dodging_attack,/home/nadmin/Desktop/updatedattack/results/Ghostfacenet/transfer_attack_similarity_scores_all12_lambda020_limit1000.csv,VGG-Face,clean,clean,0.5950594544410706,VGG-Face_clean
7,GhostFaceNet,/content/face_module/dataset_extractedfaces/vggface2_pairs/n000010_0058_01.jpg,/content/face_module/dataset_extractedfaces/vggface2_pairs/n000010_0081_01.jpg,vggface2_pairs,dodging_attack,/home/nadmin/Desktop/updatedattack/results/Ghostfacenet/transfer_attack_similarity_scores_all12_lambda020_limit1000.csv,ArcFace,MI_ADMIX_DI_TI,vanilla,0.4739692211151123,ArcFace_MI_ADMIX_DI_TI_adv
7,GhostFaceNet,/content/face_module/dataset_extractedfaces/vggface2_pairs/n000010_0058_01.jpg,/content/face_module/dataset_extractedfaces/vggface2_pairs/n000010_0081_01.jpg,vggface2_pairs,dodging_attack,/home/nadmin/Desktop/updatedattack/results/Ghostfacenet/transfer_attack_similarity_scores_all12_lambda020_limit1000.csv,ArcFace,MI_FGSM,vanilla,0.4193815290927887,ArcFace_MI_FGSM_adv
7,GhostFaceNet,/content/face_module/dataset_extractedfaces/vggface2_pairs/n000010_0058_01.jpg,/content/face_module/dataset_extractedfaces/vggface2_pairs/n000010_0081_01.jpg,vggface2_pairs,dodging_attack,/home/nadmin/Desktop/updatedattack/results/Ghostfacenet/transfer_attack_similarity_scores_all12_lambda020_limit1000.csv,ArcFace,PGD,vanilla,0.5263131260871887,ArcFace_PGD_adv
7,GhostFaceNet,/content/face_module/dataset_extractedfaces/vggface2_pairs/n000010_0058_01.jpg,/content/face_module/dataset_extractedfaces/vggface2_pairs/n000010_0081_01.jpg,vggface2_pairs,dodging_attack,/home/nadmin/Desktop/updatedattack/results/Ghostfacenet/transfer_attack_similarity_scores_all12_lambda020_limit1000.csv,ArcFace,SI_NI_FGSM,vanilla,0.4319174587726593,ArcFace_SI_NI_FGSM_adv
7,GhostFaceNet,/content/face_module/dataset_extractedfaces/vggface2_pairs/n000010_0058_01.jpg,/content/face_module/dataset_extractedfaces/vggface2_pairs/n000010_0081_01.jpg,vggface2_pairs,dodging_attack,/home/nadmin/Desktop/updatedattack/results/Ghostfacenet/transfer_attack_similarity_scores_all12_lambda020_limit1000.csv,ArcFace,TI_FGSM,vanilla,0.5244420766830444,ArcFace_TI_FGSM_adv
7,GhostFaceNet,/content/face_module/dataset_extractedfaces/vggface2_pairs/n000010_0058_01.jpg,/content/face_module/dataset_extractedfaces/vggface2_pairs/n000010_0081_01.jpg,vggface2_pairs,dodging_attack,/home/nadmin/Desktop/updatedattack/results/Ghostfacenet/transfer_attack_similarity_scores_all12_lambda020_limit1000.csv,ArcFace,clean,clean,0.6302404403686523,ArcFace_clean
7,GhostFaceNet,/content/face_module/dataset_extractedfaces/vggface2_pairs/n000010_0058_01.jpg,/content/face_module/dataset_extractedfaces/vggface2_pairs/n000010_0081_01.jpg,vggface2_pairs,dodging_attack,/home/nadmin/Desktop/updatedattack/results/Ghostfacenet/transfer_attack_similarity_scores_all12_lambda020_limit1000.csv,Facenet512,MI_ADMIX_DI_TI,vanilla,0.5447550415992737,Facenet512_MI_ADMIX_DI_TI_adv
7,GhostFaceNet,/content/face_module/dataset_extractedfaces/vggface2_pairs/n000010_0058_01.jpg,/content/face_module/dataset_extractedfaces/vggface2_pairs/n000010_0081_01.jpg,vggface2_pairs,dodging_attack,/home/nadmin/Desktop/updatedattack/results/Ghostfacenet/transfer_attack_similarity_scores_all12_lambda020_limit1000.csv,Facenet512,MI_FGSM,vanilla,0.469108372926712,Facenet512_MI_FGSM_adv
7,GhostFaceNet,/content/face_module/dataset_extractedfaces/vggface2_pairs/n000010_0058_01.jpg,/content/face_module/dataset_extractedfaces/vggface2_pairs/n000010_0081_01.jpg,vggface2_pairs,dodging_attack,/home/nadmin/Desktop/updatedattack/results/Ghostfacenet/transfer_attack_similarity_scores_all12_lambda020_limit1000.csv,Facenet512,PGD,vanilla,0.5622057914733887,Facenet512_PGD_adv
7,GhostFaceNet,/content/face_module/dataset_extractedfaces/vggface2_pairs/n000010_0058_01.jpg,/content/face_module/dataset_extractedfaces/vggface2_pairs/n000010_0081_01.jpg,vggface2_pairs,dodging_attack,/home/nadmin/Desktop/updatedattack/results/Ghostfacenet/transfer_attack_similarity_scores_all12_lambda020_limit1000.csv,Facenet512,SI_NI_FGSM,vanilla,0.4083108603954315,Facenet512_SI_NI_FGSM_adv
7,GhostFaceNet,/content/face_module/dataset_extractedfaces/vggface2_pairs/n000010_0058_01.jpg,/content/face_module/dataset_extractedfaces/vggface2_pairs/n000010_0081_01.jpg,vggface2_pairs,dodging_attack,/home/nadmin/Desktop/updatedattack/results/Ghostfacenet/transfer_attack_similarity_scores_all12_lambda020_limit1000.csv,Facenet512,TI_FGSM,vanilla,0.5937103033065796,Facenet512_TI_FGSM_adv
7,GhostFaceNet,/content/face_module/dataset_extractedfaces/vggface2_pairs/n000010_0058_01.jpg,/content/face_module/dataset_extractedfaces/vggface2_pairs/n000010_0081_01.jpg,vggface2_pairs,dodging_attack,/home/nadmin/Desktop/updatedattack/results/Ghostfacenet/transfer_attack_similarity_scores_all12_lambda020_limit1000.csv,Facenet512,clean,clean,0.6818405389785767,Facenet512_clean
7,GhostFaceNet,/content/face_module/dataset_extractedfaces/vggface2_pairs/n000010_0058_01.jpg,/content/face_module/dataset_extractedfaces/vggface2_pairs/n000010_0081_01.jpg,vggface2_pairs,dodging_attack,/home/nadmin/Desktop/updatedattack/results/Ghostfacenet/transfer_attack_similarity_scores_all12_lambda020_limit1000.csv,GhostFaceNet,clean,clean,0.3731428980827331,GhostFaceNet_clean
7,GhostFaceNet,/content/face_module/dataset_extractedfaces/vggface2_pairs/n000010_0058_01.jpg,/content/face_module/dataset_extractedfaces/vggface2_pairs/n000010_0081_01.jpg,vggface2_pairs,dodging_attack,/home/nadmin/Desktop/updatedattack/results/Ghostfacenet/transfer_attack_similarity_scores_all12_lambda020_limit1000.csv,IR152,MI_ADMIX_DI_TI,vanilla,0.4096591472625732,IR152_MI_ADMIX_DI_TI_adv
7,GhostFaceNet,/content/face_module/dataset_extractedfaces/vggface2_pairs/n000010_0058_01.jpg,/content/face_module/dataset_extractedfaces/vggface2_pairs/n000010_0081_01.jpg,vggface2_pairs,dodging_attack,/home/nadmin/Desktop/updatedattack/results/Ghostfacenet/transfer_attack_similarity_scores_all12_lambda020_limit1000.csv,IR152,MI_FGSM,vanilla,0.4123221635818481,IR152_MI_FGSM_adv
7,GhostFaceNet,/content/face_module/dataset_extractedfaces/vggface2_pairs/n000010_0058_01.jpg,/content/face_module/dataset_extractedfaces/vggface2_pairs/n000010_0081_01.jpg,vggface2_pairs,dodging_attack,/home/nadmin/Desktop/updatedattack/results/Ghostfacenet/transfer_attack_similarity_scores_all12_lambda020_limit1000.csv,IR152,PGD,vanilla,0.5540223121643066,IR152_PGD_adv
7,GhostFaceNet,/content/face_module/dataset_extractedfaces/vggface2_pairs/n000010_0058_01.jpg,/content/face_module/dataset_extractedfaces/vggface2_pairs/n000010_0081_01.jpg,vggface2_pairs,dodging_attack,/home/nadmin/Desktop/updatedattack/results/Ghostfacenet/transfer_attack_similarity_scores_all12_lambda020_limit1000.csv,IR152,SI_NI_FGSM,vanilla,0.4022080898284912,IR152_SI_NI_FGSM_adv
7,GhostFaceNet,/content/face_module/dataset_extractedfaces/vggface2_pairs/n000010_0058_01.jpg,/content/face_module/dataset_extractedfaces/vggface2_pairs/n000010_0081_01.jpg,vggface2_pairs,dodging_attack,/home/nadmin/Desktop/updatedattack/results/Ghostfacenet/transfer_attack_similarity_scores_all12_lambda020_limit1000.csv,IR152,TI_FGSM,vanilla,0.3894444406032562,IR152_TI_FGSM_adv
7,GhostFaceNet,/content/face_module/dataset_extractedfaces/vggface2_pairs/n000010_0058_01.jpg,/content/face_module/dataset_extractedfaces/vggface2_pairs/n000010_0081_01.jpg,vggface2_pairs,dodging_attack,/home/nadmin/Desktop/updatedattack/results/Ghostfacenet/transfer_attack_similarity_scores_all12_lambda020_limit1000.csv,IR152,clean,clean,0.6537520885467529,IR152_clean
7,GhostFaceNet,/content/face_module/dataset_extractedfaces/vggface2_pairs/n000010_0058_01.jpg,/content/face_module/dataset_extractedfaces/vggface2_pairs/n000010_0081_01.jpg,vggface2_pairs,dodging_attack,/home/nadmin/Desktop/updatedattack/results/Ghostfacenet/transfer_attack_similarity_scores_all12_lambda020_limit1000.csv,VGG-Face,MI_ADMIX_DI_TI,vanilla,0.1855567395687103,VGG-Face_MI_ADMIX_DI_TI_adv
7,GhostFaceNet,/content/face_module/dataset_extractedfaces/vggface2_pairs/n000010_0058_01.jpg,/content/face_module/dataset_extractedfaces/vggface2_pairs/n000010_0081_01.jpg,vggface2_pairs,dodging_attack,/home/nadmin/Desktop/updatedattack/results/Ghostfacenet/transfer_attack_similarity_scores_all12_lambda020_limit1000.csv,VGG-Face,MI_FGSM,vanilla,0.2009201645851135,VGG-Face_MI_FGSM_adv
7,GhostFaceNet,/content/face_module/dataset_extractedfaces/vggface2_pairs/n000010_0058_01.jpg,/content/face_module/dataset_extractedfaces/vggface2_pairs/n000010_0081_01.jpg,vggface2_pairs,dodging_attack,/home/nadmin/Desktop/updatedattack/results/Ghostfacenet/transfer_attack_similarity_scores_all12_lambda020_limit1000.csv,VGG-Face,PGD,vanilla,0.2666894793510437,VGG-Face_PGD_adv
7,GhostFaceNet,/content/face_module/dataset_extractedfaces/vggface2_pairs/n000010_0058_01.jpg,/content/face_module/dataset_extractedfaces/vggface2_pairs/n000010_0081_01.jpg,vggface2_pairs,dodging_attack,/home/nadmin/Desktop/updatedattack/results/Ghostfacenet/transfer_attack_similarity_scores_all12_lambda020_limit1000.csv,VGG-Face,SI_NI_FGSM,vanilla,0.2067745327949524,VGG-Face_SI_NI_FGSM_adv
7,GhostFaceNet,/content/face_module/dataset_extractedfaces/vggface2_pairs/n000010_0058_01.jpg,/content/face_module/dataset_extractedfaces/vggface2_pairs/n000010_0081_01.jpg,vggface2_pairs,dodging_attack,/home/nadmin/Desktop/updatedattack/results/Ghostfacenet/transfer_attack_similarity_scores_all12_lambda020_limit1000.csv,VGG-Face,TI_FGSM,vanilla,0.2271871119737625,VGG-Face_TI_FGSM_adv
7,GhostFaceNet,/content/face_module/dataset_extractedfaces/vggface2_pairs/n000010_0058_01.jpg,/content/face_module/dataset_extractedfaces/vggface2_pairs/n000010_0081_01.jpg,vggface2_pairs,dodging_attack,/home/nadmin/Desktop/updatedattack/results/Ghostfacenet/transfer_attack_similarity_scores_all12_lambda020_limit1000.csv,VGG-Face,clean,clean,0.3336468935012817,VGG-Face_clean
8,GhostFaceNet,/content/face_module/dataset_extractedfaces/celeba_pairs/023666.jpg,/content/face_module/dataset_extractedfaces/celeba_pairs/010959.jpg,celeba_pairs,impersonation_attack,/home/nadmin/Desktop/updatedattack/results/Ghostfacenet/transfer_attack_similarity_scores_all12_lambda020_limit1000.csv,ArcFace,MI_ADMIX_DI_TI,vanilla,0.305435448884964,ArcFace_MI_ADMIX_DI_TI_adv
8,GhostFaceNet,/content/face_module/dataset_extractedfaces/celeba_pairs/023666.jpg,/content/face_module/dataset_extractedfaces/celeba_pairs/010959.jpg,celeba_pairs,impersonation_attack,/home/nadmin/Desktop/updatedattack/results/Ghostfacenet/transfer_attack_similarity_scores_all12_lambda020_limit1000.csv,ArcFace,MI_FGSM,vanilla,0.2660078406333923,ArcFace_MI_FGSM_adv
8,GhostFaceNet,/content/face_module/dataset_extractedfaces/celeba_pairs/023666.jpg,/content/face_module/dataset_extractedfaces/celeba_pairs/010959.jpg,celeba_pairs,impersonation_attack,/home/nadmin/Desktop/updatedattack/results/Ghostfacenet/transfer_attack_similarity_scores_all12_lambda020_limit1000.csv,ArcFace,PGD,vanilla,0.264201819896698,ArcFace_PGD_adv
8,GhostFaceNet,/content/face_module/dataset_extractedfaces/celeba_pairs/023666.jpg,/content/face_module/dataset_extractedfaces/celeba_pairs/010959.jpg,celeba_pairs,impersonation_attack,/home/nadmin/Desktop/updatedattack/results/Ghostfacenet/transfer_attack_similarity_scores_all12_lambda020_limit1000.csv,ArcFace,SI_NI_FGSM,vanilla,0.3197100162506103,ArcFace_SI_NI_FGSM_adv
8,GhostFaceNet,/content/face_module/dataset_extractedfaces/celeba_pairs/023666.jpg,/content/face_module/dataset_extractedfaces/celeba_pairs/010959.jpg,celeba_pairs,impersonation_attack,/home/nadmin/Desktop/updatedattack/results/Ghostfacenet/transfer_attack_similarity_scores_all12_lambda020_limit1000.csv,ArcFace,TI_FGSM,vanilla,0.287902683019638,ArcFace_TI_FGSM_adv
8,GhostFaceNet,/content/face_module/dataset_extractedfaces/celeba_pairs/023666.jpg,/content/face_module/dataset_extractedfaces/celeba_pairs/010959.jpg,celeba_pairs,impersonation_attack,/home/nadmin/Desktop/updatedattack/results/Ghostfacenet/transfer_attack_similarity_scores_all12_lambda020_limit1000.csv,ArcFace,clean,clean,0.1708459556102752,ArcFace_clean
8,GhostFaceNet,/content/face_module/dataset_extractedfaces/celeba_pairs/023666.jpg,/content/face_module/dataset_extractedfaces/celeba_pairs/010959.jpg,celeba_pairs,impersonation_attack,/home/nadmin/Desktop/updatedattack/results/Ghostfacenet/transfer_attack_similarity_scores_all12_lambda020_limit1000.csv,Facenet512,MI_ADMIX_DI_TI,vanilla,0.1613506525754928,Facenet512_MI_ADMIX_DI_TI_adv
8,GhostFaceNet,/content/face_module/dataset_extractedfaces/celeba_pairs/023666.jpg,/content/face_module/dataset_extractedfaces/celeba_pairs/010959.jpg,celeba_pairs,impersonation_attack,/home/nadmin/Desktop/updatedattack/results/Ghostfacenet/transfer_attack_similarity_scores_all12_lambda020_limit1000.csv,Facenet512,MI_FGSM,vanilla,0.1185543611645698,Facenet512_MI_FGSM_adv
8,GhostFaceNet,/content/face_module/dataset_extractedfaces/celeba_pairs/023666.jpg,/content/face_module/dataset_extractedfaces/celeba_pairs/010959.jpg,celeba_pairs,impersonation_attack,/home/nadmin/Desktop/updatedattack/results/Ghostfacenet/transfer_attack_similarity_scores_all12_lambda020_limit1000.csv,Facenet512,PGD,vanilla,-0.0261586494743824,Facenet512_PGD_adv
8,GhostFaceNet,/content/face_module/dataset_extractedfaces/celeba_pairs/023666.jpg,/content/face_module/dataset_extractedfaces/celeba_pairs/010959.jpg,celeba_pairs,impersonation_attack,/home/nadmin/Desktop/updatedattack/results/Ghostfacenet/transfer_attack_similarity_scores_all12_lambda020_limit1000.csv,Facenet512,SI_NI_FGSM,vanilla,0.1323860883712768,Facenet512_SI_NI_FGSM_adv
8,GhostFaceNet,/content/face_module/dataset_extractedfaces/celeba_pairs/023666.jpg,/content/face_module/dataset_extractedfaces/celeba_pairs/010959.jpg,celeba_pairs,impersonation_attack,/home/nadmin/Desktop/updatedattack/results/Ghostfacenet/transfer_attack_similarity_scores_all12_lambda020_limit1000.csv,Facenet512,TI_FGSM,vanilla,0.1624303460121154,Facenet512_TI_FGSM_adv
8,GhostFaceNet,/content/face_module/dataset_extractedfaces/celeba_pairs/023666.jpg,/content/face_module/dataset_extractedfaces/celeba_pairs/010959.jpg,celeba_pairs,impersonation_attack,/home/nadmin/Desktop/updatedattack/results/Ghostfacenet/transfer_attack_similarity_scores_all12_lambda020_limit1000.csv,Facenet512,clean,clean,-0.2507398426532745,Facenet512_clean
8,GhostFaceNet,/content/face_module/dataset_extractedfaces/celeba_pairs/023666.jpg,/content/face_module/dataset_extractedfaces/celeba_pairs/010959.jpg,celeba_pairs,impersonation_attack,/home/nadmin/Desktop/updatedattack/results/Ghostfacenet/transfer_attack_similarity_scores_all12_lambda020_limit1000.csv,GhostFaceNet,clean,clean,-0.0084188310429453,GhostFaceNet_clean
8,GhostFaceNet,/content/face_module/dataset_extractedfaces/celeba_pairs/023666.jpg,/content/face_module/dataset_extractedfaces/celeba_pairs/010959.jpg,celeba_pairs,impersonation_attack,/home/nadmin/Desktop/updatedattack/results/Ghostfacenet/transfer_attack_similarity_scores_all12_lambda020_limit1000.csv,IR152,MI_ADMIX_DI_TI,vanilla,0.1563678085803985,IR152_MI_ADMIX_DI_TI_adv
8,GhostFaceNet,/content/face_module/dataset_extractedfaces/celeba_pairs/023666.jpg,/content/face_module/dataset_extractedfaces/celeba_pairs/010959.jpg,celeba_pairs,impersonation_attack,/home/nadmin/Desktop/updatedattack/results/Ghostfacenet/transfer_attack_similarity_scores_all12_lambda020_limit1000.csv,IR152,MI_FGSM,vanilla,0.1077445968985557,IR152_MI_FGSM_adv
8,GhostFaceNet,/content/face_module/dataset_extractedfaces/celeba_pairs/023666.jpg,/content/face_module/dataset_extractedfaces/celeba_pairs/010959.jpg,celeba_pairs,impersonation_attack,/home/nadmin/Desktop/updatedattack/results/Ghostfacenet/transfer_attack_similarity_scores_all12_lambda020_limit1000.csv,IR152,PGD,vanilla,0.1123663112521171,IR152_PGD_adv
8,GhostFaceNet,/content/face_module/dataset_extractedfaces/celeba_pairs/023666.jpg,/content/face_module/dataset_extractedfaces/celeba_pairs/010959.jpg,celeba_pairs,impersonation_attack,/home/nadmin/Desktop/updatedattack/results/Ghostfacenet/transfer_attack_similarity_scores_all12_lambda020_limit1000.csv,IR152,SI_NI_FGSM,vanilla,0.1679897308349609,IR152_SI_NI_FGSM_adv
8,GhostFaceNet,/content/face_module/dataset_extractedfaces/celeba_pairs/023666.jpg,/content/face_module/dataset_extractedfaces/celeba_pairs/010959.jpg,celeba_pairs,impersonation_attack,/home/nadmin/Desktop/updatedattack/results/Ghostfacenet/transfer_attack_similarity_scores_all12_lambda020_limit1000.csv,IR152,TI_FGSM,vanilla,0.0899717509746551,IR152_TI_FGSM_adv
8,GhostFaceNet,/content/face_module/dataset_extractedfaces/celeba_pairs/023666.jpg,/content/face_module/dataset_extractedfaces/celeba_pairs/010959.jpg,celeba_pairs,impersonation_attack,/home/nadmin/Desktop/updatedattack/results/Ghostfacenet/transfer_attack_similarity_scores_all12_lambda020_limit1000.csv,IR152,clean,clean,0.0581048615276813,IR152_clean
8,GhostFaceNet,/content/face_module/dataset_extractedfaces/celeba_pairs/023666.jpg,/content/face_module/dataset_extractedfaces/celeba_pairs/010959.jpg,celeba_pairs,impersonation_attack,/home/nadmin/Desktop/updatedattack/results/Ghostfacenet/transfer_attack_similarity_scores_all12_lambda020_limit1000.csv,VGG-Face,MI_ADMIX_DI_TI,vanilla,0.1200514808297157,VGG-Face_MI_ADMIX_DI_TI_adv
8,GhostFaceNet,/content/face_module/dataset_extractedfaces/celeba_pairs/023666.jpg,/content/face_module/dataset_extractedfaces/celeba_pairs/010959.jpg,celeba_pairs,impersonation_attack,/home/nadmin/Desktop/updatedattack/results/Ghostfacenet/transfer_attack_similarity_scores_all12_lambda020_limit1000.csv,VGG-Face,MI_FGSM,vanilla,0.1307496875524521,VGG-Face_MI_FGSM_adv
8,GhostFaceNet,/content/face_module/dataset_extractedfaces/celeba_pairs/023666.jpg,/content/face_module/dataset_extractedfaces/celeba_pairs/010959.jpg,celeba_pairs,impersonation_attack,/home/nadmin/Desktop/updatedattack/results/Ghostfacenet/transfer_attack_similarity_scores_all12_lambda020_limit1000.csv,VGG-Face,PGD,vanilla,0.0847971737384796,VGG-Face_PGD_adv
8,GhostFaceNet,/content/face_module/dataset_extractedfaces/celeba_pairs/023666.jpg,/content/face_module/dataset_extractedfaces/celeba_pairs/010959.jpg,celeba_pairs,impersonation_attack,/home/nadmin/Desktop/updatedattack/results/Ghostfacenet/transfer_attack_similarity_scores_all12_lambda020_limit1000.csv,VGG-Face,SI_NI_FGSM,vanilla,0.1015730053186416,VGG-Face_SI_NI_FGSM_adv
8,GhostFaceNet,/content/face_module/dataset_extractedfaces/celeba_pairs/023666.jpg,/content/face_module/dataset_extractedfaces/celeba_pairs/010959.jpg,celeba_pairs,impersonation_attack,/home/nadmin/Desktop/updatedattack/results/Ghostfacenet/transfer_attack_similarity_scores_all12_lambda020_limit1000.csv,VGG-Face,TI_FGSM,vanilla,0.1337730288505554,VGG-Face_TI_FGSM_adv
8,GhostFaceNet,/content/face_module/dataset_extractedfaces/celeba_pairs/023666.jpg,/content/face_module/dataset_extractedfaces/celeba_pairs/010959.jpg,celeba_pairs,impersonation_attack,/home/nadmin/Desktop/updatedattack/results/Ghostfacenet/transfer_attack_similarity_scores_all12_lambda020_limit1000.csv,VGG-Face,clean,clean,0.0741820037364959,VGG-Face_clean
9,GhostFaceNet,/content/face_module/dataset_extractedfaces/lfw_pairs/Colin Powell_75.jpg,/content/face_module/dataset_extractedfaces/lfw_pairs/Colin Powell_76.jpg,lfw_pairs,dodging_attack,/home/nadmin/Desktop/updatedattack/results/Ghostfacenet/transfer_attack_similarity_scores_all12_lambda020_limit1000.csv,ArcFace,MI_ADMIX_DI_TI,vanilla,0.1985809355974197,ArcFace_MI_ADMIX_DI_TI_adv
9,GhostFaceNet,/content/face_module/dataset_extractedfaces/lfw_pairs/Colin Powell_75.jpg,/content/face_module/dataset_extractedfaces/lfw_pairs/Colin Powell_76.jpg,lfw_pairs,dodging_attack,/home/nadmin/Desktop/updatedattack/results/Ghostfacenet/transfer_attack_similarity_scores_all12_lambda020_limit1000.csv,ArcFace,MI_FGSM,vanilla,0.2439821660518646,ArcFace_MI_FGSM_adv
9,GhostFaceNet,/content/face_module/dataset_extractedfaces/lfw_pairs/Colin Powell_75.jpg,/content/face_module/dataset_extractedfaces/lfw_pairs/Colin Powell_76.jpg,lfw_pairs,dodging_attack,/home/nadmin/Desktop/updatedattack/results/Ghostfacenet/transfer_attack_similarity_scores_all12_lambda020_limit1000.csv,ArcFace,PGD,vanilla,0.2715685963630676,ArcFace_PGD_adv
9,GhostFaceNet,/content/face_module/dataset_extractedfaces/lfw_pairs/Colin Powell_75.jpg,/content/face_module/dataset_extractedfaces/lfw_pairs/Colin Powell_76.jpg,lfw_pairs,dodging_attack,/home/nadmin/Desktop/updatedattack/results/Ghostfacenet/transfer_attack_similarity_scores_all12_lambda020_limit1000.csv,ArcFace,SI_NI_FGSM,vanilla,0.205461174249649,ArcFace_SI_NI_FGSM_adv
9,GhostFaceNet,/content/face_module/dataset_extractedfaces/lfw_pairs/Colin Powell_75.jpg,/content/face_module/dataset_extractedfaces/lfw_pairs/Colin Powell_76.jpg,lfw_pairs,dodging_attack,/home/nadmin/Desktop/updatedattack/results/Ghostfacenet/transfer_attack_similarity_scores_all12_lambda020_limit1000.csv,ArcFace,TI_FGSM,vanilla,0.2217889726161956,ArcFace_TI_FGSM_adv
9,GhostFaceNet,/content/face_module/dataset_extractedfaces/lfw_pairs/Colin Powell_75.jpg,/content/face_module/dataset_extractedfaces/lfw_pairs/Colin Powell_76.jpg,lfw_pairs,dodging_attack,/home/nadmin/Desktop/updatedattack/results/Ghostfacenet/transfer_attack_similarity_scores_all12_lambda020_limit1000.csv,ArcFace,clean,clean,0.2683088183403015,ArcFace_clean
9,GhostFaceNet,/content/face_module/dataset_extractedfaces/lfw_pairs/Colin Powell_75.jpg,/content/face_module/dataset_extractedfaces/lfw_pairs/Colin Powell_76.jpg,lfw_pairs,dodging_attack,/home/nadmin/Desktop/updatedattack/results/Ghostfacenet/transfer_attack_similarity_scores_all12_lambda020_limit1000.csv,Facenet512,MI_ADMIX_DI_TI,vanilla,0.760195791721344,Facenet512_MI_ADMIX_DI_TI_adv
9,GhostFaceNet,/content/face_module/dataset_extractedfaces/lfw_pairs/Colin Powell_75.jpg,/content/face_module/dataset_extractedfaces/lfw_pairs/Colin Powell_76.jpg,lfw_pairs,dodging_attack,/home/nadmin/Desktop/updatedattack/results/Ghostfacenet/transfer_attack_similarity_scores_all12_lambda020_limit1000.csv,Facenet512,MI_FGSM,vanilla,0.7691874504089355,Facenet512_MI_FGSM_adv
9,GhostFaceNet,/content/face_module/dataset_extractedfaces/lfw_pairs/Colin Powell_75.jpg,/content/face_module/dataset_extractedfaces/lfw_pairs/Colin Powell_76.jpg,lfw_pairs,dodging_attack,/home/nadmin/Desktop/updatedattack/results/Ghostfacenet/transfer_attack_similarity_scores_all12_lambda020_limit1000.csv,Facenet512,PGD,vanilla,0.8083136081695557,Facenet512_PGD_adv
9,GhostFaceNet,/content/face_module/dataset_extractedfaces/lfw_pairs/Colin Powell_75.jpg,/content/face_module/dataset_extractedfaces/lfw_pairs/Colin Powell_76.jpg,lfw_pairs,dodging_attack,/home/nadmin/Desktop/updatedattack/results/Ghostfacenet/transfer_attack_similarity_scores_all12_lambda020_limit1000.csv,Facenet512,SI_NI_FGSM,vanilla,0.7395964860916138,Facenet512_SI_NI_FGSM_adv
9,GhostFaceNet,/content/face_module/dataset_extractedfaces/lfw_pairs/Colin Powell_75.jpg,/content/face_module/dataset_extractedfaces/lfw_pairs/Colin Powell_76.jpg,lfw_pairs,dodging_attack,/home/nadmin/Desktop/updatedattack/results/Ghostfacenet/transfer_attack_similarity_scores_all12_lambda020_limit1000.csv,Facenet512,TI_FGSM,vanilla,0.7589988112449646,Facenet512_TI_FGSM_adv
9,GhostFaceNet,/content/face_module/dataset_extractedfaces/lfw_pairs/Colin Powell_75.jpg,/content/face_module/dataset_extractedfaces/lfw_pairs/Colin Powell_76.jpg,lfw_pairs,dodging_attack,/home/nadmin/Desktop/updatedattack/results/Ghostfacenet/transfer_attack_similarity_scores_all12_lambda020_limit1000.csv,Facenet512,clean,clean,0.8218121528625488,Facenet512_clean
9,GhostFaceNet,/content/face_module/dataset_extractedfaces/lfw_pairs/Colin Powell_75.jpg,/content/face_module/dataset_extractedfaces/lfw_pairs/Colin Powell_76.jpg,lfw_pairs,dodging_attack,/home/nadmin/Desktop/updatedattack/results/Ghostfacenet/transfer_attack_similarity_scores_all12_lambda020_limit1000.csv,GhostFaceNet,clean,clean,0.1963736414909362,GhostFaceNet_clean
9,GhostFaceNet,/content/face_module/dataset_extractedfaces/lfw_pairs/Colin Powell_75.jpg,/content/face_module/dataset_extractedfaces/lfw_pairs/Colin Powell_76.jpg,lfw_pairs,dodging_attack,/home/nadmin/Desktop/updatedattack/results/Ghostfacenet/transfer_attack_similarity_scores_all12_lambda020_limit1000.csv,IR152,MI_ADMIX_DI_TI,vanilla,0.6351162791252136,IR152_MI_ADMIX_DI_TI_adv
9,GhostFaceNet,/content/face_module/dataset_extractedfaces/lfw_pairs/Colin Powell_75.jpg,/content/face_module/dataset_extractedfaces/lfw_pairs/Colin Powell_76.jpg,lfw_pairs,dodging_attack,/home/nadmin/Desktop/updatedattack/results/Ghostfacenet/transfer_attack_similarity_scores_all12_lambda020_limit1000.csv,IR152,MI_FGSM,vanilla,0.5306292772293091,IR152_MI_FGSM_adv
9,GhostFaceNet,/content/face_module/dataset_extractedfaces/lfw_pairs/Colin Powell_75.jpg,/content/face_module/dataset_extractedfaces/lfw_pairs/Colin Powell_76.jpg,lfw_pairs,dodging_attack,/home/nadmin/Desktop/updatedattack/results/Ghostfacenet/transfer_attack_similarity_scores_all12_lambda020_limit1000.csv,IR152,PGD,vanilla,0.6605930328369141,IR152_PGD_adv
9,GhostFaceNet,/content/face_module/dataset_extractedfaces/lfw_pairs/Colin Powell_75.jpg,/content/face_module/dataset_extractedfaces/lfw_pairs/Colin Powell_76.jpg,lfw_pairs,dodging_attack,/home/nadmin/Desktop/updatedattack/results/Ghostfacenet/transfer_attack_similarity_scores_all12_lambda020_limit1000.csv,IR152,SI_NI_FGSM,vanilla,0.5760679244995117,IR152_SI_NI_FGSM_adv
9,GhostFaceNet,/content/face_module/dataset_extractedfaces/lfw_pairs/Colin Powell_75.jpg,/content/face_module/dataset_extractedfaces/lfw_pairs/Colin Powell_76.jpg,lfw_pairs,dodging_attack,/home/nadmin/Desktop/updatedattack/results/Ghostfacenet/transfer_attack_similarity_scores_all12_lambda020_limit1000.csv,IR152,TI_FGSM,vanilla,0.6054768562316895,IR152_TI_FGSM_adv
9,GhostFaceNet,/content/face_module/dataset_extractedfaces/lfw_pairs/Colin Powell_75.jpg,/content/face_module/dataset_extractedfaces/lfw_pairs/Colin Powell_76.jpg,lfw_pairs,dodging_attack,/home/nadmin/Desktop/updatedattack/results/Ghostfacenet/transfer_attack_similarity_scores_all12_lambda020_limit1000.csv,IR152,clean,clean,0.67546546459198,IR152_clean
9,GhostFaceNet,/content/face_module/dataset_extractedfaces/lfw_pairs/Colin Powell_75.jpg,/content/face_module/dataset_extractedfaces/lfw_pairs/Colin Powell_76.jpg,lfw_pairs,dodging_attack,/home/nadmin/Desktop/updatedattack/results/Ghostfacenet/transfer_attack_similarity_scores_all12_lambda020_limit1000.csv,VGG-Face,MI_ADMIX_DI_TI,vanilla,0.5016250014305115,VGG-Face_MI_ADMIX_DI_TI_adv
9,GhostFaceNet,/content/face_module/dataset_extractedfaces/lfw_pairs/Colin Powell_75.jpg,/content/face_module/dataset_extractedfaces/lfw_pairs/Colin Powell_76.jpg,lfw_pairs,dodging_attack,/home/nadmin/Desktop/updatedattack/results/Ghostfacenet/transfer_attack_similarity_scores_all12_lambda020_limit1000.csv,VGG-Face,MI_FGSM,vanilla,0.4889682829380035,VGG-Face_MI_FGSM_adv
9,GhostFaceNet,/content/face_module/dataset_extractedfaces/lfw_pairs/Colin Powell_75.jpg,/content/face_module/dataset_extractedfaces/lfw_pairs/Colin Powell_76.jpg,lfw_pairs,dodging_attack,/home/nadmin/Desktop/updatedattack/results/Ghostfacenet/transfer_attack_similarity_scores_all12_lambda020_limit1000.csv,VGG-Face,PGD,vanilla,0.5281996726989746,VGG-Face_PGD_adv
9,GhostFaceNet,/content/face_module/dataset_extractedfaces/lfw_pairs/Colin Powell_75.jpg,/content/face_module/dataset_extractedfaces/lfw_pairs/Colin Powell_76.jpg,lfw_pairs,dodging_attack,/home/nadmin/Desktop/updatedattack/results/Ghostfacenet/transfer_attack_similarity_scores_all12_lambda020_limit1000.csv,VGG-Face,SI_NI_FGSM,vanilla,0.4665839374065399,VGG-Face_SI_NI_FGSM_adv
9,GhostFaceNet,/content/face_module/dataset_extractedfaces/lfw_pairs/Colin Powell_75.jpg,/content/face_module/dataset_extractedfaces/lfw_pairs/Colin Powell_76.jpg,lfw_pairs,dodging_attack,/home/nadmin/Desktop/updatedattack/results/Ghostfacenet/transfer_attack_similarity_scores_all12_lambda020_limit1000.csv,VGG-Face,TI_FGSM,vanilla,0.5176455974578857,VGG-Face_TI_FGSM_adv
9,GhostFaceNet,/content/face_module/dataset_extractedfaces/lfw_pairs/Colin Powell_75.jpg,/content/face_module/dataset_extractedfaces/lfw_pairs/Colin Powell_76.jpg,lfw_pairs,dodging_attack,/home/nadmin/Desktop/updatedattack/results/Ghostfacenet/transfer_attack_similarity_scores_all12_lambda020_limit1000.csv,VGG-Face,clean,clean,0.5179383754730225,VGG-Face_clean
10,GhostFaceNet,/content/face_module/dataset_extractedfaces/vggface2_pairs/n000005_0022_01.jpg,/content/face_module/dataset_extractedfaces/vggface2_pairs/n000005_0076_01.jpg,vggface2_pairs,dodging_attack,/home/nadmin/Desktop/updatedattack/results/Ghostfacenet/transfer_attack_similarity_scores_all12_lambda020_limit1000.csv,ArcFace,MI_ADMIX_DI_TI,vanilla,0.5525031089782715,ArcFace_MI_ADMIX_DI_TI_adv
10,GhostFaceNet,/content/face_module/dataset_extractedfaces/vggface2_pairs/n000005_0022_01.jpg,/content/face_module/dataset_extractedfaces/vggface2_pairs/n000005_0076_01.jpg,vggface2_pairs,dodging_attack,/home/nadmin/Desktop/updatedattack/results/Ghostfacenet/transfer_attack_similarity_scores_all12_lambda020_limit1000.csv,ArcFace,MI_FGSM,vanilla,0.4602565169334411,ArcFace_MI_FGSM_adv
10,GhostFaceNet,/content/face_module/dataset_extractedfaces/vggface2_pairs/n000005_0022_01.jpg,/content/face_module/dataset_extractedfaces/vggface2_pairs/n000005_0076_01.jpg,vggface2_pairs,dodging_attack,/home/nadmin/Desktop/updatedattack/results/Ghostfacenet/transfer_attack_similarity_scores_all12_lambda020_limit1000.csv,ArcFace,PGD,vanilla,0.5015901327133179,ArcFace_PGD_adv
10,GhostFaceNet,/content/face_module/dataset_extractedfaces/vggface2_pairs/n000005_0022_01.jpg,/content/face_module/dataset_extractedfaces/vggface2_pairs/n000005_0076_01.jpg,vggface2_pairs,dodging_attack,/home/nadmin/Desktop/updatedattack/results/Ghostfacenet/transfer_attack_similarity_scores_all12_lambda020_limit1000.csv,ArcFace,SI_NI_FGSM,vanilla,0.4497826099395752,ArcFace_SI_NI_FGSM_adv
10,GhostFaceNet,/content/face_module/dataset_extractedfaces/vggface2_pairs/n000005_0022_01.jpg,/content/face_module/dataset_extractedfaces/vggface2_pairs/n000005_0076_01.jpg,vggface2_pairs,dodging_attack,/home/nadmin/Desktop/updatedattack/results/Ghostfacenet/transfer_attack_similarity_scores_all12_lambda020_limit1000.csv,ArcFace,TI_FGSM,vanilla,0.530336320400238,ArcFace_TI_FGSM_adv
10,GhostFaceNet,/content/face_module/dataset_extractedfaces/vggface2_pairs/n000005_0022_01.jpg,/content/face_module/dataset_extractedfaces/vggface2_pairs/n000005_0076_01.jpg,vggface2_pairs,dodging_attack,/home/nadmin/Desktop/updatedattack/results/Ghostfacenet/transfer_attack_similarity_scores_all12_lambda020_limit1000.csv,ArcFace,clean,clean,0.5862312316894531,ArcFace_clean
10,GhostFaceNet,/content/face_module/dataset_extractedfaces/vggface2_pairs/n000005_0022_01.jpg,/content/face_module/dataset_extractedfaces/vggface2_pairs/n000005_0076_01.jpg,vggface2_pairs,dodging_attack,/home/nadmin/Desktop/updatedattack/results/Ghostfacenet/transfer_attack_similarity_scores_all12_lambda020_limit1000.csv,Facenet512,MI_ADMIX_DI_TI,vanilla,0.7180939316749573,Facenet512_MI_ADMIX_DI_TI_adv
10,GhostFaceNet,/content/face_module/dataset_extractedfaces/vggface2_pairs/n000005_0022_01.jpg,/content/face_module/dataset_extractedfaces/vggface2_pairs/n000005_0076_01.jpg,vggface2_pairs,dodging_attack,/home/nadmin/Desktop/updatedattack/results/Ghostfacenet/transfer_attack_similarity_scores_all12_lambda020_limit1000.csv,Facenet512,MI_FGSM,vanilla,0.6937465071678162,Facenet512_MI_FGSM_adv
10,GhostFaceNet,/content/face_module/dataset_extractedfaces/vggface2_pairs/n000005_0022_01.jpg,/content/face_module/dataset_extractedfaces/vggface2_pairs/n000005_0076_01.jpg,vggface2_pairs,dodging_attack,/home/nadmin/Desktop/updatedattack/results/Ghostfacenet/transfer_attack_similarity_scores_all12_lambda020_limit1000.csv,Facenet512,PGD,vanilla,0.754062294960022,Facenet512_PGD_adv
10,GhostFaceNet,/content/face_module/dataset_extractedfaces/vggface2_pairs/n000005_0022_01.jpg,/content/face_module/dataset_extractedfaces/vggface2_pairs/n000005_0076_01.jpg,vggface2_pairs,dodging_attack,/home/nadmin/Desktop/updatedattack/results/Ghostfacenet/transfer_attack_similarity_scores_all12_lambda020_limit1000.csv,Facenet512,SI_NI_FGSM,vanilla,0.695408821105957,Facenet512_SI_NI_FGSM_adv
10,GhostFaceNet,/content/face_module/dataset_extractedfaces/vggface2_pairs/n000005_0022_01.jpg,/content/face_module/dataset_extractedfaces/vggface2_pairs/n000005_0076_01.jpg,vggface2_pairs,dodging_attack,/home/nadmin/Desktop/updatedattack/results/Ghostfacenet/transfer_attack_similarity_scores_all12_lambda020_limit1000.csv,Facenet512,TI_FGSM,vanilla,0.7267526388168335,Facenet512_TI_FGSM_adv
10,GhostFaceNet,/content/face_module/dataset_extractedfaces/vggface2_pairs/n000005_0022_01.jpg,/content/face_module/dataset_extractedfaces/vggface2_pairs/n000005_0076_01.jpg,vggface2_pairs,dodging_attack,/home/nadmin/Desktop/updatedattack/results/Ghostfacenet/transfer_attack_similarity_scores_all12_lambda020_limit1000.csv,Facenet512,clean,clean,0.7888361215591431,Facenet512_clean
10,GhostFaceNet,/content/face_module/dataset_extractedfaces/vggface2_pairs/n000005_0022_01.jpg,/content/face_module/dataset_extractedfaces/vggface2_pairs/n000005_0076_01.jpg,vggface2_pairs,dodging_attack,/home/nadmin/Desktop/updatedattack/results/Ghostfacenet/transfer_attack_similarity_scores_all12_lambda020_limit1000.csv,GhostFaceNet,clean,clean,0.4006913900375366,GhostFaceNet_clean
10,GhostFaceNet,/content/face_module/dataset_extractedfaces/vggface2_pairs/n000005_0022_01.jpg,/content/face_module/dataset_extractedfaces/vggface2_pairs/n000005_0076_01.jpg,vggface2_pairs,dodging_attack,/home/nadmin/Desktop/updatedattack/results/Ghostfacenet/transfer_attack_similarity_scores_all12_lambda020_limit1000.csv,IR152,MI_ADMIX_DI_TI,vanilla,0.6192920804023743,IR152_MI_ADMIX_DI_TI_adv
10,GhostFaceNet,/content/face_module/dataset_extractedfaces/vggface2_pairs/n000005_0022_01.jpg,/content/face_module/dataset_extractedfaces/vggface2_pairs/n000005_0076_01.jpg,vggface2_pairs,dodging_attack,/home/nadmin/Desktop/updatedattack/results/Ghostfacenet/transfer_attack_similarity_scores_all12_lambda020_limit1000.csv,IR152,MI_FGSM,vanilla,0.5612349510192871,IR152_MI_FGSM_adv
10,GhostFaceNet,/content/face_module/dataset_extractedfaces/vggface2_pairs/n000005_0022_01.jpg,/content/face_module/dataset_extractedfaces/vggface2_pairs/n000005_0076_01.jpg,vggface2_pairs,dodging_attack,/home/nadmin/Desktop/updatedattack/results/Ghostfacenet/transfer_attack_similarity_scores_all12_lambda020_limit1000.csv,IR152,PGD,vanilla,0.6459788084030151,IR152_PGD_adv
10,GhostFaceNet,/content/face_module/dataset_extractedfaces/vggface2_pairs/n000005_0022_01.jpg,/content/face_module/dataset_extractedfaces/vggface2_pairs/n000005_0076_01.jpg,vggface2_pairs,dodging_attack,/home/nadmin/Desktop/updatedattack/results/Ghostfacenet/transfer_attack_similarity_scores_all12_lambda020_limit1000.csv,IR152,SI_NI_FGSM,vanilla,0.5473064184188843,IR152_SI_NI_FGSM_adv
10,GhostFaceNet,/content/face_module/dataset_extractedfaces/vggface2_pairs/n000005_0022_01.jpg,/content/face_module/dataset_extractedfaces/vggface2_pairs/n000005_0076_01.jpg,vggface2_pairs,dodging_attack,/home/nadmin/Desktop/updatedattack/results/Ghostfacenet/transfer_attack_similarity_scores_all12_lambda020_limit1000.csv,IR152,TI_FGSM,vanilla,0.656160831451416,IR152_TI_FGSM_adv
10,GhostFaceNet,/content/face_module/dataset_extractedfaces/vggface2_pairs/n000005_0022_01.jpg,/content/face_module/dataset_extractedfaces/vggface2_pairs/n000005_0076_01.jpg,vggface2_pairs,dodging_attack,/home/nadmin/Desktop/updatedattack/results/Ghostfacenet/transfer_attack_similarity_scores_all12_lambda020_limit1000.csv,IR152,clean,clean,0.7079440951347351,IR152_clean
10,GhostFaceNet,/content/face_module/dataset_extractedfaces/vggface2_pairs/n000005_0022_01.jpg,/content/face_module/dataset_extractedfaces/vggface2_pairs/n000005_0076_01.jpg,vggface2_pairs,dodging_attack,/home/nadmin/Desktop/updatedattack/results/Ghostfacenet/transfer_attack_similarity_scores_all12_lambda020_limit1000.csv,VGG-Face,MI_ADMIX_DI_TI,vanilla,0.4139910340309143,VGG-Face_MI_ADMIX_DI_TI_adv
10,GhostFaceNet,/content/face_module/dataset_extractedfaces/vggface2_pairs/n000005_0022_01.jpg,/content/face_module/dataset_extractedfaces/vggface2_pairs/n000005_0076_01.jpg,vggface2_pairs,dodging_attack,/home/nadmin/Desktop/updatedattack/results/Ghostfacenet/transfer_attack_similarity_scores_all12_lambda020_limit1000.csv,VGG-Face,MI_FGSM,vanilla,0.4023682177066803,VGG-Face_MI_FGSM_adv
10,GhostFaceNet,/content/face_module/dataset_extractedfaces/vggface2_pairs/n000005_0022_01.jpg,/content/face_module/dataset_extractedfaces/vggface2_pairs/n000005_0076_01.jpg,vggface2_pairs,dodging_attack,/home/nadmin/Desktop/updatedattack/results/Ghostfacenet/transfer_attack_similarity_scores_all12_lambda020_limit1000.csv,VGG-Face,PGD,vanilla,0.4275903701782226,VGG-Face_PGD_adv
10,GhostFaceNet,/content/face_module/dataset_extractedfaces/vggface2_pairs/n000005_0022_01.jpg,/content/face_module/dataset_extractedfaces/vggface2_pairs/n000005_0076_01.jpg,vggface2_pairs,dodging_attack,/home/nadmin/Desktop/updatedattack/results/Ghostfacenet/transfer_attack_similarity_scores_all12_lambda020_limit1000.csv,VGG-Face,SI_NI_FGSM,vanilla,0.340588629245758,VGG-Face_SI_NI_FGSM_adv
10,GhostFaceNet,/content/face_module/dataset_extractedfaces/vggface2_pairs/n000005_0022_01.jpg,/content/face_module/dataset_extractedfaces/vggface2_pairs/n000005_0076_01.jpg,vggface2_pairs,dodging_attack,/home/nadmin/Desktop/updatedattack/results/Ghostfacenet/transfer_attack_similarity_scores_all12_lambda020_limit1000.csv,VGG-Face,TI_FGSM,vanilla,0.4289808869361877,VGG-Face_TI_FGSM_adv
10,GhostFaceNet,/content/face_module/dataset_extractedfaces/vggface2_pairs/n000005_0022_01.jpg,/content/face_module/dataset_extractedfaces/vggface2_pairs/n000005_0076_01.jpg,vggface2_pairs,dodging_attack,/home/nadmin/Desktop/updatedattack/results/Ghostfacenet/transfer_attack_similarity_scores_all12_lambda020_limit1000.csv,VGG-Face,clean,clean,0.5038790702819824,VGG-Face_clean
11,GhostFaceNet,/content/face_module/dataset_extractedfaces/vggface2_pairs/n000007_0176_01.jpg,/content/face_module/dataset_extractedfaces/vggface2_pairs/n000007_0335_03.jpg,vggface2_pairs,dodging_attack,/home/nadmin/Desktop/updatedattack/results/Ghostfacenet/transfer_attack_similarity_scores_all12_lambda020_limit1000.csv,ArcFace,MI_ADMIX_DI_TI,vanilla,0.1969079077243805,ArcFace_MI_ADMIX_DI_TI_adv
11,GhostFaceNet,/content/face_module/dataset_extractedfaces/vggface2_pairs/n000007_0176_01.jpg,/content/face_module/dataset_extractedfaces/vggface2_pairs/n000007_0335_03.jpg,vggface2_pairs,dodging_attack,/home/nadmin/Desktop/updatedattack/results/Ghostfacenet/transfer_attack_similarity_scores_all12_lambda020_limit1000.csv,ArcFace,MI_FGSM,vanilla,0.1574057340621948,ArcFace_MI_FGSM_adv
11,GhostFaceNet,/content/face_module/dataset_extractedfaces/vggface2_pairs/n000007_0176_01.jpg,/content/face_module/dataset_extractedfaces/vggface2_pairs/n000007_0335_03.jpg,vggface2_pairs,dodging_attack,/home/nadmin/Desktop/updatedattack/results/Ghostfacenet/transfer_attack_similarity_scores_all12_lambda020_limit1000.csv,ArcFace,PGD,vanilla,0.1833555698394775,ArcFace_PGD_adv
11,GhostFaceNet,/content/face_module/dataset_extractedfaces/vggface2_pairs/n000007_0176_01.jpg,/content/face_module/dataset_extractedfaces/vggface2_pairs/n000007_0335_03.jpg,vggface2_pairs,dodging_attack,/home/nadmin/Desktop/updatedattack/results/Ghostfacenet/transfer_attack_similarity_scores_all12_lambda020_limit1000.csv,ArcFace,SI_NI_FGSM,vanilla,0.1468855738639831,ArcFace_SI_NI_FGSM_adv
11,GhostFaceNet,/content/face_module/dataset_extractedfaces/vggface2_pairs/n000007_0176_01.jpg,/content/face_module/dataset_extractedfaces/vggface2_pairs/n000007_0335_03.jpg,vggface2_pairs,dodging_attack,/home/nadmin/Desktop/updatedattack/results/Ghostfacenet/transfer_attack_similarity_scores_all12_lambda020_limit1000.csv,ArcFace,TI_FGSM,vanilla,0.2042549848556518,ArcFace_TI_FGSM_adv
11,GhostFaceNet,/content/face_module/dataset_extractedfaces/vggface2_pairs/n000007_0176_01.jpg,/content/face_module/dataset_extractedfaces/vggface2_pairs/n000007_0335_03.jpg,vggface2_pairs,dodging_attack,/home/nadmin/Desktop/updatedattack/results/Ghostfacenet/transfer_attack_similarity_scores_all12_lambda020_limit1000.csv,ArcFace,clean,clean,0.1998281925916671,ArcFace_clean
11,GhostFaceNet,/content/face_module/dataset_extractedfaces/vggface2_pairs/n000007_0176_01.jpg,/content/face_module/dataset_extractedfaces/vggface2_pairs/n000007_0335_03.jpg,vggface2_pairs,dodging_attack,/home/nadmin/Desktop/updatedattack/results/Ghostfacenet/transfer_attack_similarity_scores_all12_lambda020_limit1000.csv,Facenet512,MI_ADMIX_DI_TI,vanilla,0.675274670124054,Facenet512_MI_ADMIX_DI_TI_adv
11,GhostFaceNet,/content/face_module/dataset_extractedfaces/vggface2_pairs/n000007_0176_01.jpg,/content/face_module/dataset_extractedfaces/vggface2_pairs/n000007_0335_03.jpg,vggface2_pairs,dodging_attack,/home/nadmin/Desktop/updatedattack/results/Ghostfacenet/transfer_attack_similarity_scores_all12_lambda020_limit1000.csv,Facenet512,MI_FGSM,vanilla,0.5470134019851685,Facenet512_MI_FGSM_adv
11,GhostFaceNet,/content/face_module/dataset_extractedfaces/vggface2_pairs/n000007_0176_01.jpg,/content/face_module/dataset_extractedfaces/vggface2_pairs/n000007_0335_03.jpg,vggface2_pairs,dodging_attack,/home/nadmin/Desktop/updatedattack/results/Ghostfacenet/transfer_attack_similarity_scores_all12_lambda020_limit1000.csv,Facenet512,PGD,vanilla,0.6642794013023376,Facenet512_PGD_adv
11,GhostFaceNet,/content/face_module/dataset_extractedfaces/vggface2_pairs/n000007_0176_01.jpg,/content/face_module/dataset_extractedfaces/vggface2_pairs/n000007_0335_03.jpg,vggface2_pairs,dodging_attack,/home/nadmin/Desktop/updatedattack/results/Ghostfacenet/transfer_attack_similarity_scores_all12_lambda020_limit1000.csv,Facenet512,SI_NI_FGSM,vanilla,0.575147271156311,Facenet512_SI_NI_FGSM_adv
11,GhostFaceNet,/content/face_module/dataset_extractedfaces/vggface2_pairs/n000007_0176_01.jpg,/content/face_module/dataset_extractedfaces/vggface2_pairs/n000007_0335_03.jpg,vggface2_pairs,dodging_attack,/home/nadmin/Desktop/updatedattack/results/Ghostfacenet/transfer_attack_similarity_scores_all12_lambda020_limit1000.csv,Facenet512,TI_FGSM,vanilla,0.6782182455062866,Facenet512_TI_FGSM_adv
11,GhostFaceNet,/content/face_module/dataset_extractedfaces/vggface2_pairs/n000007_0176_01.jpg,/content/face_module/dataset_extractedfaces/vggface2_pairs/n000007_0335_03.jpg,vggface2_pairs,dodging_attack,/home/nadmin/Desktop/updatedattack/results/Ghostfacenet/transfer_attack_similarity_scores_all12_lambda020_limit1000.csv,Facenet512,clean,clean,0.7133797407150269,Facenet512_clean
11,GhostFaceNet,/content/face_module/dataset_extractedfaces/vggface2_pairs/n000007_0176_01.jpg,/content/face_module/dataset_extractedfaces/vggface2_pairs/n000007_0335_03.jpg,vggface2_pairs,dodging_attack,/home/nadmin/Desktop/updatedattack/results/Ghostfacenet/transfer_attack_similarity_scores_all12_lambda020_limit1000.csv,GhostFaceNet,clean,clean,0.1519617438316345,GhostFaceNet_clean
11,GhostFaceNet,/content/face_module/dataset_extractedfaces/vggface2_pairs/n000007_0176_01.jpg,/content/face_module/dataset_extractedfaces/vggface2_pairs/n000007_0335_03.jpg,vggface2_pairs,dodging_attack,/home/nadmin/Desktop/updatedattack/results/Ghostfacenet/transfer_attack_similarity_scores_all12_lambda020_limit1000.csv,IR152,MI_ADMIX_DI_TI,vanilla,0.4486346840858459,IR152_MI_ADMIX_DI_TI_adv
11,GhostFaceNet,/content/face_module/dataset_extractedfaces/vggface2_pairs/n000007_0176_01.jpg,/content/face_module/dataset_extractedfaces/vggface2_pairs/n000007_0335_03.jpg,vggface2_pairs,dodging_attack,/home/nadmin/Desktop/updatedattack/results/Ghostfacenet/transfer_attack_similarity_scores_all12_lambda020_limit1000.csv,IR152,MI_FGSM,vanilla,0.3467050790786743,IR152_MI_FGSM_adv
11,GhostFaceNet,/content/face_module/dataset_extractedfaces/vggface2_pairs/n000007_0176_01.jpg,/content/face_module/dataset_extractedfaces/vggface2_pairs/n000007_0335_03.jpg,vggface2_pairs,dodging_attack,/home/nadmin/Desktop/updatedattack/results/Ghostfacenet/transfer_attack_similarity_scores_all12_lambda020_limit1000.csv,IR152,PGD,vanilla,0.429743230342865,IR152_PGD_adv
11,GhostFaceNet,/content/face_module/dataset_extractedfaces/vggface2_pairs/n000007_0176_01.jpg,/content/face_module/dataset_extractedfaces/vggface2_pairs/n000007_0335_03.jpg,vggface2_pairs,dodging_attack,/home/nadmin/Desktop/updatedattack/results/Ghostfacenet/transfer_attack_similarity_scores_all12_lambda020_limit1000.csv,IR152,SI_NI_FGSM,vanilla,0.2939199209213257,IR152_SI_NI_FGSM_adv
11,GhostFaceNet,/content/face_module/dataset_extractedfaces/vggface2_pairs/n000007_0176_01.jpg,/content/face_module/dataset_extractedfaces/vggface2_pairs/n000007_0335_03.jpg,vggface2_pairs,dodging_attack,/home/nadmin/Desktop/updatedattack/results/Ghostfacenet/transfer_attack_similarity_scores_all12_lambda020_limit1000.csv,IR152,TI_FGSM,vanilla,0.4369320273399353,IR152_TI_FGSM_adv
11,GhostFaceNet,/content/face_module/dataset_extractedfaces/vggface2_pairs/n000007_0176_01.jpg,/content/face_module/dataset_extractedfaces/vggface2_pairs/n000007_0335_03.jpg,vggface2_pairs,dodging_attack,/home/nadmin/Desktop/updatedattack/results/Ghostfacenet/transfer_attack_similarity_scores_all12_lambda020_limit1000.csv,IR152,clean,clean,0.476504236459732,IR152_clean
11,GhostFaceNet,/content/face_module/dataset_extractedfaces/vggface2_pairs/n000007_0176_01.jpg,/content/face_module/dataset_extractedfaces/vggface2_pairs/n000007_0335_03.jpg,vggface2_pairs,dodging_attack,/home/nadmin/Desktop/updatedattack/results/Ghostfacenet/transfer_attack_similarity_scores_all12_lambda020_limit1000.csv,VGG-Face,MI_ADMIX_DI_TI,vanilla,0.3916548788547516,VGG-Face_MI_ADMIX_DI_TI_adv
11,GhostFaceNet,/content/face_module/dataset_extractedfaces/vggface2_pairs/n000007_0176_01.jpg,/content/face_module/dataset_extractedfaces/vggface2_pairs/n000007_0335_03.jpg,vggface2_pairs,dodging_attack,/home/nadmin/Desktop/updatedattack/results/Ghostfacenet/transfer_attack_similarity_scores_all12_lambda020_limit1000.csv,VGG-Face,MI_FGSM,vanilla,0.4059993624687195,VGG-Face_MI_FGSM_adv
11,GhostFaceNet,/content/face_module/dataset_extractedfaces/vggface2_pairs/n000007_0176_01.jpg,/content/face_module/dataset_extractedfaces/vggface2_pairs/n000007_0335_03.jpg,vggface2_pairs,dodging_attack,/home/nadmin/Desktop/updatedattack/results/Ghostfacenet/transfer_attack_similarity_scores_all12_lambda020_limit1000.csv,VGG-Face,PGD,vanilla,0.3842852413654327,VGG-Face_PGD_adv
11,GhostFaceNet,/content/face_module/dataset_extractedfaces/vggface2_pairs/n000007_0176_01.jpg,/content/face_module/dataset_extractedfaces/vggface2_pairs/n000007_0335_03.jpg,vggface2_pairs,dodging_attack,/home/nadmin/Desktop/updatedattack/results/Ghostfacenet/transfer_attack_similarity_scores_all12_lambda020_limit1000.csv,VGG-Face,SI_NI_FGSM,vanilla,0.4284992218017578,VGG-Face_SI_NI_FGSM_adv
11,GhostFaceNet,/content/face_module/dataset_extractedfaces/vggface2_pairs/n000007_0176_01.jpg,/content/face_module/dataset_extractedfaces/vggface2_pairs/n000007_0335_03.jpg,vggface2_pairs,dodging_attack,/home/nadmin/Desktop/updatedattack/results/Ghostfacenet/transfer_attack_similarity_scores_all12_lambda020_limit1000.csv,VGG-Face,TI_FGSM,vanilla,0.4230142831802368,VGG-Face_TI_FGSM_adv
11,GhostFaceNet,/content/face_module/dataset_extractedfaces/vggface2_pairs/n000007_0176_01.jpg,/content/face_module/dataset_extractedfaces/vggface2_pairs/n000007_0335_03.jpg,vggface2_pairs,dodging_attack,/home/nadmin/Desktop/updatedattack/results/Ghostfacenet/transfer_attack_similarity_scores_all12_lambda020_limit1000.csv,VGG-Face,clean,clean,0.4585454761981964,VGG-Face_clean
12,GhostFaceNet,/content/face_module/dataset_extractedfaces/celeba_pairs/003089.jpg,/content/face_module/dataset_extractedfaces/celeba_pairs/016966.jpg,celeba_pairs,impersonation_attack,/home/nadmin/Desktop/updatedattack/results/Ghostfacenet/transfer_attack_similarity_scores_all12_lambda020_limit1000.csv,ArcFace,MI_ADMIX_DI_TI,vanilla,0.3059871792793274,ArcFace_MI_ADMIX_DI_TI_adv
12,GhostFaceNet,/content/face_module/dataset_extractedfaces/celeba_pairs/003089.jpg,/content/face_module/dataset_extractedfaces/celeba_pairs/016966.jpg,celeba_pairs,impersonation_attack,/home/nadmin/Desktop/updatedattack/results/Ghostfacenet/transfer_attack_similarity_scores_all12_lambda020_limit1000.csv,ArcFace,MI_FGSM,vanilla,0.2465012669563293,ArcFace_MI_FGSM_adv
12,GhostFaceNet,/content/face_module/dataset_extractedfaces/celeba_pairs/003089.jpg,/content/face_module/dataset_extractedfaces/celeba_pairs/016966.jpg,celeba_pairs,impersonation_attack,/home/nadmin/Desktop/updatedattack/results/Ghostfacenet/transfer_attack_similarity_scores_all12_lambda020_limit1000.csv,ArcFace,PGD,vanilla,0.2500736713409424,ArcFace_PGD_adv
12,GhostFaceNet,/content/face_module/dataset_extractedfaces/celeba_pairs/003089.jpg,/content/face_module/dataset_extractedfaces/celeba_pairs/016966.jpg,celeba_pairs,impersonation_attack,/home/nadmin/Desktop/updatedattack/results/Ghostfacenet/transfer_attack_similarity_scores_all12_lambda020_limit1000.csv,ArcFace,SI_NI_FGSM,vanilla,0.264177918434143,ArcFace_SI_NI_FGSM_adv
12,GhostFaceNet,/content/face_module/dataset_extractedfaces/celeba_pairs/003089.jpg,/content/face_module/dataset_extractedfaces/celeba_pairs/016966.jpg,celeba_pairs,impersonation_attack,/home/nadmin/Desktop/updatedattack/results/Ghostfacenet/transfer_attack_similarity_scores_all12_lambda020_limit1000.csv,ArcFace,TI_FGSM,vanilla,0.3216025233268738,ArcFace_TI_FGSM_adv
12,GhostFaceNet,/content/face_module/dataset_extractedfaces/celeba_pairs/003089.jpg,/content/face_module/dataset_extractedfaces/celeba_pairs/016966.jpg,celeba_pairs,impersonation_attack,/home/nadmin/Desktop/updatedattack/results/Ghostfacenet/transfer_attack_similarity_scores_all12_lambda020_limit1000.csv,ArcFace,clean,clean,0.2072169482707977,ArcFace_clean
12,GhostFaceNet,/content/face_module/dataset_extractedfaces/celeba_pairs/003089.jpg,/content/face_module/dataset_extractedfaces/celeba_pairs/016966.jpg,celeba_pairs,impersonation_attack,/home/nadmin/Desktop/updatedattack/results/Ghostfacenet/transfer_attack_similarity_scores_all12_lambda020_limit1000.csv,Facenet512,MI_ADMIX_DI_TI,vanilla,0.1953743696212768,Facenet512_MI_ADMIX_DI_TI_adv
12,GhostFaceNet,/content/face_module/dataset_extractedfaces/celeba_pairs/003089.jpg,/content/face_module/dataset_extractedfaces/celeba_pairs/016966.jpg,celeba_pairs,impersonation_attack,/home/nadmin/Desktop/updatedattack/results/Ghostfacenet/transfer_attack_similarity_scores_all12_lambda020_limit1000.csv,Facenet512,MI_FGSM,vanilla,0.2363258898258209,Facenet512_MI_FGSM_adv
12,GhostFaceNet,/content/face_module/dataset_extractedfaces/celeba_pairs/003089.jpg,/content/face_module/dataset_extractedfaces/celeba_pairs/016966.jpg,celeba_pairs,impersonation_attack,/home/nadmin/Desktop/updatedattack/results/Ghostfacenet/transfer_attack_similarity_scores_all12_lambda020_limit1000.csv,Facenet512,PGD,vanilla,0.1430343836545944,Facenet512_PGD_adv
12,GhostFaceNet,/content/face_module/dataset_extractedfaces/celeba_pairs/003089.jpg,/content/face_module/dataset_extractedfaces/celeba_pairs/016966.jpg,celeba_pairs,impersonation_attack,/home/nadmin/Desktop/updatedattack/results/Ghostfacenet/transfer_attack_similarity_scores_all12_lambda020_limit1000.csv,Facenet512,SI_NI_FGSM,vanilla,0.2330819070339203,Facenet512_SI_NI_FGSM_adv
12,GhostFaceNet,/content/face_module/dataset_extractedfaces/celeba_pairs/003089.jpg,/content/face_module/dataset_extractedfaces/celeba_pairs/016966.jpg,celeba_pairs,impersonation_attack,/home/nadmin/Desktop/updatedattack/results/Ghostfacenet/transfer_attack_similarity_scores_all12_lambda020_limit1000.csv,Facenet512,TI_FGSM,vanilla,0.1810016632080078,Facenet512_TI_FGSM_adv
12,GhostFaceNet,/content/face_module/dataset_extractedfaces/celeba_pairs/003089.jpg,/content/face_module/dataset_extractedfaces/celeba_pairs/016966.jpg,celeba_pairs,impersonation_attack,/home/nadmin/Desktop/updatedattack/results/Ghostfacenet/transfer_attack_similarity_scores_all12_lambda020_limit1000.csv,Facenet512,clean,clean,0.0975427031517028,Facenet512_clean
12,GhostFaceNet,/content/face_module/dataset_extractedfaces/celeba_pairs/003089.jpg,/content/face_module/dataset_extractedfaces/celeba_pairs/016966.jpg,celeba_pairs,impersonation_attack,/home/nadmin/Desktop/updatedattack/results/Ghostfacenet/transfer_attack_similarity_scores_all12_lambda020_limit1000.csv,GhostFaceNet,clean,clean,-0.1018042936921119,GhostFaceNet_clean
12,GhostFaceNet,/content/face_module/dataset_extractedfaces/celeba_pairs/003089.jpg,/content/face_module/dataset_extractedfaces/celeba_pairs/016966.jpg,celeba_pairs,impersonation_attack,/home/nadmin/Desktop/updatedattack/results/Ghostfacenet/transfer_attack_similarity_scores_all12_lambda020_limit1000.csv,IR152,MI_ADMIX_DI_TI,vanilla,0.1452529281377792,IR152_MI_ADMIX_DI_TI_adv
12,GhostFaceNet,/content/face_module/dataset_extractedfaces/celeba_pairs/003089.jpg,/content/face_module/dataset_extractedfaces/celeba_pairs/016966.jpg,celeba_pairs,impersonation_attack,/home/nadmin/Desktop/updatedattack/results/Ghostfacenet/transfer_attack_similarity_scores_all12_lambda020_limit1000.csv,IR152,MI_FGSM,vanilla,0.10263542085886,IR152_MI_FGSM_adv
12,GhostFaceNet,/content/face_module/dataset_extractedfaces/celeba_pairs/003089.jpg,/content/face_module/dataset_extractedfaces/celeba_pairs/016966.jpg,celeba_pairs,impersonation_attack,/home/nadmin/Desktop/updatedattack/results/Ghostfacenet/transfer_attack_similarity_scores_all12_lambda020_limit1000.csv,IR152,PGD,vanilla,0.0991945192217826,IR152_PGD_adv
12,GhostFaceNet,/content/face_module/dataset_extractedfaces/celeba_pairs/003089.jpg,/content/face_module/dataset_extractedfaces/celeba_pairs/016966.jpg,celeba_pairs,impersonation_attack,/home/nadmin/Desktop/updatedattack/results/Ghostfacenet/transfer_attack_similarity_scores_all12_lambda020_limit1000.csv,IR152,SI_NI_FGSM,vanilla,0.0792046338319778,IR152_SI_NI_FGSM_adv
12,GhostFaceNet,/content/face_module/dataset_extractedfaces/celeba_pairs/003089.jpg,/content/face_module/dataset_extractedfaces/celeba_pairs/016966.jpg,celeba_pairs,impersonation_attack,/home/nadmin/Desktop/updatedattack/results/Ghostfacenet/transfer_attack_similarity_scores_all12_lambda020_limit1000.csv,IR152,TI_FGSM,vanilla,0.1400033384561538,IR152_TI_FGSM_adv
12,GhostFaceNet,/content/face_module/dataset_extractedfaces/celeba_pairs/003089.jpg,/content/face_module/dataset_extractedfaces/celeba_pairs/016966.jpg,celeba_pairs,impersonation_attack,/home/nadmin/Desktop/updatedattack/results/Ghostfacenet/transfer_attack_similarity_scores_all12_lambda020_limit1000.csv,IR152,clean,clean,0.0933876037597656,IR152_clean
12,GhostFaceNet,/content/face_module/dataset_extractedfaces/celeba_pairs/003089.jpg,/content/face_module/dataset_extractedfaces/celeba_pairs/016966.jpg,celeba_pairs,impersonation_attack,/home/nadmin/Desktop/updatedattack/results/Ghostfacenet/transfer_attack_similarity_scores_all12_lambda020_limit1000.csv,VGG-Face,MI_ADMIX_DI_TI,vanilla,0.078756183385849,VGG-Face_MI_ADMIX_DI_TI_adv
12,GhostFaceNet,/content/face_module/dataset_extractedfaces/celeba_pairs/003089.jpg,/content/face_module/dataset_extractedfaces/celeba_pairs/016966.jpg,celeba_pairs,impersonation_attack,/home/nadmin/Desktop/updatedattack/results/Ghostfacenet/transfer_attack_similarity_scores_all12_lambda020_limit1000.csv,VGG-Face,MI_FGSM,vanilla,0.0774205774068832,VGG-Face_MI_FGSM_adv
12,GhostFaceNet,/content/face_module/dataset_extractedfaces/celeba_pairs/003089.jpg,/content/face_module/dataset_extractedfaces/celeba_pairs/016966.jpg,celeba_pairs,impersonation_attack,/home/nadmin/Desktop/updatedattack/results/Ghostfacenet/transfer_attack_similarity_scores_all12_lambda020_limit1000.csv,VGG-Face,PGD,vanilla,0.0772184580564498,VGG-Face_PGD_adv
12,GhostFaceNet,/content/face_module/dataset_extractedfaces/celeba_pairs/003089.jpg,/content/face_module/dataset_extractedfaces/celeba_pairs/016966.jpg,celeba_pairs,impersonation_attack,/home/nadmin/Desktop/updatedattack/results/Ghostfacenet/transfer_attack_similarity_scores_all12_lambda020_limit1000.csv,VGG-Face,SI_NI_FGSM,vanilla,0.0786259323358535,VGG-Face_SI_NI_FGSM_adv
12,GhostFaceNet,/content/face_module/dataset_extractedfaces/celeba_pairs/003089.jpg,/content/face_module/dataset_extractedfaces/celeba_pairs/016966.jpg,celeba_pairs,impersonation_attack,/home/nadmin/Desktop/updatedattack/results/Ghostfacenet/transfer_attack_similarity_scores_all12_lambda020_limit1000.csv,VGG-Face,TI_FGSM,vanilla,0.077545054256916,VGG-Face_TI_FGSM_adv
12,GhostFaceNet,/content/face_module/dataset_extractedfaces/celeba_pairs/003089.jpg,/content/face_module/dataset_extractedfaces/celeba_pairs/016966.jpg,celeba_pairs,impersonation_attack,/home/nadmin/Desktop/updatedattack/results/Ghostfacenet/transfer_attack_similarity_scores_all12_lambda020_limit1000.csv,VGG-Face,clean,clean,0.0685250088572502,VGG-Face_clean
15,GhostFaceNet,/content/face_module/dataset_extractedfaces/lfw_pairs/George W Bush_518.jpg,/content/face_module/dataset_extractedfaces/lfw_pairs/George W Bush_519.jpg,lfw_pairs,dodging_attack,/home/nadmin/Desktop/updatedattack/results/Ghostfacenet/transfer_attack_similarity_scores_all12_lambda020_limit1000.csv,ArcFace,MI_ADMIX_DI_TI,vanilla,0.5204046964645386,ArcFace_MI_ADMIX_DI_TI_adv
15,GhostFaceNet,/content/face_module/dataset_extractedfaces/lfw_pairs/George W Bush_518.jpg,/content/face_module/dataset_extractedfaces/lfw_pairs/George W Bush_519.jpg,lfw_pairs,dodging_attack,/home/nadmin/Desktop/updatedattack/results/Ghostfacenet/transfer_attack_similarity_scores_all12_lambda020_limit1000.csv,ArcFace,MI_FGSM,vanilla,0.4854874610900879,ArcFace_MI_FGSM_adv
15,GhostFaceNet,/content/face_module/dataset_extractedfaces/lfw_pairs/George W Bush_518.jpg,/content/face_module/dataset_extractedfaces/lfw_pairs/George W Bush_519.jpg,lfw_pairs,dodging_attack,/home/nadmin/Desktop/updatedattack/results/Ghostfacenet/transfer_attack_similarity_scores_all12_lambda020_limit1000.csv,ArcFace,PGD,vanilla,0.6177093982696533,ArcFace_PGD_adv
15,GhostFaceNet,/content/face_module/dataset_extractedfaces/lfw_pairs/George W Bush_518.jpg,/content/face_module/dataset_extractedfaces/lfw_pairs/George W Bush_519.jpg,lfw_pairs,dodging_attack,/home/nadmin/Desktop/updatedattack/results/Ghostfacenet/transfer_attack_similarity_scores_all12_lambda020_limit1000.csv,ArcFace,SI_NI_FGSM,vanilla,0.4937099814414978,ArcFace_SI_NI_FGSM_adv
15,GhostFaceNet,/content/face_module/dataset_extractedfaces/lfw_pairs/George W Bush_518.jpg,/content/face_module/dataset_extractedfaces/lfw_pairs/George W Bush_519.jpg,lfw_pairs,dodging_attack,/home/nadmin/Desktop/updatedattack/results/Ghostfacenet/transfer_attack_similarity_scores_all12_lambda020_limit1000.csv,ArcFace,TI_FGSM,vanilla,0.5826848745346069,ArcFace_TI_FGSM_adv
15,GhostFaceNet,/content/face_module/dataset_extractedfaces/lfw_pairs/George W Bush_518.jpg,/content/face_module/dataset_extractedfaces/lfw_pairs/George W Bush_519.jpg,lfw_pairs,dodging_attack,/home/nadmin/Desktop/updatedattack/results/Ghostfacenet/transfer_attack_similarity_scores_all12_lambda020_limit1000.csv,ArcFace,clean,clean,0.6775953769683838,ArcFace_clean
15,GhostFaceNet,/content/face_module/dataset_extractedfaces/lfw_pairs/George W Bush_518.jpg,/content/face_module/dataset_extractedfaces/lfw_pairs/George W Bush_519.jpg,lfw_pairs,dodging_attack,/home/nadmin/Desktop/updatedattack/results/Ghostfacenet/transfer_attack_similarity_scores_all12_lambda020_limit1000.csv,Facenet512,MI_ADMIX_DI_TI,vanilla,0.5203456878662109,Facenet512_MI_ADMIX_DI_TI_adv
15,GhostFaceNet,/content/face_module/dataset_extractedfaces/lfw_pairs/George W Bush_518.jpg,/content/face_module/dataset_extractedfaces/lfw_pairs/George W Bush_519.jpg,lfw_pairs,dodging_attack,/home/nadmin/Desktop/updatedattack/results/Ghostfacenet/transfer_attack_similarity_scores_all12_lambda020_limit1000.csv,Facenet512,MI_FGSM,vanilla,0.4473095536231994,Facenet512_MI_FGSM_adv
15,GhostFaceNet,/content/face_module/dataset_extractedfaces/lfw_pairs/George W Bush_518.jpg,/content/face_module/dataset_extractedfaces/lfw_pairs/George W Bush_519.jpg,lfw_pairs,dodging_attack,/home/nadmin/Desktop/updatedattack/results/Ghostfacenet/transfer_attack_similarity_scores_all12_lambda020_limit1000.csv,Facenet512,PGD,vanilla,0.6300765872001648,Facenet512_PGD_adv
15,GhostFaceNet,/content/face_module/dataset_extractedfaces/lfw_pairs/George W Bush_518.jpg,/content/face_module/dataset_extractedfaces/lfw_pairs/George W Bush_519.jpg,lfw_pairs,dodging_attack,/home/nadmin/Desktop/updatedattack/results/Ghostfacenet/transfer_attack_similarity_scores_all12_lambda020_limit1000.csv,Facenet512,SI_NI_FGSM,vanilla,0.4966623187065124,Facenet512_SI_NI_FGSM_adv
15,GhostFaceNet,/content/face_module/dataset_extractedfaces/lfw_pairs/George W Bush_518.jpg,/content/face_module/dataset_extractedfaces/lfw_pairs/George W Bush_519.jpg,lfw_pairs,dodging_attack,/home/nadmin/Desktop/updatedattack/results/Ghostfacenet/transfer_attack_similarity_scores_all12_lambda020_limit1000.csv,Facenet512,TI_FGSM,vanilla,0.5447412729263306,Facenet512_TI_FGSM_adv
15,GhostFaceNet,/content/face_module/dataset_extractedfaces/lfw_pairs/George W Bush_518.jpg,/content/face_module/dataset_extractedfaces/lfw_pairs/George W Bush_519.jpg,lfw_pairs,dodging_attack,/home/nadmin/Desktop/updatedattack/results/Ghostfacenet/transfer_attack_similarity_scores_all12_lambda020_limit1000.csv,Facenet512,clean,clean,0.6876072287559509,Facenet512_clean
15,GhostFaceNet,/content/face_module/dataset_extractedfaces/lfw_pairs/George W Bush_518.jpg,/content/face_module/dataset_extractedfaces/lfw_pairs/George W Bush_519.jpg,lfw_pairs,dodging_attack,/home/nadmin/Desktop/updatedattack/results/Ghostfacenet/transfer_attack_similarity_scores_all12_lambda020_limit1000.csv,GhostFaceNet,clean,clean,0.3439280986785888,GhostFaceNet_clean
15,GhostFaceNet,/content/face_module/dataset_extractedfaces/lfw_pairs/George W Bush_518.jpg,/content/face_module/dataset_extractedfaces/lfw_pairs/George W Bush_519.jpg,lfw_pairs,dodging_attack,/home/nadmin/Desktop/updatedattack/results/Ghostfacenet/transfer_attack_similarity_scores_all12_lambda020_limit1000.csv,IR152,MI_ADMIX_DI_TI,vanilla,0.4335935711860657,IR152_MI_ADMIX_DI_TI_adv
15,GhostFaceNet,/content/face_module/dataset_extractedfaces/lfw_pairs/George W Bush_518.jpg,/content/face_module/dataset_extractedfaces/lfw_pairs/George W Bush_519.jpg,lfw_pairs,dodging_attack,/home/nadmin/Desktop/updatedattack/results/Ghostfacenet/transfer_attack_similarity_scores_all12_lambda020_limit1000.csv,IR152,MI_FGSM,vanilla,0.3881225883960724,IR152_MI_FGSM_adv
15,GhostFaceNet,/content/face_module/dataset_extractedfaces/lfw_pairs/George W Bush_518.jpg,/content/face_module/dataset_extractedfaces/lfw_pairs/George W Bush_519.jpg,lfw_pairs,dodging_attack,/home/nadmin/Desktop/updatedattack/results/Ghostfacenet/transfer_attack_similarity_scores_all12_lambda020_limit1000.csv,IR152,PGD,vanilla,0.5316340327262878,IR152_PGD_adv
15,GhostFaceNet,/content/face_module/dataset_extractedfaces/lfw_pairs/George W Bush_518.jpg,/content/face_module/dataset_extractedfaces/lfw_pairs/George W Bush_519.jpg,lfw_pairs,dodging_attack,/home/nadmin/Desktop/updatedattack/results/Ghostfacenet/transfer_attack_similarity_scores_all12_lambda020_limit1000.csv,IR152,SI_NI_FGSM,vanilla,0.412421703338623,IR152_SI_NI_FGSM_adv
15,GhostFaceNet,/content/face_module/dataset_extractedfaces/lfw_pairs/George W Bush_518.jpg,/content/face_module/dataset_extractedfaces/lfw_pairs/George W Bush_519.jpg,lfw_pairs,dodging_attack,/home/nadmin/Desktop/updatedattack/results/Ghostfacenet/transfer_attack_similarity_scores_all12_lambda020_limit1000.csv,IR152,TI_FGSM,vanilla,0.4752170443534851,IR152_TI_FGSM_adv
15,GhostFaceNet,/content/face_module/dataset_extractedfaces/lfw_pairs/George W Bush_518.jpg,/content/face_module/dataset_extractedfaces/lfw_pairs/George W Bush_519.jpg,lfw_pairs,dodging_attack,/home/nadmin/Desktop/updatedattack/results/Ghostfacenet/transfer_attack_similarity_scores_all12_lambda020_limit1000.csv,IR152,clean,clean,0.563267707824707,IR152_clean
15,GhostFaceNet,/content/face_module/dataset_extractedfaces/lfw_pairs/George W Bush_518.jpg,/content/face_module/dataset_extractedfaces/lfw_pairs/George W Bush_519.jpg,lfw_pairs,dodging_attack,/home/nadmin/Desktop/updatedattack/results/Ghostfacenet/transfer_attack_similarity_scores_all12_lambda020_limit1000.csv,VGG-Face,MI_ADMIX_DI_TI,vanilla,0.4751850962638855,VGG-Face_MI_ADMIX_DI_TI_adv
15,GhostFaceNet,/content/face_module/dataset_extractedfaces/lfw_pairs/George W Bush_518.jpg,/content/face_module/dataset_extractedfaces/lfw_pairs/George W Bush_519.jpg,lfw_pairs,dodging_attack,/home/nadmin/Desktop/updatedattack/results/Ghostfacenet/transfer_attack_similarity_scores_all12_lambda020_limit1000.csv,VGG-Face,MI_FGSM,vanilla,0.3895286321640014,VGG-Face_MI_FGSM_adv
15,GhostFaceNet,/content/face_module/dataset_extractedfaces/lfw_pairs/George W Bush_518.jpg,/content/face_module/dataset_extractedfaces/lfw_pairs/George W Bush_519.jpg,lfw_pairs,dodging_attack,/home/nadmin/Desktop/updatedattack/results/Ghostfacenet/transfer_attack_similarity_scores_all12_lambda020_limit1000.csv,VGG-Face,PGD,vanilla,0.5052304267883301,VGG-Face_PGD_adv
15,GhostFaceNet,/content/face_module/dataset_extractedfaces/lfw_pairs/George W Bush_518.jpg,/content/face_module/dataset_extractedfaces/lfw_pairs/George W Bush_519.jpg,lfw_pairs,dodging_attack,/home/nadmin/Desktop/updatedattack/results/Ghostfacenet/transfer_attack_similarity_scores_all12_lambda020_limit1000.csv,VGG-Face,SI_NI_FGSM,vanilla,0.3709979653358459,VGG-Face_SI_NI_FGSM_adv
15,GhostFaceNet,/content/face_module/dataset_extractedfaces/lfw_pairs/George W Bush_518.jpg,/content/face_module/dataset_extractedfaces/lfw_pairs/George W Bush_519.jpg,lfw_pairs,dodging_attack,/home/nadmin/Desktop/updatedattack/results/Ghostfacenet/transfer_attack_similarity_scores_all12_lambda020_limit1000.csv,VGG-Face,TI_FGSM,vanilla,0.4391087591648102,VGG-Face_TI_FGSM_adv
15,GhostFaceNet,/content/face_module/dataset_extractedfaces/lfw_pairs/George W Bush_518.jpg,/content/face_module/dataset_extractedfaces/lfw_pairs/George W Bush_519.jpg,lfw_pairs,dodging_attack,/home/nadmin/Desktop/updatedattack/results/Ghostfacenet/transfer_attack_similarity_scores_all12_lambda020_limit1000.csv,VGG-Face,clean,clean,0.529694676399231,VGG-Face_clean
16,GhostFaceNet,/content/face_module/dataset_extractedfaces/lfw_pairs/Colin Powell_24.jpg,/content/face_module/dataset_extractedfaces/lfw_pairs/Colin Powell_25.jpg,lfw_pairs,dodging_attack,/home/nadmin/Desktop/updatedattack/results/Ghostfacenet/transfer_attack_similarity_scores_all12_lambda020_limit1000.csv,ArcFace,MI_ADMIX_DI_TI,vanilla,0.5437864661216736,ArcFace_MI_ADMIX_DI_TI_adv
16,GhostFaceNet,/content/face_module/dataset_extractedfaces/lfw_pairs/Colin Powell_24.jpg,/content/face_module/dataset_extractedfaces/lfw_pairs/Colin Powell_25.jpg,lfw_pairs,dodging_attack,/home/nadmin/Desktop/updatedattack/results/Ghostfacenet/transfer_attack_similarity_scores_all12_lambda020_limit1000.csv,ArcFace,MI_FGSM,vanilla,0.527764081954956,ArcFace_MI_FGSM_adv
16,GhostFaceNet,/content/face_module/dataset_extractedfaces/lfw_pairs/Colin Powell_24.jpg,/content/face_module/dataset_extractedfaces/lfw_pairs/Colin Powell_25.jpg,lfw_pairs,dodging_attack,/home/nadmin/Desktop/updatedattack/results/Ghostfacenet/transfer_attack_similarity_scores_all12_lambda020_limit1000.csv,ArcFace,PGD,vanilla,0.5530683994293213,ArcFace_PGD_adv
16,GhostFaceNet,/content/face_module/dataset_extractedfaces/lfw_pairs/Colin Powell_24.jpg,/content/face_module/dataset_extractedfaces/lfw_pairs/Colin Powell_25.jpg,lfw_pairs,dodging_attack,/home/nadmin/Desktop/updatedattack/results/Ghostfacenet/transfer_attack_similarity_scores_all12_lambda020_limit1000.csv,ArcFace,SI_NI_FGSM,vanilla,0.4855219721794128,ArcFace_SI_NI_FGSM_adv
16,GhostFaceNet,/content/face_module/dataset_extractedfaces/lfw_pairs/Colin Powell_24.jpg,/content/face_module/dataset_extractedfaces/lfw_pairs/Colin Powell_25.jpg,lfw_pairs,dodging_attack,/home/nadmin/Desktop/updatedattack/results/Ghostfacenet/transfer_attack_similarity_scores_all12_lambda020_limit1000.csv,ArcFace,TI_FGSM,vanilla,0.5844347476959229,ArcFace_TI_FGSM_adv
16,GhostFaceNet,/content/face_module/dataset_extractedfaces/lfw_pairs/Colin Powell_24.jpg,/content/face_module/dataset_extractedfaces/lfw_pairs/Colin Powell_25.jpg,lfw_pairs,dodging_attack,/home/nadmin/Desktop/updatedattack/results/Ghostfacenet/transfer_attack_similarity_scores_all12_lambda020_limit1000.csv,ArcFace,clean,clean,0.6158847212791443,ArcFace_clean
16,GhostFaceNet,/content/face_module/dataset_extractedfaces/lfw_pairs/Colin Powell_24.jpg,/content/face_module/dataset_extractedfaces/lfw_pairs/Colin Powell_25.jpg,lfw_pairs,dodging_attack,/home/nadmin/Desktop/updatedattack/results/Ghostfacenet/transfer_attack_similarity_scores_all12_lambda020_limit1000.csv,Facenet512,MI_ADMIX_DI_TI,vanilla,0.7707457542419434,Facenet512_MI_ADMIX_DI_TI_adv
16,GhostFaceNet,/content/face_module/dataset_extractedfaces/lfw_pairs/Colin Powell_24.jpg,/content/face_module/dataset_extractedfaces/lfw_pairs/Colin Powell_25.jpg,lfw_pairs,dodging_attack,/home/nadmin/Desktop/updatedattack/results/Ghostfacenet/transfer_attack_similarity_scores_all12_lambda020_limit1000.csv,Facenet512,MI_FGSM,vanilla,0.662673830986023,Facenet512_MI_FGSM_adv
16,GhostFaceNet,/content/face_module/dataset_extractedfaces/lfw_pairs/Colin Powell_24.jpg,/content/face_module/dataset_extractedfaces/lfw_pairs/Colin Powell_25.jpg,lfw_pairs,dodging_attack,/home/nadmin/Desktop/updatedattack/results/Ghostfacenet/transfer_attack_similarity_scores_all12_lambda020_limit1000.csv,Facenet512,PGD,vanilla,0.7520198822021484,Facenet512_PGD_adv
16,GhostFaceNet,/content/face_module/dataset_extractedfaces/lfw_pairs/Colin Powell_24.jpg,/content/face_module/dataset_extractedfaces/lfw_pairs/Colin Powell_25.jpg,lfw_pairs,dodging_attack,/home/nadmin/Desktop/updatedattack/results/Ghostfacenet/transfer_attack_similarity_scores_all12_lambda020_limit1000.csv,Facenet512,SI_NI_FGSM,vanilla,0.7088286876678467,Facenet512_SI_NI_FGSM_adv
16,GhostFaceNet,/content/face_module/dataset_extractedfaces/lfw_pairs/Colin Powell_24.jpg,/content/face_module/dataset_extractedfaces/lfw_pairs/Colin Powell_25.jpg,lfw_pairs,dodging_attack,/home/nadmin/Desktop/updatedattack/results/Ghostfacenet/transfer_attack_similarity_scores_all12_lambda020_limit1000.csv,Facenet512,TI_FGSM,vanilla,0.7681344151496887,Facenet512_TI_FGSM_adv
16,GhostFaceNet,/content/face_module/dataset_extractedfaces/lfw_pairs/Colin Powell_24.jpg,/content/face_module/dataset_extractedfaces/lfw_pairs/Colin Powell_25.jpg,lfw_pairs,dodging_attack,/home/nadmin/Desktop/updatedattack/results/Ghostfacenet/transfer_attack_similarity_scores_all12_lambda020_limit1000.csv,Facenet512,clean,clean,0.7765311598777771,Facenet512_clean
16,GhostFaceNet,/content/face_module/dataset_extractedfaces/lfw_pairs/Colin Powell_24.jpg,/content/face_module/dataset_extractedfaces/lfw_pairs/Colin Powell_25.jpg,lfw_pairs,dodging_attack,/home/nadmin/Desktop/updatedattack/results/Ghostfacenet/transfer_attack_similarity_scores_all12_lambda020_limit1000.csv,GhostFaceNet,clean,clean,0.2969561815261841,GhostFaceNet_clean
16,GhostFaceNet,/content/face_module/dataset_extractedfaces/lfw_pairs/Colin Powell_24.jpg,/content/face_module/dataset_extractedfaces/lfw_pairs/Colin Powell_25.jpg,lfw_pairs,dodging_attack,/home/nadmin/Desktop/updatedattack/results/Ghostfacenet/transfer_attack_similarity_scores_all12_lambda020_limit1000.csv,IR152,MI_ADMIX_DI_TI,vanilla,0.4286339282989502,IR152_MI_ADMIX_DI_TI_adv
16,GhostFaceNet,/content/face_module/dataset_extractedfaces/lfw_pairs/Colin Powell_24.jpg,/content/face_module/dataset_extractedfaces/lfw_pairs/Colin Powell_25.jpg,lfw_pairs,dodging_attack,/home/nadmin/Desktop/updatedattack/results/Ghostfacenet/transfer_attack_similarity_scores_all12_lambda020_limit1000.csv,IR152,MI_FGSM,vanilla,0.4679803848266601,IR152_MI_FGSM_adv
16,GhostFaceNet,/content/face_module/dataset_extractedfaces/lfw_pairs/Colin Powell_24.jpg,/content/face_module/dataset_extractedfaces/lfw_pairs/Colin Powell_25.jpg,lfw_pairs,dodging_attack,/home/nadmin/Desktop/updatedattack/results/Ghostfacenet/transfer_attack_similarity_scores_all12_lambda020_limit1000.csv,IR152,PGD,vanilla,0.5650532245635986,IR152_PGD_adv
16,GhostFaceNet,/content/face_module/dataset_extractedfaces/lfw_pairs/Colin Powell_24.jpg,/content/face_module/dataset_extractedfaces/lfw_pairs/Colin Powell_25.jpg,lfw_pairs,dodging_attack,/home/nadmin/Desktop/updatedattack/results/Ghostfacenet/transfer_attack_similarity_scores_all12_lambda020_limit1000.csv,IR152,SI_NI_FGSM,vanilla,0.4512468576431274,IR152_SI_NI_FGSM_adv
16,GhostFaceNet,/content/face_module/dataset_extractedfaces/lfw_pairs/Colin Powell_24.jpg,/content/face_module/dataset_extractedfaces/lfw_pairs/Colin Powell_25.jpg,lfw_pairs,dodging_attack,/home/nadmin/Desktop/updatedattack/results/Ghostfacenet/transfer_attack_similarity_scores_all12_lambda020_limit1000.csv,IR152,TI_FGSM,vanilla,0.4846086502075195,IR152_TI_FGSM_adv
16,GhostFaceNet,/content/face_module/dataset_extractedfaces/lfw_pairs/Colin Powell_24.jpg,/content/face_module/dataset_extractedfaces/lfw_pairs/Colin Powell_25.jpg,lfw_pairs,dodging_attack,/home/nadmin/Desktop/updatedattack/results/Ghostfacenet/transfer_attack_similarity_scores_all12_lambda020_limit1000.csv,IR152,clean,clean,0.5704069137573242,IR152_clean
16,GhostFaceNet,/content/face_module/dataset_extractedfaces/lfw_pairs/Colin Powell_24.jpg,/content/face_module/dataset_extractedfaces/lfw_pairs/Colin Powell_25.jpg,lfw_pairs,dodging_attack,/home/nadmin/Desktop/updatedattack/results/Ghostfacenet/transfer_attack_similarity_scores_all12_lambda020_limit1000.csv,VGG-Face,MI_ADMIX_DI_TI,vanilla,0.42331463098526,VGG-Face_MI_ADMIX_DI_TI_adv
16,GhostFaceNet,/content/face_module/dataset_extractedfaces/lfw_pairs/Colin Powell_24.jpg,/content/face_module/dataset_extractedfaces/lfw_pairs/Colin Powell_25.jpg,lfw_pairs,dodging_attack,/home/nadmin/Desktop/updatedattack/results/Ghostfacenet/transfer_attack_similarity_scores_all12_lambda020_limit1000.csv,VGG-Face,MI_FGSM,vanilla,0.4633300304412842,VGG-Face_MI_FGSM_adv
16,GhostFaceNet,/content/face_module/dataset_extractedfaces/lfw_pairs/Colin Powell_24.jpg,/content/face_module/dataset_extractedfaces/lfw_pairs/Colin Powell_25.jpg,lfw_pairs,dodging_attack,/home/nadmin/Desktop/updatedattack/results/Ghostfacenet/transfer_attack_similarity_scores_all12_lambda020_limit1000.csv,VGG-Face,PGD,vanilla,0.4687050879001617,VGG-Face_PGD_adv
16,GhostFaceNet,/content/face_module/dataset_extractedfaces/lfw_pairs/Colin Powell_24.jpg,/content/face_module/dataset_extractedfaces/lfw_pairs/Colin Powell_25.jpg,lfw_pairs,dodging_attack,/home/nadmin/Desktop/updatedattack/results/Ghostfacenet/transfer_attack_similarity_scores_all12_lambda020_limit1000.csv,VGG-Face,SI_NI_FGSM,vanilla,0.4544607400894165,VGG-Face_SI_NI_FGSM_adv
16,GhostFaceNet,/content/face_module/dataset_extractedfaces/lfw_pairs/Colin Powell_24.jpg,/content/face_module/dataset_extractedfaces/lfw_pairs/Colin Powell_25.jpg,lfw_pairs,dodging_attack,/home/nadmin/Desktop/updatedattack/results/Ghostfacenet/transfer_attack_similarity_scores_all12_lambda020_limit1000.csv,VGG-Face,TI_FGSM,vanilla,0.4317706227302551,VGG-Face_TI_FGSM_adv
16,GhostFaceNet,/content/face_module/dataset_extractedfaces/lfw_pairs/Colin Powell_24.jpg,/content/face_module/dataset_extractedfaces/lfw_pairs/Colin Powell_25.jpg,lfw_pairs,dodging_attack,/home/nadmin/Desktop/updatedattack/results/Ghostfacenet/transfer_attack_similarity_scores_all12_lambda020_limit1000.csv,VGG-Face,clean,clean,0.4387425184249878,VGG-Face_clean
17,GhostFaceNet,/content/face_module/dataset_extractedfaces/vggface2_pairs/n000016_0036_01.jpg,/content/face_module/dataset_extractedfaces/vggface2_pairs/n000012_0087_01.jpg,vggface2_pairs,impersonation_attack,/home/nadmin/Desktop/updatedattack/results/Ghostfacenet/transfer_attack_similarity_scores_all12_lambda020_limit1000.csv,ArcFace,MI_ADMIX_DI_TI,vanilla,0.3726450204849243,ArcFace_MI_ADMIX_DI_TI_adv
17,GhostFaceNet,/content/face_module/dataset_extractedfaces/vggface2_pairs/n000016_0036_01.jpg,/content/face_module/dataset_extractedfaces/vggface2_pairs/n000012_0087_01.jpg,vggface2_pairs,impersonation_attack,/home/nadmin/Desktop/updatedattack/results/Ghostfacenet/transfer_attack_similarity_scores_all12_lambda020_limit1000.csv,ArcFace,MI_FGSM,vanilla,0.3748770356178283,ArcFace_MI_FGSM_adv
17,GhostFaceNet,/content/face_module/dataset_extractedfaces/vggface2_pairs/n000016_0036_01.jpg,/content/face_module/dataset_extractedfaces/vggface2_pairs/n000012_0087_01.jpg,vggface2_pairs,impersonation_attack,/home/nadmin/Desktop/updatedattack/results/Ghostfacenet/transfer_attack_similarity_scores_all12_lambda020_limit1000.csv,ArcFace,PGD,vanilla,0.3665942251682281,ArcFace_PGD_adv
17,GhostFaceNet,/content/face_module/dataset_extractedfaces/vggface2_pairs/n000016_0036_01.jpg,/content/face_module/dataset_extractedfaces/vggface2_pairs/n000012_0087_01.jpg,vggface2_pairs,impersonation_attack,/home/nadmin/Desktop/updatedattack/results/Ghostfacenet/transfer_attack_similarity_scores_all12_lambda020_limit1000.csv,ArcFace,SI_NI_FGSM,vanilla,0.3407571315765381,ArcFace_SI_NI_FGSM_adv
17,GhostFaceNet,/content/face_module/dataset_extractedfaces/vggface2_pairs/n000016_0036_01.jpg,/content/face_module/dataset_extractedfaces/vggface2_pairs/n000012_0087_01.jpg,vggface2_pairs,impersonation_attack,/home/nadmin/Desktop/updatedattack/results/Ghostfacenet/transfer_attack_similarity_scores_all12_lambda020_limit1000.csv,ArcFace,TI_FGSM,vanilla,0.4049192667007446,ArcFace_TI_FGSM_adv
17,GhostFaceNet,/content/face_module/dataset_extractedfaces/vggface2_pairs/n000016_0036_01.jpg,/content/face_module/dataset_extractedfaces/vggface2_pairs/n000012_0087_01.jpg,vggface2_pairs,impersonation_attack,/home/nadmin/Desktop/updatedattack/results/Ghostfacenet/transfer_attack_similarity_scores_all12_lambda020_limit1000.csv,ArcFace,clean,clean,0.3356752395629883,ArcFace_clean
17,GhostFaceNet,/content/face_module/dataset_extractedfaces/vggface2_pairs/n000016_0036_01.jpg,/content/face_module/dataset_extractedfaces/vggface2_pairs/n000012_0087_01.jpg,vggface2_pairs,impersonation_attack,/home/nadmin/Desktop/updatedattack/results/Ghostfacenet/transfer_attack_similarity_scores_all12_lambda020_limit1000.csv,Facenet512,MI_ADMIX_DI_TI,vanilla,0.1633866429328918,Facenet512_MI_ADMIX_DI_TI_adv
17,GhostFaceNet,/content/face_module/dataset_extractedfaces/vggface2_pairs/n000016_0036_01.jpg,/content/face_module/dataset_extractedfaces/vggface2_pairs/n000012_0087_01.jpg,vggface2_pairs,impersonation_attack,/home/nadmin/Desktop/updatedattack/results/Ghostfacenet/transfer_attack_similarity_scores_all12_lambda020_limit1000.csv,Facenet512,MI_FGSM,vanilla,0.174092411994934,Facenet512_MI_FGSM_adv
17,GhostFaceNet,/content/face_module/dataset_extractedfaces/vggface2_pairs/n000016_0036_01.jpg,/content/face_module/dataset_extractedfaces/vggface2_pairs/n000012_0087_01.jpg,vggface2_pairs,impersonation_attack,/home/nadmin/Desktop/updatedattack/results/Ghostfacenet/transfer_attack_similarity_scores_all12_lambda020_limit1000.csv,Facenet512,PGD,vanilla,0.0344074070453643,Facenet512_PGD_adv
17,GhostFaceNet,/content/face_module/dataset_extractedfaces/vggface2_pairs/n000016_0036_01.jpg,/content/face_module/dataset_extractedfaces/vggface2_pairs/n000012_0087_01.jpg,vggface2_pairs,impersonation_attack,/home/nadmin/Desktop/updatedattack/results/Ghostfacenet/transfer_attack_similarity_scores_all12_lambda020_limit1000.csv,Facenet512,SI_NI_FGSM,vanilla,0.2357719540596008,Facenet512_SI_NI_FGSM_adv
17,GhostFaceNet,/content/face_module/dataset_extractedfaces/vggface2_pairs/n000016_0036_01.jpg,/content/face_module/dataset_extractedfaces/vggface2_pairs/n000012_0087_01.jpg,vggface2_pairs,impersonation_attack,/home/nadmin/Desktop/updatedattack/results/Ghostfacenet/transfer_attack_similarity_scores_all12_lambda020_limit1000.csv,Facenet512,TI_FGSM,vanilla,0.0953492820262909,Facenet512_TI_FGSM_adv
17,GhostFaceNet,/content/face_module/dataset_extractedfaces/vggface2_pairs/n000016_0036_01.jpg,/content/face_module/dataset_extractedfaces/vggface2_pairs/n000012_0087_01.jpg,vggface2_pairs,impersonation_attack,/home/nadmin/Desktop/updatedattack/results/Ghostfacenet/transfer_attack_similarity_scores_all12_lambda020_limit1000.csv,Facenet512,clean,clean,-0.0131816901266574,Facenet512_clean
17,GhostFaceNet,/content/face_module/dataset_extractedfaces/vggface2_pairs/n000016_0036_01.jpg,/content/face_module/dataset_extractedfaces/vggface2_pairs/n000012_0087_01.jpg,vggface2_pairs,impersonation_attack,/home/nadmin/Desktop/updatedattack/results/Ghostfacenet/transfer_attack_similarity_scores_all12_lambda020_limit1000.csv,GhostFaceNet,clean,clean,-0.0316651351749897,GhostFaceNet_clean
17,GhostFaceNet,/content/face_module/dataset_extractedfaces/vggface2_pairs/n000016_0036_01.jpg,/content/face_module/dataset_extractedfaces/vggface2_pairs/n000012_0087_01.jpg,vggface2_pairs,impersonation_attack,/home/nadmin/Desktop/updatedattack/results/Ghostfacenet/transfer_attack_similarity_scores_all12_lambda020_limit1000.csv,IR152,MI_ADMIX_DI_TI,vanilla,0.0682194679975509,IR152_MI_ADMIX_DI_TI_adv
17,GhostFaceNet,/content/face_module/dataset_extractedfaces/vggface2_pairs/n000016_0036_01.jpg,/content/face_module/dataset_extractedfaces/vggface2_pairs/n000012_0087_01.jpg,vggface2_pairs,impersonation_attack,/home/nadmin/Desktop/updatedattack/results/Ghostfacenet/transfer_attack_similarity_scores_all12_lambda020_limit1000.csv,IR152,MI_FGSM,vanilla,0.0805425569415092,IR152_MI_FGSM_adv
17,GhostFaceNet,/content/face_module/dataset_extractedfaces/vggface2_pairs/n000016_0036_01.jpg,/content/face_module/dataset_extractedfaces/vggface2_pairs/n000012_0087_01.jpg,vggface2_pairs,impersonation_attack,/home/nadmin/Desktop/updatedattack/results/Ghostfacenet/transfer_attack_similarity_scores_all12_lambda020_limit1000.csv,IR152,PGD,vanilla,0.00255325762555,IR152_PGD_adv
17,GhostFaceNet,/content/face_module/dataset_extractedfaces/vggface2_pairs/n000016_0036_01.jpg,/content/face_module/dataset_extractedfaces/vggface2_pairs/n000012_0087_01.jpg,vggface2_pairs,impersonation_attack,/home/nadmin/Desktop/updatedattack/results/Ghostfacenet/transfer_attack_similarity_scores_all12_lambda020_limit1000.csv,IR152,SI_NI_FGSM,vanilla,0.0854959487915039,IR152_SI_NI_FGSM_adv
17,GhostFaceNet,/content/face_module/dataset_extractedfaces/vggface2_pairs/n000016_0036_01.jpg,/content/face_module/dataset_extractedfaces/vggface2_pairs/n000012_0087_01.jpg,vggface2_pairs,impersonation_attack,/home/nadmin/Desktop/updatedattack/results/Ghostfacenet/transfer_attack_similarity_scores_all12_lambda020_limit1000.csv,IR152,TI_FGSM,vanilla,0.0211042184382677,IR152_TI_FGSM_adv
17,GhostFaceNet,/content/face_module/dataset_extractedfaces/vggface2_pairs/n000016_0036_01.jpg,/content/face_module/dataset_extractedfaces/vggface2_pairs/n000012_0087_01.jpg,vggface2_pairs,impersonation_attack,/home/nadmin/Desktop/updatedattack/results/Ghostfacenet/transfer_attack_similarity_scores_all12_lambda020_limit1000.csv,IR152,clean,clean,-0.0301507841795682,IR152_clean
17,GhostFaceNet,/content/face_module/dataset_extractedfaces/vggface2_pairs/n000016_0036_01.jpg,/content/face_module/dataset_extractedfaces/vggface2_pairs/n000012_0087_01.jpg,vggface2_pairs,impersonation_attack,/home/nadmin/Desktop/updatedattack/results/Ghostfacenet/transfer_attack_similarity_scores_all12_lambda020_limit1000.csv,VGG-Face,MI_ADMIX_DI_TI,vanilla,0.1442572921514511,VGG-Face_MI_ADMIX_DI_TI_adv
17,GhostFaceNet,/content/face_module/dataset_extractedfaces/vggface2_pairs/n000016_0036_01.jpg,/content/face_module/dataset_extractedfaces/vggface2_pairs/n000012_0087_01.jpg,vggface2_pairs,impersonation_attack,/home/nadmin/Desktop/updatedattack/results/Ghostfacenet/transfer_attack_similarity_scores_all12_lambda020_limit1000.csv,VGG-Face,MI_FGSM,vanilla,0.1572904884815216,VGG-Face_MI_FGSM_adv
17,GhostFaceNet,/content/face_module/dataset_extractedfaces/vggface2_pairs/n000016_0036_01.jpg,/content/face_module/dataset_extractedfaces/vggface2_pairs/n000012_0087_01.jpg,vggface2_pairs,impersonation_attack,/home/nadmin/Desktop/updatedattack/results/Ghostfacenet/transfer_attack_similarity_scores_all12_lambda020_limit1000.csv,VGG-Face,PGD,vanilla,0.1304292529821396,VGG-Face_PGD_adv
17,GhostFaceNet,/content/face_module/dataset_extractedfaces/vggface2_pairs/n000016_0036_01.jpg,/content/face_module/dataset_extractedfaces/vggface2_pairs/n000012_0087_01.jpg,vggface2_pairs,impersonation_attack,/home/nadmin/Desktop/updatedattack/results/Ghostfacenet/transfer_attack_similarity_scores_all12_lambda020_limit1000.csv,VGG-Face,SI_NI_FGSM,vanilla,0.1745330244302749,VGG-Face_SI_NI_FGSM_adv
17,GhostFaceNet,/content/face_module/dataset_extractedfaces/vggface2_pairs/n000016_0036_01.jpg,/content/face_module/dataset_extractedfaces/vggface2_pairs/n000012_0087_01.jpg,vggface2_pairs,impersonation_attack,/home/nadmin/Desktop/updatedattack/results/Ghostfacenet/transfer_attack_similarity_scores_all12_lambda020_limit1000.csv,VGG-Face,TI_FGSM,vanilla,0.150590181350708,VGG-Face_TI_FGSM_adv
17,GhostFaceNet,/content/face_module/dataset_extractedfaces/vggface2_pairs/n000016_0036_01.jpg,/content/face_module/dataset_extractedfaces/vggface2_pairs/n000012_0087_01.jpg,vggface2_pairs,impersonation_attack,/home/nadmin/Desktop/updatedattack/results/Ghostfacenet/transfer_attack_similarity_scores_all12_lambda020_limit1000.csv,VGG-Face,clean,clean,0.1219722479581832,VGG-Face_clean
18,GhostFaceNet,/content/face_module/dataset_extractedfaces/celeba_pairs/092809.jpg,/content/face_module/dataset_extractedfaces/celeba_pairs/108708.jpg,celeba_pairs,dodging_attack,/home/nadmin/Desktop/updatedattack/results/Ghostfacenet/transfer_attack_similarity_scores_all12_lambda020_limit1000.csv,ArcFace,MI_ADMIX_DI_TI,vanilla,0.5471770167350769,ArcFace_MI_ADMIX_DI_TI_adv
18,GhostFaceNet,/content/face_module/dataset_extractedfaces/celeba_pairs/092809.jpg,/content/face_module/dataset_extractedfaces/celeba_pairs/108708.jpg,celeba_pairs,dodging_attack,/home/nadmin/Desktop/updatedattack/results/Ghostfacenet/transfer_attack_similarity_scores_all12_lambda020_limit1000.csv,ArcFace,MI_FGSM,vanilla,0.494184285402298,ArcFace_MI_FGSM_adv
18,GhostFaceNet,/content/face_module/dataset_extractedfaces/celeba_pairs/092809.jpg,/content/face_module/dataset_extractedfaces/celeba_pairs/108708.jpg,celeba_pairs,dodging_attack,/home/nadmin/Desktop/updatedattack/results/Ghostfacenet/transfer_attack_similarity_scores_all12_lambda020_limit1000.csv,ArcFace,PGD,vanilla,0.6057782173156738,ArcFace_PGD_adv
18,GhostFaceNet,/content/face_module/dataset_extractedfaces/celeba_pairs/092809.jpg,/content/face_module/dataset_extractedfaces/celeba_pairs/108708.jpg,celeba_pairs,dodging_attack,/home/nadmin/Desktop/updatedattack/results/Ghostfacenet/transfer_attack_similarity_scores_all12_lambda020_limit1000.csv,ArcFace,SI_NI_FGSM,vanilla,0.4373569190502167,ArcFace_SI_NI_FGSM_adv
18,GhostFaceNet,/content/face_module/dataset_extractedfaces/celeba_pairs/092809.jpg,/content/face_module/dataset_extractedfaces/celeba_pairs/108708.jpg,celeba_pairs,dodging_attack,/home/nadmin/Desktop/updatedattack/results/Ghostfacenet/transfer_attack_similarity_scores_all12_lambda020_limit1000.csv,ArcFace,TI_FGSM,vanilla,0.6173980236053467,ArcFace_TI_FGSM_adv
18,GhostFaceNet,/content/face_module/dataset_extractedfaces/celeba_pairs/092809.jpg,/content/face_module/dataset_extractedfaces/celeba_pairs/108708.jpg,celeba_pairs,dodging_attack,/home/nadmin/Desktop/updatedattack/results/Ghostfacenet/transfer_attack_similarity_scores_all12_lambda020_limit1000.csv,ArcFace,clean,clean,0.7534175515174866,ArcFace_clean
18,GhostFaceNet,/content/face_module/dataset_extractedfaces/celeba_pairs/092809.jpg,/content/face_module/dataset_extractedfaces/celeba_pairs/108708.jpg,celeba_pairs,dodging_attack,/home/nadmin/Desktop/updatedattack/results/Ghostfacenet/transfer_attack_similarity_scores_all12_lambda020_limit1000.csv,Facenet512,MI_ADMIX_DI_TI,vanilla,0.6549099683761597,Facenet512_MI_ADMIX_DI_TI_adv
18,GhostFaceNet,/content/face_module/dataset_extractedfaces/celeba_pairs/092809.jpg,/content/face_module/dataset_extractedfaces/celeba_pairs/108708.jpg,celeba_pairs,dodging_attack,/home/nadmin/Desktop/updatedattack/results/Ghostfacenet/transfer_attack_similarity_scores_all12_lambda020_limit1000.csv,Facenet512,MI_FGSM,vanilla,0.5421006083488464,Facenet512_MI_FGSM_adv
18,GhostFaceNet,/content/face_module/dataset_extractedfaces/celeba_pairs/092809.jpg,/content/face_module/dataset_extractedfaces/celeba_pairs/108708.jpg,celeba_pairs,dodging_attack,/home/nadmin/Desktop/updatedattack/results/Ghostfacenet/transfer_attack_similarity_scores_all12_lambda020_limit1000.csv,Facenet512,PGD,vanilla,0.6752354502677917,Facenet512_PGD_adv
18,GhostFaceNet,/content/face_module/dataset_extractedfaces/celeba_pairs/092809.jpg,/content/face_module/dataset_extractedfaces/celeba_pairs/108708.jpg,celeba_pairs,dodging_attack,/home/nadmin/Desktop/updatedattack/results/Ghostfacenet/transfer_attack_similarity_scores_all12_lambda020_limit1000.csv,Facenet512,SI_NI_FGSM,vanilla,0.5246672630310059,Facenet512_SI_NI_FGSM_adv
18,GhostFaceNet,/content/face_module/dataset_extractedfaces/celeba_pairs/092809.jpg,/content/face_module/dataset_extractedfaces/celeba_pairs/108708.jpg,celeba_pairs,dodging_attack,/home/nadmin/Desktop/updatedattack/results/Ghostfacenet/transfer_attack_similarity_scores_all12_lambda020_limit1000.csv,Facenet512,TI_FGSM,vanilla,0.6845499277114868,Facenet512_TI_FGSM_adv
18,GhostFaceNet,/content/face_module/dataset_extractedfaces/celeba_pairs/092809.jpg,/content/face_module/dataset_extractedfaces/celeba_pairs/108708.jpg,celeba_pairs,dodging_attack,/home/nadmin/Desktop/updatedattack/results/Ghostfacenet/transfer_attack_similarity_scores_all12_lambda020_limit1000.csv,Facenet512,clean,clean,0.7128064632415771,Facenet512_clean
18,GhostFaceNet,/content/face_module/dataset_extractedfaces/celeba_pairs/092809.jpg,/content/face_module/dataset_extractedfaces/celeba_pairs/108708.jpg,celeba_pairs,dodging_attack,/home/nadmin/Desktop/updatedattack/results/Ghostfacenet/transfer_attack_similarity_scores_all12_lambda020_limit1000.csv,GhostFaceNet,clean,clean,0.6571601629257202,GhostFaceNet_clean
18,GhostFaceNet,/content/face_module/dataset_extractedfaces/celeba_pairs/092809.jpg,/content/face_module/dataset_extractedfaces/celeba_pairs/108708.jpg,celeba_pairs,dodging_attack,/home/nadmin/Desktop/updatedattack/results/Ghostfacenet/transfer_attack_similarity_scores_all12_lambda020_limit1000.csv,IR152,MI_ADMIX_DI_TI,vanilla,0.5238046646118164,IR152_MI_ADMIX_DI_TI_adv
18,GhostFaceNet,/content/face_module/dataset_extractedfaces/celeba_pairs/092809.jpg,/content/face_module/dataset_extractedfaces/celeba_pairs/108708.jpg,celeba_pairs,dodging_attack,/home/nadmin/Desktop/updatedattack/results/Ghostfacenet/transfer_attack_similarity_scores_all12_lambda020_limit1000.csv,IR152,MI_FGSM,vanilla,0.3855634331703186,IR152_MI_FGSM_adv
18,GhostFaceNet,/content/face_module/dataset_extractedfaces/celeba_pairs/092809.jpg,/content/face_module/dataset_extractedfaces/celeba_pairs/108708.jpg,celeba_pairs,dodging_attack,/home/nadmin/Desktop/updatedattack/results/Ghostfacenet/transfer_attack_similarity_scores_all12_lambda020_limit1000.csv,IR152,PGD,vanilla,0.5838044881820679,IR152_PGD_adv
18,GhostFaceNet,/content/face_module/dataset_extractedfaces/celeba_pairs/092809.jpg,/content/face_module/dataset_extractedfaces/celeba_pairs/108708.jpg,celeba_pairs,dodging_attack,/home/nadmin/Desktop/updatedattack/results/Ghostfacenet/transfer_attack_similarity_scores_all12_lambda020_limit1000.csv,IR152,SI_NI_FGSM,vanilla,0.3560922145843506,IR152_SI_NI_FGSM_adv
18,GhostFaceNet,/content/face_module/dataset_extractedfaces/celeba_pairs/092809.jpg,/content/face_module/dataset_extractedfaces/celeba_pairs/108708.jpg,celeba_pairs,dodging_attack,/home/nadmin/Desktop/updatedattack/results/Ghostfacenet/transfer_attack_similarity_scores_all12_lambda020_limit1000.csv,IR152,TI_FGSM,vanilla,0.5192689895629883,IR152_TI_FGSM_adv
18,GhostFaceNet,/content/face_module/dataset_extractedfaces/celeba_pairs/092809.jpg,/content/face_module/dataset_extractedfaces/celeba_pairs/108708.jpg,celeba_pairs,dodging_attack,/home/nadmin/Desktop/updatedattack/results/Ghostfacenet/transfer_attack_similarity_scores_all12_lambda020_limit1000.csv,IR152,clean,clean,0.707098126411438,IR152_clean
18,GhostFaceNet,/content/face_module/dataset_extractedfaces/celeba_pairs/092809.jpg,/content/face_module/dataset_extractedfaces/celeba_pairs/108708.jpg,celeba_pairs,dodging_attack,/home/nadmin/Desktop/updatedattack/results/Ghostfacenet/transfer_attack_similarity_scores_all12_lambda020_limit1000.csv,VGG-Face,MI_ADMIX_DI_TI,vanilla,0.3748460710048675,VGG-Face_MI_ADMIX_DI_TI_adv
18,GhostFaceNet,/content/face_module/dataset_extractedfaces/celeba_pairs/092809.jpg,/content/face_module/dataset_extractedfaces/celeba_pairs/108708.jpg,celeba_pairs,dodging_attack,/home/nadmin/Desktop/updatedattack/results/Ghostfacenet/transfer_attack_similarity_scores_all12_lambda020_limit1000.csv,VGG-Face,MI_FGSM,vanilla,0.3344448208808899,VGG-Face_MI_FGSM_adv
18,GhostFaceNet,/content/face_module/dataset_extractedfaces/celeba_pairs/092809.jpg,/content/face_module/dataset_extractedfaces/celeba_pairs/108708.jpg,celeba_pairs,dodging_attack,/home/nadmin/Desktop/updatedattack/results/Ghostfacenet/transfer_attack_similarity_scores_all12_lambda020_limit1000.csv,VGG-Face,PGD,vanilla,0.4983415603637695,VGG-Face_PGD_adv
18,GhostFaceNet,/content/face_module/dataset_extractedfaces/celeba_pairs/092809.jpg,/content/face_module/dataset_extractedfaces/celeba_pairs/108708.jpg,celeba_pairs,dodging_attack,/home/nadmin/Desktop/updatedattack/results/Ghostfacenet/transfer_attack_similarity_scores_all12_lambda020_limit1000.csv,VGG-Face,SI_NI_FGSM,vanilla,0.2567590475082397,VGG-Face_SI_NI_FGSM_adv
18,GhostFaceNet,/content/face_module/dataset_extractedfaces/celeba_pairs/092809.jpg,/content/face_module/dataset_extractedfaces/celeba_pairs/108708.jpg,celeba_pairs,dodging_attack,/home/nadmin/Desktop/updatedattack/results/Ghostfacenet/transfer_attack_similarity_scores_all12_lambda020_limit1000.csv,VGG-Face,TI_FGSM,vanilla,0.4524797201156616,VGG-Face_TI_FGSM_adv
18,GhostFaceNet,/content/face_module/dataset_extractedfaces/celeba_pairs/092809.jpg,/content/face_module/dataset_extractedfaces/celeba_pairs/108708.jpg,celeba_pairs,dodging_attack,/home/nadmin/Desktop/updatedattack/results/Ghostfacenet/transfer_attack_similarity_scores_all12_lambda020_limit1000.csv,VGG-Face,clean,clean,0.5854153633117676,VGG-Face_clean
19,GhostFaceNet,/content/face_module/dataset_extractedfaces/vggface2_pairs/n000007_0012_01.jpg,/content/face_module/dataset_extractedfaces/vggface2_pairs/n000008_0101_01.jpg,vggface2_pairs,impersonation_attack,/home/nadmin/Desktop/updatedattack/results/Ghostfacenet/transfer_attack_similarity_scores_all12_lambda020_limit1000.csv,ArcFace,MI_ADMIX_DI_TI,vanilla,0.2187557220458984,ArcFace_MI_ADMIX_DI_TI_adv
19,GhostFaceNet,/content/face_module/dataset_extractedfaces/vggface2_pairs/n000007_0012_01.jpg,/content/face_module/dataset_extractedfaces/vggface2_pairs/n000008_0101_01.jpg,vggface2_pairs,impersonation_attack,/home/nadmin/Desktop/updatedattack/results/Ghostfacenet/transfer_attack_similarity_scores_all12_lambda020_limit1000.csv,ArcFace,MI_FGSM,vanilla,0.2568817138671875,ArcFace_MI_FGSM_adv
19,GhostFaceNet,/content/face_module/dataset_extractedfaces/vggface2_pairs/n000007_0012_01.jpg,/content/face_module/dataset_extractedfaces/vggface2_pairs/n000008_0101_01.jpg,vggface2_pairs,impersonation_attack,/home/nadmin/Desktop/updatedattack/results/Ghostfacenet/transfer_attack_similarity_scores_all12_lambda020_limit1000.csv,ArcFace,PGD,vanilla,0.211721584200859,ArcFace_PGD_adv
19,GhostFaceNet,/content/face_module/dataset_extractedfaces/vggface2_pairs/n000007_0012_01.jpg,/content/face_module/dataset_extractedfaces/vggface2_pairs/n000008_0101_01.jpg,vggface2_pairs,impersonation_attack,/home/nadmin/Desktop/updatedattack/results/Ghostfacenet/transfer_attack_similarity_scores_all12_lambda020_limit1000.csv,ArcFace,SI_NI_FGSM,vanilla,0.3241555690765381,ArcFace_SI_NI_FGSM_adv
19,GhostFaceNet,/content/face_module/dataset_extractedfaces/vggface2_pairs/n000007_0012_01.jpg,/content/face_module/dataset_extractedfaces/vggface2_pairs/n000008_0101_01.jpg,vggface2_pairs,impersonation_attack,/home/nadmin/Desktop/updatedattack/results/Ghostfacenet/transfer_attack_similarity_scores_all12_lambda020_limit1000.csv,ArcFace,TI_FGSM,vanilla,0.2043320834636688,ArcFace_TI_FGSM_adv
19,GhostFaceNet,/content/face_module/dataset_extractedfaces/vggface2_pairs/n000007_0012_01.jpg,/content/face_module/dataset_extractedfaces/vggface2_pairs/n000008_0101_01.jpg,vggface2_pairs,impersonation_attack,/home/nadmin/Desktop/updatedattack/results/Ghostfacenet/transfer_attack_similarity_scores_all12_lambda020_limit1000.csv,ArcFace,clean,clean,0.1917921304702758,ArcFace_clean
19,GhostFaceNet,/content/face_module/dataset_extractedfaces/vggface2_pairs/n000007_0012_01.jpg,/content/face_module/dataset_extractedfaces/vggface2_pairs/n000008_0101_01.jpg,vggface2_pairs,impersonation_attack,/home/nadmin/Desktop/updatedattack/results/Ghostfacenet/transfer_attack_similarity_scores_all12_lambda020_limit1000.csv,Facenet512,MI_ADMIX_DI_TI,vanilla,0.1027579754590988,Facenet512_MI_ADMIX_DI_TI_adv
19,GhostFaceNet,/content/face_module/dataset_extractedfaces/vggface2_pairs/n000007_0012_01.jpg,/content/face_module/dataset_extractedfaces/vggface2_pairs/n000008_0101_01.jpg,vggface2_pairs,impersonation_attack,/home/nadmin/Desktop/updatedattack/results/Ghostfacenet/transfer_attack_similarity_scores_all12_lambda020_limit1000.csv,Facenet512,MI_FGSM,vanilla,0.1319352090358734,Facenet512_MI_FGSM_adv
19,GhostFaceNet,/content/face_module/dataset_extractedfaces/vggface2_pairs/n000007_0012_01.jpg,/content/face_module/dataset_extractedfaces/vggface2_pairs/n000008_0101_01.jpg,vggface2_pairs,impersonation_attack,/home/nadmin/Desktop/updatedattack/results/Ghostfacenet/transfer_attack_similarity_scores_all12_lambda020_limit1000.csv,Facenet512,PGD,vanilla,0.0789076685905456,Facenet512_PGD_adv
19,GhostFaceNet,/content/face_module/dataset_extractedfaces/vggface2_pairs/n000007_0012_01.jpg,/content/face_module/dataset_extractedfaces/vggface2_pairs/n000008_0101_01.jpg,vggface2_pairs,impersonation_attack,/home/nadmin/Desktop/updatedattack/results/Ghostfacenet/transfer_attack_similarity_scores_all12_lambda020_limit1000.csv,Facenet512,SI_NI_FGSM,vanilla,0.1694592088460922,Facenet512_SI_NI_FGSM_adv
19,GhostFaceNet,/content/face_module/dataset_extractedfaces/vggface2_pairs/n000007_0012_01.jpg,/content/face_module/dataset_extractedfaces/vggface2_pairs/n000008_0101_01.jpg,vggface2_pairs,impersonation_attack,/home/nadmin/Desktop/updatedattack/results/Ghostfacenet/transfer_attack_similarity_scores_all12_lambda020_limit1000.csv,Facenet512,TI_FGSM,vanilla,0.0838152095675468,Facenet512_TI_FGSM_adv
19,GhostFaceNet,/content/face_module/dataset_extractedfaces/vggface2_pairs/n000007_0012_01.jpg,/content/face_module/dataset_extractedfaces/vggface2_pairs/n000008_0101_01.jpg,vggface2_pairs,impersonation_attack,/home/nadmin/Desktop/updatedattack/results/Ghostfacenet/transfer_attack_similarity_scores_all12_lambda020_limit1000.csv,Facenet512,clean,clean,0.0531447790563106,Facenet512_clean
19,GhostFaceNet,/content/face_module/dataset_extractedfaces/vggface2_pairs/n000007_0012_01.jpg,/content/face_module/dataset_extractedfaces/vggface2_pairs/n000008_0101_01.jpg,vggface2_pairs,impersonation_attack,/home/nadmin/Desktop/updatedattack/results/Ghostfacenet/transfer_attack_similarity_scores_all12_lambda020_limit1000.csv,GhostFaceNet,clean,clean,0.0520271658897399,GhostFaceNet_clean
19,GhostFaceNet,/content/face_module/dataset_extractedfaces/vggface2_pairs/n000007_0012_01.jpg,/content/face_module/dataset_extractedfaces/vggface2_pairs/n000008_0101_01.jpg,vggface2_pairs,impersonation_attack,/home/nadmin/Desktop/updatedattack/results/Ghostfacenet/transfer_attack_similarity_scores_all12_lambda020_limit1000.csv,IR152,MI_ADMIX_DI_TI,vanilla,0.0008684708736836,IR152_MI_ADMIX_DI_TI_adv
19,GhostFaceNet,/content/face_module/dataset_extractedfaces/vggface2_pairs/n000007_0012_01.jpg,/content/face_module/dataset_extractedfaces/vggface2_pairs/n000008_0101_01.jpg,vggface2_pairs,impersonation_attack,/home/nadmin/Desktop/updatedattack/results/Ghostfacenet/transfer_attack_similarity_scores_all12_lambda020_limit1000.csv,IR152,MI_FGSM,vanilla,-0.0064921882003545,IR152_MI_FGSM_adv
19,GhostFaceNet,/content/face_module/dataset_extractedfaces/vggface2_pairs/n000007_0012_01.jpg,/content/face_module/dataset_extractedfaces/vggface2_pairs/n000008_0101_01.jpg,vggface2_pairs,impersonation_attack,/home/nadmin/Desktop/updatedattack/results/Ghostfacenet/transfer_attack_similarity_scores_all12_lambda020_limit1000.csv,IR152,PGD,vanilla,-0.0166403651237487,IR152_PGD_adv
19,GhostFaceNet,/content/face_module/dataset_extractedfaces/vggface2_pairs/n000007_0012_01.jpg,/content/face_module/dataset_extractedfaces/vggface2_pairs/n000008_0101_01.jpg,vggface2_pairs,impersonation_attack,/home/nadmin/Desktop/updatedattack/results/Ghostfacenet/transfer_attack_similarity_scores_all12_lambda020_limit1000.csv,IR152,SI_NI_FGSM,vanilla,0.0193411484360694,IR152_SI_NI_FGSM_adv
19,GhostFaceNet,/content/face_module/dataset_extractedfaces/vggface2_pairs/n000007_0012_01.jpg,/content/face_module/dataset_extractedfaces/vggface2_pairs/n000008_0101_01.jpg,vggface2_pairs,impersonation_attack,/home/nadmin/Desktop/updatedattack/results/Ghostfacenet/transfer_attack_similarity_scores_all12_lambda020_limit1000.csv,IR152,TI_FGSM,vanilla,-0.0010906849056482,IR152_TI_FGSM_adv
19,GhostFaceNet,/content/face_module/dataset_extractedfaces/vggface2_pairs/n000007_0012_01.jpg,/content/face_module/dataset_extractedfaces/vggface2_pairs/n000008_0101_01.jpg,vggface2_pairs,impersonation_attack,/home/nadmin/Desktop/updatedattack/results/Ghostfacenet/transfer_attack_similarity_scores_all12_lambda020_limit1000.csv,IR152,clean,clean,-0.0336103551089763,IR152_clean
19,GhostFaceNet,/content/face_module/dataset_extractedfaces/vggface2_pairs/n000007_0012_01.jpg,/content/face_module/dataset_extractedfaces/vggface2_pairs/n000008_0101_01.jpg,vggface2_pairs,impersonation_attack,/home/nadmin/Desktop/updatedattack/results/Ghostfacenet/transfer_attack_similarity_scores_all12_lambda020_limit1000.csv,VGG-Face,MI_ADMIX_DI_TI,vanilla,0.0601976104080677,VGG-Face_MI_ADMIX_DI_TI_adv
19,GhostFaceNet,/content/face_module/dataset_extractedfaces/vggface2_pairs/n000007_0012_01.jpg,/content/face_module/dataset_extractedfaces/vggface2_pairs/n000008_0101_01.jpg,vggface2_pairs,impersonation_attack,/home/nadmin/Desktop/updatedattack/results/Ghostfacenet/transfer_attack_similarity_scores_all12_lambda020_limit1000.csv,VGG-Face,MI_FGSM,vanilla,0.0782750323414802,VGG-Face_MI_FGSM_adv
19,GhostFaceNet,/content/face_module/dataset_extractedfaces/vggface2_pairs/n000007_0012_01.jpg,/content/face_module/dataset_extractedfaces/vggface2_pairs/n000008_0101_01.jpg,vggface2_pairs,impersonation_attack,/home/nadmin/Desktop/updatedattack/results/Ghostfacenet/transfer_attack_similarity_scores_all12_lambda020_limit1000.csv,VGG-Face,PGD,vanilla,0.0612913966178894,VGG-Face_PGD_adv
19,GhostFaceNet,/content/face_module/dataset_extractedfaces/vggface2_pairs/n000007_0012_01.jpg,/content/face_module/dataset_extractedfaces/vggface2_pairs/n000008_0101_01.jpg,vggface2_pairs,impersonation_attack,/home/nadmin/Desktop/updatedattack/results/Ghostfacenet/transfer_attack_similarity_scores_all12_lambda020_limit1000.csv,VGG-Face,SI_NI_FGSM,vanilla,0.0833774656057357,VGG-Face_SI_NI_FGSM_adv
19,GhostFaceNet,/content/face_module/dataset_extractedfaces/vggface2_pairs/n000007_0012_01.jpg,/content/face_module/dataset_extractedfaces/vggface2_pairs/n000008_0101_01.jpg,vggface2_pairs,impersonation_attack,/home/nadmin/Desktop/updatedattack/results/Ghostfacenet/transfer_attack_similarity_scores_all12_lambda020_limit1000.csv,VGG-Face,TI_FGSM,vanilla,0.058876734226942,VGG-Face_TI_FGSM_adv
19,GhostFaceNet,/content/face_module/dataset_extractedfaces/vggface2_pairs/n000007_0012_01.jpg,/content/face_module/dataset_extractedfaces/vggface2_pairs/n000008_0101_01.jpg,vggface2_pairs,impersonation_attack,/home/nadmin/Desktop/updatedattack/results/Ghostfacenet/transfer_attack_similarity_scores_all12_lambda020_limit1000.csv,VGG-Face,clean,clean,0.056086029857397,VGG-Face_clean
21,GhostFaceNet,/content/face_module/dataset_extractedfaces/vggface2_pairs/n000012_0183_01.jpg,/content/face_module/dataset_extractedfaces/vggface2_pairs/n000014_0113_01.jpg,vggface2_pairs,impersonation_attack,/home/nadmin/Desktop/updatedattack/results/Ghostfacenet/transfer_attack_similarity_scores_all12_lambda020_limit1000.csv,ArcFace,MI_ADMIX_DI_TI,vanilla,0.28403040766716,ArcFace_MI_ADMIX_DI_TI_adv
21,GhostFaceNet,/content/face_module/dataset_extractedfaces/vggface2_pairs/n000012_0183_01.jpg,/content/face_module/dataset_extractedfaces/vggface2_pairs/n000014_0113_01.jpg,vggface2_pairs,impersonation_attack,/home/nadmin/Desktop/updatedattack/results/Ghostfacenet/transfer_attack_similarity_scores_all12_lambda020_limit1000.csv,ArcFace,MI_FGSM,vanilla,0.2993960082530975,ArcFace_MI_FGSM_adv
21,GhostFaceNet,/content/face_module/dataset_extractedfaces/vggface2_pairs/n000012_0183_01.jpg,/content/face_module/dataset_extractedfaces/vggface2_pairs/n000014_0113_01.jpg,vggface2_pairs,impersonation_attack,/home/nadmin/Desktop/updatedattack/results/Ghostfacenet/transfer_attack_similarity_scores_all12_lambda020_limit1000.csv,ArcFace,PGD,vanilla,0.2698463201522827,ArcFace_PGD_adv
21,GhostFaceNet,/content/face_module/dataset_extractedfaces/vggface2_pairs/n000012_0183_01.jpg,/content/face_module/dataset_extractedfaces/vggface2_pairs/n000014_0113_01.jpg,vggface2_pairs,impersonation_attack,/home/nadmin/Desktop/updatedattack/results/Ghostfacenet/transfer_attack_similarity_scores_all12_lambda020_limit1000.csv,ArcFace,SI_NI_FGSM,vanilla,0.343894898891449,ArcFace_SI_NI_FGSM_adv
21,GhostFaceNet,/content/face_module/dataset_extractedfaces/vggface2_pairs/n000012_0183_01.jpg,/content/face_module/dataset_extractedfaces/vggface2_pairs/n000014_0113_01.jpg,vggface2_pairs,impersonation_attack,/home/nadmin/Desktop/updatedattack/results/Ghostfacenet/transfer_attack_similarity_scores_all12_lambda020_limit1000.csv,ArcFace,TI_FGSM,vanilla,0.2650130987167358,ArcFace_TI_FGSM_adv
21,GhostFaceNet,/content/face_module/dataset_extractedfaces/vggface2_pairs/n000012_0183_01.jpg,/content/face_module/dataset_extractedfaces/vggface2_pairs/n000014_0113_01.jpg,vggface2_pairs,impersonation_attack,/home/nadmin/Desktop/updatedattack/results/Ghostfacenet/transfer_attack_similarity_scores_all12_lambda020_limit1000.csv,ArcFace,clean,clean,0.1859162747859954,ArcFace_clean
21,GhostFaceNet,/content/face_module/dataset_extractedfaces/vggface2_pairs/n000012_0183_01.jpg,/content/face_module/dataset_extractedfaces/vggface2_pairs/n000014_0113_01.jpg,vggface2_pairs,impersonation_attack,/home/nadmin/Desktop/updatedattack/results/Ghostfacenet/transfer_attack_similarity_scores_all12_lambda020_limit1000.csv,Facenet512,MI_ADMIX_DI_TI,vanilla,-0.119704857468605,Facenet512_MI_ADMIX_DI_TI_adv
21,GhostFaceNet,/content/face_module/dataset_extractedfaces/vggface2_pairs/n000012_0183_01.jpg,/content/face_module/dataset_extractedfaces/vggface2_pairs/n000014_0113_01.jpg,vggface2_pairs,impersonation_attack,/home/nadmin/Desktop/updatedattack/results/Ghostfacenet/transfer_attack_similarity_scores_all12_lambda020_limit1000.csv,Facenet512,MI_FGSM,vanilla,-0.1466644704341888,Facenet512_MI_FGSM_adv
21,GhostFaceNet,/content/face_module/dataset_extractedfaces/vggface2_pairs/n000012_0183_01.jpg,/content/face_module/dataset_extractedfaces/vggface2_pairs/n000014_0113_01.jpg,vggface2_pairs,impersonation_attack,/home/nadmin/Desktop/updatedattack/results/Ghostfacenet/transfer_attack_similarity_scores_all12_lambda020_limit1000.csv,Facenet512,PGD,vanilla,-0.1531347334384918,Facenet512_PGD_adv
21,GhostFaceNet,/content/face_module/dataset_extractedfaces/vggface2_pairs/n000012_0183_01.jpg,/content/face_module/dataset_extractedfaces/vggface2_pairs/n000014_0113_01.jpg,vggface2_pairs,impersonation_attack,/home/nadmin/Desktop/updatedattack/results/Ghostfacenet/transfer_attack_similarity_scores_all12_lambda020_limit1000.csv,Facenet512,SI_NI_FGSM,vanilla,-0.1614228039979934,Facenet512_SI_NI_FGSM_adv
21,GhostFaceNet,/content/face_module/dataset_extractedfaces/vggface2_pairs/n000012_0183_01.jpg,/content/face_module/dataset_extractedfaces/vggface2_pairs/n000014_0113_01.jpg,vggface2_pairs,impersonation_attack,/home/nadmin/Desktop/updatedattack/results/Ghostfacenet/transfer_attack_similarity_scores_all12_lambda020_limit1000.csv,Facenet512,TI_FGSM,vanilla,-0.1240469366312027,Facenet512_TI_FGSM_adv
21,GhostFaceNet,/content/face_module/dataset_extractedfaces/vggface2_pairs/n000012_0183_01.jpg,/content/face_module/dataset_extractedfaces/vggface2_pairs/n000014_0113_01.jpg,vggface2_pairs,impersonation_attack,/home/nadmin/Desktop/updatedattack/results/Ghostfacenet/transfer_attack_similarity_scores_all12_lambda020_limit1000.csv,Facenet512,clean,clean,-0.2023607045412063,Facenet512_clean
21,GhostFaceNet,/content/face_module/dataset_extractedfaces/vggface2_pairs/n000012_0183_01.jpg,/content/face_module/dataset_extractedfaces/vggface2_pairs/n000014_0113_01.jpg,vggface2_pairs,impersonation_attack,/home/nadmin/Desktop/updatedattack/results/Ghostfacenet/transfer_attack_similarity_scores_all12_lambda020_limit1000.csv,GhostFaceNet,clean,clean,0.0400891341269016,GhostFaceNet_clean
21,GhostFaceNet,/content/face_module/dataset_extractedfaces/vggface2_pairs/n000012_0183_01.jpg,/content/face_module/dataset_extractedfaces/vggface2_pairs/n000014_0113_01.jpg,vggface2_pairs,impersonation_attack,/home/nadmin/Desktop/updatedattack/results/Ghostfacenet/transfer_attack_similarity_scores_all12_lambda020_limit1000.csv,IR152,MI_ADMIX_DI_TI,vanilla,0.0268786251544952,IR152_MI_ADMIX_DI_TI_adv
21,GhostFaceNet,/content/face_module/dataset_extractedfaces/vggface2_pairs/n000012_0183_01.jpg,/content/face_module/dataset_extractedfaces/vggface2_pairs/n000014_0113_01.jpg,vggface2_pairs,impersonation_attack,/home/nadmin/Desktop/updatedattack/results/Ghostfacenet/transfer_attack_similarity_scores_all12_lambda020_limit1000.csv,IR152,MI_FGSM,vanilla,0.0233404226601123,IR152_MI_FGSM_adv
21,GhostFaceNet,/content/face_module/dataset_extractedfaces/vggface2_pairs/n000012_0183_01.jpg,/content/face_module/dataset_extractedfaces/vggface2_pairs/n000014_0113_01.jpg,vggface2_pairs,impersonation_attack,/home/nadmin/Desktop/updatedattack/results/Ghostfacenet/transfer_attack_similarity_scores_all12_lambda020_limit1000.csv,IR152,PGD,vanilla,-0.0095546413213014,IR152_PGD_adv
21,GhostFaceNet,/content/face_module/dataset_extractedfaces/vggface2_pairs/n000012_0183_01.jpg,/content/face_module/dataset_extractedfaces/vggface2_pairs/n000014_0113_01.jpg,vggface2_pairs,impersonation_attack,/home/nadmin/Desktop/updatedattack/results/Ghostfacenet/transfer_attack_similarity_scores_all12_lambda020_limit1000.csv,IR152,SI_NI_FGSM,vanilla,0.0289236903190612,IR152_SI_NI_FGSM_adv
21,GhostFaceNet,/content/face_module/dataset_extractedfaces/vggface2_pairs/n000012_0183_01.jpg,/content/face_module/dataset_extractedfaces/vggface2_pairs/n000014_0113_01.jpg,vggface2_pairs,impersonation_attack,/home/nadmin/Desktop/updatedattack/results/Ghostfacenet/transfer_attack_similarity_scores_all12_lambda020_limit1000.csv,IR152,TI_FGSM,vanilla,0.0059560034424066,IR152_TI_FGSM_adv
21,GhostFaceNet,/content/face_module/dataset_extractedfaces/vggface2_pairs/n000012_0183_01.jpg,/content/face_module/dataset_extractedfaces/vggface2_pairs/n000014_0113_01.jpg,vggface2_pairs,impersonation_attack,/home/nadmin/Desktop/updatedattack/results/Ghostfacenet/transfer_attack_similarity_scores_all12_lambda020_limit1000.csv,IR152,clean,clean,-0.0263524912297725,IR152_clean
21,GhostFaceNet,/content/face_module/dataset_extractedfaces/vggface2_pairs/n000012_0183_01.jpg,/content/face_module/dataset_extractedfaces/vggface2_pairs/n000014_0113_01.jpg,vggface2_pairs,impersonation_attack,/home/nadmin/Desktop/updatedattack/results/Ghostfacenet/transfer_attack_similarity_scores_all12_lambda020_limit1000.csv,VGG-Face,MI_ADMIX_DI_TI,vanilla,0.0912741869688034,VGG-Face_MI_ADMIX_DI_TI_adv
21,GhostFaceNet,/content/face_module/dataset_extractedfaces/vggface2_pairs/n000012_0183_01.jpg,/content/face_module/dataset_extractedfaces/vggface2_pairs/n000014_0113_01.jpg,vggface2_pairs,impersonation_attack,/home/nadmin/Desktop/updatedattack/results/Ghostfacenet/transfer_attack_similarity_scores_all12_lambda020_limit1000.csv,VGG-Face,MI_FGSM,vanilla,0.0914786458015441,VGG-Face_MI_FGSM_adv
21,GhostFaceNet,/content/face_module/dataset_extractedfaces/vggface2_pairs/n000012_0183_01.jpg,/content/face_module/dataset_extractedfaces/vggface2_pairs/n000014_0113_01.jpg,vggface2_pairs,impersonation_attack,/home/nadmin/Desktop/updatedattack/results/Ghostfacenet/transfer_attack_similarity_scores_all12_lambda020_limit1000.csv,VGG-Face,PGD,vanilla,0.0815246403217315,VGG-Face_PGD_adv
21,GhostFaceNet,/content/face_module/dataset_extractedfaces/vggface2_pairs/n000012_0183_01.jpg,/content/face_module/dataset_extractedfaces/vggface2_pairs/n000014_0113_01.jpg,vggface2_pairs,impersonation_attack,/home/nadmin/Desktop/updatedattack/results/Ghostfacenet/transfer_attack_similarity_scores_all12_lambda020_limit1000.csv,VGG-Face,SI_NI_FGSM,vanilla,0.0926590412855148,VGG-Face_SI_NI_FGSM_adv
21,GhostFaceNet,/content/face_module/dataset_extractedfaces/vggface2_pairs/n000012_0183_01.jpg,/content/face_module/dataset_extractedfaces/vggface2_pairs/n000014_0113_01.jpg,vggface2_pairs,impersonation_attack,/home/nadmin/Desktop/updatedattack/results/Ghostfacenet/transfer_attack_similarity_scores_all12_lambda020_limit1000.csv,VGG-Face,TI_FGSM,vanilla,0.0779371112585067,VGG-Face_TI_FGSM_adv
21,GhostFaceNet,/content/face_module/dataset_extractedfaces/vggface2_pairs/n000012_0183_01.jpg,/content/face_module/dataset_extractedfaces/vggface2_pairs/n000014_0113_01.jpg,vggface2_pairs,impersonation_attack,/home/nadmin/Desktop/updatedattack/results/Ghostfacenet/transfer_attack_similarity_scores_all12_lambda020_limit1000.csv,VGG-Face,clean,clean,0.064671903848648,VGG-Face_clean
23,GhostFaceNet,/content/face_module/dataset_extractedfaces/lfw_pairs/Tom Daschle_5.jpg,/content/face_module/dataset_extractedfaces/lfw_pairs/Tom Daschle_6.jpg,lfw_pairs,dodging_attack,/home/nadmin/Desktop/updatedattack/results/Ghostfacenet/transfer_attack_similarity_scores_all12_lambda020_limit1000.csv,ArcFace,MI_ADMIX_DI_TI,vanilla,0.6222115159034729,ArcFace_MI_ADMIX_DI_TI_adv
23,GhostFaceNet,/content/face_module/dataset_extractedfaces/lfw_pairs/Tom Daschle_5.jpg,/content/face_module/dataset_extractedfaces/lfw_pairs/Tom Daschle_6.jpg,lfw_pairs,dodging_attack,/home/nadmin/Desktop/updatedattack/results/Ghostfacenet/transfer_attack_similarity_scores_all12_lambda020_limit1000.csv,ArcFace,MI_FGSM,vanilla,0.5508121252059937,ArcFace_MI_FGSM_adv
23,GhostFaceNet,/content/face_module/dataset_extractedfaces/lfw_pairs/Tom Daschle_5.jpg,/content/face_module/dataset_extractedfaces/lfw_pairs/Tom Daschle_6.jpg,lfw_pairs,dodging_attack,/home/nadmin/Desktop/updatedattack/results/Ghostfacenet/transfer_attack_similarity_scores_all12_lambda020_limit1000.csv,ArcFace,PGD,vanilla,0.6278252601623535,ArcFace_PGD_adv
23,GhostFaceNet,/content/face_module/dataset_extractedfaces/lfw_pairs/Tom Daschle_5.jpg,/content/face_module/dataset_extractedfaces/lfw_pairs/Tom Daschle_6.jpg,lfw_pairs,dodging_attack,/home/nadmin/Desktop/updatedattack/results/Ghostfacenet/transfer_attack_similarity_scores_all12_lambda020_limit1000.csv,ArcFace,SI_NI_FGSM,vanilla,0.57973712682724,ArcFace_SI_NI_FGSM_adv
23,GhostFaceNet,/content/face_module/dataset_extractedfaces/lfw_pairs/Tom Daschle_5.jpg,/content/face_module/dataset_extractedfaces/lfw_pairs/Tom Daschle_6.jpg,lfw_pairs,dodging_attack,/home/nadmin/Desktop/updatedattack/results/Ghostfacenet/transfer_attack_similarity_scores_all12_lambda020_limit1000.csv,ArcFace,TI_FGSM,vanilla,0.6121109127998352,ArcFace_TI_FGSM_adv
23,GhostFaceNet,/content/face_module/dataset_extractedfaces/lfw_pairs/Tom Daschle_5.jpg,/content/face_module/dataset_extractedfaces/lfw_pairs/Tom Daschle_6.jpg,lfw_pairs,dodging_attack,/home/nadmin/Desktop/updatedattack/results/Ghostfacenet/transfer_attack_similarity_scores_all12_lambda020_limit1000.csv,ArcFace,clean,clean,0.6419427394866943,ArcFace_clean
23,GhostFaceNet,/content/face_module/dataset_extractedfaces/lfw_pairs/Tom Daschle_5.jpg,/content/face_module/dataset_extractedfaces/lfw_pairs/Tom Daschle_6.jpg,lfw_pairs,dodging_attack,/home/nadmin/Desktop/updatedattack/results/Ghostfacenet/transfer_attack_similarity_scores_all12_lambda020_limit1000.csv,Facenet512,MI_ADMIX_DI_TI,vanilla,0.7249152660369873,Facenet512_MI_ADMIX_DI_TI_adv
23,GhostFaceNet,/content/face_module/dataset_extractedfaces/lfw_pairs/Tom Daschle_5.jpg,/content/face_module/dataset_extractedfaces/lfw_pairs/Tom Daschle_6.jpg,lfw_pairs,dodging_attack,/home/nadmin/Desktop/updatedattack/results/Ghostfacenet/transfer_attack_similarity_scores_all12_lambda020_limit1000.csv,Facenet512,MI_FGSM,vanilla,0.681236743927002,Facenet512_MI_FGSM_adv
23,GhostFaceNet,/content/face_module/dataset_extractedfaces/lfw_pairs/Tom Daschle_5.jpg,/content/face_module/dataset_extractedfaces/lfw_pairs/Tom Daschle_6.jpg,lfw_pairs,dodging_attack,/home/nadmin/Desktop/updatedattack/results/Ghostfacenet/transfer_attack_similarity_scores_all12_lambda020_limit1000.csv,Facenet512,PGD,vanilla,0.7431803345680237,Facenet512_PGD_adv
23,GhostFaceNet,/content/face_module/dataset_extractedfaces/lfw_pairs/Tom Daschle_5.jpg,/content/face_module/dataset_extractedfaces/lfw_pairs/Tom Daschle_6.jpg,lfw_pairs,dodging_attack,/home/nadmin/Desktop/updatedattack/results/Ghostfacenet/transfer_attack_similarity_scores_all12_lambda020_limit1000.csv,Facenet512,SI_NI_FGSM,vanilla,0.6630101203918457,Facenet512_SI_NI_FGSM_adv
23,GhostFaceNet,/content/face_module/dataset_extractedfaces/lfw_pairs/Tom Daschle_5.jpg,/content/face_module/dataset_extractedfaces/lfw_pairs/Tom Daschle_6.jpg,lfw_pairs,dodging_attack,/home/nadmin/Desktop/updatedattack/results/Ghostfacenet/transfer_attack_similarity_scores_all12_lambda020_limit1000.csv,Facenet512,TI_FGSM,vanilla,0.7516233921051025,Facenet512_TI_FGSM_adv
23,GhostFaceNet,/content/face_module/dataset_extractedfaces/lfw_pairs/Tom Daschle_5.jpg,/content/face_module/dataset_extractedfaces/lfw_pairs/Tom Daschle_6.jpg,lfw_pairs,dodging_attack,/home/nadmin/Desktop/updatedattack/results/Ghostfacenet/transfer_attack_similarity_scores_all12_lambda020_limit1000.csv,Facenet512,clean,clean,0.7583963871002197,Facenet512_clean
23,GhostFaceNet,/content/face_module/dataset_extractedfaces/lfw_pairs/Tom Daschle_5.jpg,/content/face_module/dataset_extractedfaces/lfw_pairs/Tom Daschle_6.jpg,lfw_pairs,dodging_attack,/home/nadmin/Desktop/updatedattack/results/Ghostfacenet/transfer_attack_similarity_scores_all12_lambda020_limit1000.csv,GhostFaceNet,clean,clean,0.2230295687913894,GhostFaceNet_clean
23,GhostFaceNet,/content/face_module/dataset_extractedfaces/lfw_pairs/Tom Daschle_5.jpg,/content/face_module/dataset_extractedfaces/lfw_pairs/Tom Daschle_6.jpg,lfw_pairs,dodging_attack,/home/nadmin/Desktop/updatedattack/results/Ghostfacenet/transfer_attack_similarity_scores_all12_lambda020_limit1000.csv,IR152,MI_ADMIX_DI_TI,vanilla,0.6107215881347656,IR152_MI_ADMIX_DI_TI_adv
23,GhostFaceNet,/content/face_module/dataset_extractedfaces/lfw_pairs/Tom Daschle_5.jpg,/content/face_module/dataset_extractedfaces/lfw_pairs/Tom Daschle_6.jpg,lfw_pairs,dodging_attack,/home/nadmin/Desktop/updatedattack/results/Ghostfacenet/transfer_attack_similarity_scores_all12_lambda020_limit1000.csv,IR152,MI_FGSM,vanilla,0.5509948134422302,IR152_MI_FGSM_adv
23,GhostFaceNet,/content/face_module/dataset_extractedfaces/lfw_pairs/Tom Daschle_5.jpg,/content/face_module/dataset_extractedfaces/lfw_pairs/Tom Daschle_6.jpg,lfw_pairs,dodging_attack,/home/nadmin/Desktop/updatedattack/results/Ghostfacenet/transfer_attack_similarity_scores_all12_lambda020_limit1000.csv,IR152,PGD,vanilla,0.6279253363609314,IR152_PGD_adv
23,GhostFaceNet,/content/face_module/dataset_extractedfaces/lfw_pairs/Tom Daschle_5.jpg,/content/face_module/dataset_extractedfaces/lfw_pairs/Tom Daschle_6.jpg,lfw_pairs,dodging_attack,/home/nadmin/Desktop/updatedattack/results/Ghostfacenet/transfer_attack_similarity_scores_all12_lambda020_limit1000.csv,IR152,SI_NI_FGSM,vanilla,0.5351368188858032,IR152_SI_NI_FGSM_adv
23,GhostFaceNet,/content/face_module/dataset_extractedfaces/lfw_pairs/Tom Daschle_5.jpg,/content/face_module/dataset_extractedfaces/lfw_pairs/Tom Daschle_6.jpg,lfw_pairs,dodging_attack,/home/nadmin/Desktop/updatedattack/results/Ghostfacenet/transfer_attack_similarity_scores_all12_lambda020_limit1000.csv,IR152,TI_FGSM,vanilla,0.6430853605270386,IR152_TI_FGSM_adv
23,GhostFaceNet,/content/face_module/dataset_extractedfaces/lfw_pairs/Tom Daschle_5.jpg,/content/face_module/dataset_extractedfaces/lfw_pairs/Tom Daschle_6.jpg,lfw_pairs,dodging_attack,/home/nadmin/Desktop/updatedattack/results/Ghostfacenet/transfer_attack_similarity_scores_all12_lambda020_limit1000.csv,IR152,clean,clean,0.6403073072433472,IR152_clean
23,GhostFaceNet,/content/face_module/dataset_extractedfaces/lfw_pairs/Tom Daschle_5.jpg,/content/face_module/dataset_extractedfaces/lfw_pairs/Tom Daschle_6.jpg,lfw_pairs,dodging_attack,/home/nadmin/Desktop/updatedattack/results/Ghostfacenet/transfer_attack_similarity_scores_all12_lambda020_limit1000.csv,VGG-Face,MI_ADMIX_DI_TI,vanilla,0.5028428435325623,VGG-Face_MI_ADMIX_DI_TI_adv
23,GhostFaceNet,/content/face_module/dataset_extractedfaces/lfw_pairs/Tom Daschle_5.jpg,/content/face_module/dataset_extractedfaces/lfw_pairs/Tom Daschle_6.jpg,lfw_pairs,dodging_attack,/home/nadmin/Desktop/updatedattack/results/Ghostfacenet/transfer_attack_similarity_scores_all12_lambda020_limit1000.csv,VGG-Face,MI_FGSM,vanilla,0.4492889940738678,VGG-Face_MI_FGSM_adv
23,GhostFaceNet,/content/face_module/dataset_extractedfaces/lfw_pairs/Tom Daschle_5.jpg,/content/face_module/dataset_extractedfaces/lfw_pairs/Tom Daschle_6.jpg,lfw_pairs,dodging_attack,/home/nadmin/Desktop/updatedattack/results/Ghostfacenet/transfer_attack_similarity_scores_all12_lambda020_limit1000.csv,VGG-Face,PGD,vanilla,0.5363059043884277,VGG-Face_PGD_adv
23,GhostFaceNet,/content/face_module/dataset_extractedfaces/lfw_pairs/Tom Daschle_5.jpg,/content/face_module/dataset_extractedfaces/lfw_pairs/Tom Daschle_6.jpg,lfw_pairs,dodging_attack,/home/nadmin/Desktop/updatedattack/results/Ghostfacenet/transfer_attack_similarity_scores_all12_lambda020_limit1000.csv,VGG-Face,SI_NI_FGSM,vanilla,0.4412587583065033,VGG-Face_SI_NI_FGSM_adv
23,GhostFaceNet,/content/face_module/dataset_extractedfaces/lfw_pairs/Tom Daschle_5.jpg,/content/face_module/dataset_extractedfaces/lfw_pairs/Tom Daschle_6.jpg,lfw_pairs,dodging_attack,/home/nadmin/Desktop/updatedattack/results/Ghostfacenet/transfer_attack_similarity_scores_all12_lambda020_limit1000.csv,VGG-Face,TI_FGSM,vanilla,0.5161701440811157,VGG-Face_TI_FGSM_adv
23,GhostFaceNet,/content/face_module/dataset_extractedfaces/lfw_pairs/Tom Daschle_5.jpg,/content/face_module/dataset_extractedfaces/lfw_pairs/Tom Daschle_6.jpg,lfw_pairs,dodging_attack,/home/nadmin/Desktop/updatedattack/results/Ghostfacenet/transfer_attack_similarity_scores_all12_lambda020_limit1000.csv,VGG-Face,clean,clean,0.5580029487609863,VGG-Face_clean
26,GhostFaceNet,/content/face_module/dataset_extractedfaces/celeba_pairs/113117.jpg,/content/face_module/dataset_extractedfaces/celeba_pairs/129449.jpg,celeba_pairs,impersonation_attack,/home/nadmin/Desktop/updatedattack/results/Ghostfacenet/transfer_attack_similarity_scores_all12_lambda020_limit1000.csv,ArcFace,MI_ADMIX_DI_TI,vanilla,0.0422022901475429,ArcFace_MI_ADMIX_DI_TI_adv
26,GhostFaceNet,/content/face_module/dataset_extractedfaces/celeba_pairs/113117.jpg,/content/face_module/dataset_extractedfaces/celeba_pairs/129449.jpg,celeba_pairs,impersonation_attack,/home/nadmin/Desktop/updatedattack/results/Ghostfacenet/transfer_attack_similarity_scores_all12_lambda020_limit1000.csv,ArcFace,MI_FGSM,vanilla,0.0052186921238899,ArcFace_MI_FGSM_adv
26,GhostFaceNet,/content/face_module/dataset_extractedfaces/celeba_pairs/113117.jpg,/content/face_module/dataset_extractedfaces/celeba_pairs/129449.jpg,celeba_pairs,impersonation_attack,/home/nadmin/Desktop/updatedattack/results/Ghostfacenet/transfer_attack_similarity_scores_all12_lambda020_limit1000.csv,ArcFace,PGD,vanilla,-0.0024160481989383,ArcFace_PGD_adv
26,GhostFaceNet,/content/face_module/dataset_extractedfaces/celeba_pairs/113117.jpg,/content/face_module/dataset_extractedfaces/celeba_pairs/129449.jpg,celeba_pairs,impersonation_attack,/home/nadmin/Desktop/updatedattack/results/Ghostfacenet/transfer_attack_similarity_scores_all12_lambda020_limit1000.csv,ArcFace,SI_NI_FGSM,vanilla,0.0203705038875341,ArcFace_SI_NI_FGSM_adv
26,GhostFaceNet,/content/face_module/dataset_extractedfaces/celeba_pairs/113117.jpg,/content/face_module/dataset_extractedfaces/celeba_pairs/129449.jpg,celeba_pairs,impersonation_attack,/home/nadmin/Desktop/updatedattack/results/Ghostfacenet/transfer_attack_similarity_scores_all12_lambda020_limit1000.csv,ArcFace,TI_FGSM,vanilla,0.0293511562049388,ArcFace_TI_FGSM_adv
26,GhostFaceNet,/content/face_module/dataset_extractedfaces/celeba_pairs/113117.jpg,/content/face_module/dataset_extractedfaces/celeba_pairs/129449.jpg,celeba_pairs,impersonation_attack,/home/nadmin/Desktop/updatedattack/results/Ghostfacenet/transfer_attack_similarity_scores_all12_lambda020_limit1000.csv,ArcFace,clean,clean,0.0089564956724643,ArcFace_clean
26,GhostFaceNet,/content/face_module/dataset_extractedfaces/celeba_pairs/113117.jpg,/content/face_module/dataset_extractedfaces/celeba_pairs/129449.jpg,celeba_pairs,impersonation_attack,/home/nadmin/Desktop/updatedattack/results/Ghostfacenet/transfer_attack_similarity_scores_all12_lambda020_limit1000.csv,Facenet512,MI_ADMIX_DI_TI,vanilla,-0.2113527208566665,Facenet512_MI_ADMIX_DI_TI_adv
26,GhostFaceNet,/content/face_module/dataset_extractedfaces/celeba_pairs/113117.jpg,/content/face_module/dataset_extractedfaces/celeba_pairs/129449.jpg,celeba_pairs,impersonation_attack,/home/nadmin/Desktop/updatedattack/results/Ghostfacenet/transfer_attack_similarity_scores_all12_lambda020_limit1000.csv,Facenet512,MI_FGSM,vanilla,-0.2583248615264892,Facenet512_MI_FGSM_adv
26,GhostFaceNet,/content/face_module/dataset_extractedfaces/celeba_pairs/113117.jpg,/content/face_module/dataset_extractedfaces/celeba_pairs/129449.jpg,celeba_pairs,impersonation_attack,/home/nadmin/Desktop/updatedattack/results/Ghostfacenet/transfer_attack_similarity_scores_all12_lambda020_limit1000.csv,Facenet512,PGD,vanilla,-0.2702647745609283,Facenet512_PGD_adv
26,GhostFaceNet,/content/face_module/dataset_extractedfaces/celeba_pairs/113117.jpg,/content/face_module/dataset_extractedfaces/celeba_pairs/129449.jpg,celeba_pairs,impersonation_attack,/home/nadmin/Desktop/updatedattack/results/Ghostfacenet/transfer_attack_similarity_scores_all12_lambda020_limit1000.csv,Facenet512,SI_NI_FGSM,vanilla,-0.2357370406389236,Facenet512_SI_NI_FGSM_adv
26,GhostFaceNet,/content/face_module/dataset_extractedfaces/celeba_pairs/113117.jpg,/content/face_module/dataset_extractedfaces/celeba_pairs/129449.jpg,celeba_pairs,impersonation_attack,/home/nadmin/Desktop/updatedattack/results/Ghostfacenet/transfer_attack_similarity_scores_all12_lambda020_limit1000.csv,Facenet512,TI_FGSM,vanilla,-0.2433837056159973,Facenet512_TI_FGSM_adv
26,GhostFaceNet,/content/face_module/dataset_extractedfaces/celeba_pairs/113117.jpg,/content/face_module/dataset_extractedfaces/celeba_pairs/129449.jpg,celeba_pairs,impersonation_attack,/home/nadmin/Desktop/updatedattack/results/Ghostfacenet/transfer_attack_similarity_scores_all12_lambda020_limit1000.csv,Facenet512,clean,clean,-0.209015667438507,Facenet512_clean
26,GhostFaceNet,/content/face_module/dataset_extractedfaces/celeba_pairs/113117.jpg,/content/face_module/dataset_extractedfaces/celeba_pairs/129449.jpg,celeba_pairs,impersonation_attack,/home/nadmin/Desktop/updatedattack/results/Ghostfacenet/transfer_attack_similarity_scores_all12_lambda020_limit1000.csv,GhostFaceNet,clean,clean,0.0292761120945215,GhostFaceNet_clean
26,GhostFaceNet,/content/face_module/dataset_extractedfaces/celeba_pairs/113117.jpg,/content/face_module/dataset_extractedfaces/celeba_pairs/129449.jpg,celeba_pairs,impersonation_attack,/home/nadmin/Desktop/updatedattack/results/Ghostfacenet/transfer_attack_similarity_scores_all12_lambda020_limit1000.csv,IR152,MI_ADMIX_DI_TI,vanilla,0.0721533298492431,IR152_MI_ADMIX_DI_TI_adv
26,GhostFaceNet,/content/face_module/dataset_extractedfaces/celeba_pairs/113117.jpg,/content/face_module/dataset_extractedfaces/celeba_pairs/129449.jpg,celeba_pairs,impersonation_attack,/home/nadmin/Desktop/updatedattack/results/Ghostfacenet/transfer_attack_similarity_scores_all12_lambda020_limit1000.csv,IR152,MI_FGSM,vanilla,0.0844607129693031,IR152_MI_FGSM_adv
26,GhostFaceNet,/content/face_module/dataset_extractedfaces/celeba_pairs/113117.jpg,/content/face_module/dataset_extractedfaces/celeba_pairs/129449.jpg,celeba_pairs,impersonation_attack,/home/nadmin/Desktop/updatedattack/results/Ghostfacenet/transfer_attack_similarity_scores_all12_lambda020_limit1000.csv,IR152,PGD,vanilla,0.0932340025901794,IR152_PGD_adv
26,GhostFaceNet,/content/face_module/dataset_extractedfaces/celeba_pairs/113117.jpg,/content/face_module/dataset_extractedfaces/celeba_pairs/129449.jpg,celeba_pairs,impersonation_attack,/home/nadmin/Desktop/updatedattack/results/Ghostfacenet/transfer_attack_similarity_scores_all12_lambda020_limit1000.csv,IR152,SI_NI_FGSM,vanilla,0.0741466134786605,IR152_SI_NI_FGSM_adv
26,GhostFaceNet,/content/face_module/dataset_extractedfaces/celeba_pairs/113117.jpg,/content/face_module/dataset_extractedfaces/celeba_pairs/129449.jpg,celeba_pairs,impersonation_attack,/home/nadmin/Desktop/updatedattack/results/Ghostfacenet/transfer_attack_similarity_scores_all12_lambda020_limit1000.csv,IR152,TI_FGSM,vanilla,0.1135968267917633,IR152_TI_FGSM_adv
26,GhostFaceNet,/content/face_module/dataset_extractedfaces/celeba_pairs/113117.jpg,/content/face_module/dataset_extractedfaces/celeba_pairs/129449.jpg,celeba_pairs,impersonation_attack,/home/nadmin/Desktop/updatedattack/results/Ghostfacenet/transfer_attack_similarity_scores_all12_lambda020_limit1000.csv,IR152,clean,clean,0.0772998481988906,IR152_clean
26,GhostFaceNet,/content/face_module/dataset_extractedfaces/celeba_pairs/113117.jpg,/content/face_module/dataset_extractedfaces/celeba_pairs/129449.jpg,celeba_pairs,impersonation_attack,/home/nadmin/Desktop/updatedattack/results/Ghostfacenet/transfer_attack_similarity_scores_all12_lambda020_limit1000.csv,VGG-Face,MI_ADMIX_DI_TI,vanilla,0.0305068846791982,VGG-Face_MI_ADMIX_DI_TI_adv
26,GhostFaceNet,/content/face_module/dataset_extractedfaces/celeba_pairs/113117.jpg,/content/face_module/dataset_extractedfaces/celeba_pairs/129449.jpg,celeba_pairs,impersonation_attack,/home/nadmin/Desktop/updatedattack/results/Ghostfacenet/transfer_attack_similarity_scores_all12_lambda020_limit1000.csv,VGG-Face,MI_FGSM,vanilla,0.0224157311022281,VGG-Face_MI_FGSM_adv
26,GhostFaceNet,/content/face_module/dataset_extractedfaces/celeba_pairs/113117.jpg,/content/face_module/dataset_extractedfaces/celeba_pairs/129449.jpg,celeba_pairs,impersonation_attack,/home/nadmin/Desktop/updatedattack/results/Ghostfacenet/transfer_attack_similarity_scores_all12_lambda020_limit1000.csv,VGG-Face,PGD,vanilla,0.0265609286725521,VGG-Face_PGD_adv
26,GhostFaceNet,/content/face_module/dataset_extractedfaces/celeba_pairs/113117.jpg,/content/face_module/dataset_extractedfaces/celeba_pairs/129449.jpg,celeba_pairs,impersonation_attack,/home/nadmin/Desktop/updatedattack/results/Ghostfacenet/transfer_attack_similarity_scores_all12_lambda020_limit1000.csv,VGG-Face,SI_NI_FGSM,vanilla,0.0209547542035579,VGG-Face_SI_NI_FGSM_adv
26,GhostFaceNet,/content/face_module/dataset_extractedfaces/celeba_pairs/113117.jpg,/content/face_module/dataset_extractedfaces/celeba_pairs/129449.jpg,celeba_pairs,impersonation_attack,/home/nadmin/Desktop/updatedattack/results/Ghostfacenet/transfer_attack_similarity_scores_all12_lambda020_limit1000.csv,VGG-Face,TI_FGSM,vanilla,0.0263956971466541,VGG-Face_TI_FGSM_adv
26,GhostFaceNet,/content/face_module/dataset_extractedfaces/celeba_pairs/113117.jpg,/content/face_module/dataset_extractedfaces/celeba_pairs/129449.jpg,celeba_pairs,impersonation_attack,/home/nadmin/Desktop/updatedattack/results/Ghostfacenet/transfer_attack_similarity_scores_all12_lambda020_limit1000.csv,VGG-Face,clean,clean,0.0275699980556964,VGG-Face_clean
27,GhostFaceNet,/content/face_module/dataset_extractedfaces/celeba_pairs/023869.jpg,/content/face_module/dataset_extractedfaces/celeba_pairs/024923.jpg,celeba_pairs,dodging_attack,/home/nadmin/Desktop/updatedattack/results/Ghostfacenet/transfer_attack_similarity_scores_all12_lambda020_limit1000.csv,ArcFace,MI_ADMIX_DI_TI,vanilla,0.5379415154457092,ArcFace_MI_ADMIX_DI_TI_adv
27,GhostFaceNet,/content/face_module/dataset_extractedfaces/celeba_pairs/023869.jpg,/content/face_module/dataset_extractedfaces/celeba_pairs/024923.jpg,celeba_pairs,dodging_attack,/home/nadmin/Desktop/updatedattack/results/Ghostfacenet/transfer_attack_similarity_scores_all12_lambda020_limit1000.csv,ArcFace,MI_FGSM,vanilla,0.5185421109199524,ArcFace_MI_FGSM_adv
27,GhostFaceNet,/content/face_module/dataset_extractedfaces/celeba_pairs/023869.jpg,/content/face_module/dataset_extractedfaces/celeba_pairs/024923.jpg,celeba_pairs,dodging_attack,/home/nadmin/Desktop/updatedattack/results/Ghostfacenet/transfer_attack_similarity_scores_all12_lambda020_limit1000.csv,ArcFace,PGD,vanilla,0.6314935684204102,ArcFace_PGD_adv
27,GhostFaceNet,/content/face_module/dataset_extractedfaces/celeba_pairs/023869.jpg,/content/face_module/dataset_extractedfaces/celeba_pairs/024923.jpg,celeba_pairs,dodging_attack,/home/nadmin/Desktop/updatedattack/results/Ghostfacenet/transfer_attack_similarity_scores_all12_lambda020_limit1000.csv,ArcFace,SI_NI_FGSM,vanilla,0.5193250179290771,ArcFace_SI_NI_FGSM_adv
27,GhostFaceNet,/content/face_module/dataset_extractedfaces/celeba_pairs/023869.jpg,/content/face_module/dataset_extractedfaces/celeba_pairs/024923.jpg,celeba_pairs,dodging_attack,/home/nadmin/Desktop/updatedattack/results/Ghostfacenet/transfer_attack_similarity_scores_all12_lambda020_limit1000.csv,ArcFace,TI_FGSM,vanilla,0.6037523150444031,ArcFace_TI_FGSM_adv
27,GhostFaceNet,/content/face_module/dataset_extractedfaces/celeba_pairs/023869.jpg,/content/face_module/dataset_extractedfaces/celeba_pairs/024923.jpg,celeba_pairs,dodging_attack,/home/nadmin/Desktop/updatedattack/results/Ghostfacenet/transfer_attack_similarity_scores_all12_lambda020_limit1000.csv,ArcFace,clean,clean,0.7247549891471863,ArcFace_clean
27,GhostFaceNet,/content/face_module/dataset_extractedfaces/celeba_pairs/023869.jpg,/content/face_module/dataset_extractedfaces/celeba_pairs/024923.jpg,celeba_pairs,dodging_attack,/home/nadmin/Desktop/updatedattack/results/Ghostfacenet/transfer_attack_similarity_scores_all12_lambda020_limit1000.csv,Facenet512,MI_ADMIX_DI_TI,vanilla,0.75999516248703,Facenet512_MI_ADMIX_DI_TI_adv
27,GhostFaceNet,/content/face_module/dataset_extractedfaces/celeba_pairs/023869.jpg,/content/face_module/dataset_extractedfaces/celeba_pairs/024923.jpg,celeba_pairs,dodging_attack,/home/nadmin/Desktop/updatedattack/results/Ghostfacenet/transfer_attack_similarity_scores_all12_lambda020_limit1000.csv,Facenet512,MI_FGSM,vanilla,0.7332320213317871,Facenet512_MI_FGSM_adv
27,GhostFaceNet,/content/face_module/dataset_extractedfaces/celeba_pairs/023869.jpg,/content/face_module/dataset_extractedfaces/celeba_pairs/024923.jpg,celeba_pairs,dodging_attack,/home/nadmin/Desktop/updatedattack/results/Ghostfacenet/transfer_attack_similarity_scores_all12_lambda020_limit1000.csv,Facenet512,PGD,vanilla,0.8038237690925598,Facenet512_PGD_adv
27,GhostFaceNet,/content/face_module/dataset_extractedfaces/celeba_pairs/023869.jpg,/content/face_module/dataset_extractedfaces/celeba_pairs/024923.jpg,celeba_pairs,dodging_attack,/home/nadmin/Desktop/updatedattack/results/Ghostfacenet/transfer_attack_similarity_scores_all12_lambda020_limit1000.csv,Facenet512,SI_NI_FGSM,vanilla,0.6619150042533875,Facenet512_SI_NI_FGSM_adv
27,GhostFaceNet,/content/face_module/dataset_extractedfaces/celeba_pairs/023869.jpg,/content/face_module/dataset_extractedfaces/celeba_pairs/024923.jpg,celeba_pairs,dodging_attack,/home/nadmin/Desktop/updatedattack/results/Ghostfacenet/transfer_attack_similarity_scores_all12_lambda020_limit1000.csv,Facenet512,TI_FGSM,vanilla,0.8029988408088684,Facenet512_TI_FGSM_adv
27,GhostFaceNet,/content/face_module/dataset_extractedfaces/celeba_pairs/023869.jpg,/content/face_module/dataset_extractedfaces/celeba_pairs/024923.jpg,celeba_pairs,dodging_attack,/home/nadmin/Desktop/updatedattack/results/Ghostfacenet/transfer_attack_similarity_scores_all12_lambda020_limit1000.csv,Facenet512,clean,clean,0.8734109401702881,Facenet512_clean
27,GhostFaceNet,/content/face_module/dataset_extractedfaces/celeba_pairs/023869.jpg,/content/face_module/dataset_extractedfaces/celeba_pairs/024923.jpg,celeba_pairs,dodging_attack,/home/nadmin/Desktop/updatedattack/results/Ghostfacenet/transfer_attack_similarity_scores_all12_lambda020_limit1000.csv,GhostFaceNet,clean,clean,0.5224040746688843,GhostFaceNet_clean
27,GhostFaceNet,/content/face_module/dataset_extractedfaces/celeba_pairs/023869.jpg,/content/face_module/dataset_extractedfaces/celeba_pairs/024923.jpg,celeba_pairs,dodging_attack,/home/nadmin/Desktop/updatedattack/results/Ghostfacenet/transfer_attack_similarity_scores_all12_lambda020_limit1000.csv,IR152,MI_ADMIX_DI_TI,vanilla,0.6134806275367737,IR152_MI_ADMIX_DI_TI_adv
27,GhostFaceNet,/content/face_module/dataset_extractedfaces/celeba_pairs/023869.jpg,/content/face_module/dataset_extractedfaces/celeba_pairs/024923.jpg,celeba_pairs,dodging_attack,/home/nadmin/Desktop/updatedattack/results/Ghostfacenet/transfer_attack_similarity_scores_all12_lambda020_limit1000.csv,IR152,MI_FGSM,vanilla,0.6285625696182251,IR152_MI_FGSM_adv
27,GhostFaceNet,/content/face_module/dataset_extractedfaces/celeba_pairs/023869.jpg,/content/face_module/dataset_extractedfaces/celeba_pairs/024923.jpg,celeba_pairs,dodging_attack,/home/nadmin/Desktop/updatedattack/results/Ghostfacenet/transfer_attack_similarity_scores_all12_lambda020_limit1000.csv,IR152,PGD,vanilla,0.6651707291603088,IR152_PGD_adv
27,GhostFaceNet,/content/face_module/dataset_extractedfaces/celeba_pairs/023869.jpg,/content/face_module/dataset_extractedfaces/celeba_pairs/024923.jpg,celeba_pairs,dodging_attack,/home/nadmin/Desktop/updatedattack/results/Ghostfacenet/transfer_attack_similarity_scores_all12_lambda020_limit1000.csv,IR152,SI_NI_FGSM,vanilla,0.5766288042068481,IR152_SI_NI_FGSM_adv
27,GhostFaceNet,/content/face_module/dataset_extractedfaces/celeba_pairs/023869.jpg,/content/face_module/dataset_extractedfaces/celeba_pairs/024923.jpg,celeba_pairs,dodging_attack,/home/nadmin/Desktop/updatedattack/results/Ghostfacenet/transfer_attack_similarity_scores_all12_lambda020_limit1000.csv,IR152,TI_FGSM,vanilla,0.6795308589935303,IR152_TI_FGSM_adv
27,GhostFaceNet,/content/face_module/dataset_extractedfaces/celeba_pairs/023869.jpg,/content/face_module/dataset_extractedfaces/celeba_pairs/024923.jpg,celeba_pairs,dodging_attack,/home/nadmin/Desktop/updatedattack/results/Ghostfacenet/transfer_attack_similarity_scores_all12_lambda020_limit1000.csv,IR152,clean,clean,0.7295128107070923,IR152_clean
27,GhostFaceNet,/content/face_module/dataset_extractedfaces/celeba_pairs/023869.jpg,/content/face_module/dataset_extractedfaces/celeba_pairs/024923.jpg,celeba_pairs,dodging_attack,/home/nadmin/Desktop/updatedattack/results/Ghostfacenet/transfer_attack_similarity_scores_all12_lambda020_limit1000.csv,VGG-Face,MI_ADMIX_DI_TI,vanilla,0.3650649785995483,VGG-Face_MI_ADMIX_DI_TI_adv
27,GhostFaceNet,/content/face_module/dataset_extractedfaces/celeba_pairs/023869.jpg,/content/face_module/dataset_extractedfaces/celeba_pairs/024923.jpg,celeba_pairs,dodging_attack,/home/nadmin/Desktop/updatedattack/results/Ghostfacenet/transfer_attack_similarity_scores_all12_lambda020_limit1000.csv,VGG-Face,MI_FGSM,vanilla,0.3355973958969116,VGG-Face_MI_FGSM_adv
27,GhostFaceNet,/content/face_module/dataset_extractedfaces/celeba_pairs/023869.jpg,/content/face_module/dataset_extractedfaces/celeba_pairs/024923.jpg,celeba_pairs,dodging_attack,/home/nadmin/Desktop/updatedattack/results/Ghostfacenet/transfer_attack_similarity_scores_all12_lambda020_limit1000.csv,VGG-Face,PGD,vanilla,0.3806163668632507,VGG-Face_PGD_adv
27,GhostFaceNet,/content/face_module/dataset_extractedfaces/celeba_pairs/023869.jpg,/content/face_module/dataset_extractedfaces/celeba_pairs/024923.jpg,celeba_pairs,dodging_attack,/home/nadmin/Desktop/updatedattack/results/Ghostfacenet/transfer_attack_similarity_scores_all12_lambda020_limit1000.csv,VGG-Face,SI_NI_FGSM,vanilla,0.2918637692928314,VGG-Face_SI_NI_FGSM_adv
27,GhostFaceNet,/content/face_module/dataset_extractedfaces/celeba_pairs/023869.jpg,/content/face_module/dataset_extractedfaces/celeba_pairs/024923.jpg,celeba_pairs,dodging_attack,/home/nadmin/Desktop/updatedattack/results/Ghostfacenet/transfer_attack_similarity_scores_all12_lambda020_limit1000.csv,VGG-Face,TI_FGSM,vanilla,0.3880984783172607,VGG-Face_TI_FGSM_adv
27,GhostFaceNet,/content/face_module/dataset_extractedfaces/celeba_pairs/023869.jpg,/content/face_module/dataset_extractedfaces/celeba_pairs/024923.jpg,celeba_pairs,dodging_attack,/home/nadmin/Desktop/updatedattack/results/Ghostfacenet/transfer_attack_similarity_scores_all12_lambda020_limit1000.csv,VGG-Face,clean,clean,0.3985179960727691,VGG-Face_clean
28,GhostFaceNet,/content/face_module/dataset_extractedfaces/celeba_pairs/130980.jpg,/content/face_module/dataset_extractedfaces/celeba_pairs/147767.jpg,celeba_pairs,dodging_attack,/home/nadmin/Desktop/updatedattack/results/Ghostfacenet/transfer_attack_similarity_scores_all12_lambda020_limit1000.csv,ArcFace,MI_ADMIX_DI_TI,vanilla,0.2468747049570083,ArcFace_MI_ADMIX_DI_TI_adv
28,GhostFaceNet,/content/face_module/dataset_extractedfaces/celeba_pairs/130980.jpg,/content/face_module/dataset_extractedfaces/celeba_pairs/147767.jpg,celeba_pairs,dodging_attack,/home/nadmin/Desktop/updatedattack/results/Ghostfacenet/transfer_attack_similarity_scores_all12_lambda020_limit1000.csv,ArcFace,MI_FGSM,vanilla,0.3150273561477661,ArcFace_MI_FGSM_adv
28,GhostFaceNet,/content/face_module/dataset_extractedfaces/celeba_pairs/130980.jpg,/content/face_module/dataset_extractedfaces/celeba_pairs/147767.jpg,celeba_pairs,dodging_attack,/home/nadmin/Desktop/updatedattack/results/Ghostfacenet/transfer_attack_similarity_scores_all12_lambda020_limit1000.csv,ArcFace,PGD,vanilla,0.2953908443450928,ArcFace_PGD_adv
28,GhostFaceNet,/content/face_module/dataset_extractedfaces/celeba_pairs/130980.jpg,/content/face_module/dataset_extractedfaces/celeba_pairs/147767.jpg,celeba_pairs,dodging_attack,/home/nadmin/Desktop/updatedattack/results/Ghostfacenet/transfer_attack_similarity_scores_all12_lambda020_limit1000.csv,ArcFace,SI_NI_FGSM,vanilla,0.2496889382600784,ArcFace_SI_NI_FGSM_adv
28,GhostFaceNet,/content/face_module/dataset_extractedfaces/celeba_pairs/130980.jpg,/content/face_module/dataset_extractedfaces/celeba_pairs/147767.jpg,celeba_pairs,dodging_attack,/home/nadmin/Desktop/updatedattack/results/Ghostfacenet/transfer_attack_similarity_scores_all12_lambda020_limit1000.csv,ArcFace,TI_FGSM,vanilla,0.2992555201053619,ArcFace_TI_FGSM_adv
28,GhostFaceNet,/content/face_module/dataset_extractedfaces/celeba_pairs/130980.jpg,/content/face_module/dataset_extractedfaces/celeba_pairs/147767.jpg,celeba_pairs,dodging_attack,/home/nadmin/Desktop/updatedattack/results/Ghostfacenet/transfer_attack_similarity_scores_all12_lambda020_limit1000.csv,ArcFace,clean,clean,0.3586554825305938,ArcFace_clean
28,GhostFaceNet,/content/face_module/dataset_extractedfaces/celeba_pairs/130980.jpg,/content/face_module/dataset_extractedfaces/celeba_pairs/147767.jpg,celeba_pairs,dodging_attack,/home/nadmin/Desktop/updatedattack/results/Ghostfacenet/transfer_attack_similarity_scores_all12_lambda020_limit1000.csv,Facenet512,MI_ADMIX_DI_TI,vanilla,0.695400059223175,Facenet512_MI_ADMIX_DI_TI_adv
28,GhostFaceNet,/content/face_module/dataset_extractedfaces/celeba_pairs/130980.jpg,/content/face_module/dataset_extractedfaces/celeba_pairs/147767.jpg,celeba_pairs,dodging_attack,/home/nadmin/Desktop/updatedattack/results/Ghostfacenet/transfer_attack_similarity_scores_all12_lambda020_limit1000.csv,Facenet512,MI_FGSM,vanilla,0.6037205457687378,Facenet512_MI_FGSM_adv
28,GhostFaceNet,/content/face_module/dataset_extractedfaces/celeba_pairs/130980.jpg,/content/face_module/dataset_extractedfaces/celeba_pairs/147767.jpg,celeba_pairs,dodging_attack,/home/nadmin/Desktop/updatedattack/results/Ghostfacenet/transfer_attack_similarity_scores_all12_lambda020_limit1000.csv,Facenet512,PGD,vanilla,0.7083408832550049,Facenet512_PGD_adv
28,GhostFaceNet,/content/face_module/dataset_extractedfaces/celeba_pairs/130980.jpg,/content/face_module/dataset_extractedfaces/celeba_pairs/147767.jpg,celeba_pairs,dodging_attack,/home/nadmin/Desktop/updatedattack/results/Ghostfacenet/transfer_attack_similarity_scores_all12_lambda020_limit1000.csv,Facenet512,SI_NI_FGSM,vanilla,0.6794034242630005,Facenet512_SI_NI_FGSM_adv
28,GhostFaceNet,/content/face_module/dataset_extractedfaces/celeba_pairs/130980.jpg,/content/face_module/dataset_extractedfaces/celeba_pairs/147767.jpg,celeba_pairs,dodging_attack,/home/nadmin/Desktop/updatedattack/results/Ghostfacenet/transfer_attack_similarity_scores_all12_lambda020_limit1000.csv,Facenet512,TI_FGSM,vanilla,0.6690789461135864,Facenet512_TI_FGSM_adv
28,GhostFaceNet,/content/face_module/dataset_extractedfaces/celeba_pairs/130980.jpg,/content/face_module/dataset_extractedfaces/celeba_pairs/147767.jpg,celeba_pairs,dodging_attack,/home/nadmin/Desktop/updatedattack/results/Ghostfacenet/transfer_attack_similarity_scores_all12_lambda020_limit1000.csv,Facenet512,clean,clean,0.7959234714508057,Facenet512_clean
28,GhostFaceNet,/content/face_module/dataset_extractedfaces/celeba_pairs/130980.jpg,/content/face_module/dataset_extractedfaces/celeba_pairs/147767.jpg,celeba_pairs,dodging_attack,/home/nadmin/Desktop/updatedattack/results/Ghostfacenet/transfer_attack_similarity_scores_all12_lambda020_limit1000.csv,GhostFaceNet,clean,clean,0.3263397514820099,GhostFaceNet_clean
28,GhostFaceNet,/content/face_module/dataset_extractedfaces/celeba_pairs/130980.jpg,/content/face_module/dataset_extractedfaces/celeba_pairs/147767.jpg,celeba_pairs,dodging_attack,/home/nadmin/Desktop/updatedattack/results/Ghostfacenet/transfer_attack_similarity_scores_all12_lambda020_limit1000.csv,IR152,MI_ADMIX_DI_TI,vanilla,0.5996896028518677,IR152_MI_ADMIX_DI_TI_adv
28,GhostFaceNet,/content/face_module/dataset_extractedfaces/celeba_pairs/130980.jpg,/content/face_module/dataset_extractedfaces/celeba_pairs/147767.jpg,celeba_pairs,dodging_attack,/home/nadmin/Desktop/updatedattack/results/Ghostfacenet/transfer_attack_similarity_scores_all12_lambda020_limit1000.csv,IR152,MI_FGSM,vanilla,0.5185390710830688,IR152_MI_FGSM_adv
28,GhostFaceNet,/content/face_module/dataset_extractedfaces/celeba_pairs/130980.jpg,/content/face_module/dataset_extractedfaces/celeba_pairs/147767.jpg,celeba_pairs,dodging_attack,/home/nadmin/Desktop/updatedattack/results/Ghostfacenet/transfer_attack_similarity_scores_all12_lambda020_limit1000.csv,IR152,PGD,vanilla,0.6219134330749512,IR152_PGD_adv
28,GhostFaceNet,/content/face_module/dataset_extractedfaces/celeba_pairs/130980.jpg,/content/face_module/dataset_extractedfaces/celeba_pairs/147767.jpg,celeba_pairs,dodging_attack,/home/nadmin/Desktop/updatedattack/results/Ghostfacenet/transfer_attack_similarity_scores_all12_lambda020_limit1000.csv,IR152,SI_NI_FGSM,vanilla,0.575903058052063,IR152_SI_NI_FGSM_adv
28,GhostFaceNet,/content/face_module/dataset_extractedfaces/celeba_pairs/130980.jpg,/content/face_module/dataset_extractedfaces/celeba_pairs/147767.jpg,celeba_pairs,dodging_attack,/home/nadmin/Desktop/updatedattack/results/Ghostfacenet/transfer_attack_similarity_scores_all12_lambda020_limit1000.csv,IR152,TI_FGSM,vanilla,0.6016277074813843,IR152_TI_FGSM_adv
28,GhostFaceNet,/content/face_module/dataset_extractedfaces/celeba_pairs/130980.jpg,/content/face_module/dataset_extractedfaces/celeba_pairs/147767.jpg,celeba_pairs,dodging_attack,/home/nadmin/Desktop/updatedattack/results/Ghostfacenet/transfer_attack_similarity_scores_all12_lambda020_limit1000.csv,IR152,clean,clean,0.6864030957221985,IR152_clean
28,GhostFaceNet,/content/face_module/dataset_extractedfaces/celeba_pairs/130980.jpg,/content/face_module/dataset_extractedfaces/celeba_pairs/147767.jpg,celeba_pairs,dodging_attack,/home/nadmin/Desktop/updatedattack/results/Ghostfacenet/transfer_attack_similarity_scores_all12_lambda020_limit1000.csv,VGG-Face,MI_ADMIX_DI_TI,vanilla,0.4886749386787414,VGG-Face_MI_ADMIX_DI_TI_adv
28,GhostFaceNet,/content/face_module/dataset_extractedfaces/celeba_pairs/130980.jpg,/content/face_module/dataset_extractedfaces/celeba_pairs/147767.jpg,celeba_pairs,dodging_attack,/home/nadmin/Desktop/updatedattack/results/Ghostfacenet/transfer_attack_similarity_scores_all12_lambda020_limit1000.csv,VGG-Face,MI_FGSM,vanilla,0.494461178779602,VGG-Face_MI_FGSM_adv
28,GhostFaceNet,/content/face_module/dataset_extractedfaces/celeba_pairs/130980.jpg,/content/face_module/dataset_extractedfaces/celeba_pairs/147767.jpg,celeba_pairs,dodging_attack,/home/nadmin/Desktop/updatedattack/results/Ghostfacenet/transfer_attack_similarity_scores_all12_lambda020_limit1000.csv,VGG-Face,PGD,vanilla,0.5511739253997803,VGG-Face_PGD_adv
28,GhostFaceNet,/content/face_module/dataset_extractedfaces/celeba_pairs/130980.jpg,/content/face_module/dataset_extractedfaces/celeba_pairs/147767.jpg,celeba_pairs,dodging_attack,/home/nadmin/Desktop/updatedattack/results/Ghostfacenet/transfer_attack_similarity_scores_all12_lambda020_limit1000.csv,VGG-Face,SI_NI_FGSM,vanilla,0.5049784779548645,VGG-Face_SI_NI_FGSM_adv
28,GhostFaceNet,/content/face_module/dataset_extractedfaces/celeba_pairs/130980.jpg,/content/face_module/dataset_extractedfaces/celeba_pairs/147767.jpg,celeba_pairs,dodging_attack,/home/nadmin/Desktop/updatedattack/results/Ghostfacenet/transfer_attack_similarity_scores_all12_lambda020_limit1000.csv,VGG-Face,TI_FGSM,vanilla,0.4577541947364807,VGG-Face_TI_FGSM_adv
28,GhostFaceNet,/content/face_module/dataset_extractedfaces/celeba_pairs/130980.jpg,/content/face_module/dataset_extractedfaces/celeba_pairs/147767.jpg,celeba_pairs,dodging_attack,/home/nadmin/Desktop/updatedattack/results/Ghostfacenet/transfer_attack_similarity_scores_all12_lambda020_limit1000.csv,VGG-Face,clean,clean,0.5354241728782654,VGG-Face_clean
0,VGG-Face,/content/face_module/dataset_extractedfaces/lfw_pairs/Renee Zellweger_1.jpg,/content/face_module/dataset_extractedfaces/lfw_pairs/Catherine Deneuve_2.jpg,lfw_pairs,impersonation_attack,/home/nadmin/Desktop/updatedattack/results/VGG-Face/transfer_attack_similarity_scores_all12_lambda020_limit1000.csv,ArcFace,MI_ADMIX_DI_TI,vanilla,0.5195088982582092,ArcFace_MI_ADMIX_DI_TI_adv
0,VGG-Face,/content/face_module/dataset_extractedfaces/lfw_pairs/Renee Zellweger_1.jpg,/content/face_module/dataset_extractedfaces/lfw_pairs/Catherine Deneuve_2.jpg,lfw_pairs,impersonation_attack,/home/nadmin/Desktop/updatedattack/results/VGG-Face/transfer_attack_similarity_scores_all12_lambda020_limit1000.csv,ArcFace,MI_FGSM,vanilla,0.5072102546691895,ArcFace_MI_FGSM_adv
0,VGG-Face,/content/face_module/dataset_extractedfaces/lfw_pairs/Renee Zellweger_1.jpg,/content/face_module/dataset_extractedfaces/lfw_pairs/Catherine Deneuve_2.jpg,lfw_pairs,impersonation_attack,/home/nadmin/Desktop/updatedattack/results/VGG-Face/transfer_attack_similarity_scores_all12_lambda020_limit1000.csv,ArcFace,PGD,vanilla,0.4356715977191925,ArcFace_PGD_adv
0,VGG-Face,/content/face_module/dataset_extractedfaces/lfw_pairs/Renee Zellweger_1.jpg,/content/face_module/dataset_extractedfaces/lfw_pairs/Catherine Deneuve_2.jpg,lfw_pairs,impersonation_attack,/home/nadmin/Desktop/updatedattack/results/VGG-Face/transfer_attack_similarity_scores_all12_lambda020_limit1000.csv,ArcFace,SI_NI_FGSM,vanilla,0.4937374889850616,ArcFace_SI_NI_FGSM_adv
0,VGG-Face,/content/face_module/dataset_extractedfaces/lfw_pairs/Renee Zellweger_1.jpg,/content/face_module/dataset_extractedfaces/lfw_pairs/Catherine Deneuve_2.jpg,lfw_pairs,impersonation_attack,/home/nadmin/Desktop/updatedattack/results/VGG-Face/transfer_attack_similarity_scores_all12_lambda020_limit1000.csv,ArcFace,TI_FGSM,vanilla,0.4799231290817261,ArcFace_TI_FGSM_adv
0,VGG-Face,/content/face_module/dataset_extractedfaces/lfw_pairs/Renee Zellweger_1.jpg,/content/face_module/dataset_extractedfaces/lfw_pairs/Catherine Deneuve_2.jpg,lfw_pairs,impersonation_attack,/home/nadmin/Desktop/updatedattack/results/VGG-Face/transfer_attack_similarity_scores_all12_lambda020_limit1000.csv,ArcFace,clean,clean,0.2113871872425079,ArcFace_clean
0,VGG-Face,/content/face_module/dataset_extractedfaces/lfw_pairs/Renee Zellweger_1.jpg,/content/face_module/dataset_extractedfaces/lfw_pairs/Catherine Deneuve_2.jpg,lfw_pairs,impersonation_attack,/home/nadmin/Desktop/updatedattack/results/VGG-Face/transfer_attack_similarity_scores_all12_lambda020_limit1000.csv,Facenet512,MI_ADMIX_DI_TI,vanilla,0.6517884135246277,Facenet512_MI_ADMIX_DI_TI_adv
0,VGG-Face,/content/face_module/dataset_extractedfaces/lfw_pairs/Renee Zellweger_1.jpg,/content/face_module/dataset_extractedfaces/lfw_pairs/Catherine Deneuve_2.jpg,lfw_pairs,impersonation_attack,/home/nadmin/Desktop/updatedattack/results/VGG-Face/transfer_attack_similarity_scores_all12_lambda020_limit1000.csv,Facenet512,MI_FGSM,vanilla,0.6860064268112183,Facenet512_MI_FGSM_adv
0,VGG-Face,/content/face_module/dataset_extractedfaces/lfw_pairs/Renee Zellweger_1.jpg,/content/face_module/dataset_extractedfaces/lfw_pairs/Catherine Deneuve_2.jpg,lfw_pairs,impersonation_attack,/home/nadmin/Desktop/updatedattack/results/VGG-Face/transfer_attack_similarity_scores_all12_lambda020_limit1000.csv,Facenet512,PGD,vanilla,0.6205905675888062,Facenet512_PGD_adv
0,VGG-Face,/content/face_module/dataset_extractedfaces/lfw_pairs/Renee Zellweger_1.jpg,/content/face_module/dataset_extractedfaces/lfw_pairs/Catherine Deneuve_2.jpg,lfw_pairs,impersonation_attack,/home/nadmin/Desktop/updatedattack/results/VGG-Face/transfer_attack_similarity_scores_all12_lambda020_limit1000.csv,Facenet512,SI_NI_FGSM,vanilla,0.6765358448028564,Facenet512_SI_NI_FGSM_adv
0,VGG-Face,/content/face_module/dataset_extractedfaces/lfw_pairs/Renee Zellweger_1.jpg,/content/face_module/dataset_extractedfaces/lfw_pairs/Catherine Deneuve_2.jpg,lfw_pairs,impersonation_attack,/home/nadmin/Desktop/updatedattack/results/VGG-Face/transfer_attack_similarity_scores_all12_lambda020_limit1000.csv,Facenet512,TI_FGSM,vanilla,0.6987392902374268,Facenet512_TI_FGSM_adv
0,VGG-Face,/content/face_module/dataset_extractedfaces/lfw_pairs/Renee Zellweger_1.jpg,/content/face_module/dataset_extractedfaces/lfw_pairs/Catherine Deneuve_2.jpg,lfw_pairs,impersonation_attack,/home/nadmin/Desktop/updatedattack/results/VGG-Face/transfer_attack_similarity_scores_all12_lambda020_limit1000.csv,Facenet512,clean,clean,0.2037829756736755,Facenet512_clean
0,VGG-Face,/content/face_module/dataset_extractedfaces/lfw_pairs/Renee Zellweger_1.jpg,/content/face_module/dataset_extractedfaces/lfw_pairs/Catherine Deneuve_2.jpg,lfw_pairs,impersonation_attack,/home/nadmin/Desktop/updatedattack/results/VGG-Face/transfer_attack_similarity_scores_all12_lambda020_limit1000.csv,GhostFaceNet,MI_ADMIX_DI_TI,vanilla,0.0971660614013671,GhostFaceNet_MI_ADMIX_DI_TI_adv
0,VGG-Face,/content/face_module/dataset_extractedfaces/lfw_pairs/Renee Zellweger_1.jpg,/content/face_module/dataset_extractedfaces/lfw_pairs/Catherine Deneuve_2.jpg,lfw_pairs,impersonation_attack,/home/nadmin/Desktop/updatedattack/results/VGG-Face/transfer_attack_similarity_scores_all12_lambda020_limit1000.csv,GhostFaceNet,MI_FGSM,vanilla,0.0609588846564292,GhostFaceNet_MI_FGSM_adv
0,VGG-Face,/content/face_module/dataset_extractedfaces/lfw_pairs/Renee Zellweger_1.jpg,/content/face_module/dataset_extractedfaces/lfw_pairs/Catherine Deneuve_2.jpg,lfw_pairs,impersonation_attack,/home/nadmin/Desktop/updatedattack/results/VGG-Face/transfer_attack_similarity_scores_all12_lambda020_limit1000.csv,GhostFaceNet,PGD,vanilla,0.1234165057539939,GhostFaceNet_PGD_adv
0,VGG-Face,/content/face_module/dataset_extractedfaces/lfw_pairs/Renee Zellweger_1.jpg,/content/face_module/dataset_extractedfaces/lfw_pairs/Catherine Deneuve_2.jpg,lfw_pairs,impersonation_attack,/home/nadmin/Desktop/updatedattack/results/VGG-Face/transfer_attack_similarity_scores_all12_lambda020_limit1000.csv,GhostFaceNet,SI_NI_FGSM,vanilla,0.0699649602174758,GhostFaceNet_SI_NI_FGSM_adv
0,VGG-Face,/content/face_module/dataset_extractedfaces/lfw_pairs/Renee Zellweger_1.jpg,/content/face_module/dataset_extractedfaces/lfw_pairs/Catherine Deneuve_2.jpg,lfw_pairs,impersonation_attack,/home/nadmin/Desktop/updatedattack/results/VGG-Face/transfer_attack_similarity_scores_all12_lambda020_limit1000.csv,GhostFaceNet,TI_FGSM,vanilla,0.1096106842160224,GhostFaceNet_TI_FGSM_adv
0,VGG-Face,/content/face_module/dataset_extractedfaces/lfw_pairs/Renee Zellweger_1.jpg,/content/face_module/dataset_extractedfaces/lfw_pairs/Catherine Deneuve_2.jpg,lfw_pairs,impersonation_attack,/home/nadmin/Desktop/updatedattack/results/VGG-Face/transfer_attack_similarity_scores_all12_lambda020_limit1000.csv,GhostFaceNet,clean,clean,0.0863346979022026,GhostFaceNet_clean
0,VGG-Face,/content/face_module/dataset_extractedfaces/lfw_pairs/Renee Zellweger_1.jpg,/content/face_module/dataset_extractedfaces/lfw_pairs/Catherine Deneuve_2.jpg,lfw_pairs,impersonation_attack,/home/nadmin/Desktop/updatedattack/results/VGG-Face/transfer_attack_similarity_scores_all12_lambda020_limit1000.csv,IR152,MI_ADMIX_DI_TI,vanilla,0.2552807927131653,IR152_MI_ADMIX_DI_TI_adv
0,VGG-Face,/content/face_module/dataset_extractedfaces/lfw_pairs/Renee Zellweger_1.jpg,/content/face_module/dataset_extractedfaces/lfw_pairs/Catherine Deneuve_2.jpg,lfw_pairs,impersonation_attack,/home/nadmin/Desktop/updatedattack/results/VGG-Face/transfer_attack_similarity_scores_all12_lambda020_limit1000.csv,IR152,MI_FGSM,vanilla,0.2707303166389465,IR152_MI_FGSM_adv
0,VGG-Face,/content/face_module/dataset_extractedfaces/lfw_pairs/Renee Zellweger_1.jpg,/content/face_module/dataset_extractedfaces/lfw_pairs/Catherine Deneuve_2.jpg,lfw_pairs,impersonation_attack,/home/nadmin/Desktop/updatedattack/results/VGG-Face/transfer_attack_similarity_scores_all12_lambda020_limit1000.csv,IR152,PGD,vanilla,0.1345642358064651,IR152_PGD_adv
0,VGG-Face,/content/face_module/dataset_extractedfaces/lfw_pairs/Renee Zellweger_1.jpg,/content/face_module/dataset_extractedfaces/lfw_pairs/Catherine Deneuve_2.jpg,lfw_pairs,impersonation_attack,/home/nadmin/Desktop/updatedattack/results/VGG-Face/transfer_attack_similarity_scores_all12_lambda020_limit1000.csv,IR152,SI_NI_FGSM,vanilla,0.2813284993171692,IR152_SI_NI_FGSM_adv
0,VGG-Face,/content/face_module/dataset_extractedfaces/lfw_pairs/Renee Zellweger_1.jpg,/content/face_module/dataset_extractedfaces/lfw_pairs/Catherine Deneuve_2.jpg,lfw_pairs,impersonation_attack,/home/nadmin/Desktop/updatedattack/results/VGG-Face/transfer_attack_similarity_scores_all12_lambda020_limit1000.csv,IR152,TI_FGSM,vanilla,0.1856966912746429,IR152_TI_FGSM_adv
0,VGG-Face,/content/face_module/dataset_extractedfaces/lfw_pairs/Renee Zellweger_1.jpg,/content/face_module/dataset_extractedfaces/lfw_pairs/Catherine Deneuve_2.jpg,lfw_pairs,impersonation_attack,/home/nadmin/Desktop/updatedattack/results/VGG-Face/transfer_attack_similarity_scores_all12_lambda020_limit1000.csv,IR152,clean,clean,0.0082020908594131,IR152_clean
0,VGG-Face,/content/face_module/dataset_extractedfaces/lfw_pairs/Renee Zellweger_1.jpg,/content/face_module/dataset_extractedfaces/lfw_pairs/Catherine Deneuve_2.jpg,lfw_pairs,impersonation_attack,/home/nadmin/Desktop/updatedattack/results/VGG-Face/transfer_attack_similarity_scores_all12_lambda020_limit1000.csv,VGG-Face,clean,clean,0.091720625758171,VGG-Face_clean
1,VGG-Face,/content/face_module/dataset_extractedfaces/vggface2_pairs/n000007_0113_01.jpg,/content/face_module/dataset_extractedfaces/vggface2_pairs/n000007_0122_01.jpg,vggface2_pairs,dodging_attack,/home/nadmin/Desktop/updatedattack/results/VGG-Face/transfer_attack_similarity_scores_all12_lambda020_limit1000.csv,ArcFace,MI_ADMIX_DI_TI,vanilla,0.0918302983045578,ArcFace_MI_ADMIX_DI_TI_adv
1,VGG-Face,/content/face_module/dataset_extractedfaces/vggface2_pairs/n000007_0113_01.jpg,/content/face_module/dataset_extractedfaces/vggface2_pairs/n000007_0122_01.jpg,vggface2_pairs,dodging_attack,/home/nadmin/Desktop/updatedattack/results/VGG-Face/transfer_attack_similarity_scores_all12_lambda020_limit1000.csv,ArcFace,MI_FGSM,vanilla,0.1469333171844482,ArcFace_MI_FGSM_adv
1,VGG-Face,/content/face_module/dataset_extractedfaces/vggface2_pairs/n000007_0113_01.jpg,/content/face_module/dataset_extractedfaces/vggface2_pairs/n000007_0122_01.jpg,vggface2_pairs,dodging_attack,/home/nadmin/Desktop/updatedattack/results/VGG-Face/transfer_attack_similarity_scores_all12_lambda020_limit1000.csv,ArcFace,PGD,vanilla,0.1838913559913635,ArcFace_PGD_adv
1,VGG-Face,/content/face_module/dataset_extractedfaces/vggface2_pairs/n000007_0113_01.jpg,/content/face_module/dataset_extractedfaces/vggface2_pairs/n000007_0122_01.jpg,vggface2_pairs,dodging_attack,/home/nadmin/Desktop/updatedattack/results/VGG-Face/transfer_attack_similarity_scores_all12_lambda020_limit1000.csv,ArcFace,SI_NI_FGSM,vanilla,0.1667673587799072,ArcFace_SI_NI_FGSM_adv
1,VGG-Face,/content/face_module/dataset_extractedfaces/vggface2_pairs/n000007_0113_01.jpg,/content/face_module/dataset_extractedfaces/vggface2_pairs/n000007_0122_01.jpg,vggface2_pairs,dodging_attack,/home/nadmin/Desktop/updatedattack/results/VGG-Face/transfer_attack_similarity_scores_all12_lambda020_limit1000.csv,ArcFace,TI_FGSM,vanilla,0.1822254657745361,ArcFace_TI_FGSM_adv
1,VGG-Face,/content/face_module/dataset_extractedfaces/vggface2_pairs/n000007_0113_01.jpg,/content/face_module/dataset_extractedfaces/vggface2_pairs/n000007_0122_01.jpg,vggface2_pairs,dodging_attack,/home/nadmin/Desktop/updatedattack/results/VGG-Face/transfer_attack_similarity_scores_all12_lambda020_limit1000.csv,ArcFace,clean,clean,0.3415670692920685,ArcFace_clean
1,VGG-Face,/content/face_module/dataset_extractedfaces/vggface2_pairs/n000007_0113_01.jpg,/content/face_module/dataset_extractedfaces/vggface2_pairs/n000007_0122_01.jpg,vggface2_pairs,dodging_attack,/home/nadmin/Desktop/updatedattack/results/VGG-Face/transfer_attack_similarity_scores_all12_lambda020_limit1000.csv,Facenet512,MI_ADMIX_DI_TI,vanilla,0.0907199382781982,Facenet512_MI_ADMIX_DI_TI_adv
1,VGG-Face,/content/face_module/dataset_extractedfaces/vggface2_pairs/n000007_0113_01.jpg,/content/face_module/dataset_extractedfaces/vggface2_pairs/n000007_0122_01.jpg,vggface2_pairs,dodging_attack,/home/nadmin/Desktop/updatedattack/results/VGG-Face/transfer_attack_similarity_scores_all12_lambda020_limit1000.csv,Facenet512,MI_FGSM,vanilla,0.0111048836261034,Facenet512_MI_FGSM_adv
1,VGG-Face,/content/face_module/dataset_extractedfaces/vggface2_pairs/n000007_0113_01.jpg,/content/face_module/dataset_extractedfaces/vggface2_pairs/n000007_0122_01.jpg,vggface2_pairs,dodging_attack,/home/nadmin/Desktop/updatedattack/results/VGG-Face/transfer_attack_similarity_scores_all12_lambda020_limit1000.csv,Facenet512,PGD,vanilla,0.2872684597969055,Facenet512_PGD_adv
1,VGG-Face,/content/face_module/dataset_extractedfaces/vggface2_pairs/n000007_0113_01.jpg,/content/face_module/dataset_extractedfaces/vggface2_pairs/n000007_0122_01.jpg,vggface2_pairs,dodging_attack,/home/nadmin/Desktop/updatedattack/results/VGG-Face/transfer_attack_similarity_scores_all12_lambda020_limit1000.csv,Facenet512,SI_NI_FGSM,vanilla,0.092119388282299,Facenet512_SI_NI_FGSM_adv
1,VGG-Face,/content/face_module/dataset_extractedfaces/vggface2_pairs/n000007_0113_01.jpg,/content/face_module/dataset_extractedfaces/vggface2_pairs/n000007_0122_01.jpg,vggface2_pairs,dodging_attack,/home/nadmin/Desktop/updatedattack/results/VGG-Face/transfer_attack_similarity_scores_all12_lambda020_limit1000.csv,Facenet512,TI_FGSM,vanilla,0.1532866954803466,Facenet512_TI_FGSM_adv
1,VGG-Face,/content/face_module/dataset_extractedfaces/vggface2_pairs/n000007_0113_01.jpg,/content/face_module/dataset_extractedfaces/vggface2_pairs/n000007_0122_01.jpg,vggface2_pairs,dodging_attack,/home/nadmin/Desktop/updatedattack/results/VGG-Face/transfer_attack_similarity_scores_all12_lambda020_limit1000.csv,Facenet512,clean,clean,0.822794497013092,Facenet512_clean
1,VGG-Face,/content/face_module/dataset_extractedfaces/vggface2_pairs/n000007_0113_01.jpg,/content/face_module/dataset_extractedfaces/vggface2_pairs/n000007_0122_01.jpg,vggface2_pairs,dodging_attack,/home/nadmin/Desktop/updatedattack/results/VGG-Face/transfer_attack_similarity_scores_all12_lambda020_limit1000.csv,GhostFaceNet,MI_ADMIX_DI_TI,vanilla,0.1737509369850158,GhostFaceNet_MI_ADMIX_DI_TI_adv
1,VGG-Face,/content/face_module/dataset_extractedfaces/vggface2_pairs/n000007_0113_01.jpg,/content/face_module/dataset_extractedfaces/vggface2_pairs/n000007_0122_01.jpg,vggface2_pairs,dodging_attack,/home/nadmin/Desktop/updatedattack/results/VGG-Face/transfer_attack_similarity_scores_all12_lambda020_limit1000.csv,GhostFaceNet,MI_FGSM,vanilla,0.2273090332746505,GhostFaceNet_MI_FGSM_adv
1,VGG-Face,/content/face_module/dataset_extractedfaces/vggface2_pairs/n000007_0113_01.jpg,/content/face_module/dataset_extractedfaces/vggface2_pairs/n000007_0122_01.jpg,vggface2_pairs,dodging_attack,/home/nadmin/Desktop/updatedattack/results/VGG-Face/transfer_attack_similarity_scores_all12_lambda020_limit1000.csv,GhostFaceNet,PGD,vanilla,0.2815447747707367,GhostFaceNet_PGD_adv
1,VGG-Face,/content/face_module/dataset_extractedfaces/vggface2_pairs/n000007_0113_01.jpg,/content/face_module/dataset_extractedfaces/vggface2_pairs/n000007_0122_01.jpg,vggface2_pairs,dodging_attack,/home/nadmin/Desktop/updatedattack/results/VGG-Face/transfer_attack_similarity_scores_all12_lambda020_limit1000.csv,GhostFaceNet,SI_NI_FGSM,vanilla,0.2205238938331604,GhostFaceNet_SI_NI_FGSM_adv
1,VGG-Face,/content/face_module/dataset_extractedfaces/vggface2_pairs/n000007_0113_01.jpg,/content/face_module/dataset_extractedfaces/vggface2_pairs/n000007_0122_01.jpg,vggface2_pairs,dodging_attack,/home/nadmin/Desktop/updatedattack/results/VGG-Face/transfer_attack_similarity_scores_all12_lambda020_limit1000.csv,GhostFaceNet,TI_FGSM,vanilla,0.2697983086109161,GhostFaceNet_TI_FGSM_adv
1,VGG-Face,/content/face_module/dataset_extractedfaces/vggface2_pairs/n000007_0113_01.jpg,/content/face_module/dataset_extractedfaces/vggface2_pairs/n000007_0122_01.jpg,vggface2_pairs,dodging_attack,/home/nadmin/Desktop/updatedattack/results/VGG-Face/transfer_attack_similarity_scores_all12_lambda020_limit1000.csv,GhostFaceNet,clean,clean,0.372836709022522,GhostFaceNet_clean
1,VGG-Face,/content/face_module/dataset_extractedfaces/vggface2_pairs/n000007_0113_01.jpg,/content/face_module/dataset_extractedfaces/vggface2_pairs/n000007_0122_01.jpg,vggface2_pairs,dodging_attack,/home/nadmin/Desktop/updatedattack/results/VGG-Face/transfer_attack_similarity_scores_all12_lambda020_limit1000.csv,IR152,MI_ADMIX_DI_TI,vanilla,0.261721134185791,IR152_MI_ADMIX_DI_TI_adv
1,VGG-Face,/content/face_module/dataset_extractedfaces/vggface2_pairs/n000007_0113_01.jpg,/content/face_module/dataset_extractedfaces/vggface2_pairs/n000007_0122_01.jpg,vggface2_pairs,dodging_attack,/home/nadmin/Desktop/updatedattack/results/VGG-Face/transfer_attack_similarity_scores_all12_lambda020_limit1000.csv,IR152,MI_FGSM,vanilla,0.2679643630981445,IR152_MI_FGSM_adv
1,VGG-Face,/content/face_module/dataset_extractedfaces/vggface2_pairs/n000007_0113_01.jpg,/content/face_module/dataset_extractedfaces/vggface2_pairs/n000007_0122_01.jpg,vggface2_pairs,dodging_attack,/home/nadmin/Desktop/updatedattack/results/VGG-Face/transfer_attack_similarity_scores_all12_lambda020_limit1000.csv,IR152,PGD,vanilla,0.4900610446929931,IR152_PGD_adv
1,VGG-Face,/content/face_module/dataset_extractedfaces/vggface2_pairs/n000007_0113_01.jpg,/content/face_module/dataset_extractedfaces/vggface2_pairs/n000007_0122_01.jpg,vggface2_pairs,dodging_attack,/home/nadmin/Desktop/updatedattack/results/VGG-Face/transfer_attack_similarity_scores_all12_lambda020_limit1000.csv,IR152,SI_NI_FGSM,vanilla,0.3414543271064758,IR152_SI_NI_FGSM_adv
1,VGG-Face,/content/face_module/dataset_extractedfaces/vggface2_pairs/n000007_0113_01.jpg,/content/face_module/dataset_extractedfaces/vggface2_pairs/n000007_0122_01.jpg,vggface2_pairs,dodging_attack,/home/nadmin/Desktop/updatedattack/results/VGG-Face/transfer_attack_similarity_scores_all12_lambda020_limit1000.csv,IR152,TI_FGSM,vanilla,0.388797402381897,IR152_TI_FGSM_adv
1,VGG-Face,/content/face_module/dataset_extractedfaces/vggface2_pairs/n000007_0113_01.jpg,/content/face_module/dataset_extractedfaces/vggface2_pairs/n000007_0122_01.jpg,vggface2_pairs,dodging_attack,/home/nadmin/Desktop/updatedattack/results/VGG-Face/transfer_attack_similarity_scores_all12_lambda020_limit1000.csv,IR152,clean,clean,0.634651780128479,IR152_clean
1,VGG-Face,/content/face_module/dataset_extractedfaces/vggface2_pairs/n000007_0113_01.jpg,/content/face_module/dataset_extractedfaces/vggface2_pairs/n000007_0122_01.jpg,vggface2_pairs,dodging_attack,/home/nadmin/Desktop/updatedattack/results/VGG-Face/transfer_attack_similarity_scores_all12_lambda020_limit1000.csv,VGG-Face,clean,clean,0.4813993573188782,VGG-Face_clean
2,VGG-Face,/content/face_module/dataset_extractedfaces/celeba_pairs/107859.jpg,/content/face_module/dataset_extractedfaces/celeba_pairs/031892.jpg,celeba_pairs,impersonation_attack,/home/nadmin/Desktop/updatedattack/results/VGG-Face/transfer_attack_similarity_scores_all12_lambda020_limit1000.csv,ArcFace,MI_ADMIX_DI_TI,vanilla,0.2574774622917175,ArcFace_MI_ADMIX_DI_TI_adv
2,VGG-Face,/content/face_module/dataset_extractedfaces/celeba_pairs/107859.jpg,/content/face_module/dataset_extractedfaces/celeba_pairs/031892.jpg,celeba_pairs,impersonation_attack,/home/nadmin/Desktop/updatedattack/results/VGG-Face/transfer_attack_similarity_scores_all12_lambda020_limit1000.csv,ArcFace,MI_FGSM,vanilla,0.2874208688735962,ArcFace_MI_FGSM_adv
2,VGG-Face,/content/face_module/dataset_extractedfaces/celeba_pairs/107859.jpg,/content/face_module/dataset_extractedfaces/celeba_pairs/031892.jpg,celeba_pairs,impersonation_attack,/home/nadmin/Desktop/updatedattack/results/VGG-Face/transfer_attack_similarity_scores_all12_lambda020_limit1000.csv,ArcFace,PGD,vanilla,0.335487961769104,ArcFace_PGD_adv
2,VGG-Face,/content/face_module/dataset_extractedfaces/celeba_pairs/107859.jpg,/content/face_module/dataset_extractedfaces/celeba_pairs/031892.jpg,celeba_pairs,impersonation_attack,/home/nadmin/Desktop/updatedattack/results/VGG-Face/transfer_attack_similarity_scores_all12_lambda020_limit1000.csv,ArcFace,SI_NI_FGSM,vanilla,0.3397001624107361,ArcFace_SI_NI_FGSM_adv
2,VGG-Face,/content/face_module/dataset_extractedfaces/celeba_pairs/107859.jpg,/content/face_module/dataset_extractedfaces/celeba_pairs/031892.jpg,celeba_pairs,impersonation_attack,/home/nadmin/Desktop/updatedattack/results/VGG-Face/transfer_attack_similarity_scores_all12_lambda020_limit1000.csv,ArcFace,TI_FGSM,vanilla,0.3872424960136413,ArcFace_TI_FGSM_adv
2,VGG-Face,/content/face_module/dataset_extractedfaces/celeba_pairs/107859.jpg,/content/face_module/dataset_extractedfaces/celeba_pairs/031892.jpg,celeba_pairs,impersonation_attack,/home/nadmin/Desktop/updatedattack/results/VGG-Face/transfer_attack_similarity_scores_all12_lambda020_limit1000.csv,ArcFace,clean,clean,0.2291036397218704,ArcFace_clean
2,VGG-Face,/content/face_module/dataset_extractedfaces/celeba_pairs/107859.jpg,/content/face_module/dataset_extractedfaces/celeba_pairs/031892.jpg,celeba_pairs,impersonation_attack,/home/nadmin/Desktop/updatedattack/results/VGG-Face/transfer_attack_similarity_scores_all12_lambda020_limit1000.csv,Facenet512,MI_ADMIX_DI_TI,vanilla,0.4599543511867523,Facenet512_MI_ADMIX_DI_TI_adv
2,VGG-Face,/content/face_module/dataset_extractedfaces/celeba_pairs/107859.jpg,/content/face_module/dataset_extractedfaces/celeba_pairs/031892.jpg,celeba_pairs,impersonation_attack,/home/nadmin/Desktop/updatedattack/results/VGG-Face/transfer_attack_similarity_scores_all12_lambda020_limit1000.csv,Facenet512,MI_FGSM,vanilla,0.5900357961654663,Facenet512_MI_FGSM_adv
2,VGG-Face,/content/face_module/dataset_extractedfaces/celeba_pairs/107859.jpg,/content/face_module/dataset_extractedfaces/celeba_pairs/031892.jpg,celeba_pairs,impersonation_attack,/home/nadmin/Desktop/updatedattack/results/VGG-Face/transfer_attack_similarity_scores_all12_lambda020_limit1000.csv,Facenet512,PGD,vanilla,0.4045964479446411,Facenet512_PGD_adv
2,VGG-Face,/content/face_module/dataset_extractedfaces/celeba_pairs/107859.jpg,/content/face_module/dataset_extractedfaces/celeba_pairs/031892.jpg,celeba_pairs,impersonation_attack,/home/nadmin/Desktop/updatedattack/results/VGG-Face/transfer_attack_similarity_scores_all12_lambda020_limit1000.csv,Facenet512,SI_NI_FGSM,vanilla,0.5126252174377441,Facenet512_SI_NI_FGSM_adv
2,VGG-Face,/content/face_module/dataset_extractedfaces/celeba_pairs/107859.jpg,/content/face_module/dataset_extractedfaces/celeba_pairs/031892.jpg,celeba_pairs,impersonation_attack,/home/nadmin/Desktop/updatedattack/results/VGG-Face/transfer_attack_similarity_scores_all12_lambda020_limit1000.csv,Facenet512,TI_FGSM,vanilla,0.4586722254753113,Facenet512_TI_FGSM_adv
2,VGG-Face,/content/face_module/dataset_extractedfaces/celeba_pairs/107859.jpg,/content/face_module/dataset_extractedfaces/celeba_pairs/031892.jpg,celeba_pairs,impersonation_attack,/home/nadmin/Desktop/updatedattack/results/VGG-Face/transfer_attack_similarity_scores_all12_lambda020_limit1000.csv,Facenet512,clean,clean,0.0810722559690475,Facenet512_clean
2,VGG-Face,/content/face_module/dataset_extractedfaces/celeba_pairs/107859.jpg,/content/face_module/dataset_extractedfaces/celeba_pairs/031892.jpg,celeba_pairs,impersonation_attack,/home/nadmin/Desktop/updatedattack/results/VGG-Face/transfer_attack_similarity_scores_all12_lambda020_limit1000.csv,GhostFaceNet,MI_ADMIX_DI_TI,vanilla,0.07267377525568,GhostFaceNet_MI_ADMIX_DI_TI_adv
2,VGG-Face,/content/face_module/dataset_extractedfaces/celeba_pairs/107859.jpg,/content/face_module/dataset_extractedfaces/celeba_pairs/031892.jpg,celeba_pairs,impersonation_attack,/home/nadmin/Desktop/updatedattack/results/VGG-Face/transfer_attack_similarity_scores_all12_lambda020_limit1000.csv,GhostFaceNet,MI_FGSM,vanilla,0.1186330616474151,GhostFaceNet_MI_FGSM_adv
2,VGG-Face,/content/face_module/dataset_extractedfaces/celeba_pairs/107859.jpg,/content/face_module/dataset_extractedfaces/celeba_pairs/031892.jpg,celeba_pairs,impersonation_attack,/home/nadmin/Desktop/updatedattack/results/VGG-Face/transfer_attack_similarity_scores_all12_lambda020_limit1000.csv,GhostFaceNet,PGD,vanilla,0.1330900341272354,GhostFaceNet_PGD_adv
2,VGG-Face,/content/face_module/dataset_extractedfaces/celeba_pairs/107859.jpg,/content/face_module/dataset_extractedfaces/celeba_pairs/031892.jpg,celeba_pairs,impersonation_attack,/home/nadmin/Desktop/updatedattack/results/VGG-Face/transfer_attack_similarity_scores_all12_lambda020_limit1000.csv,GhostFaceNet,SI_NI_FGSM,vanilla,0.0719796568155288,GhostFaceNet_SI_NI_FGSM_adv
2,VGG-Face,/content/face_module/dataset_extractedfaces/celeba_pairs/107859.jpg,/content/face_module/dataset_extractedfaces/celeba_pairs/031892.jpg,celeba_pairs,impersonation_attack,/home/nadmin/Desktop/updatedattack/results/VGG-Face/transfer_attack_similarity_scores_all12_lambda020_limit1000.csv,GhostFaceNet,TI_FGSM,vanilla,0.1982335150241851,GhostFaceNet_TI_FGSM_adv
2,VGG-Face,/content/face_module/dataset_extractedfaces/celeba_pairs/107859.jpg,/content/face_module/dataset_extractedfaces/celeba_pairs/031892.jpg,celeba_pairs,impersonation_attack,/home/nadmin/Desktop/updatedattack/results/VGG-Face/transfer_attack_similarity_scores_all12_lambda020_limit1000.csv,GhostFaceNet,clean,clean,-0.0021720379590988,GhostFaceNet_clean
2,VGG-Face,/content/face_module/dataset_extractedfaces/celeba_pairs/107859.jpg,/content/face_module/dataset_extractedfaces/celeba_pairs/031892.jpg,celeba_pairs,impersonation_attack,/home/nadmin/Desktop/updatedattack/results/VGG-Face/transfer_attack_similarity_scores_all12_lambda020_limit1000.csv,IR152,MI_ADMIX_DI_TI,vanilla,0.2022570669651031,IR152_MI_ADMIX_DI_TI_adv
2,VGG-Face,/content/face_module/dataset_extractedfaces/celeba_pairs/107859.jpg,/content/face_module/dataset_extractedfaces/celeba_pairs/031892.jpg,celeba_pairs,impersonation_attack,/home/nadmin/Desktop/updatedattack/results/VGG-Face/transfer_attack_similarity_scores_all12_lambda020_limit1000.csv,IR152,MI_FGSM,vanilla,0.1263011991977691,IR152_MI_FGSM_adv
2,VGG-Face,/content/face_module/dataset_extractedfaces/celeba_pairs/107859.jpg,/content/face_module/dataset_extractedfaces/celeba_pairs/031892.jpg,celeba_pairs,impersonation_attack,/home/nadmin/Desktop/updatedattack/results/VGG-Face/transfer_attack_similarity_scores_all12_lambda020_limit1000.csv,IR152,PGD,vanilla,0.2015827298164367,IR152_PGD_adv
2,VGG-Face,/content/face_module/dataset_extractedfaces/celeba_pairs/107859.jpg,/content/face_module/dataset_extractedfaces/celeba_pairs/031892.jpg,celeba_pairs,impersonation_attack,/home/nadmin/Desktop/updatedattack/results/VGG-Face/transfer_attack_similarity_scores_all12_lambda020_limit1000.csv,IR152,SI_NI_FGSM,vanilla,0.1909860670566558,IR152_SI_NI_FGSM_adv
2,VGG-Face,/content/face_module/dataset_extractedfaces/celeba_pairs/107859.jpg,/content/face_module/dataset_extractedfaces/celeba_pairs/031892.jpg,celeba_pairs,impersonation_attack,/home/nadmin/Desktop/updatedattack/results/VGG-Face/transfer_attack_similarity_scores_all12_lambda020_limit1000.csv,IR152,TI_FGSM,vanilla,0.1564431935548782,IR152_TI_FGSM_adv
2,VGG-Face,/content/face_module/dataset_extractedfaces/celeba_pairs/107859.jpg,/content/face_module/dataset_extractedfaces/celeba_pairs/031892.jpg,celeba_pairs,impersonation_attack,/home/nadmin/Desktop/updatedattack/results/VGG-Face/transfer_attack_similarity_scores_all12_lambda020_limit1000.csv,IR152,clean,clean,0.1105675995349884,IR152_clean
2,VGG-Face,/content/face_module/dataset_extractedfaces/celeba_pairs/107859.jpg,/content/face_module/dataset_extractedfaces/celeba_pairs/031892.jpg,celeba_pairs,impersonation_attack,/home/nadmin/Desktop/updatedattack/results/VGG-Face/transfer_attack_similarity_scores_all12_lambda020_limit1000.csv,VGG-Face,clean,clean,0.0735538974404335,VGG-Face_clean
3,VGG-Face,/content/face_module/dataset_extractedfaces/vggface2_pairs/n000007_0076_01.jpg,/content/face_module/dataset_extractedfaces/vggface2_pairs/n000005_0080_01.jpg,vggface2_pairs,impersonation_attack,/home/nadmin/Desktop/updatedattack/results/VGG-Face/transfer_attack_similarity_scores_all12_lambda020_limit1000.csv,ArcFace,MI_ADMIX_DI_TI,vanilla,0.3129449188709259,ArcFace_MI_ADMIX_DI_TI_adv
3,VGG-Face,/content/face_module/dataset_extractedfaces/vggface2_pairs/n000007_0076_01.jpg,/content/face_module/dataset_extractedfaces/vggface2_pairs/n000005_0080_01.jpg,vggface2_pairs,impersonation_attack,/home/nadmin/Desktop/updatedattack/results/VGG-Face/transfer_attack_similarity_scores_all12_lambda020_limit1000.csv,ArcFace,MI_FGSM,vanilla,0.4134736061096191,ArcFace_MI_FGSM_adv
3,VGG-Face,/content/face_module/dataset_extractedfaces/vggface2_pairs/n000007_0076_01.jpg,/content/face_module/dataset_extractedfaces/vggface2_pairs/n000005_0080_01.jpg,vggface2_pairs,impersonation_attack,/home/nadmin/Desktop/updatedattack/results/VGG-Face/transfer_attack_similarity_scores_all12_lambda020_limit1000.csv,ArcFace,PGD,vanilla,0.3201197385787964,ArcFace_PGD_adv
3,VGG-Face,/content/face_module/dataset_extractedfaces/vggface2_pairs/n000007_0076_01.jpg,/content/face_module/dataset_extractedfaces/vggface2_pairs/n000005_0080_01.jpg,vggface2_pairs,impersonation_attack,/home/nadmin/Desktop/updatedattack/results/VGG-Face/transfer_attack_similarity_scores_all12_lambda020_limit1000.csv,ArcFace,SI_NI_FGSM,vanilla,0.3826915323734283,ArcFace_SI_NI_FGSM_adv
3,VGG-Face,/content/face_module/dataset_extractedfaces/vggface2_pairs/n000007_0076_01.jpg,/content/face_module/dataset_extractedfaces/vggface2_pairs/n000005_0080_01.jpg,vggface2_pairs,impersonation_attack,/home/nadmin/Desktop/updatedattack/results/VGG-Face/transfer_attack_similarity_scores_all12_lambda020_limit1000.csv,ArcFace,TI_FGSM,vanilla,0.3202844262123108,ArcFace_TI_FGSM_adv
3,VGG-Face,/content/face_module/dataset_extractedfaces/vggface2_pairs/n000007_0076_01.jpg,/content/face_module/dataset_extractedfaces/vggface2_pairs/n000005_0080_01.jpg,vggface2_pairs,impersonation_attack,/home/nadmin/Desktop/updatedattack/results/VGG-Face/transfer_attack_similarity_scores_all12_lambda020_limit1000.csv,ArcFace,clean,clean,0.0339482352137565,ArcFace_clean
3,VGG-Face,/content/face_module/dataset_extractedfaces/vggface2_pairs/n000007_0076_01.jpg,/content/face_module/dataset_extractedfaces/vggface2_pairs/n000005_0080_01.jpg,vggface2_pairs,impersonation_attack,/home/nadmin/Desktop/updatedattack/results/VGG-Face/transfer_attack_similarity_scores_all12_lambda020_limit1000.csv,Facenet512,MI_ADMIX_DI_TI,vanilla,0.1364479809999466,Facenet512_MI_ADMIX_DI_TI_adv
3,VGG-Face,/content/face_module/dataset_extractedfaces/vggface2_pairs/n000007_0076_01.jpg,/content/face_module/dataset_extractedfaces/vggface2_pairs/n000005_0080_01.jpg,vggface2_pairs,impersonation_attack,/home/nadmin/Desktop/updatedattack/results/VGG-Face/transfer_attack_similarity_scores_all12_lambda020_limit1000.csv,Facenet512,MI_FGSM,vanilla,0.1356136500835418,Facenet512_MI_FGSM_adv
3,VGG-Face,/content/face_module/dataset_extractedfaces/vggface2_pairs/n000007_0076_01.jpg,/content/face_module/dataset_extractedfaces/vggface2_pairs/n000005_0080_01.jpg,vggface2_pairs,impersonation_attack,/home/nadmin/Desktop/updatedattack/results/VGG-Face/transfer_attack_similarity_scores_all12_lambda020_limit1000.csv,Facenet512,PGD,vanilla,0.0883114114403724,Facenet512_PGD_adv
3,VGG-Face,/content/face_module/dataset_extractedfaces/vggface2_pairs/n000007_0076_01.jpg,/content/face_module/dataset_extractedfaces/vggface2_pairs/n000005_0080_01.jpg,vggface2_pairs,impersonation_attack,/home/nadmin/Desktop/updatedattack/results/VGG-Face/transfer_attack_similarity_scores_all12_lambda020_limit1000.csv,Facenet512,SI_NI_FGSM,vanilla,0.1041114851832389,Facenet512_SI_NI_FGSM_adv
3,VGG-Face,/content/face_module/dataset_extractedfaces/vggface2_pairs/n000007_0076_01.jpg,/content/face_module/dataset_extractedfaces/vggface2_pairs/n000005_0080_01.jpg,vggface2_pairs,impersonation_attack,/home/nadmin/Desktop/updatedattack/results/VGG-Face/transfer_attack_similarity_scores_all12_lambda020_limit1000.csv,Facenet512,TI_FGSM,vanilla,0.1583645045757293,Facenet512_TI_FGSM_adv
3,VGG-Face,/content/face_module/dataset_extractedfaces/vggface2_pairs/n000007_0076_01.jpg,/content/face_module/dataset_extractedfaces/vggface2_pairs/n000005_0080_01.jpg,vggface2_pairs,impersonation_attack,/home/nadmin/Desktop/updatedattack/results/VGG-Face/transfer_attack_similarity_scores_all12_lambda020_limit1000.csv,Facenet512,clean,clean,0.0153017658740282,Facenet512_clean
3,VGG-Face,/content/face_module/dataset_extractedfaces/vggface2_pairs/n000007_0076_01.jpg,/content/face_module/dataset_extractedfaces/vggface2_pairs/n000005_0080_01.jpg,vggface2_pairs,impersonation_attack,/home/nadmin/Desktop/updatedattack/results/VGG-Face/transfer_attack_similarity_scores_all12_lambda020_limit1000.csv,GhostFaceNet,MI_ADMIX_DI_TI,vanilla,0.1330661624670028,GhostFaceNet_MI_ADMIX_DI_TI_adv
3,VGG-Face,/content/face_module/dataset_extractedfaces/vggface2_pairs/n000007_0076_01.jpg,/content/face_module/dataset_extractedfaces/vggface2_pairs/n000005_0080_01.jpg,vggface2_pairs,impersonation_attack,/home/nadmin/Desktop/updatedattack/results/VGG-Face/transfer_attack_similarity_scores_all12_lambda020_limit1000.csv,GhostFaceNet,MI_FGSM,vanilla,0.1330180466175079,GhostFaceNet_MI_FGSM_adv
3,VGG-Face,/content/face_module/dataset_extractedfaces/vggface2_pairs/n000007_0076_01.jpg,/content/face_module/dataset_extractedfaces/vggface2_pairs/n000005_0080_01.jpg,vggface2_pairs,impersonation_attack,/home/nadmin/Desktop/updatedattack/results/VGG-Face/transfer_attack_similarity_scores_all12_lambda020_limit1000.csv,GhostFaceNet,PGD,vanilla,0.1433668285608291,GhostFaceNet_PGD_adv
3,VGG-Face,/content/face_module/dataset_extractedfaces/vggface2_pairs/n000007_0076_01.jpg,/content/face_module/dataset_extractedfaces/vggface2_pairs/n000005_0080_01.jpg,vggface2_pairs,impersonation_attack,/home/nadmin/Desktop/updatedattack/results/VGG-Face/transfer_attack_similarity_scores_all12_lambda020_limit1000.csv,GhostFaceNet,SI_NI_FGSM,vanilla,0.1218304634094238,GhostFaceNet_SI_NI_FGSM_adv
3,VGG-Face,/content/face_module/dataset_extractedfaces/vggface2_pairs/n000007_0076_01.jpg,/content/face_module/dataset_extractedfaces/vggface2_pairs/n000005_0080_01.jpg,vggface2_pairs,impersonation_attack,/home/nadmin/Desktop/updatedattack/results/VGG-Face/transfer_attack_similarity_scores_all12_lambda020_limit1000.csv,GhostFaceNet,TI_FGSM,vanilla,0.1660587787628173,GhostFaceNet_TI_FGSM_adv
3,VGG-Face,/content/face_module/dataset_extractedfaces/vggface2_pairs/n000007_0076_01.jpg,/content/face_module/dataset_extractedfaces/vggface2_pairs/n000005_0080_01.jpg,vggface2_pairs,impersonation_attack,/home/nadmin/Desktop/updatedattack/results/VGG-Face/transfer_attack_similarity_scores_all12_lambda020_limit1000.csv,GhostFaceNet,clean,clean,0.0733531713485717,GhostFaceNet_clean
3,VGG-Face,/content/face_module/dataset_extractedfaces/vggface2_pairs/n000007_0076_01.jpg,/content/face_module/dataset_extractedfaces/vggface2_pairs/n000005_0080_01.jpg,vggface2_pairs,impersonation_attack,/home/nadmin/Desktop/updatedattack/results/VGG-Face/transfer_attack_similarity_scores_all12_lambda020_limit1000.csv,IR152,MI_ADMIX_DI_TI,vanilla,0.085647776722908,IR152_MI_ADMIX_DI_TI_adv
3,VGG-Face,/content/face_module/dataset_extractedfaces/vggface2_pairs/n000007_0076_01.jpg,/content/face_module/dataset_extractedfaces/vggface2_pairs/n000005_0080_01.jpg,vggface2_pairs,impersonation_attack,/home/nadmin/Desktop/updatedattack/results/VGG-Face/transfer_attack_similarity_scores_all12_lambda020_limit1000.csv,IR152,MI_FGSM,vanilla,0.112212136387825,IR152_MI_FGSM_adv
3,VGG-Face,/content/face_module/dataset_extractedfaces/vggface2_pairs/n000007_0076_01.jpg,/content/face_module/dataset_extractedfaces/vggface2_pairs/n000005_0080_01.jpg,vggface2_pairs,impersonation_attack,/home/nadmin/Desktop/updatedattack/results/VGG-Face/transfer_attack_similarity_scores_all12_lambda020_limit1000.csv,IR152,PGD,vanilla,0.1060013025999069,IR152_PGD_adv
3,VGG-Face,/content/face_module/dataset_extractedfaces/vggface2_pairs/n000007_0076_01.jpg,/content/face_module/dataset_extractedfaces/vggface2_pairs/n000005_0080_01.jpg,vggface2_pairs,impersonation_attack,/home/nadmin/Desktop/updatedattack/results/VGG-Face/transfer_attack_similarity_scores_all12_lambda020_limit1000.csv,IR152,SI_NI_FGSM,vanilla,0.1177195161581039,IR152_SI_NI_FGSM_adv
3,VGG-Face,/content/face_module/dataset_extractedfaces/vggface2_pairs/n000007_0076_01.jpg,/content/face_module/dataset_extractedfaces/vggface2_pairs/n000005_0080_01.jpg,vggface2_pairs,impersonation_attack,/home/nadmin/Desktop/updatedattack/results/VGG-Face/transfer_attack_similarity_scores_all12_lambda020_limit1000.csv,IR152,TI_FGSM,vanilla,0.1225217431783676,IR152_TI_FGSM_adv
3,VGG-Face,/content/face_module/dataset_extractedfaces/vggface2_pairs/n000007_0076_01.jpg,/content/face_module/dataset_extractedfaces/vggface2_pairs/n000005_0080_01.jpg,vggface2_pairs,impersonation_attack,/home/nadmin/Desktop/updatedattack/results/VGG-Face/transfer_attack_similarity_scores_all12_lambda020_limit1000.csv,IR152,clean,clean,0.0970130488276481,IR152_clean
3,VGG-Face,/content/face_module/dataset_extractedfaces/vggface2_pairs/n000007_0076_01.jpg,/content/face_module/dataset_extractedfaces/vggface2_pairs/n000005_0080_01.jpg,vggface2_pairs,impersonation_attack,/home/nadmin/Desktop/updatedattack/results/VGG-Face/transfer_attack_similarity_scores_all12_lambda020_limit1000.csv,VGG-Face,clean,clean,0.0580454058945179,VGG-Face_clean
4,VGG-Face,/content/face_module/dataset_extractedfaces/vggface2_pairs/n000008_0256_01.jpg,/content/face_module/dataset_extractedfaces/vggface2_pairs/n000008_0348_01.jpg,vggface2_pairs,dodging_attack,/home/nadmin/Desktop/updatedattack/results/VGG-Face/transfer_attack_similarity_scores_all12_lambda020_limit1000.csv,ArcFace,MI_ADMIX_DI_TI,vanilla,0.0243994183838367,ArcFace_MI_ADMIX_DI_TI_adv
4,VGG-Face,/content/face_module/dataset_extractedfaces/vggface2_pairs/n000008_0256_01.jpg,/content/face_module/dataset_extractedfaces/vggface2_pairs/n000008_0348_01.jpg,vggface2_pairs,dodging_attack,/home/nadmin/Desktop/updatedattack/results/VGG-Face/transfer_attack_similarity_scores_all12_lambda020_limit1000.csv,ArcFace,MI_FGSM,vanilla,0.0034846421331167,ArcFace_MI_FGSM_adv
4,VGG-Face,/content/face_module/dataset_extractedfaces/vggface2_pairs/n000008_0256_01.jpg,/content/face_module/dataset_extractedfaces/vggface2_pairs/n000008_0348_01.jpg,vggface2_pairs,dodging_attack,/home/nadmin/Desktop/updatedattack/results/VGG-Face/transfer_attack_similarity_scores_all12_lambda020_limit1000.csv,ArcFace,PGD,vanilla,0.0069703143090009,ArcFace_PGD_adv
4,VGG-Face,/content/face_module/dataset_extractedfaces/vggface2_pairs/n000008_0256_01.jpg,/content/face_module/dataset_extractedfaces/vggface2_pairs/n000008_0348_01.jpg,vggface2_pairs,dodging_attack,/home/nadmin/Desktop/updatedattack/results/VGG-Face/transfer_attack_similarity_scores_all12_lambda020_limit1000.csv,ArcFace,SI_NI_FGSM,vanilla,-0.0095362365245819,ArcFace_SI_NI_FGSM_adv
4,VGG-Face,/content/face_module/dataset_extractedfaces/vggface2_pairs/n000008_0256_01.jpg,/content/face_module/dataset_extractedfaces/vggface2_pairs/n000008_0348_01.jpg,vggface2_pairs,dodging_attack,/home/nadmin/Desktop/updatedattack/results/VGG-Face/transfer_attack_similarity_scores_all12_lambda020_limit1000.csv,ArcFace,TI_FGSM,vanilla,0.011109247803688,ArcFace_TI_FGSM_adv
4,VGG-Face,/content/face_module/dataset_extractedfaces/vggface2_pairs/n000008_0256_01.jpg,/content/face_module/dataset_extractedfaces/vggface2_pairs/n000008_0348_01.jpg,vggface2_pairs,dodging_attack,/home/nadmin/Desktop/updatedattack/results/VGG-Face/transfer_attack_similarity_scores_all12_lambda020_limit1000.csv,ArcFace,clean,clean,0.017865490168333,ArcFace_clean
4,VGG-Face,/content/face_module/dataset_extractedfaces/vggface2_pairs/n000008_0256_01.jpg,/content/face_module/dataset_extractedfaces/vggface2_pairs/n000008_0348_01.jpg,vggface2_pairs,dodging_attack,/home/nadmin/Desktop/updatedattack/results/VGG-Face/transfer_attack_similarity_scores_all12_lambda020_limit1000.csv,Facenet512,MI_ADMIX_DI_TI,vanilla,0.2828695774078369,Facenet512_MI_ADMIX_DI_TI_adv
4,VGG-Face,/content/face_module/dataset_extractedfaces/vggface2_pairs/n000008_0256_01.jpg,/content/face_module/dataset_extractedfaces/vggface2_pairs/n000008_0348_01.jpg,vggface2_pairs,dodging_attack,/home/nadmin/Desktop/updatedattack/results/VGG-Face/transfer_attack_similarity_scores_all12_lambda020_limit1000.csv,Facenet512,MI_FGSM,vanilla,0.2210977673530578,Facenet512_MI_FGSM_adv
4,VGG-Face,/content/face_module/dataset_extractedfaces/vggface2_pairs/n000008_0256_01.jpg,/content/face_module/dataset_extractedfaces/vggface2_pairs/n000008_0348_01.jpg,vggface2_pairs,dodging_attack,/home/nadmin/Desktop/updatedattack/results/VGG-Face/transfer_attack_similarity_scores_all12_lambda020_limit1000.csv,Facenet512,PGD,vanilla,0.31916144490242,Facenet512_PGD_adv
4,VGG-Face,/content/face_module/dataset_extractedfaces/vggface2_pairs/n000008_0256_01.jpg,/content/face_module/dataset_extractedfaces/vggface2_pairs/n000008_0348_01.jpg,vggface2_pairs,dodging_attack,/home/nadmin/Desktop/updatedattack/results/VGG-Face/transfer_attack_similarity_scores_all12_lambda020_limit1000.csv,Facenet512,SI_NI_FGSM,vanilla,0.1869125217199325,Facenet512_SI_NI_FGSM_adv
4,VGG-Face,/content/face_module/dataset_extractedfaces/vggface2_pairs/n000008_0256_01.jpg,/content/face_module/dataset_extractedfaces/vggface2_pairs/n000008_0348_01.jpg,vggface2_pairs,dodging_attack,/home/nadmin/Desktop/updatedattack/results/VGG-Face/transfer_attack_similarity_scores_all12_lambda020_limit1000.csv,Facenet512,TI_FGSM,vanilla,0.3140102028846741,Facenet512_TI_FGSM_adv
4,VGG-Face,/content/face_module/dataset_extractedfaces/vggface2_pairs/n000008_0256_01.jpg,/content/face_module/dataset_extractedfaces/vggface2_pairs/n000008_0348_01.jpg,vggface2_pairs,dodging_attack,/home/nadmin/Desktop/updatedattack/results/VGG-Face/transfer_attack_similarity_scores_all12_lambda020_limit1000.csv,Facenet512,clean,clean,0.52094566822052,Facenet512_clean
4,VGG-Face,/content/face_module/dataset_extractedfaces/vggface2_pairs/n000008_0256_01.jpg,/content/face_module/dataset_extractedfaces/vggface2_pairs/n000008_0348_01.jpg,vggface2_pairs,dodging_attack,/home/nadmin/Desktop/updatedattack/results/VGG-Face/transfer_attack_similarity_scores_all12_lambda020_limit1000.csv,GhostFaceNet,MI_ADMIX_DI_TI,vanilla,0.0535878986120224,GhostFaceNet_MI_ADMIX_DI_TI_adv
4,VGG-Face,/content/face_module/dataset_extractedfaces/vggface2_pairs/n000008_0256_01.jpg,/content/face_module/dataset_extractedfaces/vggface2_pairs/n000008_0348_01.jpg,vggface2_pairs,dodging_attack,/home/nadmin/Desktop/updatedattack/results/VGG-Face/transfer_attack_similarity_scores_all12_lambda020_limit1000.csv,GhostFaceNet,MI_FGSM,vanilla,0.0374922305345535,GhostFaceNet_MI_FGSM_adv
4,VGG-Face,/content/face_module/dataset_extractedfaces/vggface2_pairs/n000008_0256_01.jpg,/content/face_module/dataset_extractedfaces/vggface2_pairs/n000008_0348_01.jpg,vggface2_pairs,dodging_attack,/home/nadmin/Desktop/updatedattack/results/VGG-Face/transfer_attack_similarity_scores_all12_lambda020_limit1000.csv,GhostFaceNet,PGD,vanilla,-0.0137210078537464,GhostFaceNet_PGD_adv
4,VGG-Face,/content/face_module/dataset_extractedfaces/vggface2_pairs/n000008_0256_01.jpg,/content/face_module/dataset_extractedfaces/vggface2_pairs/n000008_0348_01.jpg,vggface2_pairs,dodging_attack,/home/nadmin/Desktop/updatedattack/results/VGG-Face/transfer_attack_similarity_scores_all12_lambda020_limit1000.csv,GhostFaceNet,SI_NI_FGSM,vanilla,0.0260784234851598,GhostFaceNet_SI_NI_FGSM_adv
4,VGG-Face,/content/face_module/dataset_extractedfaces/vggface2_pairs/n000008_0256_01.jpg,/content/face_module/dataset_extractedfaces/vggface2_pairs/n000008_0348_01.jpg,vggface2_pairs,dodging_attack,/home/nadmin/Desktop/updatedattack/results/VGG-Face/transfer_attack_similarity_scores_all12_lambda020_limit1000.csv,GhostFaceNet,TI_FGSM,vanilla,0.0602758191525936,GhostFaceNet_TI_FGSM_adv
4,VGG-Face,/content/face_module/dataset_extractedfaces/vggface2_pairs/n000008_0256_01.jpg,/content/face_module/dataset_extractedfaces/vggface2_pairs/n000008_0348_01.jpg,vggface2_pairs,dodging_attack,/home/nadmin/Desktop/updatedattack/results/VGG-Face/transfer_attack_similarity_scores_all12_lambda020_limit1000.csv,GhostFaceNet,clean,clean,0.0382209010422229,GhostFaceNet_clean
4,VGG-Face,/content/face_module/dataset_extractedfaces/vggface2_pairs/n000008_0256_01.jpg,/content/face_module/dataset_extractedfaces/vggface2_pairs/n000008_0348_01.jpg,vggface2_pairs,dodging_attack,/home/nadmin/Desktop/updatedattack/results/VGG-Face/transfer_attack_similarity_scores_all12_lambda020_limit1000.csv,IR152,MI_ADMIX_DI_TI,vanilla,0.1365710794925689,IR152_MI_ADMIX_DI_TI_adv
4,VGG-Face,/content/face_module/dataset_extractedfaces/vggface2_pairs/n000008_0256_01.jpg,/content/face_module/dataset_extractedfaces/vggface2_pairs/n000008_0348_01.jpg,vggface2_pairs,dodging_attack,/home/nadmin/Desktop/updatedattack/results/VGG-Face/transfer_attack_similarity_scores_all12_lambda020_limit1000.csv,IR152,MI_FGSM,vanilla,0.1763237416744232,IR152_MI_FGSM_adv
4,VGG-Face,/content/face_module/dataset_extractedfaces/vggface2_pairs/n000008_0256_01.jpg,/content/face_module/dataset_extractedfaces/vggface2_pairs/n000008_0348_01.jpg,vggface2_pairs,dodging_attack,/home/nadmin/Desktop/updatedattack/results/VGG-Face/transfer_attack_similarity_scores_all12_lambda020_limit1000.csv,IR152,PGD,vanilla,0.2371332347393036,IR152_PGD_adv
4,VGG-Face,/content/face_module/dataset_extractedfaces/vggface2_pairs/n000008_0256_01.jpg,/content/face_module/dataset_extractedfaces/vggface2_pairs/n000008_0348_01.jpg,vggface2_pairs,dodging_attack,/home/nadmin/Desktop/updatedattack/results/VGG-Face/transfer_attack_similarity_scores_all12_lambda020_limit1000.csv,IR152,SI_NI_FGSM,vanilla,0.1515583097934723,IR152_SI_NI_FGSM_adv
4,VGG-Face,/content/face_module/dataset_extractedfaces/vggface2_pairs/n000008_0256_01.jpg,/content/face_module/dataset_extractedfaces/vggface2_pairs/n000008_0348_01.jpg,vggface2_pairs,dodging_attack,/home/nadmin/Desktop/updatedattack/results/VGG-Face/transfer_attack_similarity_scores_all12_lambda020_limit1000.csv,IR152,TI_FGSM,vanilla,0.2285590767860412,IR152_TI_FGSM_adv
4,VGG-Face,/content/face_module/dataset_extractedfaces/vggface2_pairs/n000008_0256_01.jpg,/content/face_module/dataset_extractedfaces/vggface2_pairs/n000008_0348_01.jpg,vggface2_pairs,dodging_attack,/home/nadmin/Desktop/updatedattack/results/VGG-Face/transfer_attack_similarity_scores_all12_lambda020_limit1000.csv,IR152,clean,clean,0.3233869671821594,IR152_clean
4,VGG-Face,/content/face_module/dataset_extractedfaces/vggface2_pairs/n000008_0256_01.jpg,/content/face_module/dataset_extractedfaces/vggface2_pairs/n000008_0348_01.jpg,vggface2_pairs,dodging_attack,/home/nadmin/Desktop/updatedattack/results/VGG-Face/transfer_attack_similarity_scores_all12_lambda020_limit1000.csv,VGG-Face,clean,clean,0.1985628455877304,VGG-Face_clean
5,VGG-Face,/content/face_module/dataset_extractedfaces/vggface2_pairs/n000004_0204_01.jpg,/content/face_module/dataset_extractedfaces/vggface2_pairs/n000002_0070_01.jpg,vggface2_pairs,impersonation_attack,/home/nadmin/Desktop/updatedattack/results/VGG-Face/transfer_attack_similarity_scores_all12_lambda020_limit1000.csv,ArcFace,MI_ADMIX_DI_TI,vanilla,0.0662066936492919,ArcFace_MI_ADMIX_DI_TI_adv
5,VGG-Face,/content/face_module/dataset_extractedfaces/vggface2_pairs/n000004_0204_01.jpg,/content/face_module/dataset_extractedfaces/vggface2_pairs/n000002_0070_01.jpg,vggface2_pairs,impersonation_attack,/home/nadmin/Desktop/updatedattack/results/VGG-Face/transfer_attack_similarity_scores_all12_lambda020_limit1000.csv,ArcFace,MI_FGSM,vanilla,0.0391103662550449,ArcFace_MI_FGSM_adv
5,VGG-Face,/content/face_module/dataset_extractedfaces/vggface2_pairs/n000004_0204_01.jpg,/content/face_module/dataset_extractedfaces/vggface2_pairs/n000002_0070_01.jpg,vggface2_pairs,impersonation_attack,/home/nadmin/Desktop/updatedattack/results/VGG-Face/transfer_attack_similarity_scores_all12_lambda020_limit1000.csv,ArcFace,PGD,vanilla,0.0220509972423315,ArcFace_PGD_adv
5,VGG-Face,/content/face_module/dataset_extractedfaces/vggface2_pairs/n000004_0204_01.jpg,/content/face_module/dataset_extractedfaces/vggface2_pairs/n000002_0070_01.jpg,vggface2_pairs,impersonation_attack,/home/nadmin/Desktop/updatedattack/results/VGG-Face/transfer_attack_similarity_scores_all12_lambda020_limit1000.csv,ArcFace,SI_NI_FGSM,vanilla,0.0399394668638706,ArcFace_SI_NI_FGSM_adv
5,VGG-Face,/content/face_module/dataset_extractedfaces/vggface2_pairs/n000004_0204_01.jpg,/content/face_module/dataset_extractedfaces/vggface2_pairs/n000002_0070_01.jpg,vggface2_pairs,impersonation_attack,/home/nadmin/Desktop/updatedattack/results/VGG-Face/transfer_attack_similarity_scores_all12_lambda020_limit1000.csv,ArcFace,TI_FGSM,vanilla,-0.0004432741552591,ArcFace_TI_FGSM_adv
5,VGG-Face,/content/face_module/dataset_extractedfaces/vggface2_pairs/n000004_0204_01.jpg,/content/face_module/dataset_extractedfaces/vggface2_pairs/n000002_0070_01.jpg,vggface2_pairs,impersonation_attack,/home/nadmin/Desktop/updatedattack/results/VGG-Face/transfer_attack_similarity_scores_all12_lambda020_limit1000.csv,ArcFace,clean,clean,0.0034883907064795,ArcFace_clean
5,VGG-Face,/content/face_module/dataset_extractedfaces/vggface2_pairs/n000004_0204_01.jpg,/content/face_module/dataset_extractedfaces/vggface2_pairs/n000002_0070_01.jpg,vggface2_pairs,impersonation_attack,/home/nadmin/Desktop/updatedattack/results/VGG-Face/transfer_attack_similarity_scores_all12_lambda020_limit1000.csv,Facenet512,MI_ADMIX_DI_TI,vanilla,0.1433858573436737,Facenet512_MI_ADMIX_DI_TI_adv
5,VGG-Face,/content/face_module/dataset_extractedfaces/vggface2_pairs/n000004_0204_01.jpg,/content/face_module/dataset_extractedfaces/vggface2_pairs/n000002_0070_01.jpg,vggface2_pairs,impersonation_attack,/home/nadmin/Desktop/updatedattack/results/VGG-Face/transfer_attack_similarity_scores_all12_lambda020_limit1000.csv,Facenet512,MI_FGSM,vanilla,0.155117318034172,Facenet512_MI_FGSM_adv
5,VGG-Face,/content/face_module/dataset_extractedfaces/vggface2_pairs/n000004_0204_01.jpg,/content/face_module/dataset_extractedfaces/vggface2_pairs/n000002_0070_01.jpg,vggface2_pairs,impersonation_attack,/home/nadmin/Desktop/updatedattack/results/VGG-Face/transfer_attack_similarity_scores_all12_lambda020_limit1000.csv,Facenet512,PGD,vanilla,0.1662020981311798,Facenet512_PGD_adv
5,VGG-Face,/content/face_module/dataset_extractedfaces/vggface2_pairs/n000004_0204_01.jpg,/content/face_module/dataset_extractedfaces/vggface2_pairs/n000002_0070_01.jpg,vggface2_pairs,impersonation_attack,/home/nadmin/Desktop/updatedattack/results/VGG-Face/transfer_attack_similarity_scores_all12_lambda020_limit1000.csv,Facenet512,SI_NI_FGSM,vanilla,0.1126133352518081,Facenet512_SI_NI_FGSM_adv
5,VGG-Face,/content/face_module/dataset_extractedfaces/vggface2_pairs/n000004_0204_01.jpg,/content/face_module/dataset_extractedfaces/vggface2_pairs/n000002_0070_01.jpg,vggface2_pairs,impersonation_attack,/home/nadmin/Desktop/updatedattack/results/VGG-Face/transfer_attack_similarity_scores_all12_lambda020_limit1000.csv,Facenet512,TI_FGSM,vanilla,0.1750484108924865,Facenet512_TI_FGSM_adv
5,VGG-Face,/content/face_module/dataset_extractedfaces/vggface2_pairs/n000004_0204_01.jpg,/content/face_module/dataset_extractedfaces/vggface2_pairs/n000002_0070_01.jpg,vggface2_pairs,impersonation_attack,/home/nadmin/Desktop/updatedattack/results/VGG-Face/transfer_attack_similarity_scores_all12_lambda020_limit1000.csv,Facenet512,clean,clean,-0.0816236436367034,Facenet512_clean
5,VGG-Face,/content/face_module/dataset_extractedfaces/vggface2_pairs/n000004_0204_01.jpg,/content/face_module/dataset_extractedfaces/vggface2_pairs/n000002_0070_01.jpg,vggface2_pairs,impersonation_attack,/home/nadmin/Desktop/updatedattack/results/VGG-Face/transfer_attack_similarity_scores_all12_lambda020_limit1000.csv,GhostFaceNet,MI_ADMIX_DI_TI,vanilla,0.1585694253444671,GhostFaceNet_MI_ADMIX_DI_TI_adv
5,VGG-Face,/content/face_module/dataset_extractedfaces/vggface2_pairs/n000004_0204_01.jpg,/content/face_module/dataset_extractedfaces/vggface2_pairs/n000002_0070_01.jpg,vggface2_pairs,impersonation_attack,/home/nadmin/Desktop/updatedattack/results/VGG-Face/transfer_attack_similarity_scores_all12_lambda020_limit1000.csv,GhostFaceNet,MI_FGSM,vanilla,0.1462861001491546,GhostFaceNet_MI_FGSM_adv
5,VGG-Face,/content/face_module/dataset_extractedfaces/vggface2_pairs/n000004_0204_01.jpg,/content/face_module/dataset_extractedfaces/vggface2_pairs/n000002_0070_01.jpg,vggface2_pairs,impersonation_attack,/home/nadmin/Desktop/updatedattack/results/VGG-Face/transfer_attack_similarity_scores_all12_lambda020_limit1000.csv,GhostFaceNet,PGD,vanilla,0.1149444431066513,GhostFaceNet_PGD_adv
5,VGG-Face,/content/face_module/dataset_extractedfaces/vggface2_pairs/n000004_0204_01.jpg,/content/face_module/dataset_extractedfaces/vggface2_pairs/n000002_0070_01.jpg,vggface2_pairs,impersonation_attack,/home/nadmin/Desktop/updatedattack/results/VGG-Face/transfer_attack_similarity_scores_all12_lambda020_limit1000.csv,GhostFaceNet,SI_NI_FGSM,vanilla,0.1531955003738403,GhostFaceNet_SI_NI_FGSM_adv
5,VGG-Face,/content/face_module/dataset_extractedfaces/vggface2_pairs/n000004_0204_01.jpg,/content/face_module/dataset_extractedfaces/vggface2_pairs/n000002_0070_01.jpg,vggface2_pairs,impersonation_attack,/home/nadmin/Desktop/updatedattack/results/VGG-Face/transfer_attack_similarity_scores_all12_lambda020_limit1000.csv,GhostFaceNet,TI_FGSM,vanilla,0.1391240507364273,GhostFaceNet_TI_FGSM_adv
5,VGG-Face,/content/face_module/dataset_extractedfaces/vggface2_pairs/n000004_0204_01.jpg,/content/face_module/dataset_extractedfaces/vggface2_pairs/n000002_0070_01.jpg,vggface2_pairs,impersonation_attack,/home/nadmin/Desktop/updatedattack/results/VGG-Face/transfer_attack_similarity_scores_all12_lambda020_limit1000.csv,GhostFaceNet,clean,clean,0.1116373091936111,GhostFaceNet_clean
5,VGG-Face,/content/face_module/dataset_extractedfaces/vggface2_pairs/n000004_0204_01.jpg,/content/face_module/dataset_extractedfaces/vggface2_pairs/n000002_0070_01.jpg,vggface2_pairs,impersonation_attack,/home/nadmin/Desktop/updatedattack/results/VGG-Face/transfer_attack_similarity_scores_all12_lambda020_limit1000.csv,IR152,MI_ADMIX_DI_TI,vanilla,-0.008607693016529,IR152_MI_ADMIX_DI_TI_adv
5,VGG-Face,/content/face_module/dataset_extractedfaces/vggface2_pairs/n000004_0204_01.jpg,/content/face_module/dataset_extractedfaces/vggface2_pairs/n000002_0070_01.jpg,vggface2_pairs,impersonation_attack,/home/nadmin/Desktop/updatedattack/results/VGG-Face/transfer_attack_similarity_scores_all12_lambda020_limit1000.csv,IR152,MI_FGSM,vanilla,-0.0218860208988189,IR152_MI_FGSM_adv
5,VGG-Face,/content/face_module/dataset_extractedfaces/vggface2_pairs/n000004_0204_01.jpg,/content/face_module/dataset_extractedfaces/vggface2_pairs/n000002_0070_01.jpg,vggface2_pairs,impersonation_attack,/home/nadmin/Desktop/updatedattack/results/VGG-Face/transfer_attack_similarity_scores_all12_lambda020_limit1000.csv,IR152,PGD,vanilla,-0.0546047016978263,IR152_PGD_adv
5,VGG-Face,/content/face_module/dataset_extractedfaces/vggface2_pairs/n000004_0204_01.jpg,/content/face_module/dataset_extractedfaces/vggface2_pairs/n000002_0070_01.jpg,vggface2_pairs,impersonation_attack,/home/nadmin/Desktop/updatedattack/results/VGG-Face/transfer_attack_similarity_scores_all12_lambda020_limit1000.csv,IR152,SI_NI_FGSM,vanilla,-0.0122916344553232,IR152_SI_NI_FGSM_adv
5,VGG-Face,/content/face_module/dataset_extractedfaces/vggface2_pairs/n000004_0204_01.jpg,/content/face_module/dataset_extractedfaces/vggface2_pairs/n000002_0070_01.jpg,vggface2_pairs,impersonation_attack,/home/nadmin/Desktop/updatedattack/results/VGG-Face/transfer_attack_similarity_scores_all12_lambda020_limit1000.csv,IR152,TI_FGSM,vanilla,-0.0090420404449105,IR152_TI_FGSM_adv
5,VGG-Face,/content/face_module/dataset_extractedfaces/vggface2_pairs/n000004_0204_01.jpg,/content/face_module/dataset_extractedfaces/vggface2_pairs/n000002_0070_01.jpg,vggface2_pairs,impersonation_attack,/home/nadmin/Desktop/updatedattack/results/VGG-Face/transfer_attack_similarity_scores_all12_lambda020_limit1000.csv,IR152,clean,clean,-0.0258321724832057,IR152_clean
5,VGG-Face,/content/face_module/dataset_extractedfaces/vggface2_pairs/n000004_0204_01.jpg,/content/face_module/dataset_extractedfaces/vggface2_pairs/n000002_0070_01.jpg,vggface2_pairs,impersonation_attack,/home/nadmin/Desktop/updatedattack/results/VGG-Face/transfer_attack_similarity_scores_all12_lambda020_limit1000.csv,VGG-Face,clean,clean,0.0456396713852882,VGG-Face_clean
6,VGG-Face,/content/face_module/dataset_extractedfaces/lfw_pairs/Luiz Inacio Lula da Silva_7.jpg,/content/face_module/dataset_extractedfaces/lfw_pairs/Luiz Inacio Lula da Silva_8.jpg,lfw_pairs,dodging_attack,/home/nadmin/Desktop/updatedattack/results/VGG-Face/transfer_attack_similarity_scores_all12_lambda020_limit1000.csv,ArcFace,MI_ADMIX_DI_TI,vanilla,0.418282151222229,ArcFace_MI_ADMIX_DI_TI_adv
6,VGG-Face,/content/face_module/dataset_extractedfaces/lfw_pairs/Luiz Inacio Lula da Silva_7.jpg,/content/face_module/dataset_extractedfaces/lfw_pairs/Luiz Inacio Lula da Silva_8.jpg,lfw_pairs,dodging_attack,/home/nadmin/Desktop/updatedattack/results/VGG-Face/transfer_attack_similarity_scores_all12_lambda020_limit1000.csv,ArcFace,MI_FGSM,vanilla,0.412690132856369,ArcFace_MI_FGSM_adv
6,VGG-Face,/content/face_module/dataset_extractedfaces/lfw_pairs/Luiz Inacio Lula da Silva_7.jpg,/content/face_module/dataset_extractedfaces/lfw_pairs/Luiz Inacio Lula da Silva_8.jpg,lfw_pairs,dodging_attack,/home/nadmin/Desktop/updatedattack/results/VGG-Face/transfer_attack_similarity_scores_all12_lambda020_limit1000.csv,ArcFace,PGD,vanilla,0.5567917823791504,ArcFace_PGD_adv
6,VGG-Face,/content/face_module/dataset_extractedfaces/lfw_pairs/Luiz Inacio Lula da Silva_7.jpg,/content/face_module/dataset_extractedfaces/lfw_pairs/Luiz Inacio Lula da Silva_8.jpg,lfw_pairs,dodging_attack,/home/nadmin/Desktop/updatedattack/results/VGG-Face/transfer_attack_similarity_scores_all12_lambda020_limit1000.csv,ArcFace,SI_NI_FGSM,vanilla,0.4230503141880035,ArcFace_SI_NI_FGSM_adv
6,VGG-Face,/content/face_module/dataset_extractedfaces/lfw_pairs/Luiz Inacio Lula da Silva_7.jpg,/content/face_module/dataset_extractedfaces/lfw_pairs/Luiz Inacio Lula da Silva_8.jpg,lfw_pairs,dodging_attack,/home/nadmin/Desktop/updatedattack/results/VGG-Face/transfer_attack_similarity_scores_all12_lambda020_limit1000.csv,ArcFace,TI_FGSM,vanilla,0.5024626851081848,ArcFace_TI_FGSM_adv
6,VGG-Face,/content/face_module/dataset_extractedfaces/lfw_pairs/Luiz Inacio Lula da Silva_7.jpg,/content/face_module/dataset_extractedfaces/lfw_pairs/Luiz Inacio Lula da Silva_8.jpg,lfw_pairs,dodging_attack,/home/nadmin/Desktop/updatedattack/results/VGG-Face/transfer_attack_similarity_scores_all12_lambda020_limit1000.csv,ArcFace,clean,clean,0.7488540410995483,ArcFace_clean
6,VGG-Face,/content/face_module/dataset_extractedfaces/lfw_pairs/Luiz Inacio Lula da Silva_7.jpg,/content/face_module/dataset_extractedfaces/lfw_pairs/Luiz Inacio Lula da Silva_8.jpg,lfw_pairs,dodging_attack,/home/nadmin/Desktop/updatedattack/results/VGG-Face/transfer_attack_similarity_scores_all12_lambda020_limit1000.csv,Facenet512,MI_ADMIX_DI_TI,vanilla,0.2995200157165527,Facenet512_MI_ADMIX_DI_TI_adv
6,VGG-Face,/content/face_module/dataset_extractedfaces/lfw_pairs/Luiz Inacio Lula da Silva_7.jpg,/content/face_module/dataset_extractedfaces/lfw_pairs/Luiz Inacio Lula da Silva_8.jpg,lfw_pairs,dodging_attack,/home/nadmin/Desktop/updatedattack/results/VGG-Face/transfer_attack_similarity_scores_all12_lambda020_limit1000.csv,Facenet512,MI_FGSM,vanilla,0.2638272643089294,Facenet512_MI_FGSM_adv
6,VGG-Face,/content/face_module/dataset_extractedfaces/lfw_pairs/Luiz Inacio Lula da Silva_7.jpg,/content/face_module/dataset_extractedfaces/lfw_pairs/Luiz Inacio Lula da Silva_8.jpg,lfw_pairs,dodging_attack,/home/nadmin/Desktop/updatedattack/results/VGG-Face/transfer_attack_similarity_scores_all12_lambda020_limit1000.csv,Facenet512,PGD,vanilla,0.4064261317253113,Facenet512_PGD_adv
6,VGG-Face,/content/face_module/dataset_extractedfaces/lfw_pairs/Luiz Inacio Lula da Silva_7.jpg,/content/face_module/dataset_extractedfaces/lfw_pairs/Luiz Inacio Lula da Silva_8.jpg,lfw_pairs,dodging_attack,/home/nadmin/Desktop/updatedattack/results/VGG-Face/transfer_attack_similarity_scores_all12_lambda020_limit1000.csv,Facenet512,SI_NI_FGSM,vanilla,0.2474849224090576,Facenet512_SI_NI_FGSM_adv
6,VGG-Face,/content/face_module/dataset_extractedfaces/lfw_pairs/Luiz Inacio Lula da Silva_7.jpg,/content/face_module/dataset_extractedfaces/lfw_pairs/Luiz Inacio Lula da Silva_8.jpg,lfw_pairs,dodging_attack,/home/nadmin/Desktop/updatedattack/results/VGG-Face/transfer_attack_similarity_scores_all12_lambda020_limit1000.csv,Facenet512,TI_FGSM,vanilla,0.3129048943519592,Facenet512_TI_FGSM_adv
6,VGG-Face,/content/face_module/dataset_extractedfaces/lfw_pairs/Luiz Inacio Lula da Silva_7.jpg,/content/face_module/dataset_extractedfaces/lfw_pairs/Luiz Inacio Lula da Silva_8.jpg,lfw_pairs,dodging_attack,/home/nadmin/Desktop/updatedattack/results/VGG-Face/transfer_attack_similarity_scores_all12_lambda020_limit1000.csv,Facenet512,clean,clean,0.7516776323318481,Facenet512_clean
6,VGG-Face,/content/face_module/dataset_extractedfaces/lfw_pairs/Luiz Inacio Lula da Silva_7.jpg,/content/face_module/dataset_extractedfaces/lfw_pairs/Luiz Inacio Lula da Silva_8.jpg,lfw_pairs,dodging_attack,/home/nadmin/Desktop/updatedattack/results/VGG-Face/transfer_attack_similarity_scores_all12_lambda020_limit1000.csv,GhostFaceNet,MI_ADMIX_DI_TI,vanilla,0.2532570362091064,GhostFaceNet_MI_ADMIX_DI_TI_adv
6,VGG-Face,/content/face_module/dataset_extractedfaces/lfw_pairs/Luiz Inacio Lula da Silva_7.jpg,/content/face_module/dataset_extractedfaces/lfw_pairs/Luiz Inacio Lula da Silva_8.jpg,lfw_pairs,dodging_attack,/home/nadmin/Desktop/updatedattack/results/VGG-Face/transfer_attack_similarity_scores_all12_lambda020_limit1000.csv,GhostFaceNet,MI_FGSM,vanilla,0.2207487225532531,GhostFaceNet_MI_FGSM_adv
6,VGG-Face,/content/face_module/dataset_extractedfaces/lfw_pairs/Luiz Inacio Lula da Silva_7.jpg,/content/face_module/dataset_extractedfaces/lfw_pairs/Luiz Inacio Lula da Silva_8.jpg,lfw_pairs,dodging_attack,/home/nadmin/Desktop/updatedattack/results/VGG-Face/transfer_attack_similarity_scores_all12_lambda020_limit1000.csv,GhostFaceNet,PGD,vanilla,0.266057550907135,GhostFaceNet_PGD_adv
6,VGG-Face,/content/face_module/dataset_extractedfaces/lfw_pairs/Luiz Inacio Lula da Silva_7.jpg,/content/face_module/dataset_extractedfaces/lfw_pairs/Luiz Inacio Lula da Silva_8.jpg,lfw_pairs,dodging_attack,/home/nadmin/Desktop/updatedattack/results/VGG-Face/transfer_attack_similarity_scores_all12_lambda020_limit1000.csv,GhostFaceNet,SI_NI_FGSM,vanilla,0.2051927745342254,GhostFaceNet_SI_NI_FGSM_adv
6,VGG-Face,/content/face_module/dataset_extractedfaces/lfw_pairs/Luiz Inacio Lula da Silva_7.jpg,/content/face_module/dataset_extractedfaces/lfw_pairs/Luiz Inacio Lula da Silva_8.jpg,lfw_pairs,dodging_attack,/home/nadmin/Desktop/updatedattack/results/VGG-Face/transfer_attack_similarity_scores_all12_lambda020_limit1000.csv,GhostFaceNet,TI_FGSM,vanilla,0.254438042640686,GhostFaceNet_TI_FGSM_adv
6,VGG-Face,/content/face_module/dataset_extractedfaces/lfw_pairs/Luiz Inacio Lula da Silva_7.jpg,/content/face_module/dataset_extractedfaces/lfw_pairs/Luiz Inacio Lula da Silva_8.jpg,lfw_pairs,dodging_attack,/home/nadmin/Desktop/updatedattack/results/VGG-Face/transfer_attack_similarity_scores_all12_lambda020_limit1000.csv,GhostFaceNet,clean,clean,0.5260540843009949,GhostFaceNet_clean
6,VGG-Face,/content/face_module/dataset_extractedfaces/lfw_pairs/Luiz Inacio Lula da Silva_7.jpg,/content/face_module/dataset_extractedfaces/lfw_pairs/Luiz Inacio Lula da Silva_8.jpg,lfw_pairs,dodging_attack,/home/nadmin/Desktop/updatedattack/results/VGG-Face/transfer_attack_similarity_scores_all12_lambda020_limit1000.csv,IR152,MI_ADMIX_DI_TI,vanilla,0.1037444695830345,IR152_MI_ADMIX_DI_TI_adv
6,VGG-Face,/content/face_module/dataset_extractedfaces/lfw_pairs/Luiz Inacio Lula da Silva_7.jpg,/content/face_module/dataset_extractedfaces/lfw_pairs/Luiz Inacio Lula da Silva_8.jpg,lfw_pairs,dodging_attack,/home/nadmin/Desktop/updatedattack/results/VGG-Face/transfer_attack_similarity_scores_all12_lambda020_limit1000.csv,IR152,MI_FGSM,vanilla,0.1422805786132812,IR152_MI_FGSM_adv
6,VGG-Face,/content/face_module/dataset_extractedfaces/lfw_pairs/Luiz Inacio Lula da Silva_7.jpg,/content/face_module/dataset_extractedfaces/lfw_pairs/Luiz Inacio Lula da Silva_8.jpg,lfw_pairs,dodging_attack,/home/nadmin/Desktop/updatedattack/results/VGG-Face/transfer_attack_similarity_scores_all12_lambda020_limit1000.csv,IR152,PGD,vanilla,0.2439317405223846,IR152_PGD_adv
6,VGG-Face,/content/face_module/dataset_extractedfaces/lfw_pairs/Luiz Inacio Lula da Silva_7.jpg,/content/face_module/dataset_extractedfaces/lfw_pairs/Luiz Inacio Lula da Silva_8.jpg,lfw_pairs,dodging_attack,/home/nadmin/Desktop/updatedattack/results/VGG-Face/transfer_attack_similarity_scores_all12_lambda020_limit1000.csv,IR152,SI_NI_FGSM,vanilla,0.1457889676094055,IR152_SI_NI_FGSM_adv
6,VGG-Face,/content/face_module/dataset_extractedfaces/lfw_pairs/Luiz Inacio Lula da Silva_7.jpg,/content/face_module/dataset_extractedfaces/lfw_pairs/Luiz Inacio Lula da Silva_8.jpg,lfw_pairs,dodging_attack,/home/nadmin/Desktop/updatedattack/results/VGG-Face/transfer_attack_similarity_scores_all12_lambda020_limit1000.csv,IR152,TI_FGSM,vanilla,0.1932552754878997,IR152_TI_FGSM_adv
6,VGG-Face,/content/face_module/dataset_extractedfaces/lfw_pairs/Luiz Inacio Lula da Silva_7.jpg,/content/face_module/dataset_extractedfaces/lfw_pairs/Luiz Inacio Lula da Silva_8.jpg,lfw_pairs,dodging_attack,/home/nadmin/Desktop/updatedattack/results/VGG-Face/transfer_attack_similarity_scores_all12_lambda020_limit1000.csv,IR152,clean,clean,0.4096410870552063,IR152_clean
6,VGG-Face,/content/face_module/dataset_extractedfaces/lfw_pairs/Luiz Inacio Lula da Silva_7.jpg,/content/face_module/dataset_extractedfaces/lfw_pairs/Luiz Inacio Lula da Silva_8.jpg,lfw_pairs,dodging_attack,/home/nadmin/Desktop/updatedattack/results/VGG-Face/transfer_attack_similarity_scores_all12_lambda020_limit1000.csv,VGG-Face,clean,clean,0.5950594544410706,VGG-Face_clean
7,VGG-Face,/content/face_module/dataset_extractedfaces/vggface2_pairs/n000010_0058_01.jpg,/content/face_module/dataset_extractedfaces/vggface2_pairs/n000010_0081_01.jpg,vggface2_pairs,dodging_attack,/home/nadmin/Desktop/updatedattack/results/VGG-Face/transfer_attack_similarity_scores_all12_lambda020_limit1000.csv,ArcFace,MI_ADMIX_DI_TI,vanilla,0.2936387360095978,ArcFace_MI_ADMIX_DI_TI_adv
7,VGG-Face,/content/face_module/dataset_extractedfaces/vggface2_pairs/n000010_0058_01.jpg,/content/face_module/dataset_extractedfaces/vggface2_pairs/n000010_0081_01.jpg,vggface2_pairs,dodging_attack,/home/nadmin/Desktop/updatedattack/results/VGG-Face/transfer_attack_similarity_scores_all12_lambda020_limit1000.csv,ArcFace,MI_FGSM,vanilla,0.2379422187805175,ArcFace_MI_FGSM_adv
7,VGG-Face,/content/face_module/dataset_extractedfaces/vggface2_pairs/n000010_0058_01.jpg,/content/face_module/dataset_extractedfaces/vggface2_pairs/n000010_0081_01.jpg,vggface2_pairs,dodging_attack,/home/nadmin/Desktop/updatedattack/results/VGG-Face/transfer_attack_similarity_scores_all12_lambda020_limit1000.csv,ArcFace,PGD,vanilla,0.3204196095466614,ArcFace_PGD_adv
7,VGG-Face,/content/face_module/dataset_extractedfaces/vggface2_pairs/n000010_0058_01.jpg,/content/face_module/dataset_extractedfaces/vggface2_pairs/n000010_0081_01.jpg,vggface2_pairs,dodging_attack,/home/nadmin/Desktop/updatedattack/results/VGG-Face/transfer_attack_similarity_scores_all12_lambda020_limit1000.csv,ArcFace,SI_NI_FGSM,vanilla,0.2415391504764557,ArcFace_SI_NI_FGSM_adv
7,VGG-Face,/content/face_module/dataset_extractedfaces/vggface2_pairs/n000010_0058_01.jpg,/content/face_module/dataset_extractedfaces/vggface2_pairs/n000010_0081_01.jpg,vggface2_pairs,dodging_attack,/home/nadmin/Desktop/updatedattack/results/VGG-Face/transfer_attack_similarity_scores_all12_lambda020_limit1000.csv,ArcFace,TI_FGSM,vanilla,0.3185282945632934,ArcFace_TI_FGSM_adv
7,VGG-Face,/content/face_module/dataset_extractedfaces/vggface2_pairs/n000010_0058_01.jpg,/content/face_module/dataset_extractedfaces/vggface2_pairs/n000010_0081_01.jpg,vggface2_pairs,dodging_attack,/home/nadmin/Desktop/updatedattack/results/VGG-Face/transfer_attack_similarity_scores_all12_lambda020_limit1000.csv,ArcFace,clean,clean,0.6302404403686523,ArcFace_clean
7,VGG-Face,/content/face_module/dataset_extractedfaces/vggface2_pairs/n000010_0058_01.jpg,/content/face_module/dataset_extractedfaces/vggface2_pairs/n000010_0081_01.jpg,vggface2_pairs,dodging_attack,/home/nadmin/Desktop/updatedattack/results/VGG-Face/transfer_attack_similarity_scores_all12_lambda020_limit1000.csv,Facenet512,MI_ADMIX_DI_TI,vanilla,0.3133521378040313,Facenet512_MI_ADMIX_DI_TI_adv
7,VGG-Face,/content/face_module/dataset_extractedfaces/vggface2_pairs/n000010_0058_01.jpg,/content/face_module/dataset_extractedfaces/vggface2_pairs/n000010_0081_01.jpg,vggface2_pairs,dodging_attack,/home/nadmin/Desktop/updatedattack/results/VGG-Face/transfer_attack_similarity_scores_all12_lambda020_limit1000.csv,Facenet512,MI_FGSM,vanilla,0.1935847699642181,Facenet512_MI_FGSM_adv
7,VGG-Face,/content/face_module/dataset_extractedfaces/vggface2_pairs/n000010_0058_01.jpg,/content/face_module/dataset_extractedfaces/vggface2_pairs/n000010_0081_01.jpg,vggface2_pairs,dodging_attack,/home/nadmin/Desktop/updatedattack/results/VGG-Face/transfer_attack_similarity_scores_all12_lambda020_limit1000.csv,Facenet512,PGD,vanilla,0.3625548481941223,Facenet512_PGD_adv
7,VGG-Face,/content/face_module/dataset_extractedfaces/vggface2_pairs/n000010_0058_01.jpg,/content/face_module/dataset_extractedfaces/vggface2_pairs/n000010_0081_01.jpg,vggface2_pairs,dodging_attack,/home/nadmin/Desktop/updatedattack/results/VGG-Face/transfer_attack_similarity_scores_all12_lambda020_limit1000.csv,Facenet512,SI_NI_FGSM,vanilla,0.2084663659334182,Facenet512_SI_NI_FGSM_adv
7,VGG-Face,/content/face_module/dataset_extractedfaces/vggface2_pairs/n000010_0058_01.jpg,/content/face_module/dataset_extractedfaces/vggface2_pairs/n000010_0081_01.jpg,vggface2_pairs,dodging_attack,/home/nadmin/Desktop/updatedattack/results/VGG-Face/transfer_attack_similarity_scores_all12_lambda020_limit1000.csv,Facenet512,TI_FGSM,vanilla,0.3748002648353576,Facenet512_TI_FGSM_adv
7,VGG-Face,/content/face_module/dataset_extractedfaces/vggface2_pairs/n000010_0058_01.jpg,/content/face_module/dataset_extractedfaces/vggface2_pairs/n000010_0081_01.jpg,vggface2_pairs,dodging_attack,/home/nadmin/Desktop/updatedattack/results/VGG-Face/transfer_attack_similarity_scores_all12_lambda020_limit1000.csv,Facenet512,clean,clean,0.6818405389785767,Facenet512_clean
7,VGG-Face,/content/face_module/dataset_extractedfaces/vggface2_pairs/n000010_0058_01.jpg,/content/face_module/dataset_extractedfaces/vggface2_pairs/n000010_0081_01.jpg,vggface2_pairs,dodging_attack,/home/nadmin/Desktop/updatedattack/results/VGG-Face/transfer_attack_similarity_scores_all12_lambda020_limit1000.csv,GhostFaceNet,MI_ADMIX_DI_TI,vanilla,0.0993157476186752,GhostFaceNet_MI_ADMIX_DI_TI_adv
7,VGG-Face,/content/face_module/dataset_extractedfaces/vggface2_pairs/n000010_0058_01.jpg,/content/face_module/dataset_extractedfaces/vggface2_pairs/n000010_0081_01.jpg,vggface2_pairs,dodging_attack,/home/nadmin/Desktop/updatedattack/results/VGG-Face/transfer_attack_similarity_scores_all12_lambda020_limit1000.csv,GhostFaceNet,MI_FGSM,vanilla,0.0827354714274406,GhostFaceNet_MI_FGSM_adv
7,VGG-Face,/content/face_module/dataset_extractedfaces/vggface2_pairs/n000010_0058_01.jpg,/content/face_module/dataset_extractedfaces/vggface2_pairs/n000010_0081_01.jpg,vggface2_pairs,dodging_attack,/home/nadmin/Desktop/updatedattack/results/VGG-Face/transfer_attack_similarity_scores_all12_lambda020_limit1000.csv,GhostFaceNet,PGD,vanilla,0.1470397114753723,GhostFaceNet_PGD_adv
7,VGG-Face,/content/face_module/dataset_extractedfaces/vggface2_pairs/n000010_0058_01.jpg,/content/face_module/dataset_extractedfaces/vggface2_pairs/n000010_0081_01.jpg,vggface2_pairs,dodging_attack,/home/nadmin/Desktop/updatedattack/results/VGG-Face/transfer_attack_similarity_scores_all12_lambda020_limit1000.csv,GhostFaceNet,SI_NI_FGSM,vanilla,0.099612295627594,GhostFaceNet_SI_NI_FGSM_adv
7,VGG-Face,/content/face_module/dataset_extractedfaces/vggface2_pairs/n000010_0058_01.jpg,/content/face_module/dataset_extractedfaces/vggface2_pairs/n000010_0081_01.jpg,vggface2_pairs,dodging_attack,/home/nadmin/Desktop/updatedattack/results/VGG-Face/transfer_attack_similarity_scores_all12_lambda020_limit1000.csv,GhostFaceNet,TI_FGSM,vanilla,0.1698871701955795,GhostFaceNet_TI_FGSM_adv
7,VGG-Face,/content/face_module/dataset_extractedfaces/vggface2_pairs/n000010_0058_01.jpg,/content/face_module/dataset_extractedfaces/vggface2_pairs/n000010_0081_01.jpg,vggface2_pairs,dodging_attack,/home/nadmin/Desktop/updatedattack/results/VGG-Face/transfer_attack_similarity_scores_all12_lambda020_limit1000.csv,GhostFaceNet,clean,clean,0.3731428980827331,GhostFaceNet_clean
7,VGG-Face,/content/face_module/dataset_extractedfaces/vggface2_pairs/n000010_0058_01.jpg,/content/face_module/dataset_extractedfaces/vggface2_pairs/n000010_0081_01.jpg,vggface2_pairs,dodging_attack,/home/nadmin/Desktop/updatedattack/results/VGG-Face/transfer_attack_similarity_scores_all12_lambda020_limit1000.csv,IR152,MI_ADMIX_DI_TI,vanilla,0.2299650311470031,IR152_MI_ADMIX_DI_TI_adv
7,VGG-Face,/content/face_module/dataset_extractedfaces/vggface2_pairs/n000010_0058_01.jpg,/content/face_module/dataset_extractedfaces/vggface2_pairs/n000010_0081_01.jpg,vggface2_pairs,dodging_attack,/home/nadmin/Desktop/updatedattack/results/VGG-Face/transfer_attack_similarity_scores_all12_lambda020_limit1000.csv,IR152,MI_FGSM,vanilla,0.1885271966457367,IR152_MI_FGSM_adv
7,VGG-Face,/content/face_module/dataset_extractedfaces/vggface2_pairs/n000010_0058_01.jpg,/content/face_module/dataset_extractedfaces/vggface2_pairs/n000010_0081_01.jpg,vggface2_pairs,dodging_attack,/home/nadmin/Desktop/updatedattack/results/VGG-Face/transfer_attack_similarity_scores_all12_lambda020_limit1000.csv,IR152,PGD,vanilla,0.3459848165512085,IR152_PGD_adv
7,VGG-Face,/content/face_module/dataset_extractedfaces/vggface2_pairs/n000010_0058_01.jpg,/content/face_module/dataset_extractedfaces/vggface2_pairs/n000010_0081_01.jpg,vggface2_pairs,dodging_attack,/home/nadmin/Desktop/updatedattack/results/VGG-Face/transfer_attack_similarity_scores_all12_lambda020_limit1000.csv,IR152,SI_NI_FGSM,vanilla,0.2194758504629135,IR152_SI_NI_FGSM_adv
7,VGG-Face,/content/face_module/dataset_extractedfaces/vggface2_pairs/n000010_0058_01.jpg,/content/face_module/dataset_extractedfaces/vggface2_pairs/n000010_0081_01.jpg,vggface2_pairs,dodging_attack,/home/nadmin/Desktop/updatedattack/results/VGG-Face/transfer_attack_similarity_scores_all12_lambda020_limit1000.csv,IR152,TI_FGSM,vanilla,0.3271999955177307,IR152_TI_FGSM_adv
7,VGG-Face,/content/face_module/dataset_extractedfaces/vggface2_pairs/n000010_0058_01.jpg,/content/face_module/dataset_extractedfaces/vggface2_pairs/n000010_0081_01.jpg,vggface2_pairs,dodging_attack,/home/nadmin/Desktop/updatedattack/results/VGG-Face/transfer_attack_similarity_scores_all12_lambda020_limit1000.csv,IR152,clean,clean,0.6537520885467529,IR152_clean
7,VGG-Face,/content/face_module/dataset_extractedfaces/vggface2_pairs/n000010_0058_01.jpg,/content/face_module/dataset_extractedfaces/vggface2_pairs/n000010_0081_01.jpg,vggface2_pairs,dodging_attack,/home/nadmin/Desktop/updatedattack/results/VGG-Face/transfer_attack_similarity_scores_all12_lambda020_limit1000.csv,VGG-Face,clean,clean,0.3336468935012817,VGG-Face_clean
8,VGG-Face,/content/face_module/dataset_extractedfaces/celeba_pairs/023666.jpg,/content/face_module/dataset_extractedfaces/celeba_pairs/010959.jpg,celeba_pairs,impersonation_attack,/home/nadmin/Desktop/updatedattack/results/VGG-Face/transfer_attack_similarity_scores_all12_lambda020_limit1000.csv,ArcFace,MI_ADMIX_DI_TI,vanilla,0.379410445690155,ArcFace_MI_ADMIX_DI_TI_adv
8,VGG-Face,/content/face_module/dataset_extractedfaces/celeba_pairs/023666.jpg,/content/face_module/dataset_extractedfaces/celeba_pairs/010959.jpg,celeba_pairs,impersonation_attack,/home/nadmin/Desktop/updatedattack/results/VGG-Face/transfer_attack_similarity_scores_all12_lambda020_limit1000.csv,ArcFace,MI_FGSM,vanilla,0.377489298582077,ArcFace_MI_FGSM_adv
8,VGG-Face,/content/face_module/dataset_extractedfaces/celeba_pairs/023666.jpg,/content/face_module/dataset_extractedfaces/celeba_pairs/010959.jpg,celeba_pairs,impersonation_attack,/home/nadmin/Desktop/updatedattack/results/VGG-Face/transfer_attack_similarity_scores_all12_lambda020_limit1000.csv,ArcFace,PGD,vanilla,0.4193659424781799,ArcFace_PGD_adv
8,VGG-Face,/content/face_module/dataset_extractedfaces/celeba_pairs/023666.jpg,/content/face_module/dataset_extractedfaces/celeba_pairs/010959.jpg,celeba_pairs,impersonation_attack,/home/nadmin/Desktop/updatedattack/results/VGG-Face/transfer_attack_similarity_scores_all12_lambda020_limit1000.csv,ArcFace,SI_NI_FGSM,vanilla,0.3704965710639953,ArcFace_SI_NI_FGSM_adv
8,VGG-Face,/content/face_module/dataset_extractedfaces/celeba_pairs/023666.jpg,/content/face_module/dataset_extractedfaces/celeba_pairs/010959.jpg,celeba_pairs,impersonation_attack,/home/nadmin/Desktop/updatedattack/results/VGG-Face/transfer_attack_similarity_scores_all12_lambda020_limit1000.csv,ArcFace,TI_FGSM,vanilla,0.4470264017581939,ArcFace_TI_FGSM_adv
8,VGG-Face,/content/face_module/dataset_extractedfaces/celeba_pairs/023666.jpg,/content/face_module/dataset_extractedfaces/celeba_pairs/010959.jpg,celeba_pairs,impersonation_attack,/home/nadmin/Desktop/updatedattack/results/VGG-Face/transfer_attack_similarity_scores_all12_lambda020_limit1000.csv,ArcFace,clean,clean,0.1708459556102752,ArcFace_clean
8,VGG-Face,/content/face_module/dataset_extractedfaces/celeba_pairs/023666.jpg,/content/face_module/dataset_extractedfaces/celeba_pairs/010959.jpg,celeba_pairs,impersonation_attack,/home/nadmin/Desktop/updatedattack/results/VGG-Face/transfer_attack_similarity_scores_all12_lambda020_limit1000.csv,Facenet512,MI_ADMIX_DI_TI,vanilla,0.1869971752166748,Facenet512_MI_ADMIX_DI_TI_adv
8,VGG-Face,/content/face_module/dataset_extractedfaces/celeba_pairs/023666.jpg,/content/face_module/dataset_extractedfaces/celeba_pairs/010959.jpg,celeba_pairs,impersonation_attack,/home/nadmin/Desktop/updatedattack/results/VGG-Face/transfer_attack_similarity_scores_all12_lambda020_limit1000.csv,Facenet512,MI_FGSM,vanilla,0.203021615743637,Facenet512_MI_FGSM_adv
8,VGG-Face,/content/face_module/dataset_extractedfaces/celeba_pairs/023666.jpg,/content/face_module/dataset_extractedfaces/celeba_pairs/010959.jpg,celeba_pairs,impersonation_attack,/home/nadmin/Desktop/updatedattack/results/VGG-Face/transfer_attack_similarity_scores_all12_lambda020_limit1000.csv,Facenet512,PGD,vanilla,0.092304341495037,Facenet512_PGD_adv
8,VGG-Face,/content/face_module/dataset_extractedfaces/celeba_pairs/023666.jpg,/content/face_module/dataset_extractedfaces/celeba_pairs/010959.jpg,celeba_pairs,impersonation_attack,/home/nadmin/Desktop/updatedattack/results/VGG-Face/transfer_attack_similarity_scores_all12_lambda020_limit1000.csv,Facenet512,SI_NI_FGSM,vanilla,0.1837282925844192,Facenet512_SI_NI_FGSM_adv
8,VGG-Face,/content/face_module/dataset_extractedfaces/celeba_pairs/023666.jpg,/content/face_module/dataset_extractedfaces/celeba_pairs/010959.jpg,celeba_pairs,impersonation_attack,/home/nadmin/Desktop/updatedattack/results/VGG-Face/transfer_attack_similarity_scores_all12_lambda020_limit1000.csv,Facenet512,TI_FGSM,vanilla,0.1793349385261535,Facenet512_TI_FGSM_adv
8,VGG-Face,/content/face_module/dataset_extractedfaces/celeba_pairs/023666.jpg,/content/face_module/dataset_extractedfaces/celeba_pairs/010959.jpg,celeba_pairs,impersonation_attack,/home/nadmin/Desktop/updatedattack/results/VGG-Face/transfer_attack_similarity_scores_all12_lambda020_limit1000.csv,Facenet512,clean,clean,-0.2507398426532745,Facenet512_clean
8,VGG-Face,/content/face_module/dataset_extractedfaces/celeba_pairs/023666.jpg,/content/face_module/dataset_extractedfaces/celeba_pairs/010959.jpg,celeba_pairs,impersonation_attack,/home/nadmin/Desktop/updatedattack/results/VGG-Face/transfer_attack_similarity_scores_all12_lambda020_limit1000.csv,GhostFaceNet,MI_ADMIX_DI_TI,vanilla,0.170735627412796,GhostFaceNet_MI_ADMIX_DI_TI_adv
8,VGG-Face,/content/face_module/dataset_extractedfaces/celeba_pairs/023666.jpg,/content/face_module/dataset_extractedfaces/celeba_pairs/010959.jpg,celeba_pairs,impersonation_attack,/home/nadmin/Desktop/updatedattack/results/VGG-Face/transfer_attack_similarity_scores_all12_lambda020_limit1000.csv,GhostFaceNet,MI_FGSM,vanilla,0.1408595740795135,GhostFaceNet_MI_FGSM_adv
8,VGG-Face,/content/face_module/dataset_extractedfaces/celeba_pairs/023666.jpg,/content/face_module/dataset_extractedfaces/celeba_pairs/010959.jpg,celeba_pairs,impersonation_attack,/home/nadmin/Desktop/updatedattack/results/VGG-Face/transfer_attack_similarity_scores_all12_lambda020_limit1000.csv,GhostFaceNet,PGD,vanilla,0.1569545269012451,GhostFaceNet_PGD_adv
8,VGG-Face,/content/face_module/dataset_extractedfaces/celeba_pairs/023666.jpg,/content/face_module/dataset_extractedfaces/celeba_pairs/010959.jpg,celeba_pairs,impersonation_attack,/home/nadmin/Desktop/updatedattack/results/VGG-Face/transfer_attack_similarity_scores_all12_lambda020_limit1000.csv,GhostFaceNet,SI_NI_FGSM,vanilla,0.1231419965624809,GhostFaceNet_SI_NI_FGSM_adv
8,VGG-Face,/content/face_module/dataset_extractedfaces/celeba_pairs/023666.jpg,/content/face_module/dataset_extractedfaces/celeba_pairs/010959.jpg,celeba_pairs,impersonation_attack,/home/nadmin/Desktop/updatedattack/results/VGG-Face/transfer_attack_similarity_scores_all12_lambda020_limit1000.csv,GhostFaceNet,TI_FGSM,vanilla,0.1527248919010162,GhostFaceNet_TI_FGSM_adv
8,VGG-Face,/content/face_module/dataset_extractedfaces/celeba_pairs/023666.jpg,/content/face_module/dataset_extractedfaces/celeba_pairs/010959.jpg,celeba_pairs,impersonation_attack,/home/nadmin/Desktop/updatedattack/results/VGG-Face/transfer_attack_similarity_scores_all12_lambda020_limit1000.csv,GhostFaceNet,clean,clean,-0.0084188310429453,GhostFaceNet_clean
8,VGG-Face,/content/face_module/dataset_extractedfaces/celeba_pairs/023666.jpg,/content/face_module/dataset_extractedfaces/celeba_pairs/010959.jpg,celeba_pairs,impersonation_attack,/home/nadmin/Desktop/updatedattack/results/VGG-Face/transfer_attack_similarity_scores_all12_lambda020_limit1000.csv,IR152,MI_ADMIX_DI_TI,vanilla,0.0348880439996719,IR152_MI_ADMIX_DI_TI_adv
8,VGG-Face,/content/face_module/dataset_extractedfaces/celeba_pairs/023666.jpg,/content/face_module/dataset_extractedfaces/celeba_pairs/010959.jpg,celeba_pairs,impersonation_attack,/home/nadmin/Desktop/updatedattack/results/VGG-Face/transfer_attack_similarity_scores_all12_lambda020_limit1000.csv,IR152,MI_FGSM,vanilla,0.0712203085422515,IR152_MI_FGSM_adv
8,VGG-Face,/content/face_module/dataset_extractedfaces/celeba_pairs/023666.jpg,/content/face_module/dataset_extractedfaces/celeba_pairs/010959.jpg,celeba_pairs,impersonation_attack,/home/nadmin/Desktop/updatedattack/results/VGG-Face/transfer_attack_similarity_scores_all12_lambda020_limit1000.csv,IR152,PGD,vanilla,0.0545855686068534,IR152_PGD_adv
8,VGG-Face,/content/face_module/dataset_extractedfaces/celeba_pairs/023666.jpg,/content/face_module/dataset_extractedfaces/celeba_pairs/010959.jpg,celeba_pairs,impersonation_attack,/home/nadmin/Desktop/updatedattack/results/VGG-Face/transfer_attack_similarity_scores_all12_lambda020_limit1000.csv,IR152,SI_NI_FGSM,vanilla,0.0366864837706089,IR152_SI_NI_FGSM_adv
8,VGG-Face,/content/face_module/dataset_extractedfaces/celeba_pairs/023666.jpg,/content/face_module/dataset_extractedfaces/celeba_pairs/010959.jpg,celeba_pairs,impersonation_attack,/home/nadmin/Desktop/updatedattack/results/VGG-Face/transfer_attack_similarity_scores_all12_lambda020_limit1000.csv,IR152,TI_FGSM,vanilla,0.0754550918936729,IR152_TI_FGSM_adv
8,VGG-Face,/content/face_module/dataset_extractedfaces/celeba_pairs/023666.jpg,/content/face_module/dataset_extractedfaces/celeba_pairs/010959.jpg,celeba_pairs,impersonation_attack,/home/nadmin/Desktop/updatedattack/results/VGG-Face/transfer_attack_similarity_scores_all12_lambda020_limit1000.csv,IR152,clean,clean,0.0581048615276813,IR152_clean
8,VGG-Face,/content/face_module/dataset_extractedfaces/celeba_pairs/023666.jpg,/content/face_module/dataset_extractedfaces/celeba_pairs/010959.jpg,celeba_pairs,impersonation_attack,/home/nadmin/Desktop/updatedattack/results/VGG-Face/transfer_attack_similarity_scores_all12_lambda020_limit1000.csv,VGG-Face,clean,clean,0.0741820037364959,VGG-Face_clean
9,VGG-Face,/content/face_module/dataset_extractedfaces/lfw_pairs/Colin Powell_75.jpg,/content/face_module/dataset_extractedfaces/lfw_pairs/Colin Powell_76.jpg,lfw_pairs,dodging_attack,/home/nadmin/Desktop/updatedattack/results/VGG-Face/transfer_attack_similarity_scores_all12_lambda020_limit1000.csv,ArcFace,MI_ADMIX_DI_TI,vanilla,0.214256078004837,ArcFace_MI_ADMIX_DI_TI_adv
9,VGG-Face,/content/face_module/dataset_extractedfaces/lfw_pairs/Colin Powell_75.jpg,/content/face_module/dataset_extractedfaces/lfw_pairs/Colin Powell_76.jpg,lfw_pairs,dodging_attack,/home/nadmin/Desktop/updatedattack/results/VGG-Face/transfer_attack_similarity_scores_all12_lambda020_limit1000.csv,ArcFace,MI_FGSM,vanilla,0.1431175172328949,ArcFace_MI_FGSM_adv
9,VGG-Face,/content/face_module/dataset_extractedfaces/lfw_pairs/Colin Powell_75.jpg,/content/face_module/dataset_extractedfaces/lfw_pairs/Colin Powell_76.jpg,lfw_pairs,dodging_attack,/home/nadmin/Desktop/updatedattack/results/VGG-Face/transfer_attack_similarity_scores_all12_lambda020_limit1000.csv,ArcFace,PGD,vanilla,0.1786623895168304,ArcFace_PGD_adv
9,VGG-Face,/content/face_module/dataset_extractedfaces/lfw_pairs/Colin Powell_75.jpg,/content/face_module/dataset_extractedfaces/lfw_pairs/Colin Powell_76.jpg,lfw_pairs,dodging_attack,/home/nadmin/Desktop/updatedattack/results/VGG-Face/transfer_attack_similarity_scores_all12_lambda020_limit1000.csv,ArcFace,SI_NI_FGSM,vanilla,0.0996856316924095,ArcFace_SI_NI_FGSM_adv
9,VGG-Face,/content/face_module/dataset_extractedfaces/lfw_pairs/Colin Powell_75.jpg,/content/face_module/dataset_extractedfaces/lfw_pairs/Colin Powell_76.jpg,lfw_pairs,dodging_attack,/home/nadmin/Desktop/updatedattack/results/VGG-Face/transfer_attack_similarity_scores_all12_lambda020_limit1000.csv,ArcFace,TI_FGSM,vanilla,0.1989296227693557,ArcFace_TI_FGSM_adv
9,VGG-Face,/content/face_module/dataset_extractedfaces/lfw_pairs/Colin Powell_75.jpg,/content/face_module/dataset_extractedfaces/lfw_pairs/Colin Powell_76.jpg,lfw_pairs,dodging_attack,/home/nadmin/Desktop/updatedattack/results/VGG-Face/transfer_attack_similarity_scores_all12_lambda020_limit1000.csv,ArcFace,clean,clean,0.2683088183403015,ArcFace_clean
9,VGG-Face,/content/face_module/dataset_extractedfaces/lfw_pairs/Colin Powell_75.jpg,/content/face_module/dataset_extractedfaces/lfw_pairs/Colin Powell_76.jpg,lfw_pairs,dodging_attack,/home/nadmin/Desktop/updatedattack/results/VGG-Face/transfer_attack_similarity_scores_all12_lambda020_limit1000.csv,Facenet512,MI_ADMIX_DI_TI,vanilla,0.5219358801841736,Facenet512_MI_ADMIX_DI_TI_adv
9,VGG-Face,/content/face_module/dataset_extractedfaces/lfw_pairs/Colin Powell_75.jpg,/content/face_module/dataset_extractedfaces/lfw_pairs/Colin Powell_76.jpg,lfw_pairs,dodging_attack,/home/nadmin/Desktop/updatedattack/results/VGG-Face/transfer_attack_similarity_scores_all12_lambda020_limit1000.csv,Facenet512,MI_FGSM,vanilla,0.5487507581710815,Facenet512_MI_FGSM_adv
9,VGG-Face,/content/face_module/dataset_extractedfaces/lfw_pairs/Colin Powell_75.jpg,/content/face_module/dataset_extractedfaces/lfw_pairs/Colin Powell_76.jpg,lfw_pairs,dodging_attack,/home/nadmin/Desktop/updatedattack/results/VGG-Face/transfer_attack_similarity_scores_all12_lambda020_limit1000.csv,Facenet512,PGD,vanilla,0.6321378946304321,Facenet512_PGD_adv
9,VGG-Face,/content/face_module/dataset_extractedfaces/lfw_pairs/Colin Powell_75.jpg,/content/face_module/dataset_extractedfaces/lfw_pairs/Colin Powell_76.jpg,lfw_pairs,dodging_attack,/home/nadmin/Desktop/updatedattack/results/VGG-Face/transfer_attack_similarity_scores_all12_lambda020_limit1000.csv,Facenet512,SI_NI_FGSM,vanilla,0.569473147392273,Facenet512_SI_NI_FGSM_adv
9,VGG-Face,/content/face_module/dataset_extractedfaces/lfw_pairs/Colin Powell_75.jpg,/content/face_module/dataset_extractedfaces/lfw_pairs/Colin Powell_76.jpg,lfw_pairs,dodging_attack,/home/nadmin/Desktop/updatedattack/results/VGG-Face/transfer_attack_similarity_scores_all12_lambda020_limit1000.csv,Facenet512,TI_FGSM,vanilla,0.6000498533248901,Facenet512_TI_FGSM_adv
9,VGG-Face,/content/face_module/dataset_extractedfaces/lfw_pairs/Colin Powell_75.jpg,/content/face_module/dataset_extractedfaces/lfw_pairs/Colin Powell_76.jpg,lfw_pairs,dodging_attack,/home/nadmin/Desktop/updatedattack/results/VGG-Face/transfer_attack_similarity_scores_all12_lambda020_limit1000.csv,Facenet512,clean,clean,0.8218121528625488,Facenet512_clean
9,VGG-Face,/content/face_module/dataset_extractedfaces/lfw_pairs/Colin Powell_75.jpg,/content/face_module/dataset_extractedfaces/lfw_pairs/Colin Powell_76.jpg,lfw_pairs,dodging_attack,/home/nadmin/Desktop/updatedattack/results/VGG-Face/transfer_attack_similarity_scores_all12_lambda020_limit1000.csv,GhostFaceNet,MI_ADMIX_DI_TI,vanilla,0.2127346694469452,GhostFaceNet_MI_ADMIX_DI_TI_adv
9,VGG-Face,/content/face_module/dataset_extractedfaces/lfw_pairs/Colin Powell_75.jpg,/content/face_module/dataset_extractedfaces/lfw_pairs/Colin Powell_76.jpg,lfw_pairs,dodging_attack,/home/nadmin/Desktop/updatedattack/results/VGG-Face/transfer_attack_similarity_scores_all12_lambda020_limit1000.csv,GhostFaceNet,MI_FGSM,vanilla,0.2295610904693603,GhostFaceNet_MI_FGSM_adv
9,VGG-Face,/content/face_module/dataset_extractedfaces/lfw_pairs/Colin Powell_75.jpg,/content/face_module/dataset_extractedfaces/lfw_pairs/Colin Powell_76.jpg,lfw_pairs,dodging_attack,/home/nadmin/Desktop/updatedattack/results/VGG-Face/transfer_attack_similarity_scores_all12_lambda020_limit1000.csv,GhostFaceNet,PGD,vanilla,0.3193369507789612,GhostFaceNet_PGD_adv
9,VGG-Face,/content/face_module/dataset_extractedfaces/lfw_pairs/Colin Powell_75.jpg,/content/face_module/dataset_extractedfaces/lfw_pairs/Colin Powell_76.jpg,lfw_pairs,dodging_attack,/home/nadmin/Desktop/updatedattack/results/VGG-Face/transfer_attack_similarity_scores_all12_lambda020_limit1000.csv,GhostFaceNet,SI_NI_FGSM,vanilla,0.2211928069591522,GhostFaceNet_SI_NI_FGSM_adv
9,VGG-Face,/content/face_module/dataset_extractedfaces/lfw_pairs/Colin Powell_75.jpg,/content/face_module/dataset_extractedfaces/lfw_pairs/Colin Powell_76.jpg,lfw_pairs,dodging_attack,/home/nadmin/Desktop/updatedattack/results/VGG-Face/transfer_attack_similarity_scores_all12_lambda020_limit1000.csv,GhostFaceNet,TI_FGSM,vanilla,0.2130200266838073,GhostFaceNet_TI_FGSM_adv
9,VGG-Face,/content/face_module/dataset_extractedfaces/lfw_pairs/Colin Powell_75.jpg,/content/face_module/dataset_extractedfaces/lfw_pairs/Colin Powell_76.jpg,lfw_pairs,dodging_attack,/home/nadmin/Desktop/updatedattack/results/VGG-Face/transfer_attack_similarity_scores_all12_lambda020_limit1000.csv,GhostFaceNet,clean,clean,0.1963736414909362,GhostFaceNet_clean
9,VGG-Face,/content/face_module/dataset_extractedfaces/lfw_pairs/Colin Powell_75.jpg,/content/face_module/dataset_extractedfaces/lfw_pairs/Colin Powell_76.jpg,lfw_pairs,dodging_attack,/home/nadmin/Desktop/updatedattack/results/VGG-Face/transfer_attack_similarity_scores_all12_lambda020_limit1000.csv,IR152,MI_ADMIX_DI_TI,vanilla,0.548371434211731,IR152_MI_ADMIX_DI_TI_adv
9,VGG-Face,/content/face_module/dataset_extractedfaces/lfw_pairs/Colin Powell_75.jpg,/content/face_module/dataset_extractedfaces/lfw_pairs/Colin Powell_76.jpg,lfw_pairs,dodging_attack,/home/nadmin/Desktop/updatedattack/results/VGG-Face/transfer_attack_similarity_scores_all12_lambda020_limit1000.csv,IR152,MI_FGSM,vanilla,0.5447397232055664,IR152_MI_FGSM_adv
9,VGG-Face,/content/face_module/dataset_extractedfaces/lfw_pairs/Colin Powell_75.jpg,/content/face_module/dataset_extractedfaces/lfw_pairs/Colin Powell_76.jpg,lfw_pairs,dodging_attack,/home/nadmin/Desktop/updatedattack/results/VGG-Face/transfer_attack_similarity_scores_all12_lambda020_limit1000.csv,IR152,PGD,vanilla,0.5892896056175232,IR152_PGD_adv
9,VGG-Face,/content/face_module/dataset_extractedfaces/lfw_pairs/Colin Powell_75.jpg,/content/face_module/dataset_extractedfaces/lfw_pairs/Colin Powell_76.jpg,lfw_pairs,dodging_attack,/home/nadmin/Desktop/updatedattack/results/VGG-Face/transfer_attack_similarity_scores_all12_lambda020_limit1000.csv,IR152,SI_NI_FGSM,vanilla,0.5405813455581665,IR152_SI_NI_FGSM_adv
9,VGG-Face,/content/face_module/dataset_extractedfaces/lfw_pairs/Colin Powell_75.jpg,/content/face_module/dataset_extractedfaces/lfw_pairs/Colin Powell_76.jpg,lfw_pairs,dodging_attack,/home/nadmin/Desktop/updatedattack/results/VGG-Face/transfer_attack_similarity_scores_all12_lambda020_limit1000.csv,IR152,TI_FGSM,vanilla,0.5130512714385986,IR152_TI_FGSM_adv
9,VGG-Face,/content/face_module/dataset_extractedfaces/lfw_pairs/Colin Powell_75.jpg,/content/face_module/dataset_extractedfaces/lfw_pairs/Colin Powell_76.jpg,lfw_pairs,dodging_attack,/home/nadmin/Desktop/updatedattack/results/VGG-Face/transfer_attack_similarity_scores_all12_lambda020_limit1000.csv,IR152,clean,clean,0.67546546459198,IR152_clean
9,VGG-Face,/content/face_module/dataset_extractedfaces/lfw_pairs/Colin Powell_75.jpg,/content/face_module/dataset_extractedfaces/lfw_pairs/Colin Powell_76.jpg,lfw_pairs,dodging_attack,/home/nadmin/Desktop/updatedattack/results/VGG-Face/transfer_attack_similarity_scores_all12_lambda020_limit1000.csv,VGG-Face,clean,clean,0.5179383754730225,VGG-Face_clean
10,VGG-Face,/content/face_module/dataset_extractedfaces/vggface2_pairs/n000005_0022_01.jpg,/content/face_module/dataset_extractedfaces/vggface2_pairs/n000005_0076_01.jpg,vggface2_pairs,dodging_attack,/home/nadmin/Desktop/updatedattack/results/VGG-Face/transfer_attack_similarity_scores_all12_lambda020_limit1000.csv,ArcFace,MI_ADMIX_DI_TI,vanilla,0.4516596794128418,ArcFace_MI_ADMIX_DI_TI_adv
10,VGG-Face,/content/face_module/dataset_extractedfaces/vggface2_pairs/n000005_0022_01.jpg,/content/face_module/dataset_extractedfaces/vggface2_pairs/n000005_0076_01.jpg,vggface2_pairs,dodging_attack,/home/nadmin/Desktop/updatedattack/results/VGG-Face/transfer_attack_similarity_scores_all12_lambda020_limit1000.csv,ArcFace,MI_FGSM,vanilla,0.3996653854846954,ArcFace_MI_FGSM_adv
10,VGG-Face,/content/face_module/dataset_extractedfaces/vggface2_pairs/n000005_0022_01.jpg,/content/face_module/dataset_extractedfaces/vggface2_pairs/n000005_0076_01.jpg,vggface2_pairs,dodging_attack,/home/nadmin/Desktop/updatedattack/results/VGG-Face/transfer_attack_similarity_scores_all12_lambda020_limit1000.csv,ArcFace,PGD,vanilla,0.4532504379749298,ArcFace_PGD_adv
10,VGG-Face,/content/face_module/dataset_extractedfaces/vggface2_pairs/n000005_0022_01.jpg,/content/face_module/dataset_extractedfaces/vggface2_pairs/n000005_0076_01.jpg,vggface2_pairs,dodging_attack,/home/nadmin/Desktop/updatedattack/results/VGG-Face/transfer_attack_similarity_scores_all12_lambda020_limit1000.csv,ArcFace,SI_NI_FGSM,vanilla,0.3944295644760132,ArcFace_SI_NI_FGSM_adv
10,VGG-Face,/content/face_module/dataset_extractedfaces/vggface2_pairs/n000005_0022_01.jpg,/content/face_module/dataset_extractedfaces/vggface2_pairs/n000005_0076_01.jpg,vggface2_pairs,dodging_attack,/home/nadmin/Desktop/updatedattack/results/VGG-Face/transfer_attack_similarity_scores_all12_lambda020_limit1000.csv,ArcFace,TI_FGSM,vanilla,0.4921006560325622,ArcFace_TI_FGSM_adv
10,VGG-Face,/content/face_module/dataset_extractedfaces/vggface2_pairs/n000005_0022_01.jpg,/content/face_module/dataset_extractedfaces/vggface2_pairs/n000005_0076_01.jpg,vggface2_pairs,dodging_attack,/home/nadmin/Desktop/updatedattack/results/VGG-Face/transfer_attack_similarity_scores_all12_lambda020_limit1000.csv,ArcFace,clean,clean,0.5862312316894531,ArcFace_clean
10,VGG-Face,/content/face_module/dataset_extractedfaces/vggface2_pairs/n000005_0022_01.jpg,/content/face_module/dataset_extractedfaces/vggface2_pairs/n000005_0076_01.jpg,vggface2_pairs,dodging_attack,/home/nadmin/Desktop/updatedattack/results/VGG-Face/transfer_attack_similarity_scores_all12_lambda020_limit1000.csv,Facenet512,MI_ADMIX_DI_TI,vanilla,0.5136563777923584,Facenet512_MI_ADMIX_DI_TI_adv
10,VGG-Face,/content/face_module/dataset_extractedfaces/vggface2_pairs/n000005_0022_01.jpg,/content/face_module/dataset_extractedfaces/vggface2_pairs/n000005_0076_01.jpg,vggface2_pairs,dodging_attack,/home/nadmin/Desktop/updatedattack/results/VGG-Face/transfer_attack_similarity_scores_all12_lambda020_limit1000.csv,Facenet512,MI_FGSM,vanilla,0.444614827632904,Facenet512_MI_FGSM_adv
10,VGG-Face,/content/face_module/dataset_extractedfaces/vggface2_pairs/n000005_0022_01.jpg,/content/face_module/dataset_extractedfaces/vggface2_pairs/n000005_0076_01.jpg,vggface2_pairs,dodging_attack,/home/nadmin/Desktop/updatedattack/results/VGG-Face/transfer_attack_similarity_scores_all12_lambda020_limit1000.csv,Facenet512,PGD,vanilla,0.5799028873443604,Facenet512_PGD_adv
10,VGG-Face,/content/face_module/dataset_extractedfaces/vggface2_pairs/n000005_0022_01.jpg,/content/face_module/dataset_extractedfaces/vggface2_pairs/n000005_0076_01.jpg,vggface2_pairs,dodging_attack,/home/nadmin/Desktop/updatedattack/results/VGG-Face/transfer_attack_similarity_scores_all12_lambda020_limit1000.csv,Facenet512,SI_NI_FGSM,vanilla,0.4647340774536133,Facenet512_SI_NI_FGSM_adv
10,VGG-Face,/content/face_module/dataset_extractedfaces/vggface2_pairs/n000005_0022_01.jpg,/content/face_module/dataset_extractedfaces/vggface2_pairs/n000005_0076_01.jpg,vggface2_pairs,dodging_attack,/home/nadmin/Desktop/updatedattack/results/VGG-Face/transfer_attack_similarity_scores_all12_lambda020_limit1000.csv,Facenet512,TI_FGSM,vanilla,0.5567353963851929,Facenet512_TI_FGSM_adv
10,VGG-Face,/content/face_module/dataset_extractedfaces/vggface2_pairs/n000005_0022_01.jpg,/content/face_module/dataset_extractedfaces/vggface2_pairs/n000005_0076_01.jpg,vggface2_pairs,dodging_attack,/home/nadmin/Desktop/updatedattack/results/VGG-Face/transfer_attack_similarity_scores_all12_lambda020_limit1000.csv,Facenet512,clean,clean,0.7888361215591431,Facenet512_clean
10,VGG-Face,/content/face_module/dataset_extractedfaces/vggface2_pairs/n000005_0022_01.jpg,/content/face_module/dataset_extractedfaces/vggface2_pairs/n000005_0076_01.jpg,vggface2_pairs,dodging_attack,/home/nadmin/Desktop/updatedattack/results/VGG-Face/transfer_attack_similarity_scores_all12_lambda020_limit1000.csv,GhostFaceNet,MI_ADMIX_DI_TI,vanilla,0.2129780352115631,GhostFaceNet_MI_ADMIX_DI_TI_adv
10,VGG-Face,/content/face_module/dataset_extractedfaces/vggface2_pairs/n000005_0022_01.jpg,/content/face_module/dataset_extractedfaces/vggface2_pairs/n000005_0076_01.jpg,vggface2_pairs,dodging_attack,/home/nadmin/Desktop/updatedattack/results/VGG-Face/transfer_attack_similarity_scores_all12_lambda020_limit1000.csv,GhostFaceNet,MI_FGSM,vanilla,0.2258974760770797,GhostFaceNet_MI_FGSM_adv
10,VGG-Face,/content/face_module/dataset_extractedfaces/vggface2_pairs/n000005_0022_01.jpg,/content/face_module/dataset_extractedfaces/vggface2_pairs/n000005_0076_01.jpg,vggface2_pairs,dodging_attack,/home/nadmin/Desktop/updatedattack/results/VGG-Face/transfer_attack_similarity_scores_all12_lambda020_limit1000.csv,GhostFaceNet,PGD,vanilla,0.2804630994796753,GhostFaceNet_PGD_adv
10,VGG-Face,/content/face_module/dataset_extractedfaces/vggface2_pairs/n000005_0022_01.jpg,/content/face_module/dataset_extractedfaces/vggface2_pairs/n000005_0076_01.jpg,vggface2_pairs,dodging_attack,/home/nadmin/Desktop/updatedattack/results/VGG-Face/transfer_attack_similarity_scores_all12_lambda020_limit1000.csv,GhostFaceNet,SI_NI_FGSM,vanilla,0.2204456478357315,GhostFaceNet_SI_NI_FGSM_adv
10,VGG-Face,/content/face_module/dataset_extractedfaces/vggface2_pairs/n000005_0022_01.jpg,/content/face_module/dataset_extractedfaces/vggface2_pairs/n000005_0076_01.jpg,vggface2_pairs,dodging_attack,/home/nadmin/Desktop/updatedattack/results/VGG-Face/transfer_attack_similarity_scores_all12_lambda020_limit1000.csv,GhostFaceNet,TI_FGSM,vanilla,0.258032351732254,GhostFaceNet_TI_FGSM_adv
10,VGG-Face,/content/face_module/dataset_extractedfaces/vggface2_pairs/n000005_0022_01.jpg,/content/face_module/dataset_extractedfaces/vggface2_pairs/n000005_0076_01.jpg,vggface2_pairs,dodging_attack,/home/nadmin/Desktop/updatedattack/results/VGG-Face/transfer_attack_similarity_scores_all12_lambda020_limit1000.csv,GhostFaceNet,clean,clean,0.4006913900375366,GhostFaceNet_clean
10,VGG-Face,/content/face_module/dataset_extractedfaces/vggface2_pairs/n000005_0022_01.jpg,/content/face_module/dataset_extractedfaces/vggface2_pairs/n000005_0076_01.jpg,vggface2_pairs,dodging_attack,/home/nadmin/Desktop/updatedattack/results/VGG-Face/transfer_attack_similarity_scores_all12_lambda020_limit1000.csv,IR152,MI_ADMIX_DI_TI,vanilla,0.4433359503746032,IR152_MI_ADMIX_DI_TI_adv
10,VGG-Face,/content/face_module/dataset_extractedfaces/vggface2_pairs/n000005_0022_01.jpg,/content/face_module/dataset_extractedfaces/vggface2_pairs/n000005_0076_01.jpg,vggface2_pairs,dodging_attack,/home/nadmin/Desktop/updatedattack/results/VGG-Face/transfer_attack_similarity_scores_all12_lambda020_limit1000.csv,IR152,MI_FGSM,vanilla,0.4480111002922058,IR152_MI_FGSM_adv
10,VGG-Face,/content/face_module/dataset_extractedfaces/vggface2_pairs/n000005_0022_01.jpg,/content/face_module/dataset_extractedfaces/vggface2_pairs/n000005_0076_01.jpg,vggface2_pairs,dodging_attack,/home/nadmin/Desktop/updatedattack/results/VGG-Face/transfer_attack_similarity_scores_all12_lambda020_limit1000.csv,IR152,PGD,vanilla,0.5933786630630493,IR152_PGD_adv
10,VGG-Face,/content/face_module/dataset_extractedfaces/vggface2_pairs/n000005_0022_01.jpg,/content/face_module/dataset_extractedfaces/vggface2_pairs/n000005_0076_01.jpg,vggface2_pairs,dodging_attack,/home/nadmin/Desktop/updatedattack/results/VGG-Face/transfer_attack_similarity_scores_all12_lambda020_limit1000.csv,IR152,SI_NI_FGSM,vanilla,0.4947810769081116,IR152_SI_NI_FGSM_adv
10,VGG-Face,/content/face_module/dataset_extractedfaces/vggface2_pairs/n000005_0022_01.jpg,/content/face_module/dataset_extractedfaces/vggface2_pairs/n000005_0076_01.jpg,vggface2_pairs,dodging_attack,/home/nadmin/Desktop/updatedattack/results/VGG-Face/transfer_attack_similarity_scores_all12_lambda020_limit1000.csv,IR152,TI_FGSM,vanilla,0.5398975610733032,IR152_TI_FGSM_adv
10,VGG-Face,/content/face_module/dataset_extractedfaces/vggface2_pairs/n000005_0022_01.jpg,/content/face_module/dataset_extractedfaces/vggface2_pairs/n000005_0076_01.jpg,vggface2_pairs,dodging_attack,/home/nadmin/Desktop/updatedattack/results/VGG-Face/transfer_attack_similarity_scores_all12_lambda020_limit1000.csv,IR152,clean,clean,0.7079440951347351,IR152_clean
10,VGG-Face,/content/face_module/dataset_extractedfaces/vggface2_pairs/n000005_0022_01.jpg,/content/face_module/dataset_extractedfaces/vggface2_pairs/n000005_0076_01.jpg,vggface2_pairs,dodging_attack,/home/nadmin/Desktop/updatedattack/results/VGG-Face/transfer_attack_similarity_scores_all12_lambda020_limit1000.csv,VGG-Face,clean,clean,0.5038790702819824,VGG-Face_clean
11,VGG-Face,/content/face_module/dataset_extractedfaces/vggface2_pairs/n000007_0176_01.jpg,/content/face_module/dataset_extractedfaces/vggface2_pairs/n000007_0335_03.jpg,vggface2_pairs,dodging_attack,/home/nadmin/Desktop/updatedattack/results/VGG-Face/transfer_attack_similarity_scores_all12_lambda020_limit1000.csv,ArcFace,MI_ADMIX_DI_TI,vanilla,0.1404930651187896,ArcFace_MI_ADMIX_DI_TI_adv
11,VGG-Face,/content/face_module/dataset_extractedfaces/vggface2_pairs/n000007_0176_01.jpg,/content/face_module/dataset_extractedfaces/vggface2_pairs/n000007_0335_03.jpg,vggface2_pairs,dodging_attack,/home/nadmin/Desktop/updatedattack/results/VGG-Face/transfer_attack_similarity_scores_all12_lambda020_limit1000.csv,ArcFace,MI_FGSM,vanilla,0.1339248716831207,ArcFace_MI_FGSM_adv
11,VGG-Face,/content/face_module/dataset_extractedfaces/vggface2_pairs/n000007_0176_01.jpg,/content/face_module/dataset_extractedfaces/vggface2_pairs/n000007_0335_03.jpg,vggface2_pairs,dodging_attack,/home/nadmin/Desktop/updatedattack/results/VGG-Face/transfer_attack_similarity_scores_all12_lambda020_limit1000.csv,ArcFace,PGD,vanilla,0.1874824166297912,ArcFace_PGD_adv
11,VGG-Face,/content/face_module/dataset_extractedfaces/vggface2_pairs/n000007_0176_01.jpg,/content/face_module/dataset_extractedfaces/vggface2_pairs/n000007_0335_03.jpg,vggface2_pairs,dodging_attack,/home/nadmin/Desktop/updatedattack/results/VGG-Face/transfer_attack_similarity_scores_all12_lambda020_limit1000.csv,ArcFace,SI_NI_FGSM,vanilla,0.0933695659041404,ArcFace_SI_NI_FGSM_adv
11,VGG-Face,/content/face_module/dataset_extractedfaces/vggface2_pairs/n000007_0176_01.jpg,/content/face_module/dataset_extractedfaces/vggface2_pairs/n000007_0335_03.jpg,vggface2_pairs,dodging_attack,/home/nadmin/Desktop/updatedattack/results/VGG-Face/transfer_attack_similarity_scores_all12_lambda020_limit1000.csv,ArcFace,TI_FGSM,vanilla,0.1444412469863891,ArcFace_TI_FGSM_adv
11,VGG-Face,/content/face_module/dataset_extractedfaces/vggface2_pairs/n000007_0176_01.jpg,/content/face_module/dataset_extractedfaces/vggface2_pairs/n000007_0335_03.jpg,vggface2_pairs,dodging_attack,/home/nadmin/Desktop/updatedattack/results/VGG-Face/transfer_attack_similarity_scores_all12_lambda020_limit1000.csv,ArcFace,clean,clean,0.1998281925916671,ArcFace_clean
11,VGG-Face,/content/face_module/dataset_extractedfaces/vggface2_pairs/n000007_0176_01.jpg,/content/face_module/dataset_extractedfaces/vggface2_pairs/n000007_0335_03.jpg,vggface2_pairs,dodging_attack,/home/nadmin/Desktop/updatedattack/results/VGG-Face/transfer_attack_similarity_scores_all12_lambda020_limit1000.csv,Facenet512,MI_ADMIX_DI_TI,vanilla,0.2086843848228454,Facenet512_MI_ADMIX_DI_TI_adv
11,VGG-Face,/content/face_module/dataset_extractedfaces/vggface2_pairs/n000007_0176_01.jpg,/content/face_module/dataset_extractedfaces/vggface2_pairs/n000007_0335_03.jpg,vggface2_pairs,dodging_attack,/home/nadmin/Desktop/updatedattack/results/VGG-Face/transfer_attack_similarity_scores_all12_lambda020_limit1000.csv,Facenet512,MI_FGSM,vanilla,0.1495984196662902,Facenet512_MI_FGSM_adv
11,VGG-Face,/content/face_module/dataset_extractedfaces/vggface2_pairs/n000007_0176_01.jpg,/content/face_module/dataset_extractedfaces/vggface2_pairs/n000007_0335_03.jpg,vggface2_pairs,dodging_attack,/home/nadmin/Desktop/updatedattack/results/VGG-Face/transfer_attack_similarity_scores_all12_lambda020_limit1000.csv,Facenet512,PGD,vanilla,0.4830489456653595,Facenet512_PGD_adv
11,VGG-Face,/content/face_module/dataset_extractedfaces/vggface2_pairs/n000007_0176_01.jpg,/content/face_module/dataset_extractedfaces/vggface2_pairs/n000007_0335_03.jpg,vggface2_pairs,dodging_attack,/home/nadmin/Desktop/updatedattack/results/VGG-Face/transfer_attack_similarity_scores_all12_lambda020_limit1000.csv,Facenet512,SI_NI_FGSM,vanilla,0.2733075618743896,Facenet512_SI_NI_FGSM_adv
11,VGG-Face,/content/face_module/dataset_extractedfaces/vggface2_pairs/n000007_0176_01.jpg,/content/face_module/dataset_extractedfaces/vggface2_pairs/n000007_0335_03.jpg,vggface2_pairs,dodging_attack,/home/nadmin/Desktop/updatedattack/results/VGG-Face/transfer_attack_similarity_scores_all12_lambda020_limit1000.csv,Facenet512,TI_FGSM,vanilla,0.3692263960838318,Facenet512_TI_FGSM_adv
11,VGG-Face,/content/face_module/dataset_extractedfaces/vggface2_pairs/n000007_0176_01.jpg,/content/face_module/dataset_extractedfaces/vggface2_pairs/n000007_0335_03.jpg,vggface2_pairs,dodging_attack,/home/nadmin/Desktop/updatedattack/results/VGG-Face/transfer_attack_similarity_scores_all12_lambda020_limit1000.csv,Facenet512,clean,clean,0.7133797407150269,Facenet512_clean
11,VGG-Face,/content/face_module/dataset_extractedfaces/vggface2_pairs/n000007_0176_01.jpg,/content/face_module/dataset_extractedfaces/vggface2_pairs/n000007_0335_03.jpg,vggface2_pairs,dodging_attack,/home/nadmin/Desktop/updatedattack/results/VGG-Face/transfer_attack_similarity_scores_all12_lambda020_limit1000.csv,GhostFaceNet,MI_ADMIX_DI_TI,vanilla,0.144850343465805,GhostFaceNet_MI_ADMIX_DI_TI_adv
11,VGG-Face,/content/face_module/dataset_extractedfaces/vggface2_pairs/n000007_0176_01.jpg,/content/face_module/dataset_extractedfaces/vggface2_pairs/n000007_0335_03.jpg,vggface2_pairs,dodging_attack,/home/nadmin/Desktop/updatedattack/results/VGG-Face/transfer_attack_similarity_scores_all12_lambda020_limit1000.csv,GhostFaceNet,MI_FGSM,vanilla,0.1255022287368774,GhostFaceNet_MI_FGSM_adv
11,VGG-Face,/content/face_module/dataset_extractedfaces/vggface2_pairs/n000007_0176_01.jpg,/content/face_module/dataset_extractedfaces/vggface2_pairs/n000007_0335_03.jpg,vggface2_pairs,dodging_attack,/home/nadmin/Desktop/updatedattack/results/VGG-Face/transfer_attack_similarity_scores_all12_lambda020_limit1000.csv,GhostFaceNet,PGD,vanilla,0.1050935685634613,GhostFaceNet_PGD_adv
11,VGG-Face,/content/face_module/dataset_extractedfaces/vggface2_pairs/n000007_0176_01.jpg,/content/face_module/dataset_extractedfaces/vggface2_pairs/n000007_0335_03.jpg,vggface2_pairs,dodging_attack,/home/nadmin/Desktop/updatedattack/results/VGG-Face/transfer_attack_similarity_scores_all12_lambda020_limit1000.csv,GhostFaceNet,SI_NI_FGSM,vanilla,0.1134876906871795,GhostFaceNet_SI_NI_FGSM_adv
11,VGG-Face,/content/face_module/dataset_extractedfaces/vggface2_pairs/n000007_0176_01.jpg,/content/face_module/dataset_extractedfaces/vggface2_pairs/n000007_0335_03.jpg,vggface2_pairs,dodging_attack,/home/nadmin/Desktop/updatedattack/results/VGG-Face/transfer_attack_similarity_scores_all12_lambda020_limit1000.csv,GhostFaceNet,TI_FGSM,vanilla,0.1047343015670776,GhostFaceNet_TI_FGSM_adv
11,VGG-Face,/content/face_module/dataset_extractedfaces/vggface2_pairs/n000007_0176_01.jpg,/content/face_module/dataset_extractedfaces/vggface2_pairs/n000007_0335_03.jpg,vggface2_pairs,dodging_attack,/home/nadmin/Desktop/updatedattack/results/VGG-Face/transfer_attack_similarity_scores_all12_lambda020_limit1000.csv,GhostFaceNet,clean,clean,0.1519617438316345,GhostFaceNet_clean
11,VGG-Face,/content/face_module/dataset_extractedfaces/vggface2_pairs/n000007_0176_01.jpg,/content/face_module/dataset_extractedfaces/vggface2_pairs/n000007_0335_03.jpg,vggface2_pairs,dodging_attack,/home/nadmin/Desktop/updatedattack/results/VGG-Face/transfer_attack_similarity_scores_all12_lambda020_limit1000.csv,IR152,MI_ADMIX_DI_TI,vanilla,0.2405560612678527,IR152_MI_ADMIX_DI_TI_adv
11,VGG-Face,/content/face_module/dataset_extractedfaces/vggface2_pairs/n000007_0176_01.jpg,/content/face_module/dataset_extractedfaces/vggface2_pairs/n000007_0335_03.jpg,vggface2_pairs,dodging_attack,/home/nadmin/Desktop/updatedattack/results/VGG-Face/transfer_attack_similarity_scores_all12_lambda020_limit1000.csv,IR152,MI_FGSM,vanilla,0.2593112587928772,IR152_MI_FGSM_adv
11,VGG-Face,/content/face_module/dataset_extractedfaces/vggface2_pairs/n000007_0176_01.jpg,/content/face_module/dataset_extractedfaces/vggface2_pairs/n000007_0335_03.jpg,vggface2_pairs,dodging_attack,/home/nadmin/Desktop/updatedattack/results/VGG-Face/transfer_attack_similarity_scores_all12_lambda020_limit1000.csv,IR152,PGD,vanilla,0.3517763614654541,IR152_PGD_adv
11,VGG-Face,/content/face_module/dataset_extractedfaces/vggface2_pairs/n000007_0176_01.jpg,/content/face_module/dataset_extractedfaces/vggface2_pairs/n000007_0335_03.jpg,vggface2_pairs,dodging_attack,/home/nadmin/Desktop/updatedattack/results/VGG-Face/transfer_attack_similarity_scores_all12_lambda020_limit1000.csv,IR152,SI_NI_FGSM,vanilla,0.3238574862480163,IR152_SI_NI_FGSM_adv
11,VGG-Face,/content/face_module/dataset_extractedfaces/vggface2_pairs/n000007_0176_01.jpg,/content/face_module/dataset_extractedfaces/vggface2_pairs/n000007_0335_03.jpg,vggface2_pairs,dodging_attack,/home/nadmin/Desktop/updatedattack/results/VGG-Face/transfer_attack_similarity_scores_all12_lambda020_limit1000.csv,IR152,TI_FGSM,vanilla,0.3082578182220459,IR152_TI_FGSM_adv
11,VGG-Face,/content/face_module/dataset_extractedfaces/vggface2_pairs/n000007_0176_01.jpg,/content/face_module/dataset_extractedfaces/vggface2_pairs/n000007_0335_03.jpg,vggface2_pairs,dodging_attack,/home/nadmin/Desktop/updatedattack/results/VGG-Face/transfer_attack_similarity_scores_all12_lambda020_limit1000.csv,IR152,clean,clean,0.476504236459732,IR152_clean
11,VGG-Face,/content/face_module/dataset_extractedfaces/vggface2_pairs/n000007_0176_01.jpg,/content/face_module/dataset_extractedfaces/vggface2_pairs/n000007_0335_03.jpg,vggface2_pairs,dodging_attack,/home/nadmin/Desktop/updatedattack/results/VGG-Face/transfer_attack_similarity_scores_all12_lambda020_limit1000.csv,VGG-Face,clean,clean,0.4585454761981964,VGG-Face_clean
12,VGG-Face,/content/face_module/dataset_extractedfaces/celeba_pairs/003089.jpg,/content/face_module/dataset_extractedfaces/celeba_pairs/016966.jpg,celeba_pairs,impersonation_attack,/home/nadmin/Desktop/updatedattack/results/VGG-Face/transfer_attack_similarity_scores_all12_lambda020_limit1000.csv,ArcFace,MI_ADMIX_DI_TI,vanilla,0.2885748744010925,ArcFace_MI_ADMIX_DI_TI_adv
12,VGG-Face,/content/face_module/dataset_extractedfaces/celeba_pairs/003089.jpg,/content/face_module/dataset_extractedfaces/celeba_pairs/016966.jpg,celeba_pairs,impersonation_attack,/home/nadmin/Desktop/updatedattack/results/VGG-Face/transfer_attack_similarity_scores_all12_lambda020_limit1000.csv,ArcFace,MI_FGSM,vanilla,0.2668547630310058,ArcFace_MI_FGSM_adv
12,VGG-Face,/content/face_module/dataset_extractedfaces/celeba_pairs/003089.jpg,/content/face_module/dataset_extractedfaces/celeba_pairs/016966.jpg,celeba_pairs,impersonation_attack,/home/nadmin/Desktop/updatedattack/results/VGG-Face/transfer_attack_similarity_scores_all12_lambda020_limit1000.csv,ArcFace,PGD,vanilla,0.2987318634986877,ArcFace_PGD_adv
12,VGG-Face,/content/face_module/dataset_extractedfaces/celeba_pairs/003089.jpg,/content/face_module/dataset_extractedfaces/celeba_pairs/016966.jpg,celeba_pairs,impersonation_attack,/home/nadmin/Desktop/updatedattack/results/VGG-Face/transfer_attack_similarity_scores_all12_lambda020_limit1000.csv,ArcFace,SI_NI_FGSM,vanilla,0.2912389636039734,ArcFace_SI_NI_FGSM_adv
12,VGG-Face,/content/face_module/dataset_extractedfaces/celeba_pairs/003089.jpg,/content/face_module/dataset_extractedfaces/celeba_pairs/016966.jpg,celeba_pairs,impersonation_attack,/home/nadmin/Desktop/updatedattack/results/VGG-Face/transfer_attack_similarity_scores_all12_lambda020_limit1000.csv,ArcFace,TI_FGSM,vanilla,0.2984271049499511,ArcFace_TI_FGSM_adv
12,VGG-Face,/content/face_module/dataset_extractedfaces/celeba_pairs/003089.jpg,/content/face_module/dataset_extractedfaces/celeba_pairs/016966.jpg,celeba_pairs,impersonation_attack,/home/nadmin/Desktop/updatedattack/results/VGG-Face/transfer_attack_similarity_scores_all12_lambda020_limit1000.csv,ArcFace,clean,clean,0.2072169482707977,ArcFace_clean
12,VGG-Face,/content/face_module/dataset_extractedfaces/celeba_pairs/003089.jpg,/content/face_module/dataset_extractedfaces/celeba_pairs/016966.jpg,celeba_pairs,impersonation_attack,/home/nadmin/Desktop/updatedattack/results/VGG-Face/transfer_attack_similarity_scores_all12_lambda020_limit1000.csv,Facenet512,MI_ADMIX_DI_TI,vanilla,0.3470699489116668,Facenet512_MI_ADMIX_DI_TI_adv
12,VGG-Face,/content/face_module/dataset_extractedfaces/celeba_pairs/003089.jpg,/content/face_module/dataset_extractedfaces/celeba_pairs/016966.jpg,celeba_pairs,impersonation_attack,/home/nadmin/Desktop/updatedattack/results/VGG-Face/transfer_attack_similarity_scores_all12_lambda020_limit1000.csv,Facenet512,MI_FGSM,vanilla,0.3674616515636444,Facenet512_MI_FGSM_adv
12,VGG-Face,/content/face_module/dataset_extractedfaces/celeba_pairs/003089.jpg,/content/face_module/dataset_extractedfaces/celeba_pairs/016966.jpg,celeba_pairs,impersonation_attack,/home/nadmin/Desktop/updatedattack/results/VGG-Face/transfer_attack_similarity_scores_all12_lambda020_limit1000.csv,Facenet512,PGD,vanilla,0.3667736351490021,Facenet512_PGD_adv
12,VGG-Face,/content/face_module/dataset_extractedfaces/celeba_pairs/003089.jpg,/content/face_module/dataset_extractedfaces/celeba_pairs/016966.jpg,celeba_pairs,impersonation_attack,/home/nadmin/Desktop/updatedattack/results/VGG-Face/transfer_attack_similarity_scores_all12_lambda020_limit1000.csv,Facenet512,SI_NI_FGSM,vanilla,0.3542267084121704,Facenet512_SI_NI_FGSM_adv
12,VGG-Face,/content/face_module/dataset_extractedfaces/celeba_pairs/003089.jpg,/content/face_module/dataset_extractedfaces/celeba_pairs/016966.jpg,celeba_pairs,impersonation_attack,/home/nadmin/Desktop/updatedattack/results/VGG-Face/transfer_attack_similarity_scores_all12_lambda020_limit1000.csv,Facenet512,TI_FGSM,vanilla,0.3837814927101135,Facenet512_TI_FGSM_adv
12,VGG-Face,/content/face_module/dataset_extractedfaces/celeba_pairs/003089.jpg,/content/face_module/dataset_extractedfaces/celeba_pairs/016966.jpg,celeba_pairs,impersonation_attack,/home/nadmin/Desktop/updatedattack/results/VGG-Face/transfer_attack_similarity_scores_all12_lambda020_limit1000.csv,Facenet512,clean,clean,0.0975427031517028,Facenet512_clean
12,VGG-Face,/content/face_module/dataset_extractedfaces/celeba_pairs/003089.jpg,/content/face_module/dataset_extractedfaces/celeba_pairs/016966.jpg,celeba_pairs,impersonation_attack,/home/nadmin/Desktop/updatedattack/results/VGG-Face/transfer_attack_similarity_scores_all12_lambda020_limit1000.csv,GhostFaceNet,MI_ADMIX_DI_TI,vanilla,-0.0634004473686218,GhostFaceNet_MI_ADMIX_DI_TI_adv
12,VGG-Face,/content/face_module/dataset_extractedfaces/celeba_pairs/003089.jpg,/content/face_module/dataset_extractedfaces/celeba_pairs/016966.jpg,celeba_pairs,impersonation_attack,/home/nadmin/Desktop/updatedattack/results/VGG-Face/transfer_attack_similarity_scores_all12_lambda020_limit1000.csv,GhostFaceNet,MI_FGSM,vanilla,0.005607658997178,GhostFaceNet_MI_FGSM_adv
12,VGG-Face,/content/face_module/dataset_extractedfaces/celeba_pairs/003089.jpg,/content/face_module/dataset_extractedfaces/celeba_pairs/016966.jpg,celeba_pairs,impersonation_attack,/home/nadmin/Desktop/updatedattack/results/VGG-Face/transfer_attack_similarity_scores_all12_lambda020_limit1000.csv,GhostFaceNet,PGD,vanilla,-0.0128696355968713,GhostFaceNet_PGD_adv
12,VGG-Face,/content/face_module/dataset_extractedfaces/celeba_pairs/003089.jpg,/content/face_module/dataset_extractedfaces/celeba_pairs/016966.jpg,celeba_pairs,impersonation_attack,/home/nadmin/Desktop/updatedattack/results/VGG-Face/transfer_attack_similarity_scores_all12_lambda020_limit1000.csv,GhostFaceNet,SI_NI_FGSM,vanilla,-0.038898579776287,GhostFaceNet_SI_NI_FGSM_adv
12,VGG-Face,/content/face_module/dataset_extractedfaces/celeba_pairs/003089.jpg,/content/face_module/dataset_extractedfaces/celeba_pairs/016966.jpg,celeba_pairs,impersonation_attack,/home/nadmin/Desktop/updatedattack/results/VGG-Face/transfer_attack_similarity_scores_all12_lambda020_limit1000.csv,GhostFaceNet,TI_FGSM,vanilla,-0.0154237989336252,GhostFaceNet_TI_FGSM_adv
12,VGG-Face,/content/face_module/dataset_extractedfaces/celeba_pairs/003089.jpg,/content/face_module/dataset_extractedfaces/celeba_pairs/016966.jpg,celeba_pairs,impersonation_attack,/home/nadmin/Desktop/updatedattack/results/VGG-Face/transfer_attack_similarity_scores_all12_lambda020_limit1000.csv,GhostFaceNet,clean,clean,-0.1018042936921119,GhostFaceNet_clean
12,VGG-Face,/content/face_module/dataset_extractedfaces/celeba_pairs/003089.jpg,/content/face_module/dataset_extractedfaces/celeba_pairs/016966.jpg,celeba_pairs,impersonation_attack,/home/nadmin/Desktop/updatedattack/results/VGG-Face/transfer_attack_similarity_scores_all12_lambda020_limit1000.csv,IR152,MI_ADMIX_DI_TI,vanilla,0.1059178486466407,IR152_MI_ADMIX_DI_TI_adv
12,VGG-Face,/content/face_module/dataset_extractedfaces/celeba_pairs/003089.jpg,/content/face_module/dataset_extractedfaces/celeba_pairs/016966.jpg,celeba_pairs,impersonation_attack,/home/nadmin/Desktop/updatedattack/results/VGG-Face/transfer_attack_similarity_scores_all12_lambda020_limit1000.csv,IR152,MI_FGSM,vanilla,0.0836293995380401,IR152_MI_FGSM_adv
12,VGG-Face,/content/face_module/dataset_extractedfaces/celeba_pairs/003089.jpg,/content/face_module/dataset_extractedfaces/celeba_pairs/016966.jpg,celeba_pairs,impersonation_attack,/home/nadmin/Desktop/updatedattack/results/VGG-Face/transfer_attack_similarity_scores_all12_lambda020_limit1000.csv,IR152,PGD,vanilla,0.0984221324324607,IR152_PGD_adv
12,VGG-Face,/content/face_module/dataset_extractedfaces/celeba_pairs/003089.jpg,/content/face_module/dataset_extractedfaces/celeba_pairs/016966.jpg,celeba_pairs,impersonation_attack,/home/nadmin/Desktop/updatedattack/results/VGG-Face/transfer_attack_similarity_scores_all12_lambda020_limit1000.csv,IR152,SI_NI_FGSM,vanilla,0.1066688522696495,IR152_SI_NI_FGSM_adv
12,VGG-Face,/content/face_module/dataset_extractedfaces/celeba_pairs/003089.jpg,/content/face_module/dataset_extractedfaces/celeba_pairs/016966.jpg,celeba_pairs,impersonation_attack,/home/nadmin/Desktop/updatedattack/results/VGG-Face/transfer_attack_similarity_scores_all12_lambda020_limit1000.csv,IR152,TI_FGSM,vanilla,0.1245753914117813,IR152_TI_FGSM_adv
12,VGG-Face,/content/face_module/dataset_extractedfaces/celeba_pairs/003089.jpg,/content/face_module/dataset_extractedfaces/celeba_pairs/016966.jpg,celeba_pairs,impersonation_attack,/home/nadmin/Desktop/updatedattack/results/VGG-Face/transfer_attack_similarity_scores_all12_lambda020_limit1000.csv,IR152,clean,clean,0.0933876037597656,IR152_clean
12,VGG-Face,/content/face_module/dataset_extractedfaces/celeba_pairs/003089.jpg,/content/face_module/dataset_extractedfaces/celeba_pairs/016966.jpg,celeba_pairs,impersonation_attack,/home/nadmin/Desktop/updatedattack/results/VGG-Face/transfer_attack_similarity_scores_all12_lambda020_limit1000.csv,VGG-Face,clean,clean,0.0685250088572502,VGG-Face_clean
15,VGG-Face,/content/face_module/dataset_extractedfaces/lfw_pairs/George W Bush_518.jpg,/content/face_module/dataset_extractedfaces/lfw_pairs/George W Bush_519.jpg,lfw_pairs,dodging_attack,/home/nadmin/Desktop/updatedattack/results/VGG-Face/transfer_attack_similarity_scores_all12_lambda020_limit1000.csv,ArcFace,MI_ADMIX_DI_TI,vanilla,0.3762071132659912,ArcFace_MI_ADMIX_DI_TI_adv
15,VGG-Face,/content/face_module/dataset_extractedfaces/lfw_pairs/George W Bush_518.jpg,/content/face_module/dataset_extractedfaces/lfw_pairs/George W Bush_519.jpg,lfw_pairs,dodging_attack,/home/nadmin/Desktop/updatedattack/results/VGG-Face/transfer_attack_similarity_scores_all12_lambda020_limit1000.csv,ArcFace,MI_FGSM,vanilla,0.3325466811656952,ArcFace_MI_FGSM_adv
15,VGG-Face,/content/face_module/dataset_extractedfaces/lfw_pairs/George W Bush_518.jpg,/content/face_module/dataset_extractedfaces/lfw_pairs/George W Bush_519.jpg,lfw_pairs,dodging_attack,/home/nadmin/Desktop/updatedattack/results/VGG-Face/transfer_attack_similarity_scores_all12_lambda020_limit1000.csv,ArcFace,PGD,vanilla,0.4568118453025818,ArcFace_PGD_adv
15,VGG-Face,/content/face_module/dataset_extractedfaces/lfw_pairs/George W Bush_518.jpg,/content/face_module/dataset_extractedfaces/lfw_pairs/George W Bush_519.jpg,lfw_pairs,dodging_attack,/home/nadmin/Desktop/updatedattack/results/VGG-Face/transfer_attack_similarity_scores_all12_lambda020_limit1000.csv,ArcFace,SI_NI_FGSM,vanilla,0.3211214542388916,ArcFace_SI_NI_FGSM_adv
15,VGG-Face,/content/face_module/dataset_extractedfaces/lfw_pairs/George W Bush_518.jpg,/content/face_module/dataset_extractedfaces/lfw_pairs/George W Bush_519.jpg,lfw_pairs,dodging_attack,/home/nadmin/Desktop/updatedattack/results/VGG-Face/transfer_attack_similarity_scores_all12_lambda020_limit1000.csv,ArcFace,TI_FGSM,vanilla,0.3454467058181762,ArcFace_TI_FGSM_adv
15,VGG-Face,/content/face_module/dataset_extractedfaces/lfw_pairs/George W Bush_518.jpg,/content/face_module/dataset_extractedfaces/lfw_pairs/George W Bush_519.jpg,lfw_pairs,dodging_attack,/home/nadmin/Desktop/updatedattack/results/VGG-Face/transfer_attack_similarity_scores_all12_lambda020_limit1000.csv,ArcFace,clean,clean,0.6775953769683838,ArcFace_clean
15,VGG-Face,/content/face_module/dataset_extractedfaces/lfw_pairs/George W Bush_518.jpg,/content/face_module/dataset_extractedfaces/lfw_pairs/George W Bush_519.jpg,lfw_pairs,dodging_attack,/home/nadmin/Desktop/updatedattack/results/VGG-Face/transfer_attack_similarity_scores_all12_lambda020_limit1000.csv,Facenet512,MI_ADMIX_DI_TI,vanilla,0.1711474061012268,Facenet512_MI_ADMIX_DI_TI_adv
15,VGG-Face,/content/face_module/dataset_extractedfaces/lfw_pairs/George W Bush_518.jpg,/content/face_module/dataset_extractedfaces/lfw_pairs/George W Bush_519.jpg,lfw_pairs,dodging_attack,/home/nadmin/Desktop/updatedattack/results/VGG-Face/transfer_attack_similarity_scores_all12_lambda020_limit1000.csv,Facenet512,MI_FGSM,vanilla,0.085190050303936,Facenet512_MI_FGSM_adv
15,VGG-Face,/content/face_module/dataset_extractedfaces/lfw_pairs/George W Bush_518.jpg,/content/face_module/dataset_extractedfaces/lfw_pairs/George W Bush_519.jpg,lfw_pairs,dodging_attack,/home/nadmin/Desktop/updatedattack/results/VGG-Face/transfer_attack_similarity_scores_all12_lambda020_limit1000.csv,Facenet512,PGD,vanilla,0.2689326703548431,Facenet512_PGD_adv
15,VGG-Face,/content/face_module/dataset_extractedfaces/lfw_pairs/George W Bush_518.jpg,/content/face_module/dataset_extractedfaces/lfw_pairs/George W Bush_519.jpg,lfw_pairs,dodging_attack,/home/nadmin/Desktop/updatedattack/results/VGG-Face/transfer_attack_similarity_scores_all12_lambda020_limit1000.csv,Facenet512,SI_NI_FGSM,vanilla,0.1015107110142707,Facenet512_SI_NI_FGSM_adv
15,VGG-Face,/content/face_module/dataset_extractedfaces/lfw_pairs/George W Bush_518.jpg,/content/face_module/dataset_extractedfaces/lfw_pairs/George W Bush_519.jpg,lfw_pairs,dodging_attack,/home/nadmin/Desktop/updatedattack/results/VGG-Face/transfer_attack_similarity_scores_all12_lambda020_limit1000.csv,Facenet512,TI_FGSM,vanilla,0.1876906454563141,Facenet512_TI_FGSM_adv
15,VGG-Face,/content/face_module/dataset_extractedfaces/lfw_pairs/George W Bush_518.jpg,/content/face_module/dataset_extractedfaces/lfw_pairs/George W Bush_519.jpg,lfw_pairs,dodging_attack,/home/nadmin/Desktop/updatedattack/results/VGG-Face/transfer_attack_similarity_scores_all12_lambda020_limit1000.csv,Facenet512,clean,clean,0.6876072287559509,Facenet512_clean
15,VGG-Face,/content/face_module/dataset_extractedfaces/lfw_pairs/George W Bush_518.jpg,/content/face_module/dataset_extractedfaces/lfw_pairs/George W Bush_519.jpg,lfw_pairs,dodging_attack,/home/nadmin/Desktop/updatedattack/results/VGG-Face/transfer_attack_similarity_scores_all12_lambda020_limit1000.csv,GhostFaceNet,MI_ADMIX_DI_TI,vanilla,0.2041984945535659,GhostFaceNet_MI_ADMIX_DI_TI_adv
15,VGG-Face,/content/face_module/dataset_extractedfaces/lfw_pairs/George W Bush_518.jpg,/content/face_module/dataset_extractedfaces/lfw_pairs/George W Bush_519.jpg,lfw_pairs,dodging_attack,/home/nadmin/Desktop/updatedattack/results/VGG-Face/transfer_attack_similarity_scores_all12_lambda020_limit1000.csv,GhostFaceNet,MI_FGSM,vanilla,0.2008965015411377,GhostFaceNet_MI_FGSM_adv
15,VGG-Face,/content/face_module/dataset_extractedfaces/lfw_pairs/George W Bush_518.jpg,/content/face_module/dataset_extractedfaces/lfw_pairs/George W Bush_519.jpg,lfw_pairs,dodging_attack,/home/nadmin/Desktop/updatedattack/results/VGG-Face/transfer_attack_similarity_scores_all12_lambda020_limit1000.csv,GhostFaceNet,PGD,vanilla,0.25062096118927,GhostFaceNet_PGD_adv
15,VGG-Face,/content/face_module/dataset_extractedfaces/lfw_pairs/George W Bush_518.jpg,/content/face_module/dataset_extractedfaces/lfw_pairs/George W Bush_519.jpg,lfw_pairs,dodging_attack,/home/nadmin/Desktop/updatedattack/results/VGG-Face/transfer_attack_similarity_scores_all12_lambda020_limit1000.csv,GhostFaceNet,SI_NI_FGSM,vanilla,0.2567306756973266,GhostFaceNet_SI_NI_FGSM_adv
15,VGG-Face,/content/face_module/dataset_extractedfaces/lfw_pairs/George W Bush_518.jpg,/content/face_module/dataset_extractedfaces/lfw_pairs/George W Bush_519.jpg,lfw_pairs,dodging_attack,/home/nadmin/Desktop/updatedattack/results/VGG-Face/transfer_attack_similarity_scores_all12_lambda020_limit1000.csv,GhostFaceNet,TI_FGSM,vanilla,0.2076247334480285,GhostFaceNet_TI_FGSM_adv
15,VGG-Face,/content/face_module/dataset_extractedfaces/lfw_pairs/George W Bush_518.jpg,/content/face_module/dataset_extractedfaces/lfw_pairs/George W Bush_519.jpg,lfw_pairs,dodging_attack,/home/nadmin/Desktop/updatedattack/results/VGG-Face/transfer_attack_similarity_scores_all12_lambda020_limit1000.csv,GhostFaceNet,clean,clean,0.3439280986785888,GhostFaceNet_clean
15,VGG-Face,/content/face_module/dataset_extractedfaces/lfw_pairs/George W Bush_518.jpg,/content/face_module/dataset_extractedfaces/lfw_pairs/George W Bush_519.jpg,lfw_pairs,dodging_attack,/home/nadmin/Desktop/updatedattack/results/VGG-Face/transfer_attack_similarity_scores_all12_lambda020_limit1000.csv,IR152,MI_ADMIX_DI_TI,vanilla,0.2569950222969055,IR152_MI_ADMIX_DI_TI_adv
15,VGG-Face,/content/face_module/dataset_extractedfaces/lfw_pairs/George W Bush_518.jpg,/content/face_module/dataset_extractedfaces/lfw_pairs/George W Bush_519.jpg,lfw_pairs,dodging_attack,/home/nadmin/Desktop/updatedattack/results/VGG-Face/transfer_attack_similarity_scores_all12_lambda020_limit1000.csv,IR152,MI_FGSM,vanilla,0.3160845637321472,IR152_MI_FGSM_adv
15,VGG-Face,/content/face_module/dataset_extractedfaces/lfw_pairs/George W Bush_518.jpg,/content/face_module/dataset_extractedfaces/lfw_pairs/George W Bush_519.jpg,lfw_pairs,dodging_attack,/home/nadmin/Desktop/updatedattack/results/VGG-Face/transfer_attack_similarity_scores_all12_lambda020_limit1000.csv,IR152,PGD,vanilla,0.4344097375869751,IR152_PGD_adv
15,VGG-Face,/content/face_module/dataset_extractedfaces/lfw_pairs/George W Bush_518.jpg,/content/face_module/dataset_extractedfaces/lfw_pairs/George W Bush_519.jpg,lfw_pairs,dodging_attack,/home/nadmin/Desktop/updatedattack/results/VGG-Face/transfer_attack_similarity_scores_all12_lambda020_limit1000.csv,IR152,SI_NI_FGSM,vanilla,0.3131754398345947,IR152_SI_NI_FGSM_adv
15,VGG-Face,/content/face_module/dataset_extractedfaces/lfw_pairs/George W Bush_518.jpg,/content/face_module/dataset_extractedfaces/lfw_pairs/George W Bush_519.jpg,lfw_pairs,dodging_attack,/home/nadmin/Desktop/updatedattack/results/VGG-Face/transfer_attack_similarity_scores_all12_lambda020_limit1000.csv,IR152,TI_FGSM,vanilla,0.3538506925106048,IR152_TI_FGSM_adv
15,VGG-Face,/content/face_module/dataset_extractedfaces/lfw_pairs/George W Bush_518.jpg,/content/face_module/dataset_extractedfaces/lfw_pairs/George W Bush_519.jpg,lfw_pairs,dodging_attack,/home/nadmin/Desktop/updatedattack/results/VGG-Face/transfer_attack_similarity_scores_all12_lambda020_limit1000.csv,IR152,clean,clean,0.563267707824707,IR152_clean
15,VGG-Face,/content/face_module/dataset_extractedfaces/lfw_pairs/George W Bush_518.jpg,/content/face_module/dataset_extractedfaces/lfw_pairs/George W Bush_519.jpg,lfw_pairs,dodging_attack,/home/nadmin/Desktop/updatedattack/results/VGG-Face/transfer_attack_similarity_scores_all12_lambda020_limit1000.csv,VGG-Face,clean,clean,0.529694676399231,VGG-Face_clean
16,VGG-Face,/content/face_module/dataset_extractedfaces/lfw_pairs/Colin Powell_24.jpg,/content/face_module/dataset_extractedfaces/lfw_pairs/Colin Powell_25.jpg,lfw_pairs,dodging_attack,/home/nadmin/Desktop/updatedattack/results/VGG-Face/transfer_attack_similarity_scores_all12_lambda020_limit1000.csv,ArcFace,MI_ADMIX_DI_TI,vanilla,0.2942373156547546,ArcFace_MI_ADMIX_DI_TI_adv
16,VGG-Face,/content/face_module/dataset_extractedfaces/lfw_pairs/Colin Powell_24.jpg,/content/face_module/dataset_extractedfaces/lfw_pairs/Colin Powell_25.jpg,lfw_pairs,dodging_attack,/home/nadmin/Desktop/updatedattack/results/VGG-Face/transfer_attack_similarity_scores_all12_lambda020_limit1000.csv,ArcFace,MI_FGSM,vanilla,0.3778403997421264,ArcFace_MI_FGSM_adv
16,VGG-Face,/content/face_module/dataset_extractedfaces/lfw_pairs/Colin Powell_24.jpg,/content/face_module/dataset_extractedfaces/lfw_pairs/Colin Powell_25.jpg,lfw_pairs,dodging_attack,/home/nadmin/Desktop/updatedattack/results/VGG-Face/transfer_attack_similarity_scores_all12_lambda020_limit1000.csv,ArcFace,PGD,vanilla,0.4712433218955993,ArcFace_PGD_adv
16,VGG-Face,/content/face_module/dataset_extractedfaces/lfw_pairs/Colin Powell_24.jpg,/content/face_module/dataset_extractedfaces/lfw_pairs/Colin Powell_25.jpg,lfw_pairs,dodging_attack,/home/nadmin/Desktop/updatedattack/results/VGG-Face/transfer_attack_similarity_scores_all12_lambda020_limit1000.csv,ArcFace,SI_NI_FGSM,vanilla,0.4225310981273651,ArcFace_SI_NI_FGSM_adv
16,VGG-Face,/content/face_module/dataset_extractedfaces/lfw_pairs/Colin Powell_24.jpg,/content/face_module/dataset_extractedfaces/lfw_pairs/Colin Powell_25.jpg,lfw_pairs,dodging_attack,/home/nadmin/Desktop/updatedattack/results/VGG-Face/transfer_attack_similarity_scores_all12_lambda020_limit1000.csv,ArcFace,TI_FGSM,vanilla,0.4066934287548065,ArcFace_TI_FGSM_adv
16,VGG-Face,/content/face_module/dataset_extractedfaces/lfw_pairs/Colin Powell_24.jpg,/content/face_module/dataset_extractedfaces/lfw_pairs/Colin Powell_25.jpg,lfw_pairs,dodging_attack,/home/nadmin/Desktop/updatedattack/results/VGG-Face/transfer_attack_similarity_scores_all12_lambda020_limit1000.csv,ArcFace,clean,clean,0.6158847212791443,ArcFace_clean
16,VGG-Face,/content/face_module/dataset_extractedfaces/lfw_pairs/Colin Powell_24.jpg,/content/face_module/dataset_extractedfaces/lfw_pairs/Colin Powell_25.jpg,lfw_pairs,dodging_attack,/home/nadmin/Desktop/updatedattack/results/VGG-Face/transfer_attack_similarity_scores_all12_lambda020_limit1000.csv,Facenet512,MI_ADMIX_DI_TI,vanilla,0.4171016812324524,Facenet512_MI_ADMIX_DI_TI_adv
16,VGG-Face,/content/face_module/dataset_extractedfaces/lfw_pairs/Colin Powell_24.jpg,/content/face_module/dataset_extractedfaces/lfw_pairs/Colin Powell_25.jpg,lfw_pairs,dodging_attack,/home/nadmin/Desktop/updatedattack/results/VGG-Face/transfer_attack_similarity_scores_all12_lambda020_limit1000.csv,Facenet512,MI_FGSM,vanilla,0.4375168979167938,Facenet512_MI_FGSM_adv
16,VGG-Face,/content/face_module/dataset_extractedfaces/lfw_pairs/Colin Powell_24.jpg,/content/face_module/dataset_extractedfaces/lfw_pairs/Colin Powell_25.jpg,lfw_pairs,dodging_attack,/home/nadmin/Desktop/updatedattack/results/VGG-Face/transfer_attack_similarity_scores_all12_lambda020_limit1000.csv,Facenet512,PGD,vanilla,0.5716439485549927,Facenet512_PGD_adv
16,VGG-Face,/content/face_module/dataset_extractedfaces/lfw_pairs/Colin Powell_24.jpg,/content/face_module/dataset_extractedfaces/lfw_pairs/Colin Powell_25.jpg,lfw_pairs,dodging_attack,/home/nadmin/Desktop/updatedattack/results/VGG-Face/transfer_attack_similarity_scores_all12_lambda020_limit1000.csv,Facenet512,SI_NI_FGSM,vanilla,0.1883462965488433,Facenet512_SI_NI_FGSM_adv
16,VGG-Face,/content/face_module/dataset_extractedfaces/lfw_pairs/Colin Powell_24.jpg,/content/face_module/dataset_extractedfaces/lfw_pairs/Colin Powell_25.jpg,lfw_pairs,dodging_attack,/home/nadmin/Desktop/updatedattack/results/VGG-Face/transfer_attack_similarity_scores_all12_lambda020_limit1000.csv,Facenet512,TI_FGSM,vanilla,0.4453704953193664,Facenet512_TI_FGSM_adv
16,VGG-Face,/content/face_module/dataset_extractedfaces/lfw_pairs/Colin Powell_24.jpg,/content/face_module/dataset_extractedfaces/lfw_pairs/Colin Powell_25.jpg,lfw_pairs,dodging_attack,/home/nadmin/Desktop/updatedattack/results/VGG-Face/transfer_attack_similarity_scores_all12_lambda020_limit1000.csv,Facenet512,clean,clean,0.7765311598777771,Facenet512_clean
16,VGG-Face,/content/face_module/dataset_extractedfaces/lfw_pairs/Colin Powell_24.jpg,/content/face_module/dataset_extractedfaces/lfw_pairs/Colin Powell_25.jpg,lfw_pairs,dodging_attack,/home/nadmin/Desktop/updatedattack/results/VGG-Face/transfer_attack_similarity_scores_all12_lambda020_limit1000.csv,GhostFaceNet,MI_ADMIX_DI_TI,vanilla,0.0613991655409336,GhostFaceNet_MI_ADMIX_DI_TI_adv
16,VGG-Face,/content/face_module/dataset_extractedfaces/lfw_pairs/Colin Powell_24.jpg,/content/face_module/dataset_extractedfaces/lfw_pairs/Colin Powell_25.jpg,lfw_pairs,dodging_attack,/home/nadmin/Desktop/updatedattack/results/VGG-Face/transfer_attack_similarity_scores_all12_lambda020_limit1000.csv,GhostFaceNet,MI_FGSM,vanilla,0.0659039318561554,GhostFaceNet_MI_FGSM_adv
16,VGG-Face,/content/face_module/dataset_extractedfaces/lfw_pairs/Colin Powell_24.jpg,/content/face_module/dataset_extractedfaces/lfw_pairs/Colin Powell_25.jpg,lfw_pairs,dodging_attack,/home/nadmin/Desktop/updatedattack/results/VGG-Face/transfer_attack_similarity_scores_all12_lambda020_limit1000.csv,GhostFaceNet,PGD,vanilla,0.1529684662818908,GhostFaceNet_PGD_adv
16,VGG-Face,/content/face_module/dataset_extractedfaces/lfw_pairs/Colin Powell_24.jpg,/content/face_module/dataset_extractedfaces/lfw_pairs/Colin Powell_25.jpg,lfw_pairs,dodging_attack,/home/nadmin/Desktop/updatedattack/results/VGG-Face/transfer_attack_similarity_scores_all12_lambda020_limit1000.csv,GhostFaceNet,SI_NI_FGSM,vanilla,0.0705434083938598,GhostFaceNet_SI_NI_FGSM_adv
16,VGG-Face,/content/face_module/dataset_extractedfaces/lfw_pairs/Colin Powell_24.jpg,/content/face_module/dataset_extractedfaces/lfw_pairs/Colin Powell_25.jpg,lfw_pairs,dodging_attack,/home/nadmin/Desktop/updatedattack/results/VGG-Face/transfer_attack_similarity_scores_all12_lambda020_limit1000.csv,GhostFaceNet,TI_FGSM,vanilla,0.1167370155453682,GhostFaceNet_TI_FGSM_adv
16,VGG-Face,/content/face_module/dataset_extractedfaces/lfw_pairs/Colin Powell_24.jpg,/content/face_module/dataset_extractedfaces/lfw_pairs/Colin Powell_25.jpg,lfw_pairs,dodging_attack,/home/nadmin/Desktop/updatedattack/results/VGG-Face/transfer_attack_similarity_scores_all12_lambda020_limit1000.csv,GhostFaceNet,clean,clean,0.2969561815261841,GhostFaceNet_clean
16,VGG-Face,/content/face_module/dataset_extractedfaces/lfw_pairs/Colin Powell_24.jpg,/content/face_module/dataset_extractedfaces/lfw_pairs/Colin Powell_25.jpg,lfw_pairs,dodging_attack,/home/nadmin/Desktop/updatedattack/results/VGG-Face/transfer_attack_similarity_scores_all12_lambda020_limit1000.csv,IR152,MI_ADMIX_DI_TI,vanilla,0.2782269418239593,IR152_MI_ADMIX_DI_TI_adv
16,VGG-Face,/content/face_module/dataset_extractedfaces/lfw_pairs/Colin Powell_24.jpg,/content/face_module/dataset_extractedfaces/lfw_pairs/Colin Powell_25.jpg,lfw_pairs,dodging_attack,/home/nadmin/Desktop/updatedattack/results/VGG-Face/transfer_attack_similarity_scores_all12_lambda020_limit1000.csv,IR152,MI_FGSM,vanilla,0.3732103705406189,IR152_MI_FGSM_adv
16,VGG-Face,/content/face_module/dataset_extractedfaces/lfw_pairs/Colin Powell_24.jpg,/content/face_module/dataset_extractedfaces/lfw_pairs/Colin Powell_25.jpg,lfw_pairs,dodging_attack,/home/nadmin/Desktop/updatedattack/results/VGG-Face/transfer_attack_similarity_scores_all12_lambda020_limit1000.csv,IR152,PGD,vanilla,0.5257686376571655,IR152_PGD_adv
16,VGG-Face,/content/face_module/dataset_extractedfaces/lfw_pairs/Colin Powell_24.jpg,/content/face_module/dataset_extractedfaces/lfw_pairs/Colin Powell_25.jpg,lfw_pairs,dodging_attack,/home/nadmin/Desktop/updatedattack/results/VGG-Face/transfer_attack_similarity_scores_all12_lambda020_limit1000.csv,IR152,SI_NI_FGSM,vanilla,0.3981225490570068,IR152_SI_NI_FGSM_adv
16,VGG-Face,/content/face_module/dataset_extractedfaces/lfw_pairs/Colin Powell_24.jpg,/content/face_module/dataset_extractedfaces/lfw_pairs/Colin Powell_25.jpg,lfw_pairs,dodging_attack,/home/nadmin/Desktop/updatedattack/results/VGG-Face/transfer_attack_similarity_scores_all12_lambda020_limit1000.csv,IR152,TI_FGSM,vanilla,0.4518393278121948,IR152_TI_FGSM_adv
16,VGG-Face,/content/face_module/dataset_extractedfaces/lfw_pairs/Colin Powell_24.jpg,/content/face_module/dataset_extractedfaces/lfw_pairs/Colin Powell_25.jpg,lfw_pairs,dodging_attack,/home/nadmin/Desktop/updatedattack/results/VGG-Face/transfer_attack_similarity_scores_all12_lambda020_limit1000.csv,IR152,clean,clean,0.5704069137573242,IR152_clean
16,VGG-Face,/content/face_module/dataset_extractedfaces/lfw_pairs/Colin Powell_24.jpg,/content/face_module/dataset_extractedfaces/lfw_pairs/Colin Powell_25.jpg,lfw_pairs,dodging_attack,/home/nadmin/Desktop/updatedattack/results/VGG-Face/transfer_attack_similarity_scores_all12_lambda020_limit1000.csv,VGG-Face,clean,clean,0.4387425184249878,VGG-Face_clean
17,VGG-Face,/content/face_module/dataset_extractedfaces/vggface2_pairs/n000016_0036_01.jpg,/content/face_module/dataset_extractedfaces/vggface2_pairs/n000012_0087_01.jpg,vggface2_pairs,impersonation_attack,/home/nadmin/Desktop/updatedattack/results/VGG-Face/transfer_attack_similarity_scores_all12_lambda020_limit1000.csv,ArcFace,MI_ADMIX_DI_TI,vanilla,0.5704100728034973,ArcFace_MI_ADMIX_DI_TI_adv
17,VGG-Face,/content/face_module/dataset_extractedfaces/vggface2_pairs/n000016_0036_01.jpg,/content/face_module/dataset_extractedfaces/vggface2_pairs/n000012_0087_01.jpg,vggface2_pairs,impersonation_attack,/home/nadmin/Desktop/updatedattack/results/VGG-Face/transfer_attack_similarity_scores_all12_lambda020_limit1000.csv,ArcFace,MI_FGSM,vanilla,0.5886508226394653,ArcFace_MI_FGSM_adv
17,VGG-Face,/content/face_module/dataset_extractedfaces/vggface2_pairs/n000016_0036_01.jpg,/content/face_module/dataset_extractedfaces/vggface2_pairs/n000012_0087_01.jpg,vggface2_pairs,impersonation_attack,/home/nadmin/Desktop/updatedattack/results/VGG-Face/transfer_attack_similarity_scores_all12_lambda020_limit1000.csv,ArcFace,PGD,vanilla,0.5054388046264648,ArcFace_PGD_adv
17,VGG-Face,/content/face_module/dataset_extractedfaces/vggface2_pairs/n000016_0036_01.jpg,/content/face_module/dataset_extractedfaces/vggface2_pairs/n000012_0087_01.jpg,vggface2_pairs,impersonation_attack,/home/nadmin/Desktop/updatedattack/results/VGG-Face/transfer_attack_similarity_scores_all12_lambda020_limit1000.csv,ArcFace,SI_NI_FGSM,vanilla,0.5559858083724976,ArcFace_SI_NI_FGSM_adv
17,VGG-Face,/content/face_module/dataset_extractedfaces/vggface2_pairs/n000016_0036_01.jpg,/content/face_module/dataset_extractedfaces/vggface2_pairs/n000012_0087_01.jpg,vggface2_pairs,impersonation_attack,/home/nadmin/Desktop/updatedattack/results/VGG-Face/transfer_attack_similarity_scores_all12_lambda020_limit1000.csv,ArcFace,TI_FGSM,vanilla,0.535040557384491,ArcFace_TI_FGSM_adv
17,VGG-Face,/content/face_module/dataset_extractedfaces/vggface2_pairs/n000016_0036_01.jpg,/content/face_module/dataset_extractedfaces/vggface2_pairs/n000012_0087_01.jpg,vggface2_pairs,impersonation_attack,/home/nadmin/Desktop/updatedattack/results/VGG-Face/transfer_attack_similarity_scores_all12_lambda020_limit1000.csv,ArcFace,clean,clean,0.3356752395629883,ArcFace_clean
17,VGG-Face,/content/face_module/dataset_extractedfaces/vggface2_pairs/n000016_0036_01.jpg,/content/face_module/dataset_extractedfaces/vggface2_pairs/n000012_0087_01.jpg,vggface2_pairs,impersonation_attack,/home/nadmin/Desktop/updatedattack/results/VGG-Face/transfer_attack_similarity_scores_all12_lambda020_limit1000.csv,Facenet512,MI_ADMIX_DI_TI,vanilla,0.5621565580368042,Facenet512_MI_ADMIX_DI_TI_adv
17,VGG-Face,/content/face_module/dataset_extractedfaces/vggface2_pairs/n000016_0036_01.jpg,/content/face_module/dataset_extractedfaces/vggface2_pairs/n000012_0087_01.jpg,vggface2_pairs,impersonation_attack,/home/nadmin/Desktop/updatedattack/results/VGG-Face/transfer_attack_similarity_scores_all12_lambda020_limit1000.csv,Facenet512,MI_FGSM,vanilla,0.5577839612960815,Facenet512_MI_FGSM_adv
17,VGG-Face,/content/face_module/dataset_extractedfaces/vggface2_pairs/n000016_0036_01.jpg,/content/face_module/dataset_extractedfaces/vggface2_pairs/n000012_0087_01.jpg,vggface2_pairs,impersonation_attack,/home/nadmin/Desktop/updatedattack/results/VGG-Face/transfer_attack_similarity_scores_all12_lambda020_limit1000.csv,Facenet512,PGD,vanilla,0.2878544628620147,Facenet512_PGD_adv
17,VGG-Face,/content/face_module/dataset_extractedfaces/vggface2_pairs/n000016_0036_01.jpg,/content/face_module/dataset_extractedfaces/vggface2_pairs/n000012_0087_01.jpg,vggface2_pairs,impersonation_attack,/home/nadmin/Desktop/updatedattack/results/VGG-Face/transfer_attack_similarity_scores_all12_lambda020_limit1000.csv,Facenet512,SI_NI_FGSM,vanilla,0.5399676561355591,Facenet512_SI_NI_FGSM_adv
17,VGG-Face,/content/face_module/dataset_extractedfaces/vggface2_pairs/n000016_0036_01.jpg,/content/face_module/dataset_extractedfaces/vggface2_pairs/n000012_0087_01.jpg,vggface2_pairs,impersonation_attack,/home/nadmin/Desktop/updatedattack/results/VGG-Face/transfer_attack_similarity_scores_all12_lambda020_limit1000.csv,Facenet512,TI_FGSM,vanilla,0.3936246335506439,Facenet512_TI_FGSM_adv
17,VGG-Face,/content/face_module/dataset_extractedfaces/vggface2_pairs/n000016_0036_01.jpg,/content/face_module/dataset_extractedfaces/vggface2_pairs/n000012_0087_01.jpg,vggface2_pairs,impersonation_attack,/home/nadmin/Desktop/updatedattack/results/VGG-Face/transfer_attack_similarity_scores_all12_lambda020_limit1000.csv,Facenet512,clean,clean,-0.0131816901266574,Facenet512_clean
17,VGG-Face,/content/face_module/dataset_extractedfaces/vggface2_pairs/n000016_0036_01.jpg,/content/face_module/dataset_extractedfaces/vggface2_pairs/n000012_0087_01.jpg,vggface2_pairs,impersonation_attack,/home/nadmin/Desktop/updatedattack/results/VGG-Face/transfer_attack_similarity_scores_all12_lambda020_limit1000.csv,GhostFaceNet,MI_ADMIX_DI_TI,vanilla,0.0464801229536533,GhostFaceNet_MI_ADMIX_DI_TI_adv
17,VGG-Face,/content/face_module/dataset_extractedfaces/vggface2_pairs/n000016_0036_01.jpg,/content/face_module/dataset_extractedfaces/vggface2_pairs/n000012_0087_01.jpg,vggface2_pairs,impersonation_attack,/home/nadmin/Desktop/updatedattack/results/VGG-Face/transfer_attack_similarity_scores_all12_lambda020_limit1000.csv,GhostFaceNet,MI_FGSM,vanilla,0.0455000922083854,GhostFaceNet_MI_FGSM_adv
17,VGG-Face,/content/face_module/dataset_extractedfaces/vggface2_pairs/n000016_0036_01.jpg,/content/face_module/dataset_extractedfaces/vggface2_pairs/n000012_0087_01.jpg,vggface2_pairs,impersonation_attack,/home/nadmin/Desktop/updatedattack/results/VGG-Face/transfer_attack_similarity_scores_all12_lambda020_limit1000.csv,GhostFaceNet,PGD,vanilla,0.0149569809436798,GhostFaceNet_PGD_adv
17,VGG-Face,/content/face_module/dataset_extractedfaces/vggface2_pairs/n000016_0036_01.jpg,/content/face_module/dataset_extractedfaces/vggface2_pairs/n000012_0087_01.jpg,vggface2_pairs,impersonation_attack,/home/nadmin/Desktop/updatedattack/results/VGG-Face/transfer_attack_similarity_scores_all12_lambda020_limit1000.csv,GhostFaceNet,SI_NI_FGSM,vanilla,0.0385620705783367,GhostFaceNet_SI_NI_FGSM_adv
17,VGG-Face,/content/face_module/dataset_extractedfaces/vggface2_pairs/n000016_0036_01.jpg,/content/face_module/dataset_extractedfaces/vggface2_pairs/n000012_0087_01.jpg,vggface2_pairs,impersonation_attack,/home/nadmin/Desktop/updatedattack/results/VGG-Face/transfer_attack_similarity_scores_all12_lambda020_limit1000.csv,GhostFaceNet,TI_FGSM,vanilla,0.024151936173439,GhostFaceNet_TI_FGSM_adv
17,VGG-Face,/content/face_module/dataset_extractedfaces/vggface2_pairs/n000016_0036_01.jpg,/content/face_module/dataset_extractedfaces/vggface2_pairs/n000012_0087_01.jpg,vggface2_pairs,impersonation_attack,/home/nadmin/Desktop/updatedattack/results/VGG-Face/transfer_attack_similarity_scores_all12_lambda020_limit1000.csv,GhostFaceNet,clean,clean,-0.0316651351749897,GhostFaceNet_clean
17,VGG-Face,/content/face_module/dataset_extractedfaces/vggface2_pairs/n000016_0036_01.jpg,/content/face_module/dataset_extractedfaces/vggface2_pairs/n000012_0087_01.jpg,vggface2_pairs,impersonation_attack,/home/nadmin/Desktop/updatedattack/results/VGG-Face/transfer_attack_similarity_scores_all12_lambda020_limit1000.csv,IR152,MI_ADMIX_DI_TI,vanilla,0.1602971255779266,IR152_MI_ADMIX_DI_TI_adv
17,VGG-Face,/content/face_module/dataset_extractedfaces/vggface2_pairs/n000016_0036_01.jpg,/content/face_module/dataset_extractedfaces/vggface2_pairs/n000012_0087_01.jpg,vggface2_pairs,impersonation_attack,/home/nadmin/Desktop/updatedattack/results/VGG-Face/transfer_attack_similarity_scores_all12_lambda020_limit1000.csv,IR152,MI_FGSM,vanilla,0.096543975174427,IR152_MI_FGSM_adv
17,VGG-Face,/content/face_module/dataset_extractedfaces/vggface2_pairs/n000016_0036_01.jpg,/content/face_module/dataset_extractedfaces/vggface2_pairs/n000012_0087_01.jpg,vggface2_pairs,impersonation_attack,/home/nadmin/Desktop/updatedattack/results/VGG-Face/transfer_attack_similarity_scores_all12_lambda020_limit1000.csv,IR152,PGD,vanilla,0.0675850659608841,IR152_PGD_adv
17,VGG-Face,/content/face_module/dataset_extractedfaces/vggface2_pairs/n000016_0036_01.jpg,/content/face_module/dataset_extractedfaces/vggface2_pairs/n000012_0087_01.jpg,vggface2_pairs,impersonation_attack,/home/nadmin/Desktop/updatedattack/results/VGG-Face/transfer_attack_similarity_scores_all12_lambda020_limit1000.csv,IR152,SI_NI_FGSM,vanilla,0.0726955384016037,IR152_SI_NI_FGSM_adv
17,VGG-Face,/content/face_module/dataset_extractedfaces/vggface2_pairs/n000016_0036_01.jpg,/content/face_module/dataset_extractedfaces/vggface2_pairs/n000012_0087_01.jpg,vggface2_pairs,impersonation_attack,/home/nadmin/Desktop/updatedattack/results/VGG-Face/transfer_attack_similarity_scores_all12_lambda020_limit1000.csv,IR152,TI_FGSM,vanilla,0.1214059144258499,IR152_TI_FGSM_adv
17,VGG-Face,/content/face_module/dataset_extractedfaces/vggface2_pairs/n000016_0036_01.jpg,/content/face_module/dataset_extractedfaces/vggface2_pairs/n000012_0087_01.jpg,vggface2_pairs,impersonation_attack,/home/nadmin/Desktop/updatedattack/results/VGG-Face/transfer_attack_similarity_scores_all12_lambda020_limit1000.csv,IR152,clean,clean,-0.0301507841795682,IR152_clean
17,VGG-Face,/content/face_module/dataset_extractedfaces/vggface2_pairs/n000016_0036_01.jpg,/content/face_module/dataset_extractedfaces/vggface2_pairs/n000012_0087_01.jpg,vggface2_pairs,impersonation_attack,/home/nadmin/Desktop/updatedattack/results/VGG-Face/transfer_attack_similarity_scores_all12_lambda020_limit1000.csv,VGG-Face,clean,clean,0.1219722479581832,VGG-Face_clean
18,VGG-Face,/content/face_module/dataset_extractedfaces/celeba_pairs/092809.jpg,/content/face_module/dataset_extractedfaces/celeba_pairs/108708.jpg,celeba_pairs,dodging_attack,/home/nadmin/Desktop/updatedattack/results/VGG-Face/transfer_attack_similarity_scores_all12_lambda020_limit1000.csv,ArcFace,MI_ADMIX_DI_TI,vanilla,0.4074872434139251,ArcFace_MI_ADMIX_DI_TI_adv
18,VGG-Face,/content/face_module/dataset_extractedfaces/celeba_pairs/092809.jpg,/content/face_module/dataset_extractedfaces/celeba_pairs/108708.jpg,celeba_pairs,dodging_attack,/home/nadmin/Desktop/updatedattack/results/VGG-Face/transfer_attack_similarity_scores_all12_lambda020_limit1000.csv,ArcFace,MI_FGSM,vanilla,0.4180071353912353,ArcFace_MI_FGSM_adv
18,VGG-Face,/content/face_module/dataset_extractedfaces/celeba_pairs/092809.jpg,/content/face_module/dataset_extractedfaces/celeba_pairs/108708.jpg,celeba_pairs,dodging_attack,/home/nadmin/Desktop/updatedattack/results/VGG-Face/transfer_attack_similarity_scores_all12_lambda020_limit1000.csv,ArcFace,PGD,vanilla,0.5068029165267944,ArcFace_PGD_adv
18,VGG-Face,/content/face_module/dataset_extractedfaces/celeba_pairs/092809.jpg,/content/face_module/dataset_extractedfaces/celeba_pairs/108708.jpg,celeba_pairs,dodging_attack,/home/nadmin/Desktop/updatedattack/results/VGG-Face/transfer_attack_similarity_scores_all12_lambda020_limit1000.csv,ArcFace,SI_NI_FGSM,vanilla,0.4398657083511352,ArcFace_SI_NI_FGSM_adv
18,VGG-Face,/content/face_module/dataset_extractedfaces/celeba_pairs/092809.jpg,/content/face_module/dataset_extractedfaces/celeba_pairs/108708.jpg,celeba_pairs,dodging_attack,/home/nadmin/Desktop/updatedattack/results/VGG-Face/transfer_attack_similarity_scores_all12_lambda020_limit1000.csv,ArcFace,TI_FGSM,vanilla,0.4436396956443786,ArcFace_TI_FGSM_adv
18,VGG-Face,/content/face_module/dataset_extractedfaces/celeba_pairs/092809.jpg,/content/face_module/dataset_extractedfaces/celeba_pairs/108708.jpg,celeba_pairs,dodging_attack,/home/nadmin/Desktop/updatedattack/results/VGG-Face/transfer_attack_similarity_scores_all12_lambda020_limit1000.csv,ArcFace,clean,clean,0.7534175515174866,ArcFace_clean
18,VGG-Face,/content/face_module/dataset_extractedfaces/celeba_pairs/092809.jpg,/content/face_module/dataset_extractedfaces/celeba_pairs/108708.jpg,celeba_pairs,dodging_attack,/home/nadmin/Desktop/updatedattack/results/VGG-Face/transfer_attack_similarity_scores_all12_lambda020_limit1000.csv,Facenet512,MI_ADMIX_DI_TI,vanilla,0.3457507789134979,Facenet512_MI_ADMIX_DI_TI_adv
18,VGG-Face,/content/face_module/dataset_extractedfaces/celeba_pairs/092809.jpg,/content/face_module/dataset_extractedfaces/celeba_pairs/108708.jpg,celeba_pairs,dodging_attack,/home/nadmin/Desktop/updatedattack/results/VGG-Face/transfer_attack_similarity_scores_all12_lambda020_limit1000.csv,Facenet512,MI_FGSM,vanilla,0.3002783060073852,Facenet512_MI_FGSM_adv
18,VGG-Face,/content/face_module/dataset_extractedfaces/celeba_pairs/092809.jpg,/content/face_module/dataset_extractedfaces/celeba_pairs/108708.jpg,celeba_pairs,dodging_attack,/home/nadmin/Desktop/updatedattack/results/VGG-Face/transfer_attack_similarity_scores_all12_lambda020_limit1000.csv,Facenet512,PGD,vanilla,0.4345975518226623,Facenet512_PGD_adv
18,VGG-Face,/content/face_module/dataset_extractedfaces/celeba_pairs/092809.jpg,/content/face_module/dataset_extractedfaces/celeba_pairs/108708.jpg,celeba_pairs,dodging_attack,/home/nadmin/Desktop/updatedattack/results/VGG-Face/transfer_attack_similarity_scores_all12_lambda020_limit1000.csv,Facenet512,SI_NI_FGSM,vanilla,0.3925436735153198,Facenet512_SI_NI_FGSM_adv
18,VGG-Face,/content/face_module/dataset_extractedfaces/celeba_pairs/092809.jpg,/content/face_module/dataset_extractedfaces/celeba_pairs/108708.jpg,celeba_pairs,dodging_attack,/home/nadmin/Desktop/updatedattack/results/VGG-Face/transfer_attack_similarity_scores_all12_lambda020_limit1000.csv,Facenet512,TI_FGSM,vanilla,0.4248824119567871,Facenet512_TI_FGSM_adv
18,VGG-Face,/content/face_module/dataset_extractedfaces/celeba_pairs/092809.jpg,/content/face_module/dataset_extractedfaces/celeba_pairs/108708.jpg,celeba_pairs,dodging_attack,/home/nadmin/Desktop/updatedattack/results/VGG-Face/transfer_attack_similarity_scores_all12_lambda020_limit1000.csv,Facenet512,clean,clean,0.7128064632415771,Facenet512_clean
18,VGG-Face,/content/face_module/dataset_extractedfaces/celeba_pairs/092809.jpg,/content/face_module/dataset_extractedfaces/celeba_pairs/108708.jpg,celeba_pairs,dodging_attack,/home/nadmin/Desktop/updatedattack/results/VGG-Face/transfer_attack_similarity_scores_all12_lambda020_limit1000.csv,GhostFaceNet,MI_ADMIX_DI_TI,vanilla,0.3115597367286682,GhostFaceNet_MI_ADMIX_DI_TI_adv
18,VGG-Face,/content/face_module/dataset_extractedfaces/celeba_pairs/092809.jpg,/content/face_module/dataset_extractedfaces/celeba_pairs/108708.jpg,celeba_pairs,dodging_attack,/home/nadmin/Desktop/updatedattack/results/VGG-Face/transfer_attack_similarity_scores_all12_lambda020_limit1000.csv,GhostFaceNet,MI_FGSM,vanilla,0.25171959400177,GhostFaceNet_MI_FGSM_adv
18,VGG-Face,/content/face_module/dataset_extractedfaces/celeba_pairs/092809.jpg,/content/face_module/dataset_extractedfaces/celeba_pairs/108708.jpg,celeba_pairs,dodging_attack,/home/nadmin/Desktop/updatedattack/results/VGG-Face/transfer_attack_similarity_scores_all12_lambda020_limit1000.csv,GhostFaceNet,PGD,vanilla,0.3349900245666504,GhostFaceNet_PGD_adv
18,VGG-Face,/content/face_module/dataset_extractedfaces/celeba_pairs/092809.jpg,/content/face_module/dataset_extractedfaces/celeba_pairs/108708.jpg,celeba_pairs,dodging_attack,/home/nadmin/Desktop/updatedattack/results/VGG-Face/transfer_attack_similarity_scores_all12_lambda020_limit1000.csv,GhostFaceNet,SI_NI_FGSM,vanilla,0.2790566086769104,GhostFaceNet_SI_NI_FGSM_adv
18,VGG-Face,/content/face_module/dataset_extractedfaces/celeba_pairs/092809.jpg,/content/face_module/dataset_extractedfaces/celeba_pairs/108708.jpg,celeba_pairs,dodging_attack,/home/nadmin/Desktop/updatedattack/results/VGG-Face/transfer_attack_similarity_scores_all12_lambda020_limit1000.csv,GhostFaceNet,TI_FGSM,vanilla,0.3379172086715698,GhostFaceNet_TI_FGSM_adv
18,VGG-Face,/content/face_module/dataset_extractedfaces/celeba_pairs/092809.jpg,/content/face_module/dataset_extractedfaces/celeba_pairs/108708.jpg,celeba_pairs,dodging_attack,/home/nadmin/Desktop/updatedattack/results/VGG-Face/transfer_attack_similarity_scores_all12_lambda020_limit1000.csv,GhostFaceNet,clean,clean,0.6571601629257202,GhostFaceNet_clean
18,VGG-Face,/content/face_module/dataset_extractedfaces/celeba_pairs/092809.jpg,/content/face_module/dataset_extractedfaces/celeba_pairs/108708.jpg,celeba_pairs,dodging_attack,/home/nadmin/Desktop/updatedattack/results/VGG-Face/transfer_attack_similarity_scores_all12_lambda020_limit1000.csv,IR152,MI_ADMIX_DI_TI,vanilla,0.2722935676574707,IR152_MI_ADMIX_DI_TI_adv
18,VGG-Face,/content/face_module/dataset_extractedfaces/celeba_pairs/092809.jpg,/content/face_module/dataset_extractedfaces/celeba_pairs/108708.jpg,celeba_pairs,dodging_attack,/home/nadmin/Desktop/updatedattack/results/VGG-Face/transfer_attack_similarity_scores_all12_lambda020_limit1000.csv,IR152,MI_FGSM,vanilla,0.2990866005420685,IR152_MI_FGSM_adv
18,VGG-Face,/content/face_module/dataset_extractedfaces/celeba_pairs/092809.jpg,/content/face_module/dataset_extractedfaces/celeba_pairs/108708.jpg,celeba_pairs,dodging_attack,/home/nadmin/Desktop/updatedattack/results/VGG-Face/transfer_attack_similarity_scores_all12_lambda020_limit1000.csv,IR152,PGD,vanilla,0.4604642689228058,IR152_PGD_adv
18,VGG-Face,/content/face_module/dataset_extractedfaces/celeba_pairs/092809.jpg,/content/face_module/dataset_extractedfaces/celeba_pairs/108708.jpg,celeba_pairs,dodging_attack,/home/nadmin/Desktop/updatedattack/results/VGG-Face/transfer_attack_similarity_scores_all12_lambda020_limit1000.csv,IR152,SI_NI_FGSM,vanilla,0.355143666267395,IR152_SI_NI_FGSM_adv
18,VGG-Face,/content/face_module/dataset_extractedfaces/celeba_pairs/092809.jpg,/content/face_module/dataset_extractedfaces/celeba_pairs/108708.jpg,celeba_pairs,dodging_attack,/home/nadmin/Desktop/updatedattack/results/VGG-Face/transfer_attack_similarity_scores_all12_lambda020_limit1000.csv,IR152,TI_FGSM,vanilla,0.3551708459854126,IR152_TI_FGSM_adv
18,VGG-Face,/content/face_module/dataset_extractedfaces/celeba_pairs/092809.jpg,/content/face_module/dataset_extractedfaces/celeba_pairs/108708.jpg,celeba_pairs,dodging_attack,/home/nadmin/Desktop/updatedattack/results/VGG-Face/transfer_attack_similarity_scores_all12_lambda020_limit1000.csv,IR152,clean,clean,0.707098126411438,IR152_clean
18,VGG-Face,/content/face_module/dataset_extractedfaces/celeba_pairs/092809.jpg,/content/face_module/dataset_extractedfaces/celeba_pairs/108708.jpg,celeba_pairs,dodging_attack,/home/nadmin/Desktop/updatedattack/results/VGG-Face/transfer_attack_similarity_scores_all12_lambda020_limit1000.csv,VGG-Face,clean,clean,0.5854153633117676,VGG-Face_clean
19,VGG-Face,/content/face_module/dataset_extractedfaces/vggface2_pairs/n000007_0012_01.jpg,/content/face_module/dataset_extractedfaces/vggface2_pairs/n000008_0101_01.jpg,vggface2_pairs,impersonation_attack,/home/nadmin/Desktop/updatedattack/results/VGG-Face/transfer_attack_similarity_scores_all12_lambda020_limit1000.csv,ArcFace,MI_ADMIX_DI_TI,vanilla,0.3311110734939575,ArcFace_MI_ADMIX_DI_TI_adv
19,VGG-Face,/content/face_module/dataset_extractedfaces/vggface2_pairs/n000007_0012_01.jpg,/content/face_module/dataset_extractedfaces/vggface2_pairs/n000008_0101_01.jpg,vggface2_pairs,impersonation_attack,/home/nadmin/Desktop/updatedattack/results/VGG-Face/transfer_attack_similarity_scores_all12_lambda020_limit1000.csv,ArcFace,MI_FGSM,vanilla,0.3779790997505188,ArcFace_MI_FGSM_adv
19,VGG-Face,/content/face_module/dataset_extractedfaces/vggface2_pairs/n000007_0012_01.jpg,/content/face_module/dataset_extractedfaces/vggface2_pairs/n000008_0101_01.jpg,vggface2_pairs,impersonation_attack,/home/nadmin/Desktop/updatedattack/results/VGG-Face/transfer_attack_similarity_scores_all12_lambda020_limit1000.csv,ArcFace,PGD,vanilla,0.3177912533283233,ArcFace_PGD_adv
19,VGG-Face,/content/face_module/dataset_extractedfaces/vggface2_pairs/n000007_0012_01.jpg,/content/face_module/dataset_extractedfaces/vggface2_pairs/n000008_0101_01.jpg,vggface2_pairs,impersonation_attack,/home/nadmin/Desktop/updatedattack/results/VGG-Face/transfer_attack_similarity_scores_all12_lambda020_limit1000.csv,ArcFace,SI_NI_FGSM,vanilla,0.3304685652256012,ArcFace_SI_NI_FGSM_adv
19,VGG-Face,/content/face_module/dataset_extractedfaces/vggface2_pairs/n000007_0012_01.jpg,/content/face_module/dataset_extractedfaces/vggface2_pairs/n000008_0101_01.jpg,vggface2_pairs,impersonation_attack,/home/nadmin/Desktop/updatedattack/results/VGG-Face/transfer_attack_similarity_scores_all12_lambda020_limit1000.csv,ArcFace,TI_FGSM,vanilla,0.327310562133789,ArcFace_TI_FGSM_adv
19,VGG-Face,/content/face_module/dataset_extractedfaces/vggface2_pairs/n000007_0012_01.jpg,/content/face_module/dataset_extractedfaces/vggface2_pairs/n000008_0101_01.jpg,vggface2_pairs,impersonation_attack,/home/nadmin/Desktop/updatedattack/results/VGG-Face/transfer_attack_similarity_scores_all12_lambda020_limit1000.csv,ArcFace,clean,clean,0.1917921304702758,ArcFace_clean
19,VGG-Face,/content/face_module/dataset_extractedfaces/vggface2_pairs/n000007_0012_01.jpg,/content/face_module/dataset_extractedfaces/vggface2_pairs/n000008_0101_01.jpg,vggface2_pairs,impersonation_attack,/home/nadmin/Desktop/updatedattack/results/VGG-Face/transfer_attack_similarity_scores_all12_lambda020_limit1000.csv,Facenet512,MI_ADMIX_DI_TI,vanilla,0.1452311873435974,Facenet512_MI_ADMIX_DI_TI_adv
19,VGG-Face,/content/face_module/dataset_extractedfaces/vggface2_pairs/n000007_0012_01.jpg,/content/face_module/dataset_extractedfaces/vggface2_pairs/n000008_0101_01.jpg,vggface2_pairs,impersonation_attack,/home/nadmin/Desktop/updatedattack/results/VGG-Face/transfer_attack_similarity_scores_all12_lambda020_limit1000.csv,Facenet512,MI_FGSM,vanilla,0.1621817052364349,Facenet512_MI_FGSM_adv
19,VGG-Face,/content/face_module/dataset_extractedfaces/vggface2_pairs/n000007_0012_01.jpg,/content/face_module/dataset_extractedfaces/vggface2_pairs/n000008_0101_01.jpg,vggface2_pairs,impersonation_attack,/home/nadmin/Desktop/updatedattack/results/VGG-Face/transfer_attack_similarity_scores_all12_lambda020_limit1000.csv,Facenet512,PGD,vanilla,0.1209639310836792,Facenet512_PGD_adv
19,VGG-Face,/content/face_module/dataset_extractedfaces/vggface2_pairs/n000007_0012_01.jpg,/content/face_module/dataset_extractedfaces/vggface2_pairs/n000008_0101_01.jpg,vggface2_pairs,impersonation_attack,/home/nadmin/Desktop/updatedattack/results/VGG-Face/transfer_attack_similarity_scores_all12_lambda020_limit1000.csv,Facenet512,SI_NI_FGSM,vanilla,0.1438870429992675,Facenet512_SI_NI_FGSM_adv
19,VGG-Face,/content/face_module/dataset_extractedfaces/vggface2_pairs/n000007_0012_01.jpg,/content/face_module/dataset_extractedfaces/vggface2_pairs/n000008_0101_01.jpg,vggface2_pairs,impersonation_attack,/home/nadmin/Desktop/updatedattack/results/VGG-Face/transfer_attack_similarity_scores_all12_lambda020_limit1000.csv,Facenet512,TI_FGSM,vanilla,0.1232804432511329,Facenet512_TI_FGSM_adv
19,VGG-Face,/content/face_module/dataset_extractedfaces/vggface2_pairs/n000007_0012_01.jpg,/content/face_module/dataset_extractedfaces/vggface2_pairs/n000008_0101_01.jpg,vggface2_pairs,impersonation_attack,/home/nadmin/Desktop/updatedattack/results/VGG-Face/transfer_attack_similarity_scores_all12_lambda020_limit1000.csv,Facenet512,clean,clean,0.0531447790563106,Facenet512_clean
19,VGG-Face,/content/face_module/dataset_extractedfaces/vggface2_pairs/n000007_0012_01.jpg,/content/face_module/dataset_extractedfaces/vggface2_pairs/n000008_0101_01.jpg,vggface2_pairs,impersonation_attack,/home/nadmin/Desktop/updatedattack/results/VGG-Face/transfer_attack_similarity_scores_all12_lambda020_limit1000.csv,GhostFaceNet,MI_ADMIX_DI_TI,vanilla,0.0306964870542287,GhostFaceNet_MI_ADMIX_DI_TI_adv
19,VGG-Face,/content/face_module/dataset_extractedfaces/vggface2_pairs/n000007_0012_01.jpg,/content/face_module/dataset_extractedfaces/vggface2_pairs/n000008_0101_01.jpg,vggface2_pairs,impersonation_attack,/home/nadmin/Desktop/updatedattack/results/VGG-Face/transfer_attack_similarity_scores_all12_lambda020_limit1000.csv,GhostFaceNet,MI_FGSM,vanilla,0.0401277467608451,GhostFaceNet_MI_FGSM_adv
19,VGG-Face,/content/face_module/dataset_extractedfaces/vggface2_pairs/n000007_0012_01.jpg,/content/face_module/dataset_extractedfaces/vggface2_pairs/n000008_0101_01.jpg,vggface2_pairs,impersonation_attack,/home/nadmin/Desktop/updatedattack/results/VGG-Face/transfer_attack_similarity_scores_all12_lambda020_limit1000.csv,GhostFaceNet,PGD,vanilla,0.0431709475815296,GhostFaceNet_PGD_adv
19,VGG-Face,/content/face_module/dataset_extractedfaces/vggface2_pairs/n000007_0012_01.jpg,/content/face_module/dataset_extractedfaces/vggface2_pairs/n000008_0101_01.jpg,vggface2_pairs,impersonation_attack,/home/nadmin/Desktop/updatedattack/results/VGG-Face/transfer_attack_similarity_scores_all12_lambda020_limit1000.csv,GhostFaceNet,SI_NI_FGSM,vanilla,0.0400549992918968,GhostFaceNet_SI_NI_FGSM_adv
19,VGG-Face,/content/face_module/dataset_extractedfaces/vggface2_pairs/n000007_0012_01.jpg,/content/face_module/dataset_extractedfaces/vggface2_pairs/n000008_0101_01.jpg,vggface2_pairs,impersonation_attack,/home/nadmin/Desktop/updatedattack/results/VGG-Face/transfer_attack_similarity_scores_all12_lambda020_limit1000.csv,GhostFaceNet,TI_FGSM,vanilla,0.0216131322085857,GhostFaceNet_TI_FGSM_adv
19,VGG-Face,/content/face_module/dataset_extractedfaces/vggface2_pairs/n000007_0012_01.jpg,/content/face_module/dataset_extractedfaces/vggface2_pairs/n000008_0101_01.jpg,vggface2_pairs,impersonation_attack,/home/nadmin/Desktop/updatedattack/results/VGG-Face/transfer_attack_similarity_scores_all12_lambda020_limit1000.csv,GhostFaceNet,clean,clean,0.0520271658897399,GhostFaceNet_clean
19,VGG-Face,/content/face_module/dataset_extractedfaces/vggface2_pairs/n000007_0012_01.jpg,/content/face_module/dataset_extractedfaces/vggface2_pairs/n000008_0101_01.jpg,vggface2_pairs,impersonation_attack,/home/nadmin/Desktop/updatedattack/results/VGG-Face/transfer_attack_similarity_scores_all12_lambda020_limit1000.csv,IR152,MI_ADMIX_DI_TI,vanilla,0.0138598131015896,IR152_MI_ADMIX_DI_TI_adv
19,VGG-Face,/content/face_module/dataset_extractedfaces/vggface2_pairs/n000007_0012_01.jpg,/content/face_module/dataset_extractedfaces/vggface2_pairs/n000008_0101_01.jpg,vggface2_pairs,impersonation_attack,/home/nadmin/Desktop/updatedattack/results/VGG-Face/transfer_attack_similarity_scores_all12_lambda020_limit1000.csv,IR152,MI_FGSM,vanilla,0.0339643731713295,IR152_MI_FGSM_adv
19,VGG-Face,/content/face_module/dataset_extractedfaces/vggface2_pairs/n000007_0012_01.jpg,/content/face_module/dataset_extractedfaces/vggface2_pairs/n000008_0101_01.jpg,vggface2_pairs,impersonation_attack,/home/nadmin/Desktop/updatedattack/results/VGG-Face/transfer_attack_similarity_scores_all12_lambda020_limit1000.csv,IR152,PGD,vanilla,0.0212341155856847,IR152_PGD_adv
19,VGG-Face,/content/face_module/dataset_extractedfaces/vggface2_pairs/n000007_0012_01.jpg,/content/face_module/dataset_extractedfaces/vggface2_pairs/n000008_0101_01.jpg,vggface2_pairs,impersonation_attack,/home/nadmin/Desktop/updatedattack/results/VGG-Face/transfer_attack_similarity_scores_all12_lambda020_limit1000.csv,IR152,SI_NI_FGSM,vanilla,0.0410934276878833,IR152_SI_NI_FGSM_adv
19,VGG-Face,/content/face_module/dataset_extractedfaces/vggface2_pairs/n000007_0012_01.jpg,/content/face_module/dataset_extractedfaces/vggface2_pairs/n000008_0101_01.jpg,vggface2_pairs,impersonation_attack,/home/nadmin/Desktop/updatedattack/results/VGG-Face/transfer_attack_similarity_scores_all12_lambda020_limit1000.csv,IR152,TI_FGSM,vanilla,0.0199491027742624,IR152_TI_FGSM_adv
19,VGG-Face,/content/face_module/dataset_extractedfaces/vggface2_pairs/n000007_0012_01.jpg,/content/face_module/dataset_extractedfaces/vggface2_pairs/n000008_0101_01.jpg,vggface2_pairs,impersonation_attack,/home/nadmin/Desktop/updatedattack/results/VGG-Face/transfer_attack_similarity_scores_all12_lambda020_limit1000.csv,IR152,clean,clean,-0.0336103551089763,IR152_clean
19,VGG-Face,/content/face_module/dataset_extractedfaces/vggface2_pairs/n000007_0012_01.jpg,/content/face_module/dataset_extractedfaces/vggface2_pairs/n000008_0101_01.jpg,vggface2_pairs,impersonation_attack,/home/nadmin/Desktop/updatedattack/results/VGG-Face/transfer_attack_similarity_scores_all12_lambda020_limit1000.csv,VGG-Face,clean,clean,0.056086029857397,VGG-Face_clean
21,VGG-Face,/content/face_module/dataset_extractedfaces/vggface2_pairs/n000012_0183_01.jpg,/content/face_module/dataset_extractedfaces/vggface2_pairs/n000014_0113_01.jpg,vggface2_pairs,impersonation_attack,/home/nadmin/Desktop/updatedattack/results/VGG-Face/transfer_attack_similarity_scores_all12_lambda020_limit1000.csv,ArcFace,MI_ADMIX_DI_TI,vanilla,0.3847067952156067,ArcFace_MI_ADMIX_DI_TI_adv
21,VGG-Face,/content/face_module/dataset_extractedfaces/vggface2_pairs/n000012_0183_01.jpg,/content/face_module/dataset_extractedfaces/vggface2_pairs/n000014_0113_01.jpg,vggface2_pairs,impersonation_attack,/home/nadmin/Desktop/updatedattack/results/VGG-Face/transfer_attack_similarity_scores_all12_lambda020_limit1000.csv,ArcFace,MI_FGSM,vanilla,0.3988268077373504,ArcFace_MI_FGSM_adv
21,VGG-Face,/content/face_module/dataset_extractedfaces/vggface2_pairs/n000012_0183_01.jpg,/content/face_module/dataset_extractedfaces/vggface2_pairs/n000014_0113_01.jpg,vggface2_pairs,impersonation_attack,/home/nadmin/Desktop/updatedattack/results/VGG-Face/transfer_attack_similarity_scores_all12_lambda020_limit1000.csv,ArcFace,PGD,vanilla,0.3425851464271545,ArcFace_PGD_adv
21,VGG-Face,/content/face_module/dataset_extractedfaces/vggface2_pairs/n000012_0183_01.jpg,/content/face_module/dataset_extractedfaces/vggface2_pairs/n000014_0113_01.jpg,vggface2_pairs,impersonation_attack,/home/nadmin/Desktop/updatedattack/results/VGG-Face/transfer_attack_similarity_scores_all12_lambda020_limit1000.csv,ArcFace,SI_NI_FGSM,vanilla,0.4127198159694671,ArcFace_SI_NI_FGSM_adv
21,VGG-Face,/content/face_module/dataset_extractedfaces/vggface2_pairs/n000012_0183_01.jpg,/content/face_module/dataset_extractedfaces/vggface2_pairs/n000014_0113_01.jpg,vggface2_pairs,impersonation_attack,/home/nadmin/Desktop/updatedattack/results/VGG-Face/transfer_attack_similarity_scores_all12_lambda020_limit1000.csv,ArcFace,TI_FGSM,vanilla,0.3835318088531494,ArcFace_TI_FGSM_adv
21,VGG-Face,/content/face_module/dataset_extractedfaces/vggface2_pairs/n000012_0183_01.jpg,/content/face_module/dataset_extractedfaces/vggface2_pairs/n000014_0113_01.jpg,vggface2_pairs,impersonation_attack,/home/nadmin/Desktop/updatedattack/results/VGG-Face/transfer_attack_similarity_scores_all12_lambda020_limit1000.csv,ArcFace,clean,clean,0.1859162747859954,ArcFace_clean
21,VGG-Face,/content/face_module/dataset_extractedfaces/vggface2_pairs/n000012_0183_01.jpg,/content/face_module/dataset_extractedfaces/vggface2_pairs/n000014_0113_01.jpg,vggface2_pairs,impersonation_attack,/home/nadmin/Desktop/updatedattack/results/VGG-Face/transfer_attack_similarity_scores_all12_lambda020_limit1000.csv,Facenet512,MI_ADMIX_DI_TI,vanilla,0.0245252586901187,Facenet512_MI_ADMIX_DI_TI_adv
21,VGG-Face,/content/face_module/dataset_extractedfaces/vggface2_pairs/n000012_0183_01.jpg,/content/face_module/dataset_extractedfaces/vggface2_pairs/n000014_0113_01.jpg,vggface2_pairs,impersonation_attack,/home/nadmin/Desktop/updatedattack/results/VGG-Face/transfer_attack_similarity_scores_all12_lambda020_limit1000.csv,Facenet512,MI_FGSM,vanilla,-0.0171578601002693,Facenet512_MI_FGSM_adv
21,VGG-Face,/content/face_module/dataset_extractedfaces/vggface2_pairs/n000012_0183_01.jpg,/content/face_module/dataset_extractedfaces/vggface2_pairs/n000014_0113_01.jpg,vggface2_pairs,impersonation_attack,/home/nadmin/Desktop/updatedattack/results/VGG-Face/transfer_attack_similarity_scores_all12_lambda020_limit1000.csv,Facenet512,PGD,vanilla,-0.1205125451087951,Facenet512_PGD_adv
21,VGG-Face,/content/face_module/dataset_extractedfaces/vggface2_pairs/n000012_0183_01.jpg,/content/face_module/dataset_extractedfaces/vggface2_pairs/n000014_0113_01.jpg,vggface2_pairs,impersonation_attack,/home/nadmin/Desktop/updatedattack/results/VGG-Face/transfer_attack_similarity_scores_all12_lambda020_limit1000.csv,Facenet512,SI_NI_FGSM,vanilla,-0.0306544080376625,Facenet512_SI_NI_FGSM_adv
21,VGG-Face,/content/face_module/dataset_extractedfaces/vggface2_pairs/n000012_0183_01.jpg,/content/face_module/dataset_extractedfaces/vggface2_pairs/n000014_0113_01.jpg,vggface2_pairs,impersonation_attack,/home/nadmin/Desktop/updatedattack/results/VGG-Face/transfer_attack_similarity_scores_all12_lambda020_limit1000.csv,Facenet512,TI_FGSM,vanilla,-0.0351425260305404,Facenet512_TI_FGSM_adv
21,VGG-Face,/content/face_module/dataset_extractedfaces/vggface2_pairs/n000012_0183_01.jpg,/content/face_module/dataset_extractedfaces/vggface2_pairs/n000014_0113_01.jpg,vggface2_pairs,impersonation_attack,/home/nadmin/Desktop/updatedattack/results/VGG-Face/transfer_attack_similarity_scores_all12_lambda020_limit1000.csv,Facenet512,clean,clean,-0.2023607045412063,Facenet512_clean
21,VGG-Face,/content/face_module/dataset_extractedfaces/vggface2_pairs/n000012_0183_01.jpg,/content/face_module/dataset_extractedfaces/vggface2_pairs/n000014_0113_01.jpg,vggface2_pairs,impersonation_attack,/home/nadmin/Desktop/updatedattack/results/VGG-Face/transfer_attack_similarity_scores_all12_lambda020_limit1000.csv,GhostFaceNet,MI_ADMIX_DI_TI,vanilla,0.0835935994982719,GhostFaceNet_MI_ADMIX_DI_TI_adv
21,VGG-Face,/content/face_module/dataset_extractedfaces/vggface2_pairs/n000012_0183_01.jpg,/content/face_module/dataset_extractedfaces/vggface2_pairs/n000014_0113_01.jpg,vggface2_pairs,impersonation_attack,/home/nadmin/Desktop/updatedattack/results/VGG-Face/transfer_attack_similarity_scores_all12_lambda020_limit1000.csv,GhostFaceNet,MI_FGSM,vanilla,0.103202998638153,GhostFaceNet_MI_FGSM_adv
21,VGG-Face,/content/face_module/dataset_extractedfaces/vggface2_pairs/n000012_0183_01.jpg,/content/face_module/dataset_extractedfaces/vggface2_pairs/n000014_0113_01.jpg,vggface2_pairs,impersonation_attack,/home/nadmin/Desktop/updatedattack/results/VGG-Face/transfer_attack_similarity_scores_all12_lambda020_limit1000.csv,GhostFaceNet,PGD,vanilla,0.0674643367528915,GhostFaceNet_PGD_adv
21,VGG-Face,/content/face_module/dataset_extractedfaces/vggface2_pairs/n000012_0183_01.jpg,/content/face_module/dataset_extractedfaces/vggface2_pairs/n000014_0113_01.jpg,vggface2_pairs,impersonation_attack,/home/nadmin/Desktop/updatedattack/results/VGG-Face/transfer_attack_similarity_scores_all12_lambda020_limit1000.csv,GhostFaceNet,SI_NI_FGSM,vanilla,0.101085141301155,GhostFaceNet_SI_NI_FGSM_adv
21,VGG-Face,/content/face_module/dataset_extractedfaces/vggface2_pairs/n000012_0183_01.jpg,/content/face_module/dataset_extractedfaces/vggface2_pairs/n000014_0113_01.jpg,vggface2_pairs,impersonation_attack,/home/nadmin/Desktop/updatedattack/results/VGG-Face/transfer_attack_similarity_scores_all12_lambda020_limit1000.csv,GhostFaceNet,TI_FGSM,vanilla,0.0776054263114929,GhostFaceNet_TI_FGSM_adv
21,VGG-Face,/content/face_module/dataset_extractedfaces/vggface2_pairs/n000012_0183_01.jpg,/content/face_module/dataset_extractedfaces/vggface2_pairs/n000014_0113_01.jpg,vggface2_pairs,impersonation_attack,/home/nadmin/Desktop/updatedattack/results/VGG-Face/transfer_attack_similarity_scores_all12_lambda020_limit1000.csv,GhostFaceNet,clean,clean,0.0400891341269016,GhostFaceNet_clean
21,VGG-Face,/content/face_module/dataset_extractedfaces/vggface2_pairs/n000012_0183_01.jpg,/content/face_module/dataset_extractedfaces/vggface2_pairs/n000014_0113_01.jpg,vggface2_pairs,impersonation_attack,/home/nadmin/Desktop/updatedattack/results/VGG-Face/transfer_attack_similarity_scores_all12_lambda020_limit1000.csv,IR152,MI_ADMIX_DI_TI,vanilla,-0.0111686205491423,IR152_MI_ADMIX_DI_TI_adv
21,VGG-Face,/content/face_module/dataset_extractedfaces/vggface2_pairs/n000012_0183_01.jpg,/content/face_module/dataset_extractedfaces/vggface2_pairs/n000014_0113_01.jpg,vggface2_pairs,impersonation_attack,/home/nadmin/Desktop/updatedattack/results/VGG-Face/transfer_attack_similarity_scores_all12_lambda020_limit1000.csv,IR152,MI_FGSM,vanilla,-0.0259798932820558,IR152_MI_FGSM_adv
21,VGG-Face,/content/face_module/dataset_extractedfaces/vggface2_pairs/n000012_0183_01.jpg,/content/face_module/dataset_extractedfaces/vggface2_pairs/n000014_0113_01.jpg,vggface2_pairs,impersonation_attack,/home/nadmin/Desktop/updatedattack/results/VGG-Face/transfer_attack_similarity_scores_all12_lambda020_limit1000.csv,IR152,PGD,vanilla,-0.0144109511747956,IR152_PGD_adv
21,VGG-Face,/content/face_module/dataset_extractedfaces/vggface2_pairs/n000012_0183_01.jpg,/content/face_module/dataset_extractedfaces/vggface2_pairs/n000014_0113_01.jpg,vggface2_pairs,impersonation_attack,/home/nadmin/Desktop/updatedattack/results/VGG-Face/transfer_attack_similarity_scores_all12_lambda020_limit1000.csv,IR152,SI_NI_FGSM,vanilla,-0.011295611038804,IR152_SI_NI_FGSM_adv
21,VGG-Face,/content/face_module/dataset_extractedfaces/vggface2_pairs/n000012_0183_01.jpg,/content/face_module/dataset_extractedfaces/vggface2_pairs/n000014_0113_01.jpg,vggface2_pairs,impersonation_attack,/home/nadmin/Desktop/updatedattack/results/VGG-Face/transfer_attack_similarity_scores_all12_lambda020_limit1000.csv,IR152,TI_FGSM,vanilla,-0.0244384109973907,IR152_TI_FGSM_adv
21,VGG-Face,/content/face_module/dataset_extractedfaces/vggface2_pairs/n000012_0183_01.jpg,/content/face_module/dataset_extractedfaces/vggface2_pairs/n000014_0113_01.jpg,vggface2_pairs,impersonation_attack,/home/nadmin/Desktop/updatedattack/results/VGG-Face/transfer_attack_similarity_scores_all12_lambda020_limit1000.csv,IR152,clean,clean,-0.0263524912297725,IR152_clean
21,VGG-Face,/content/face_module/dataset_extractedfaces/vggface2_pairs/n000012_0183_01.jpg,/content/face_module/dataset_extractedfaces/vggface2_pairs/n000014_0113_01.jpg,vggface2_pairs,impersonation_attack,/home/nadmin/Desktop/updatedattack/results/VGG-Face/transfer_attack_similarity_scores_all12_lambda020_limit1000.csv,VGG-Face,clean,clean,0.064671903848648,VGG-Face_clean
23,VGG-Face,/content/face_module/dataset_extractedfaces/lfw_pairs/Tom Daschle_5.jpg,/content/face_module/dataset_extractedfaces/lfw_pairs/Tom Daschle_6.jpg,lfw_pairs,dodging_attack,/home/nadmin/Desktop/updatedattack/results/VGG-Face/transfer_attack_similarity_scores_all12_lambda020_limit1000.csv,ArcFace,MI_ADMIX_DI_TI,vanilla,0.3823356628417969,ArcFace_MI_ADMIX_DI_TI_adv
23,VGG-Face,/content/face_module/dataset_extractedfaces/lfw_pairs/Tom Daschle_5.jpg,/content/face_module/dataset_extractedfaces/lfw_pairs/Tom Daschle_6.jpg,lfw_pairs,dodging_attack,/home/nadmin/Desktop/updatedattack/results/VGG-Face/transfer_attack_similarity_scores_all12_lambda020_limit1000.csv,ArcFace,MI_FGSM,vanilla,0.3498646020889282,ArcFace_MI_FGSM_adv
23,VGG-Face,/content/face_module/dataset_extractedfaces/lfw_pairs/Tom Daschle_5.jpg,/content/face_module/dataset_extractedfaces/lfw_pairs/Tom Daschle_6.jpg,lfw_pairs,dodging_attack,/home/nadmin/Desktop/updatedattack/results/VGG-Face/transfer_attack_similarity_scores_all12_lambda020_limit1000.csv,ArcFace,PGD,vanilla,0.431022971868515,ArcFace_PGD_adv
23,VGG-Face,/content/face_module/dataset_extractedfaces/lfw_pairs/Tom Daschle_5.jpg,/content/face_module/dataset_extractedfaces/lfw_pairs/Tom Daschle_6.jpg,lfw_pairs,dodging_attack,/home/nadmin/Desktop/updatedattack/results/VGG-Face/transfer_attack_similarity_scores_all12_lambda020_limit1000.csv,ArcFace,SI_NI_FGSM,vanilla,0.4332243204116821,ArcFace_SI_NI_FGSM_adv
23,VGG-Face,/content/face_module/dataset_extractedfaces/lfw_pairs/Tom Daschle_5.jpg,/content/face_module/dataset_extractedfaces/lfw_pairs/Tom Daschle_6.jpg,lfw_pairs,dodging_attack,/home/nadmin/Desktop/updatedattack/results/VGG-Face/transfer_attack_similarity_scores_all12_lambda020_limit1000.csv,ArcFace,TI_FGSM,vanilla,0.3833483755588531,ArcFace_TI_FGSM_adv
23,VGG-Face,/content/face_module/dataset_extractedfaces/lfw_pairs/Tom Daschle_5.jpg,/content/face_module/dataset_extractedfaces/lfw_pairs/Tom Daschle_6.jpg,lfw_pairs,dodging_attack,/home/nadmin/Desktop/updatedattack/results/VGG-Face/transfer_attack_similarity_scores_all12_lambda020_limit1000.csv,ArcFace,clean,clean,0.6419427394866943,ArcFace_clean
23,VGG-Face,/content/face_module/dataset_extractedfaces/lfw_pairs/Tom Daschle_5.jpg,/content/face_module/dataset_extractedfaces/lfw_pairs/Tom Daschle_6.jpg,lfw_pairs,dodging_attack,/home/nadmin/Desktop/updatedattack/results/VGG-Face/transfer_attack_similarity_scores_all12_lambda020_limit1000.csv,Facenet512,MI_ADMIX_DI_TI,vanilla,0.2692388296127319,Facenet512_MI_ADMIX_DI_TI_adv
23,VGG-Face,/content/face_module/dataset_extractedfaces/lfw_pairs/Tom Daschle_5.jpg,/content/face_module/dataset_extractedfaces/lfw_pairs/Tom Daschle_6.jpg,lfw_pairs,dodging_attack,/home/nadmin/Desktop/updatedattack/results/VGG-Face/transfer_attack_similarity_scores_all12_lambda020_limit1000.csv,Facenet512,MI_FGSM,vanilla,0.2762816250324249,Facenet512_MI_FGSM_adv
23,VGG-Face,/content/face_module/dataset_extractedfaces/lfw_pairs/Tom Daschle_5.jpg,/content/face_module/dataset_extractedfaces/lfw_pairs/Tom Daschle_6.jpg,lfw_pairs,dodging_attack,/home/nadmin/Desktop/updatedattack/results/VGG-Face/transfer_attack_similarity_scores_all12_lambda020_limit1000.csv,Facenet512,PGD,vanilla,0.4453544020652771,Facenet512_PGD_adv
23,VGG-Face,/content/face_module/dataset_extractedfaces/lfw_pairs/Tom Daschle_5.jpg,/content/face_module/dataset_extractedfaces/lfw_pairs/Tom Daschle_6.jpg,lfw_pairs,dodging_attack,/home/nadmin/Desktop/updatedattack/results/VGG-Face/transfer_attack_similarity_scores_all12_lambda020_limit1000.csv,Facenet512,SI_NI_FGSM,vanilla,0.3301589488983154,Facenet512_SI_NI_FGSM_adv
23,VGG-Face,/content/face_module/dataset_extractedfaces/lfw_pairs/Tom Daschle_5.jpg,/content/face_module/dataset_extractedfaces/lfw_pairs/Tom Daschle_6.jpg,lfw_pairs,dodging_attack,/home/nadmin/Desktop/updatedattack/results/VGG-Face/transfer_attack_similarity_scores_all12_lambda020_limit1000.csv,Facenet512,TI_FGSM,vanilla,0.3553970754146576,Facenet512_TI_FGSM_adv
23,VGG-Face,/content/face_module/dataset_extractedfaces/lfw_pairs/Tom Daschle_5.jpg,/content/face_module/dataset_extractedfaces/lfw_pairs/Tom Daschle_6.jpg,lfw_pairs,dodging_attack,/home/nadmin/Desktop/updatedattack/results/VGG-Face/transfer_attack_similarity_scores_all12_lambda020_limit1000.csv,Facenet512,clean,clean,0.7583963871002197,Facenet512_clean
23,VGG-Face,/content/face_module/dataset_extractedfaces/lfw_pairs/Tom Daschle_5.jpg,/content/face_module/dataset_extractedfaces/lfw_pairs/Tom Daschle_6.jpg,lfw_pairs,dodging_attack,/home/nadmin/Desktop/updatedattack/results/VGG-Face/transfer_attack_similarity_scores_all12_lambda020_limit1000.csv,GhostFaceNet,MI_ADMIX_DI_TI,vanilla,0.1967284828424453,GhostFaceNet_MI_ADMIX_DI_TI_adv
23,VGG-Face,/content/face_module/dataset_extractedfaces/lfw_pairs/Tom Daschle_5.jpg,/content/face_module/dataset_extractedfaces/lfw_pairs/Tom Daschle_6.jpg,lfw_pairs,dodging_attack,/home/nadmin/Desktop/updatedattack/results/VGG-Face/transfer_attack_similarity_scores_all12_lambda020_limit1000.csv,GhostFaceNet,MI_FGSM,vanilla,0.1631815731525421,GhostFaceNet_MI_FGSM_adv
23,VGG-Face,/content/face_module/dataset_extractedfaces/lfw_pairs/Tom Daschle_5.jpg,/content/face_module/dataset_extractedfaces/lfw_pairs/Tom Daschle_6.jpg,lfw_pairs,dodging_attack,/home/nadmin/Desktop/updatedattack/results/VGG-Face/transfer_attack_similarity_scores_all12_lambda020_limit1000.csv,GhostFaceNet,PGD,vanilla,0.1689601838588714,GhostFaceNet_PGD_adv
23,VGG-Face,/content/face_module/dataset_extractedfaces/lfw_pairs/Tom Daschle_5.jpg,/content/face_module/dataset_extractedfaces/lfw_pairs/Tom Daschle_6.jpg,lfw_pairs,dodging_attack,/home/nadmin/Desktop/updatedattack/results/VGG-Face/transfer_attack_similarity_scores_all12_lambda020_limit1000.csv,GhostFaceNet,SI_NI_FGSM,vanilla,0.2098196148872375,GhostFaceNet_SI_NI_FGSM_adv
23,VGG-Face,/content/face_module/dataset_extractedfaces/lfw_pairs/Tom Daschle_5.jpg,/content/face_module/dataset_extractedfaces/lfw_pairs/Tom Daschle_6.jpg,lfw_pairs,dodging_attack,/home/nadmin/Desktop/updatedattack/results/VGG-Face/transfer_attack_similarity_scores_all12_lambda020_limit1000.csv,GhostFaceNet,TI_FGSM,vanilla,0.1728026568889618,GhostFaceNet_TI_FGSM_adv
23,VGG-Face,/content/face_module/dataset_extractedfaces/lfw_pairs/Tom Daschle_5.jpg,/content/face_module/dataset_extractedfaces/lfw_pairs/Tom Daschle_6.jpg,lfw_pairs,dodging_attack,/home/nadmin/Desktop/updatedattack/results/VGG-Face/transfer_attack_similarity_scores_all12_lambda020_limit1000.csv,GhostFaceNet,clean,clean,0.2230295687913894,GhostFaceNet_clean
23,VGG-Face,/content/face_module/dataset_extractedfaces/lfw_pairs/Tom Daschle_5.jpg,/content/face_module/dataset_extractedfaces/lfw_pairs/Tom Daschle_6.jpg,lfw_pairs,dodging_attack,/home/nadmin/Desktop/updatedattack/results/VGG-Face/transfer_attack_similarity_scores_all12_lambda020_limit1000.csv,IR152,MI_ADMIX_DI_TI,vanilla,0.3530142903327942,IR152_MI_ADMIX_DI_TI_adv
23,VGG-Face,/content/face_module/dataset_extractedfaces/lfw_pairs/Tom Daschle_5.jpg,/content/face_module/dataset_extractedfaces/lfw_pairs/Tom Daschle_6.jpg,lfw_pairs,dodging_attack,/home/nadmin/Desktop/updatedattack/results/VGG-Face/transfer_attack_similarity_scores_all12_lambda020_limit1000.csv,IR152,MI_FGSM,vanilla,0.3580257892608642,IR152_MI_FGSM_adv
23,VGG-Face,/content/face_module/dataset_extractedfaces/lfw_pairs/Tom Daschle_5.jpg,/content/face_module/dataset_extractedfaces/lfw_pairs/Tom Daschle_6.jpg,lfw_pairs,dodging_attack,/home/nadmin/Desktop/updatedattack/results/VGG-Face/transfer_attack_similarity_scores_all12_lambda020_limit1000.csv,IR152,PGD,vanilla,0.4820846319198608,IR152_PGD_adv
23,VGG-Face,/content/face_module/dataset_extractedfaces/lfw_pairs/Tom Daschle_5.jpg,/content/face_module/dataset_extractedfaces/lfw_pairs/Tom Daschle_6.jpg,lfw_pairs,dodging_attack,/home/nadmin/Desktop/updatedattack/results/VGG-Face/transfer_attack_similarity_scores_all12_lambda020_limit1000.csv,IR152,SI_NI_FGSM,vanilla,0.3483623266220093,IR152_SI_NI_FGSM_adv
23,VGG-Face,/content/face_module/dataset_extractedfaces/lfw_pairs/Tom Daschle_5.jpg,/content/face_module/dataset_extractedfaces/lfw_pairs/Tom Daschle_6.jpg,lfw_pairs,dodging_attack,/home/nadmin/Desktop/updatedattack/results/VGG-Face/transfer_attack_similarity_scores_all12_lambda020_limit1000.csv,IR152,TI_FGSM,vanilla,0.4227107167243957,IR152_TI_FGSM_adv
23,VGG-Face,/content/face_module/dataset_extractedfaces/lfw_pairs/Tom Daschle_5.jpg,/content/face_module/dataset_extractedfaces/lfw_pairs/Tom Daschle_6.jpg,lfw_pairs,dodging_attack,/home/nadmin/Desktop/updatedattack/results/VGG-Face/transfer_attack_similarity_scores_all12_lambda020_limit1000.csv,IR152,clean,clean,0.6403073072433472,IR152_clean
23,VGG-Face,/content/face_module/dataset_extractedfaces/lfw_pairs/Tom Daschle_5.jpg,/content/face_module/dataset_extractedfaces/lfw_pairs/Tom Daschle_6.jpg,lfw_pairs,dodging_attack,/home/nadmin/Desktop/updatedattack/results/VGG-Face/transfer_attack_similarity_scores_all12_lambda020_limit1000.csv,VGG-Face,clean,clean,0.5580029487609863,VGG-Face_clean
26,VGG-Face,/content/face_module/dataset_extractedfaces/celeba_pairs/113117.jpg,/content/face_module/dataset_extractedfaces/celeba_pairs/129449.jpg,celeba_pairs,impersonation_attack,/home/nadmin/Desktop/updatedattack/results/VGG-Face/transfer_attack_similarity_scores_all12_lambda020_limit1000.csv,ArcFace,MI_ADMIX_DI_TI,vanilla,0.1560344099998474,ArcFace_MI_ADMIX_DI_TI_adv
26,VGG-Face,/content/face_module/dataset_extractedfaces/celeba_pairs/113117.jpg,/content/face_module/dataset_extractedfaces/celeba_pairs/129449.jpg,celeba_pairs,impersonation_attack,/home/nadmin/Desktop/updatedattack/results/VGG-Face/transfer_attack_similarity_scores_all12_lambda020_limit1000.csv,ArcFace,MI_FGSM,vanilla,0.1960013061761856,ArcFace_MI_FGSM_adv
26,VGG-Face,/content/face_module/dataset_extractedfaces/celeba_pairs/113117.jpg,/content/face_module/dataset_extractedfaces/celeba_pairs/129449.jpg,celeba_pairs,impersonation_attack,/home/nadmin/Desktop/updatedattack/results/VGG-Face/transfer_attack_similarity_scores_all12_lambda020_limit1000.csv,ArcFace,PGD,vanilla,0.1559767872095108,ArcFace_PGD_adv
26,VGG-Face,/content/face_module/dataset_extractedfaces/celeba_pairs/113117.jpg,/content/face_module/dataset_extractedfaces/celeba_pairs/129449.jpg,celeba_pairs,impersonation_attack,/home/nadmin/Desktop/updatedattack/results/VGG-Face/transfer_attack_similarity_scores_all12_lambda020_limit1000.csv,ArcFace,SI_NI_FGSM,vanilla,0.1931902170181274,ArcFace_SI_NI_FGSM_adv
26,VGG-Face,/content/face_module/dataset_extractedfaces/celeba_pairs/113117.jpg,/content/face_module/dataset_extractedfaces/celeba_pairs/129449.jpg,celeba_pairs,impersonation_attack,/home/nadmin/Desktop/updatedattack/results/VGG-Face/transfer_attack_similarity_scores_all12_lambda020_limit1000.csv,ArcFace,TI_FGSM,vanilla,0.2062946707010269,ArcFace_TI_FGSM_adv
26,VGG-Face,/content/face_module/dataset_extractedfaces/celeba_pairs/113117.jpg,/content/face_module/dataset_extractedfaces/celeba_pairs/129449.jpg,celeba_pairs,impersonation_attack,/home/nadmin/Desktop/updatedattack/results/VGG-Face/transfer_attack_similarity_scores_all12_lambda020_limit1000.csv,ArcFace,clean,clean,0.0089564956724643,ArcFace_clean
26,VGG-Face,/content/face_module/dataset_extractedfaces/celeba_pairs/113117.jpg,/content/face_module/dataset_extractedfaces/celeba_pairs/129449.jpg,celeba_pairs,impersonation_attack,/home/nadmin/Desktop/updatedattack/results/VGG-Face/transfer_attack_similarity_scores_all12_lambda020_limit1000.csv,Facenet512,MI_ADMIX_DI_TI,vanilla,0.0266001485288143,Facenet512_MI_ADMIX_DI_TI_adv
26,VGG-Face,/content/face_module/dataset_extractedfaces/celeba_pairs/113117.jpg,/content/face_module/dataset_extractedfaces/celeba_pairs/129449.jpg,celeba_pairs,impersonation_attack,/home/nadmin/Desktop/updatedattack/results/VGG-Face/transfer_attack_similarity_scores_all12_lambda020_limit1000.csv,Facenet512,MI_FGSM,vanilla,0.0559839457273483,Facenet512_MI_FGSM_adv
26,VGG-Face,/content/face_module/dataset_extractedfaces/celeba_pairs/113117.jpg,/content/face_module/dataset_extractedfaces/celeba_pairs/129449.jpg,celeba_pairs,impersonation_attack,/home/nadmin/Desktop/updatedattack/results/VGG-Face/transfer_attack_similarity_scores_all12_lambda020_limit1000.csv,Facenet512,PGD,vanilla,-0.000225692987442,Facenet512_PGD_adv
26,VGG-Face,/content/face_module/dataset_extractedfaces/celeba_pairs/113117.jpg,/content/face_module/dataset_extractedfaces/celeba_pairs/129449.jpg,celeba_pairs,impersonation_attack,/home/nadmin/Desktop/updatedattack/results/VGG-Face/transfer_attack_similarity_scores_all12_lambda020_limit1000.csv,Facenet512,SI_NI_FGSM,vanilla,0.0806974023580551,Facenet512_SI_NI_FGSM_adv
26,VGG-Face,/content/face_module/dataset_extractedfaces/celeba_pairs/113117.jpg,/content/face_module/dataset_extractedfaces/celeba_pairs/129449.jpg,celeba_pairs,impersonation_attack,/home/nadmin/Desktop/updatedattack/results/VGG-Face/transfer_attack_similarity_scores_all12_lambda020_limit1000.csv,Facenet512,TI_FGSM,vanilla,0.0268977880477905,Facenet512_TI_FGSM_adv
26,VGG-Face,/content/face_module/dataset_extractedfaces/celeba_pairs/113117.jpg,/content/face_module/dataset_extractedfaces/celeba_pairs/129449.jpg,celeba_pairs,impersonation_attack,/home/nadmin/Desktop/updatedattack/results/VGG-Face/transfer_attack_similarity_scores_all12_lambda020_limit1000.csv,Facenet512,clean,clean,-0.209015667438507,Facenet512_clean
26,VGG-Face,/content/face_module/dataset_extractedfaces/celeba_pairs/113117.jpg,/content/face_module/dataset_extractedfaces/celeba_pairs/129449.jpg,celeba_pairs,impersonation_attack,/home/nadmin/Desktop/updatedattack/results/VGG-Face/transfer_attack_similarity_scores_all12_lambda020_limit1000.csv,GhostFaceNet,MI_ADMIX_DI_TI,vanilla,0.0510337427258491,GhostFaceNet_MI_ADMIX_DI_TI_adv
26,VGG-Face,/content/face_module/dataset_extractedfaces/celeba_pairs/113117.jpg,/content/face_module/dataset_extractedfaces/celeba_pairs/129449.jpg,celeba_pairs,impersonation_attack,/home/nadmin/Desktop/updatedattack/results/VGG-Face/transfer_attack_similarity_scores_all12_lambda020_limit1000.csv,GhostFaceNet,MI_FGSM,vanilla,0.0592921152710914,GhostFaceNet_MI_FGSM_adv
26,VGG-Face,/content/face_module/dataset_extractedfaces/celeba_pairs/113117.jpg,/content/face_module/dataset_extractedfaces/celeba_pairs/129449.jpg,celeba_pairs,impersonation_attack,/home/nadmin/Desktop/updatedattack/results/VGG-Face/transfer_attack_similarity_scores_all12_lambda020_limit1000.csv,GhostFaceNet,PGD,vanilla,0.0521894469857215,GhostFaceNet_PGD_adv
26,VGG-Face,/content/face_module/dataset_extractedfaces/celeba_pairs/113117.jpg,/content/face_module/dataset_extractedfaces/celeba_pairs/129449.jpg,celeba_pairs,impersonation_attack,/home/nadmin/Desktop/updatedattack/results/VGG-Face/transfer_attack_similarity_scores_all12_lambda020_limit1000.csv,GhostFaceNet,SI_NI_FGSM,vanilla,0.0460052043199539,GhostFaceNet_SI_NI_FGSM_adv
26,VGG-Face,/content/face_module/dataset_extractedfaces/celeba_pairs/113117.jpg,/content/face_module/dataset_extractedfaces/celeba_pairs/129449.jpg,celeba_pairs,impersonation_attack,/home/nadmin/Desktop/updatedattack/results/VGG-Face/transfer_attack_similarity_scores_all12_lambda020_limit1000.csv,GhostFaceNet,TI_FGSM,vanilla,0.0404962822794914,GhostFaceNet_TI_FGSM_adv
26,VGG-Face,/content/face_module/dataset_extractedfaces/celeba_pairs/113117.jpg,/content/face_module/dataset_extractedfaces/celeba_pairs/129449.jpg,celeba_pairs,impersonation_attack,/home/nadmin/Desktop/updatedattack/results/VGG-Face/transfer_attack_similarity_scores_all12_lambda020_limit1000.csv,GhostFaceNet,clean,clean,0.0292761120945215,GhostFaceNet_clean
26,VGG-Face,/content/face_module/dataset_extractedfaces/celeba_pairs/113117.jpg,/content/face_module/dataset_extractedfaces/celeba_pairs/129449.jpg,celeba_pairs,impersonation_attack,/home/nadmin/Desktop/updatedattack/results/VGG-Face/transfer_attack_similarity_scores_all12_lambda020_limit1000.csv,IR152,MI_ADMIX_DI_TI,vanilla,0.0839635655283927,IR152_MI_ADMIX_DI_TI_adv
26,VGG-Face,/content/face_module/dataset_extractedfaces/celeba_pairs/113117.jpg,/content/face_module/dataset_extractedfaces/celeba_pairs/129449.jpg,celeba_pairs,impersonation_attack,/home/nadmin/Desktop/updatedattack/results/VGG-Face/transfer_attack_similarity_scores_all12_lambda020_limit1000.csv,IR152,MI_FGSM,vanilla,0.0452435836195945,IR152_MI_FGSM_adv
26,VGG-Face,/content/face_module/dataset_extractedfaces/celeba_pairs/113117.jpg,/content/face_module/dataset_extractedfaces/celeba_pairs/129449.jpg,celeba_pairs,impersonation_attack,/home/nadmin/Desktop/updatedattack/results/VGG-Face/transfer_attack_similarity_scores_all12_lambda020_limit1000.csv,IR152,PGD,vanilla,0.0821080282330513,IR152_PGD_adv
26,VGG-Face,/content/face_module/dataset_extractedfaces/celeba_pairs/113117.jpg,/content/face_module/dataset_extractedfaces/celeba_pairs/129449.jpg,celeba_pairs,impersonation_attack,/home/nadmin/Desktop/updatedattack/results/VGG-Face/transfer_attack_similarity_scores_all12_lambda020_limit1000.csv,IR152,SI_NI_FGSM,vanilla,0.0564085356891155,IR152_SI_NI_FGSM_adv
26,VGG-Face,/content/face_module/dataset_extractedfaces/celeba_pairs/113117.jpg,/content/face_module/dataset_extractedfaces/celeba_pairs/129449.jpg,celeba_pairs,impersonation_attack,/home/nadmin/Desktop/updatedattack/results/VGG-Face/transfer_attack_similarity_scores_all12_lambda020_limit1000.csv,IR152,TI_FGSM,vanilla,0.0806996151804924,IR152_TI_FGSM_adv
26,VGG-Face,/content/face_module/dataset_extractedfaces/celeba_pairs/113117.jpg,/content/face_module/dataset_extractedfaces/celeba_pairs/129449.jpg,celeba_pairs,impersonation_attack,/home/nadmin/Desktop/updatedattack/results/VGG-Face/transfer_attack_similarity_scores_all12_lambda020_limit1000.csv,IR152,clean,clean,0.0772998481988906,IR152_clean
26,VGG-Face,/content/face_module/dataset_extractedfaces/celeba_pairs/113117.jpg,/content/face_module/dataset_extractedfaces/celeba_pairs/129449.jpg,celeba_pairs,impersonation_attack,/home/nadmin/Desktop/updatedattack/results/VGG-Face/transfer_attack_similarity_scores_all12_lambda020_limit1000.csv,VGG-Face,clean,clean,0.0275699980556964,VGG-Face_clean
27,VGG-Face,/content/face_module/dataset_extractedfaces/celeba_pairs/023869.jpg,/content/face_module/dataset_extractedfaces/celeba_pairs/024923.jpg,celeba_pairs,dodging_attack,/home/nadmin/Desktop/updatedattack/results/VGG-Face/transfer_attack_similarity_scores_all12_lambda020_limit1000.csv,ArcFace,MI_ADMIX_DI_TI,vanilla,0.5265470743179321,ArcFace_MI_ADMIX_DI_TI_adv
27,VGG-Face,/content/face_module/dataset_extractedfaces/celeba_pairs/023869.jpg,/content/face_module/dataset_extractedfaces/celeba_pairs/024923.jpg,celeba_pairs,dodging_attack,/home/nadmin/Desktop/updatedattack/results/VGG-Face/transfer_attack_similarity_scores_all12_lambda020_limit1000.csv,ArcFace,MI_FGSM,vanilla,0.5097953081130981,ArcFace_MI_FGSM_adv
27,VGG-Face,/content/face_module/dataset_extractedfaces/celeba_pairs/023869.jpg,/content/face_module/dataset_extractedfaces/celeba_pairs/024923.jpg,celeba_pairs,dodging_attack,/home/nadmin/Desktop/updatedattack/results/VGG-Face/transfer_attack_similarity_scores_all12_lambda020_limit1000.csv,ArcFace,PGD,vanilla,0.6055210828781128,ArcFace_PGD_adv
27,VGG-Face,/content/face_module/dataset_extractedfaces/celeba_pairs/023869.jpg,/content/face_module/dataset_extractedfaces/celeba_pairs/024923.jpg,celeba_pairs,dodging_attack,/home/nadmin/Desktop/updatedattack/results/VGG-Face/transfer_attack_similarity_scores_all12_lambda020_limit1000.csv,ArcFace,SI_NI_FGSM,vanilla,0.5175541639328003,ArcFace_SI_NI_FGSM_adv
27,VGG-Face,/content/face_module/dataset_extractedfaces/celeba_pairs/023869.jpg,/content/face_module/dataset_extractedfaces/celeba_pairs/024923.jpg,celeba_pairs,dodging_attack,/home/nadmin/Desktop/updatedattack/results/VGG-Face/transfer_attack_similarity_scores_all12_lambda020_limit1000.csv,ArcFace,TI_FGSM,vanilla,0.6129193305969238,ArcFace_TI_FGSM_adv
27,VGG-Face,/content/face_module/dataset_extractedfaces/celeba_pairs/023869.jpg,/content/face_module/dataset_extractedfaces/celeba_pairs/024923.jpg,celeba_pairs,dodging_attack,/home/nadmin/Desktop/updatedattack/results/VGG-Face/transfer_attack_similarity_scores_all12_lambda020_limit1000.csv,ArcFace,clean,clean,0.7247549891471863,ArcFace_clean
27,VGG-Face,/content/face_module/dataset_extractedfaces/celeba_pairs/023869.jpg,/content/face_module/dataset_extractedfaces/celeba_pairs/024923.jpg,celeba_pairs,dodging_attack,/home/nadmin/Desktop/updatedattack/results/VGG-Face/transfer_attack_similarity_scores_all12_lambda020_limit1000.csv,Facenet512,MI_ADMIX_DI_TI,vanilla,0.428715169429779,Facenet512_MI_ADMIX_DI_TI_adv
27,VGG-Face,/content/face_module/dataset_extractedfaces/celeba_pairs/023869.jpg,/content/face_module/dataset_extractedfaces/celeba_pairs/024923.jpg,celeba_pairs,dodging_attack,/home/nadmin/Desktop/updatedattack/results/VGG-Face/transfer_attack_similarity_scores_all12_lambda020_limit1000.csv,Facenet512,MI_FGSM,vanilla,0.3799989819526672,Facenet512_MI_FGSM_adv
27,VGG-Face,/content/face_module/dataset_extractedfaces/celeba_pairs/023869.jpg,/content/face_module/dataset_extractedfaces/celeba_pairs/024923.jpg,celeba_pairs,dodging_attack,/home/nadmin/Desktop/updatedattack/results/VGG-Face/transfer_attack_similarity_scores_all12_lambda020_limit1000.csv,Facenet512,PGD,vanilla,0.5225226283073425,Facenet512_PGD_adv
27,VGG-Face,/content/face_module/dataset_extractedfaces/celeba_pairs/023869.jpg,/content/face_module/dataset_extractedfaces/celeba_pairs/024923.jpg,celeba_pairs,dodging_attack,/home/nadmin/Desktop/updatedattack/results/VGG-Face/transfer_attack_similarity_scores_all12_lambda020_limit1000.csv,Facenet512,SI_NI_FGSM,vanilla,0.4030958414077759,Facenet512_SI_NI_FGSM_adv
27,VGG-Face,/content/face_module/dataset_extractedfaces/celeba_pairs/023869.jpg,/content/face_module/dataset_extractedfaces/celeba_pairs/024923.jpg,celeba_pairs,dodging_attack,/home/nadmin/Desktop/updatedattack/results/VGG-Face/transfer_attack_similarity_scores_all12_lambda020_limit1000.csv,Facenet512,TI_FGSM,vanilla,0.5146471261978149,Facenet512_TI_FGSM_adv
27,VGG-Face,/content/face_module/dataset_extractedfaces/celeba_pairs/023869.jpg,/content/face_module/dataset_extractedfaces/celeba_pairs/024923.jpg,celeba_pairs,dodging_attack,/home/nadmin/Desktop/updatedattack/results/VGG-Face/transfer_attack_similarity_scores_all12_lambda020_limit1000.csv,Facenet512,clean,clean,0.8734109401702881,Facenet512_clean
27,VGG-Face,/content/face_module/dataset_extractedfaces/celeba_pairs/023869.jpg,/content/face_module/dataset_extractedfaces/celeba_pairs/024923.jpg,celeba_pairs,dodging_attack,/home/nadmin/Desktop/updatedattack/results/VGG-Face/transfer_attack_similarity_scores_all12_lambda020_limit1000.csv,GhostFaceNet,MI_ADMIX_DI_TI,vanilla,0.2705717384815216,GhostFaceNet_MI_ADMIX_DI_TI_adv
27,VGG-Face,/content/face_module/dataset_extractedfaces/celeba_pairs/023869.jpg,/content/face_module/dataset_extractedfaces/celeba_pairs/024923.jpg,celeba_pairs,dodging_attack,/home/nadmin/Desktop/updatedattack/results/VGG-Face/transfer_attack_similarity_scores_all12_lambda020_limit1000.csv,GhostFaceNet,MI_FGSM,vanilla,0.2440417855978012,GhostFaceNet_MI_FGSM_adv
27,VGG-Face,/content/face_module/dataset_extractedfaces/celeba_pairs/023869.jpg,/content/face_module/dataset_extractedfaces/celeba_pairs/024923.jpg,celeba_pairs,dodging_attack,/home/nadmin/Desktop/updatedattack/results/VGG-Face/transfer_attack_similarity_scores_all12_lambda020_limit1000.csv,GhostFaceNet,PGD,vanilla,0.3527517914772033,GhostFaceNet_PGD_adv
27,VGG-Face,/content/face_module/dataset_extractedfaces/celeba_pairs/023869.jpg,/content/face_module/dataset_extractedfaces/celeba_pairs/024923.jpg,celeba_pairs,dodging_attack,/home/nadmin/Desktop/updatedattack/results/VGG-Face/transfer_attack_similarity_scores_all12_lambda020_limit1000.csv,GhostFaceNet,SI_NI_FGSM,vanilla,0.2259850054979324,GhostFaceNet_SI_NI_FGSM_adv
27,VGG-Face,/content/face_module/dataset_extractedfaces/celeba_pairs/023869.jpg,/content/face_module/dataset_extractedfaces/celeba_pairs/024923.jpg,celeba_pairs,dodging_attack,/home/nadmin/Desktop/updatedattack/results/VGG-Face/transfer_attack_similarity_scores_all12_lambda020_limit1000.csv,GhostFaceNet,TI_FGSM,vanilla,0.2951632738113403,GhostFaceNet_TI_FGSM_adv
27,VGG-Face,/content/face_module/dataset_extractedfaces/celeba_pairs/023869.jpg,/content/face_module/dataset_extractedfaces/celeba_pairs/024923.jpg,celeba_pairs,dodging_attack,/home/nadmin/Desktop/updatedattack/results/VGG-Face/transfer_attack_similarity_scores_all12_lambda020_limit1000.csv,GhostFaceNet,clean,clean,0.5224040746688843,GhostFaceNet_clean
27,VGG-Face,/content/face_module/dataset_extractedfaces/celeba_pairs/023869.jpg,/content/face_module/dataset_extractedfaces/celeba_pairs/024923.jpg,celeba_pairs,dodging_attack,/home/nadmin/Desktop/updatedattack/results/VGG-Face/transfer_attack_similarity_scores_all12_lambda020_limit1000.csv,IR152,MI_ADMIX_DI_TI,vanilla,0.5363392233848572,IR152_MI_ADMIX_DI_TI_adv
27,VGG-Face,/content/face_module/dataset_extractedfaces/celeba_pairs/023869.jpg,/content/face_module/dataset_extractedfaces/celeba_pairs/024923.jpg,celeba_pairs,dodging_attack,/home/nadmin/Desktop/updatedattack/results/VGG-Face/transfer_attack_similarity_scores_all12_lambda020_limit1000.csv,IR152,MI_FGSM,vanilla,0.5610778331756592,IR152_MI_FGSM_adv
27,VGG-Face,/content/face_module/dataset_extractedfaces/celeba_pairs/023869.jpg,/content/face_module/dataset_extractedfaces/celeba_pairs/024923.jpg,celeba_pairs,dodging_attack,/home/nadmin/Desktop/updatedattack/results/VGG-Face/transfer_attack_similarity_scores_all12_lambda020_limit1000.csv,IR152,PGD,vanilla,0.6051306128501892,IR152_PGD_adv
27,VGG-Face,/content/face_module/dataset_extractedfaces/celeba_pairs/023869.jpg,/content/face_module/dataset_extractedfaces/celeba_pairs/024923.jpg,celeba_pairs,dodging_attack,/home/nadmin/Desktop/updatedattack/results/VGG-Face/transfer_attack_similarity_scores_all12_lambda020_limit1000.csv,IR152,SI_NI_FGSM,vanilla,0.6114301681518555,IR152_SI_NI_FGSM_adv
27,VGG-Face,/content/face_module/dataset_extractedfaces/celeba_pairs/023869.jpg,/content/face_module/dataset_extractedfaces/celeba_pairs/024923.jpg,celeba_pairs,dodging_attack,/home/nadmin/Desktop/updatedattack/results/VGG-Face/transfer_attack_similarity_scores_all12_lambda020_limit1000.csv,IR152,TI_FGSM,vanilla,0.6079341769218445,IR152_TI_FGSM_adv
27,VGG-Face,/content/face_module/dataset_extractedfaces/celeba_pairs/023869.jpg,/content/face_module/dataset_extractedfaces/celeba_pairs/024923.jpg,celeba_pairs,dodging_attack,/home/nadmin/Desktop/updatedattack/results/VGG-Face/transfer_attack_similarity_scores_all12_lambda020_limit1000.csv,IR152,clean,clean,0.7295128107070923,IR152_clean
27,VGG-Face,/content/face_module/dataset_extractedfaces/celeba_pairs/023869.jpg,/content/face_module/dataset_extractedfaces/celeba_pairs/024923.jpg,celeba_pairs,dodging_attack,/home/nadmin/Desktop/updatedattack/results/VGG-Face/transfer_attack_similarity_scores_all12_lambda020_limit1000.csv,VGG-Face,clean,clean,0.3985179960727691,VGG-Face_clean
28,VGG-Face,/content/face_module/dataset_extractedfaces/celeba_pairs/130980.jpg,/content/face_module/dataset_extractedfaces/celeba_pairs/147767.jpg,celeba_pairs,dodging_attack,/home/nadmin/Desktop/updatedattack/results/VGG-Face/transfer_attack_similarity_scores_all12_lambda020_limit1000.csv,ArcFace,MI_ADMIX_DI_TI,vanilla,0.1341195404529571,ArcFace_MI_ADMIX_DI_TI_adv
28,VGG-Face,/content/face_module/dataset_extractedfaces/celeba_pairs/130980.jpg,/content/face_module/dataset_extractedfaces/celeba_pairs/147767.jpg,celeba_pairs,dodging_attack,/home/nadmin/Desktop/updatedattack/results/VGG-Face/transfer_attack_similarity_scores_all12_lambda020_limit1000.csv,ArcFace,MI_FGSM,vanilla,0.2129876017570495,ArcFace_MI_FGSM_adv
28,VGG-Face,/content/face_module/dataset_extractedfaces/celeba_pairs/130980.jpg,/content/face_module/dataset_extractedfaces/celeba_pairs/147767.jpg,celeba_pairs,dodging_attack,/home/nadmin/Desktop/updatedattack/results/VGG-Face/transfer_attack_similarity_scores_all12_lambda020_limit1000.csv,ArcFace,PGD,vanilla,0.2624751031398773,ArcFace_PGD_adv
28,VGG-Face,/content/face_module/dataset_extractedfaces/celeba_pairs/130980.jpg,/content/face_module/dataset_extractedfaces/celeba_pairs/147767.jpg,celeba_pairs,dodging_attack,/home/nadmin/Desktop/updatedattack/results/VGG-Face/transfer_attack_similarity_scores_all12_lambda020_limit1000.csv,ArcFace,SI_NI_FGSM,vanilla,0.2033742815256118,ArcFace_SI_NI_FGSM_adv
28,VGG-Face,/content/face_module/dataset_extractedfaces/celeba_pairs/130980.jpg,/content/face_module/dataset_extractedfaces/celeba_pairs/147767.jpg,celeba_pairs,dodging_attack,/home/nadmin/Desktop/updatedattack/results/VGG-Face/transfer_attack_similarity_scores_all12_lambda020_limit1000.csv,ArcFace,TI_FGSM,vanilla,0.1998660266399383,ArcFace_TI_FGSM_adv
28,VGG-Face,/content/face_module/dataset_extractedfaces/celeba_pairs/130980.jpg,/content/face_module/dataset_extractedfaces/celeba_pairs/147767.jpg,celeba_pairs,dodging_attack,/home/nadmin/Desktop/updatedattack/results/VGG-Face/transfer_attack_similarity_scores_all12_lambda020_limit1000.csv,ArcFace,clean,clean,0.3586554825305938,ArcFace_clean
28,VGG-Face,/content/face_module/dataset_extractedfaces/celeba_pairs/130980.jpg,/content/face_module/dataset_extractedfaces/celeba_pairs/147767.jpg,celeba_pairs,dodging_attack,/home/nadmin/Desktop/updatedattack/results/VGG-Face/transfer_attack_similarity_scores_all12_lambda020_limit1000.csv,Facenet512,MI_ADMIX_DI_TI,vanilla,0.5390728116035461,Facenet512_MI_ADMIX_DI_TI_adv
28,VGG-Face,/content/face_module/dataset_extractedfaces/celeba_pairs/130980.jpg,/content/face_module/dataset_extractedfaces/celeba_pairs/147767.jpg,celeba_pairs,dodging_attack,/home/nadmin/Desktop/updatedattack/results/VGG-Face/transfer_attack_similarity_scores_all12_lambda020_limit1000.csv,Facenet512,MI_FGSM,vanilla,0.5190572142601013,Facenet512_MI_FGSM_adv
28,VGG-Face,/content/face_module/dataset_extractedfaces/celeba_pairs/130980.jpg,/content/face_module/dataset_extractedfaces/celeba_pairs/147767.jpg,celeba_pairs,dodging_attack,/home/nadmin/Desktop/updatedattack/results/VGG-Face/transfer_attack_similarity_scores_all12_lambda020_limit1000.csv,Facenet512,PGD,vanilla,0.6209256052970886,Facenet512_PGD_adv
28,VGG-Face,/content/face_module/dataset_extractedfaces/celeba_pairs/130980.jpg,/content/face_module/dataset_extractedfaces/celeba_pairs/147767.jpg,celeba_pairs,dodging_attack,/home/nadmin/Desktop/updatedattack/results/VGG-Face/transfer_attack_similarity_scores_all12_lambda020_limit1000.csv,Facenet512,SI_NI_FGSM,vanilla,0.5172365307807922,Facenet512_SI_NI_FGSM_adv
28,VGG-Face,/content/face_module/dataset_extractedfaces/celeba_pairs/130980.jpg,/content/face_module/dataset_extractedfaces/celeba_pairs/147767.jpg,celeba_pairs,dodging_attack,/home/nadmin/Desktop/updatedattack/results/VGG-Face/transfer_attack_similarity_scores_all12_lambda020_limit1000.csv,Facenet512,TI_FGSM,vanilla,0.5251109600067139,Facenet512_TI_FGSM_adv
28,VGG-Face,/content/face_module/dataset_extractedfaces/celeba_pairs/130980.jpg,/content/face_module/dataset_extractedfaces/celeba_pairs/147767.jpg,celeba_pairs,dodging_attack,/home/nadmin/Desktop/updatedattack/results/VGG-Face/transfer_attack_similarity_scores_all12_lambda020_limit1000.csv,Facenet512,clean,clean,0.7959234714508057,Facenet512_clean
28,VGG-Face,/content/face_module/dataset_extractedfaces/celeba_pairs/130980.jpg,/content/face_module/dataset_extractedfaces/celeba_pairs/147767.jpg,celeba_pairs,dodging_attack,/home/nadmin/Desktop/updatedattack/results/VGG-Face/transfer_attack_similarity_scores_all12_lambda020_limit1000.csv,GhostFaceNet,MI_ADMIX_DI_TI,vanilla,0.2587242424488067,GhostFaceNet_MI_ADMIX_DI_TI_adv
28,VGG-Face,/content/face_module/dataset_extractedfaces/celeba_pairs/130980.jpg,/content/face_module/dataset_extractedfaces/celeba_pairs/147767.jpg,celeba_pairs,dodging_attack,/home/nadmin/Desktop/updatedattack/results/VGG-Face/transfer_attack_similarity_scores_all12_lambda020_limit1000.csv,GhostFaceNet,MI_FGSM,vanilla,0.2655298113822937,GhostFaceNet_MI_FGSM_adv
28,VGG-Face,/content/face_module/dataset_extractedfaces/celeba_pairs/130980.jpg,/content/face_module/dataset_extractedfaces/celeba_pairs/147767.jpg,celeba_pairs,dodging_attack,/home/nadmin/Desktop/updatedattack/results/VGG-Face/transfer_attack_similarity_scores_all12_lambda020_limit1000.csv,GhostFaceNet,PGD,vanilla,0.2742555737495422,GhostFaceNet_PGD_adv
28,VGG-Face,/content/face_module/dataset_extractedfaces/celeba_pairs/130980.jpg,/content/face_module/dataset_extractedfaces/celeba_pairs/147767.jpg,celeba_pairs,dodging_attack,/home/nadmin/Desktop/updatedattack/results/VGG-Face/transfer_attack_similarity_scores_all12_lambda020_limit1000.csv,GhostFaceNet,SI_NI_FGSM,vanilla,0.2666745185852051,GhostFaceNet_SI_NI_FGSM_adv
28,VGG-Face,/content/face_module/dataset_extractedfaces/celeba_pairs/130980.jpg,/content/face_module/dataset_extractedfaces/celeba_pairs/147767.jpg,celeba_pairs,dodging_attack,/home/nadmin/Desktop/updatedattack/results/VGG-Face/transfer_attack_similarity_scores_all12_lambda020_limit1000.csv,GhostFaceNet,TI_FGSM,vanilla,0.2851673364639282,GhostFaceNet_TI_FGSM_adv
28,VGG-Face,/content/face_module/dataset_extractedfaces/celeba_pairs/130980.jpg,/content/face_module/dataset_extractedfaces/celeba_pairs/147767.jpg,celeba_pairs,dodging_attack,/home/nadmin/Desktop/updatedattack/results/VGG-Face/transfer_attack_similarity_scores_all12_lambda020_limit1000.csv,GhostFaceNet,clean,clean,0.3263397514820099,GhostFaceNet_clean
28,VGG-Face,/content/face_module/dataset_extractedfaces/celeba_pairs/130980.jpg,/content/face_module/dataset_extractedfaces/celeba_pairs/147767.jpg,celeba_pairs,dodging_attack,/home/nadmin/Desktop/updatedattack/results/VGG-Face/transfer_attack_similarity_scores_all12_lambda020_limit1000.csv,IR152,MI_ADMIX_DI_TI,vanilla,0.3447517156600952,IR152_MI_ADMIX_DI_TI_adv
28,VGG-Face,/content/face_module/dataset_extractedfaces/celeba_pairs/130980.jpg,/content/face_module/dataset_extractedfaces/celeba_pairs/147767.jpg,celeba_pairs,dodging_attack,/home/nadmin/Desktop/updatedattack/results/VGG-Face/transfer_attack_similarity_scores_all12_lambda020_limit1000.csv,IR152,MI_FGSM,vanilla,0.3861353993415832,IR152_MI_FGSM_adv
28,VGG-Face,/content/face_module/dataset_extractedfaces/celeba_pairs/130980.jpg,/content/face_module/dataset_extractedfaces/celeba_pairs/147767.jpg,celeba_pairs,dodging_attack,/home/nadmin/Desktop/updatedattack/results/VGG-Face/transfer_attack_similarity_scores_all12_lambda020_limit1000.csv,IR152,PGD,vanilla,0.4819225072860718,IR152_PGD_adv
28,VGG-Face,/content/face_module/dataset_extractedfaces/celeba_pairs/130980.jpg,/content/face_module/dataset_extractedfaces/celeba_pairs/147767.jpg,celeba_pairs,dodging_attack,/home/nadmin/Desktop/updatedattack/results/VGG-Face/transfer_attack_similarity_scores_all12_lambda020_limit1000.csv,IR152,SI_NI_FGSM,vanilla,0.4079543948173523,IR152_SI_NI_FGSM_adv
28,VGG-Face,/content/face_module/dataset_extractedfaces/celeba_pairs/130980.jpg,/content/face_module/dataset_extractedfaces/celeba_pairs/147767.jpg,celeba_pairs,dodging_attack,/home/nadmin/Desktop/updatedattack/results/VGG-Face/transfer_attack_similarity_scores_all12_lambda020_limit1000.csv,IR152,TI_FGSM,vanilla,0.4145011901855469,IR152_TI_FGSM_adv
28,VGG-Face,/content/face_module/dataset_extractedfaces/celeba_pairs/130980.jpg,/content/face_module/dataset_extractedfaces/celeba_pairs/147767.jpg,celeba_pairs,dodging_attack,/home/nadmin/Desktop/updatedattack/results/VGG-Face/transfer_attack_similarity_scores_all12_lambda020_limit1000.csv,IR152,clean,clean,0.6864030957221985,IR152_clean
28,VGG-Face,/content/face_module/dataset_extractedfaces/celeba_pairs/130980.jpg,/content/face_module/dataset_extractedfaces/celeba_pairs/147767.jpg,celeba_pairs,dodging_attack,/home/nadmin/Desktop/updatedattack/results/VGG-Face/transfer_attack_similarity_scores_all12_lambda020_limit1000.csv,VGG-Face,clean,clean,0.5354241728782654,VGG-Face_clean
0,ArcFace,/content/face_module/dataset_extractedfaces/lfw_pairs/Renee Zellweger_1.jpg,/content/face_module/dataset_extractedfaces/lfw_pairs/Catherine Deneuve_2.jpg,lfw_pairs,impersonation_attack,,Facenet512,BPA_CNN,vanilla,0.7289627194404602,
2,ArcFace,/content/face_module/dataset_extractedfaces/celeba_pairs/107859.jpg,/content/face_module/dataset_extractedfaces/celeba_pairs/031892.jpg,celeba_pairs,impersonation_attack,,Facenet512,BPA_CNN,vanilla,0.3172578811645508,
8,ArcFace,/content/face_module/dataset_extractedfaces/celeba_pairs/023666.jpg,/content/face_module/dataset_extractedfaces/celeba_pairs/010959.jpg,celeba_pairs,impersonation_attack,,Facenet512,BPA_CNN,vanilla,0.108058363199234,
12,ArcFace,/content/face_module/dataset_extractedfaces/celeba_pairs/003089.jpg,/content/face_module/dataset_extractedfaces/celeba_pairs/016966.jpg,celeba_pairs,impersonation_attack,,Facenet512,BPA_CNN,vanilla,0.1634706258773803,
26,ArcFace,/content/face_module/dataset_extractedfaces/celeba_pairs/113117.jpg,/content/face_module/dataset_extractedfaces/celeba_pairs/129449.jpg,celeba_pairs,impersonation_attack,,Facenet512,BPA_CNN,vanilla,-0.0217339843511581,
3,ArcFace,/content/face_module/dataset_extractedfaces/vggface2_pairs/n000007_0076_01.jpg,/content/face_module/dataset_extractedfaces/vggface2_pairs/n000005_0080_01.jpg,vggface2_pairs,impersonation_attack,,Facenet512,BPA_CNN,vanilla,0.2113931775093078,
5,ArcFace,/content/face_module/dataset_extractedfaces/vggface2_pairs/n000004_0204_01.jpg,/content/face_module/dataset_extractedfaces/vggface2_pairs/n000002_0070_01.jpg,vggface2_pairs,impersonation_attack,,Facenet512,BPA_CNN,vanilla,-0.0557547062635421,
17,ArcFace,/content/face_module/dataset_extractedfaces/vggface2_pairs/n000016_0036_01.jpg,/content/face_module/dataset_extractedfaces/vggface2_pairs/n000012_0087_01.jpg,vggface2_pairs,impersonation_attack,,Facenet512,BPA_CNN,vanilla,0.4689086973667145,
19,ArcFace,/content/face_module/dataset_extractedfaces/vggface2_pairs/n000007_0012_01.jpg,/content/face_module/dataset_extractedfaces/vggface2_pairs/n000008_0101_01.jpg,vggface2_pairs,impersonation_attack,,Facenet512,BPA_CNN,vanilla,0.1494218856096267,
21,ArcFace,/content/face_module/dataset_extractedfaces/vggface2_pairs/n000012_0183_01.jpg,/content/face_module/dataset_extractedfaces/vggface2_pairs/n000014_0113_01.jpg,vggface2_pairs,impersonation_attack,,Facenet512,BPA_CNN,vanilla,0.0603612065315246,
6,ArcFace,/content/face_module/dataset_extractedfaces/lfw_pairs/Luiz Inacio Lula da Silva_7.jpg,/content/face_module/dataset_extractedfaces/lfw_pairs/Luiz Inacio Lula da Silva_8.jpg,lfw_pairs,dodging_attack,,Facenet512,BPA_CNN,vanilla,0.2901305556297302,
9,ArcFace,/content/face_module/dataset_extractedfaces/lfw_pairs/Colin Powell_75.jpg,/content/face_module/dataset_extractedfaces/lfw_pairs/Colin Powell_76.jpg,lfw_pairs,dodging_attack,,Facenet512,BPA_CNN,vanilla,0.6590649485588074,
15,ArcFace,/content/face_module/dataset_extractedfaces/lfw_pairs/George W Bush_518.jpg,/content/face_module/dataset_extractedfaces/lfw_pairs/George W Bush_519.jpg,lfw_pairs,dodging_attack,,Facenet512,BPA_CNN,vanilla,0.2622665762901306,
16,ArcFace,/content/face_module/dataset_extractedfaces/lfw_pairs/Colin Powell_24.jpg,/content/face_module/dataset_extractedfaces/lfw_pairs/Colin Powell_25.jpg,lfw_pairs,dodging_attack,,Facenet512,BPA_CNN,vanilla,0.5784749984741211,
23,ArcFace,/content/face_module/dataset_extractedfaces/lfw_pairs/Tom Daschle_5.jpg,/content/face_module/dataset_extractedfaces/lfw_pairs/Tom Daschle_6.jpg,lfw_pairs,dodging_attack,,Facenet512,BPA_CNN,vanilla,0.6288489699363708,
18,ArcFace,/content/face_module/dataset_extractedfaces/celeba_pairs/092809.jpg,/content/face_module/dataset_extractedfaces/celeba_pairs/108708.jpg,celeba_pairs,dodging_attack,,Facenet512,BPA_CNN,vanilla,0.4279755055904388,
27,ArcFace,/content/face_module/dataset_extractedfaces/celeba_pairs/023869.jpg,/content/face_module/dataset_extractedfaces/celeba_pairs/024923.jpg,celeba_pairs,dodging_attack,,Facenet512,BPA_CNN,vanilla,0.5879892110824585,
28,ArcFace,/content/face_module/dataset_extractedfaces/celeba_pairs/130980.jpg,/content/face_module/dataset_extractedfaces/celeba_pairs/147767.jpg,celeba_pairs,dodging_attack,,Facenet512,BPA_CNN,vanilla,0.4822492301464081,
1,ArcFace,/content/face_module/dataset_extractedfaces/vggface2_pairs/n000007_0113_01.jpg,/content/face_module/dataset_extractedfaces/vggface2_pairs/n000007_0122_01.jpg,vggface2_pairs,dodging_attack,,Facenet512,BPA_CNN,vanilla,0.5661765933036804,
4,ArcFace,/content/face_module/dataset_extractedfaces/vggface2_pairs/n000008_0256_01.jpg,/content/face_module/dataset_extractedfaces/vggface2_pairs/n000008_0348_01.jpg,vggface2_pairs,dodging_attack,,Facenet512,BPA_CNN,vanilla,0.3770400285720825,
7,ArcFace,/content/face_module/dataset_extractedfaces/vggface2_pairs/n000010_0058_01.jpg,/content/face_module/dataset_extractedfaces/vggface2_pairs/n000010_0081_01.jpg,vggface2_pairs,dodging_attack,,Facenet512,BPA_CNN,vanilla,0.3343334794044494,
10,ArcFace,/content/face_module/dataset_extractedfaces/vggface2_pairs/n000005_0022_01.jpg,/content/face_module/dataset_extractedfaces/vggface2_pairs/n000005_0076_01.jpg,vggface2_pairs,dodging_attack,,Facenet512,BPA_CNN,vanilla,0.6069760322570801,
11,ArcFace,/content/face_module/dataset_extractedfaces/vggface2_pairs/n000007_0176_01.jpg,/content/face_module/dataset_extractedfaces/vggface2_pairs/n000007_0335_03.jpg,vggface2_pairs,dodging_attack,,Facenet512,BPA_CNN,vanilla,0.6093608140945435,
0,GhostFaceNet,/content/face_module/dataset_extractedfaces/lfw_pairs/Renee Zellweger_1.jpg,/content/face_module/dataset_extractedfaces/lfw_pairs/Catherine Deneuve_2.jpg,lfw_pairs,impersonation_attack,,Facenet512,BPA_CNN,vanilla,0.2357551157474517,
2,GhostFaceNet,/content/face_module/dataset_extractedfaces/celeba_pairs/107859.jpg,/content/face_module/dataset_extractedfaces/celeba_pairs/031892.jpg,celeba_pairs,impersonation_attack,,Facenet512,BPA_CNN,vanilla,0.1581739783287048,
8,GhostFaceNet,/content/face_module/dataset_extractedfaces/celeba_pairs/023666.jpg,/content/face_module/dataset_extractedfaces/celeba_pairs/010959.jpg,celeba_pairs,impersonation_attack,,Facenet512,BPA_CNN,vanilla,0.1915748715400695,
12,GhostFaceNet,/content/face_module/dataset_extractedfaces/celeba_pairs/003089.jpg,/content/face_module/dataset_extractedfaces/celeba_pairs/016966.jpg,celeba_pairs,impersonation_attack,,Facenet512,BPA_CNN,vanilla,0.2298320084810257,
26,GhostFaceNet,/content/face_module/dataset_extractedfaces/celeba_pairs/113117.jpg,/content/face_module/dataset_extractedfaces/celeba_pairs/129449.jpg,celeba_pairs,impersonation_attack,,Facenet512,BPA_CNN,vanilla,-0.224549263715744,
3,GhostFaceNet,/content/face_module/dataset_extractedfaces/vggface2_pairs/n000007_0076_01.jpg,/content/face_module/dataset_extractedfaces/vggface2_pairs/n000005_0080_01.jpg,vggface2_pairs,impersonation_attack,,Facenet512,BPA_CNN,vanilla,0.045750118792057,
5,GhostFaceNet,/content/face_module/dataset_extractedfaces/vggface2_pairs/n000004_0204_01.jpg,/content/face_module/dataset_extractedfaces/vggface2_pairs/n000002_0070_01.jpg,vggface2_pairs,impersonation_attack,,Facenet512,BPA_CNN,vanilla,-0.0278561413288116,
17,GhostFaceNet,/content/face_module/dataset_extractedfaces/vggface2_pairs/n000016_0036_01.jpg,/content/face_module/dataset_extractedfaces/vggface2_pairs/n000012_0087_01.jpg,vggface2_pairs,impersonation_attack,,Facenet512,BPA_CNN,vanilla,0.1900748014450073,
19,GhostFaceNet,/content/face_module/dataset_extractedfaces/vggface2_pairs/n000007_0012_01.jpg,/content/face_module/dataset_extractedfaces/vggface2_pairs/n000008_0101_01.jpg,vggface2_pairs,impersonation_attack,,Facenet512,BPA_CNN,vanilla,0.1621130108833313,
21,GhostFaceNet,/content/face_module/dataset_extractedfaces/vggface2_pairs/n000012_0183_01.jpg,/content/face_module/dataset_extractedfaces/vggface2_pairs/n000014_0113_01.jpg,vggface2_pairs,impersonation_attack,,Facenet512,BPA_CNN,vanilla,-0.1421444118022918,
6,GhostFaceNet,/content/face_module/dataset_extractedfaces/lfw_pairs/Luiz Inacio Lula da Silva_7.jpg,/content/face_module/dataset_extractedfaces/lfw_pairs/Luiz Inacio Lula da Silva_8.jpg,lfw_pairs,dodging_attack,,Facenet512,BPA_CNN,vanilla,0.6031962633132935,
9,GhostFaceNet,/content/face_module/dataset_extractedfaces/lfw_pairs/Colin Powell_75.jpg,/content/face_module/dataset_extractedfaces/lfw_pairs/Colin Powell_76.jpg,lfw_pairs,dodging_attack,,Facenet512,BPA_CNN,vanilla,0.7368577122688293,
15,GhostFaceNet,/content/face_module/dataset_extractedfaces/lfw_pairs/George W Bush_518.jpg,/content/face_module/dataset_extractedfaces/lfw_pairs/George W Bush_519.jpg,lfw_pairs,dodging_attack,,Facenet512,BPA_CNN,vanilla,0.4491146802902221,
16,GhostFaceNet,/content/face_module/dataset_extractedfaces/lfw_pairs/Colin Powell_24.jpg,/content/face_module/dataset_extractedfaces/lfw_pairs/Colin Powell_25.jpg,lfw_pairs,dodging_attack,,Facenet512,BPA_CNN,vanilla,0.6931500434875488,
23,GhostFaceNet,/content/face_module/dataset_extractedfaces/lfw_pairs/Tom Daschle_5.jpg,/content/face_module/dataset_extractedfaces/lfw_pairs/Tom Daschle_6.jpg,lfw_pairs,dodging_attack,,Facenet512,BPA_CNN,vanilla,0.6794736981391907,
18,GhostFaceNet,/content/face_module/dataset_extractedfaces/celeba_pairs/092809.jpg,/content/face_module/dataset_extractedfaces/celeba_pairs/108708.jpg,celeba_pairs,dodging_attack,,Facenet512,BPA_CNN,vanilla,0.5159423351287842,
27,GhostFaceNet,/content/face_module/dataset_extractedfaces/celeba_pairs/023869.jpg,/content/face_module/dataset_extractedfaces/celeba_pairs/024923.jpg,celeba_pairs,dodging_attack,,Facenet512,BPA_CNN,vanilla,0.666577935218811,
28,GhostFaceNet,/content/face_module/dataset_extractedfaces/celeba_pairs/130980.jpg,/content/face_module/dataset_extractedfaces/celeba_pairs/147767.jpg,celeba_pairs,dodging_attack,,Facenet512,BPA_CNN,vanilla,0.6207529902458191,
1,GhostFaceNet,/content/face_module/dataset_extractedfaces/vggface2_pairs/n000007_0113_01.jpg,/content/face_module/dataset_extractedfaces/vggface2_pairs/n000007_0122_01.jpg,vggface2_pairs,dodging_attack,,Facenet512,BPA_CNN,vanilla,0.8227507472038269,
4,GhostFaceNet,/content/face_module/dataset_extractedfaces/vggface2_pairs/n000008_0256_01.jpg,/content/face_module/dataset_extractedfaces/vggface2_pairs/n000008_0348_01.jpg,vggface2_pairs,dodging_attack,,Facenet512,BPA_CNN,vanilla,0.457641452550888,
7,GhostFaceNet,/content/face_module/dataset_extractedfaces/vggface2_pairs/n000010_0058_01.jpg,/content/face_module/dataset_extractedfaces/vggface2_pairs/n000010_0081_01.jpg,vggface2_pairs,dodging_attack,,Facenet512,BPA_CNN,vanilla,0.4576264023780823,
10,GhostFaceNet,/content/face_module/dataset_extractedfaces/vggface2_pairs/n000005_0022_01.jpg,/content/face_module/dataset_extractedfaces/vggface2_pairs/n000005_0076_01.jpg,vggface2_pairs,dodging_attack,,Facenet512,BPA_CNN,vanilla,0.6629443764686584,
11,GhostFaceNet,/content/face_module/dataset_extractedfaces/vggface2_pairs/n000007_0176_01.jpg,/content/face_module/dataset_extractedfaces/vggface2_pairs/n000007_0335_03.jpg,vggface2_pairs,dodging_attack,,Facenet512,BPA_CNN,vanilla,0.5141369104385376,
0,VGG-Face,/content/face_module/dataset_extractedfaces/lfw_pairs/Renee Zellweger_1.jpg,/content/face_module/dataset_extractedfaces/lfw_pairs/Catherine Deneuve_2.jpg,lfw_pairs,impersonation_attack,,Facenet512,BPA_CNN,vanilla,0.6900308132171631,
2,VGG-Face,/content/face_module/dataset_extractedfaces/celeba_pairs/107859.jpg,/content/face_module/dataset_extractedfaces/celeba_pairs/031892.jpg,celeba_pairs,impersonation_attack,,Facenet512,BPA_CNN,vanilla,0.5696552991867065,
8,VGG-Face,/content/face_module/dataset_extractedfaces/celeba_pairs/023666.jpg,/content/face_module/dataset_extractedfaces/celeba_pairs/010959.jpg,celeba_pairs,impersonation_attack,,Facenet512,BPA_CNN,vanilla,0.1961014717817306,
12,VGG-Face,/content/face_module/dataset_extractedfaces/celeba_pairs/003089.jpg,/content/face_module/dataset_extractedfaces/celeba_pairs/016966.jpg,celeba_pairs,impersonation_attack,,Facenet512,BPA_CNN,vanilla,0.3673203885555267,
26,VGG-Face,/content/face_module/dataset_extractedfaces/celeba_pairs/113117.jpg,/content/face_module/dataset_extractedfaces/celeba_pairs/129449.jpg,celeba_pairs,impersonation_attack,,Facenet512,BPA_CNN,vanilla,0.0578547045588493,
3,VGG-Face,/content/face_module/dataset_extractedfaces/vggface2_pairs/n000007_0076_01.jpg,/content/face_module/dataset_extractedfaces/vggface2_pairs/n000005_0080_01.jpg,vggface2_pairs,impersonation_attack,,Facenet512,BPA_CNN,vanilla,0.1446709632873535,
5,VGG-Face,/content/face_module/dataset_extractedfaces/vggface2_pairs/n000004_0204_01.jpg,/content/face_module/dataset_extractedfaces/vggface2_pairs/n000002_0070_01.jpg,vggface2_pairs,impersonation_attack,,Facenet512,BPA_CNN,vanilla,0.1745416074991226,
17,VGG-Face,/content/face_module/dataset_extractedfaces/vggface2_pairs/n000016_0036_01.jpg,/content/face_module/dataset_extractedfaces/vggface2_pairs/n000012_0087_01.jpg,vggface2_pairs,impersonation_attack,,Facenet512,BPA_CNN,vanilla,0.5563543438911438,
19,VGG-Face,/content/face_module/dataset_extractedfaces/vggface2_pairs/n000007_0012_01.jpg,/content/face_module/dataset_extractedfaces/vggface2_pairs/n000008_0101_01.jpg,vggface2_pairs,impersonation_attack,,Facenet512,BPA_CNN,vanilla,0.1574674844741821,
21,VGG-Face,/content/face_module/dataset_extractedfaces/vggface2_pairs/n000012_0183_01.jpg,/content/face_module/dataset_extractedfaces/vggface2_pairs/n000014_0113_01.jpg,vggface2_pairs,impersonation_attack,,Facenet512,BPA_CNN,vanilla,-0.0053025931119918,
6,VGG-Face,/content/face_module/dataset_extractedfaces/lfw_pairs/Luiz Inacio Lula da Silva_7.jpg,/content/face_module/dataset_extractedfaces/lfw_pairs/Luiz Inacio Lula da Silva_8.jpg,lfw_pairs,dodging_attack,,Facenet512,BPA_CNN,vanilla,0.238247662782669,
9,VGG-Face,/content/face_module/dataset_extractedfaces/lfw_pairs/Colin Powell_75.jpg,/content/face_module/dataset_extractedfaces/lfw_pairs/Colin Powell_76.jpg,lfw_pairs,dodging_attack,,Facenet512,BPA_CNN,vanilla,0.5288264751434326,
15,VGG-Face,/content/face_module/dataset_extractedfaces/lfw_pairs/George W Bush_518.jpg,/content/face_module/dataset_extractedfaces/lfw_pairs/George W Bush_519.jpg,lfw_pairs,dodging_attack,,Facenet512,BPA_CNN,vanilla,0.0718609988689422,
16,VGG-Face,/content/face_module/dataset_extractedfaces/lfw_pairs/Colin Powell_24.jpg,/content/face_module/dataset_extractedfaces/lfw_pairs/Colin Powell_25.jpg,lfw_pairs,dodging_attack,,Facenet512,BPA_CNN,vanilla,0.4161378145217895,
23,VGG-Face,/content/face_module/dataset_extractedfaces/lfw_pairs/Tom Daschle_5.jpg,/content/face_module/dataset_extractedfaces/lfw_pairs/Tom Daschle_6.jpg,lfw_pairs,dodging_attack,,Facenet512,BPA_CNN,vanilla,0.2737812101840973,
18,VGG-Face,/content/face_module/dataset_extractedfaces/celeba_pairs/092809.jpg,/content/face_module/dataset_extractedfaces/celeba_pairs/108708.jpg,celeba_pairs,dodging_attack,,Facenet512,BPA_CNN,vanilla,0.3059225678443908,
27,VGG-Face,/content/face_module/dataset_extractedfaces/celeba_pairs/023869.jpg,/content/face_module/dataset_extractedfaces/celeba_pairs/024923.jpg,celeba_pairs,dodging_attack,,Facenet512,BPA_CNN,vanilla,0.3737638294696808,
28,VGG-Face,/content/face_module/dataset_extractedfaces/celeba_pairs/130980.jpg,/content/face_module/dataset_extractedfaces/celeba_pairs/147767.jpg,celeba_pairs,dodging_attack,,Facenet512,BPA_CNN,vanilla,0.526942789554596,
1,VGG-Face,/content/face_module/dataset_extractedfaces/vggface2_pairs/n000007_0113_01.jpg,/content/face_module/dataset_extractedfaces/vggface2_pairs/n000007_0122_01.jpg,vggface2_pairs,dodging_attack,,Facenet512,BPA_CNN,vanilla,-0.0034083155915141,
4,VGG-Face,/content/face_module/dataset_extractedfaces/vggface2_pairs/n000008_0256_01.jpg,/content/face_module/dataset_extractedfaces/vggface2_pairs/n000008_0348_01.jpg,vggface2_pairs,dodging_attack,,Facenet512,BPA_CNN,vanilla,0.2126054465770721,
7,VGG-Face,/content/face_module/dataset_extractedfaces/vggface2_pairs/n000010_0058_01.jpg,/content/face_module/dataset_extractedfaces/vggface2_pairs/n000010_0081_01.jpg,vggface2_pairs,dodging_attack,,Facenet512,BPA_CNN,vanilla,0.207410529255867,
10,VGG-Face,/content/face_module/dataset_extractedfaces/vggface2_pairs/n000005_0022_01.jpg,/content/face_module/dataset_extractedfaces/vggface2_pairs/n000005_0076_01.jpg,vggface2_pairs,dodging_attack,,Facenet512,BPA_CNN,vanilla,0.4451867341995239,
11,VGG-Face,/content/face_module/dataset_extractedfaces/vggface2_pairs/n000007_0176_01.jpg,/content/face_module/dataset_extractedfaces/vggface2_pairs/n000007_0335_03.jpg,vggface2_pairs,dodging_attack,,Facenet512,BPA_CNN,vanilla,0.1683566719293594,
0,Facenet512,/content/face_module/dataset_extractedfaces/lfw_pairs/Renee Zellweger_1.jpg,/content/face_module/dataset_extractedfaces/lfw_pairs/Catherine Deneuve_2.jpg,lfw_pairs,impersonation_attack,,ArcFace,BPA_CNN,vanilla,0.4958593845367431,
2,Facenet512,/content/face_module/dataset_extractedfaces/celeba_pairs/107859.jpg,/content/face_module/dataset_extractedfaces/celeba_pairs/031892.jpg,celeba_pairs,impersonation_attack,,ArcFace,BPA_CNN,vanilla,0.2975858747959137,
8,Facenet512,/content/face_module/dataset_extractedfaces/celeba_pairs/023666.jpg,/content/face_module/dataset_extractedfaces/celeba_pairs/010959.jpg,celeba_pairs,impersonation_attack,,ArcFace,BPA_CNN,vanilla,0.3363990187644958,
12,Facenet512,/content/face_module/dataset_extractedfaces/celeba_pairs/003089.jpg,/content/face_module/dataset_extractedfaces/celeba_pairs/016966.jpg,celeba_pairs,impersonation_attack,,ArcFace,BPA_CNN,vanilla,0.2988178133964538,
26,Facenet512,/content/face_module/dataset_extractedfaces/celeba_pairs/113117.jpg,/content/face_module/dataset_extractedfaces/celeba_pairs/129449.jpg,celeba_pairs,impersonation_attack,,ArcFace,BPA_CNN,vanilla,0.1093033701181411,
3,Facenet512,/content/face_module/dataset_extractedfaces/vggface2_pairs/n000007_0076_01.jpg,/content/face_module/dataset_extractedfaces/vggface2_pairs/n000005_0080_01.jpg,vggface2_pairs,impersonation_attack,,ArcFace,BPA_CNN,vanilla,0.1972718834877014,
5,Facenet512,/content/face_module/dataset_extractedfaces/vggface2_pairs/n000004_0204_01.jpg,/content/face_module/dataset_extractedfaces/vggface2_pairs/n000002_0070_01.jpg,vggface2_pairs,impersonation_attack,,ArcFace,BPA_CNN,vanilla,0.0998999178409576,
17,Facenet512,/content/face_module/dataset_extractedfaces/vggface2_pairs/n000016_0036_01.jpg,/content/face_module/dataset_extractedfaces/vggface2_pairs/n000012_0087_01.jpg,vggface2_pairs,impersonation_attack,,ArcFace,BPA_CNN,vanilla,0.6207448244094849,
19,Facenet512,/content/face_module/dataset_extractedfaces/vggface2_pairs/n000007_0012_01.jpg,/content/face_module/dataset_extractedfaces/vggface2_pairs/n000008_0101_01.jpg,vggface2_pairs,impersonation_attack,,ArcFace,BPA_CNN,vanilla,0.3183396160602569,
21,Facenet512,/content/face_module/dataset_extractedfaces/vggface2_pairs/n000012_0183_01.jpg,/content/face_module/dataset_extractedfaces/vggface2_pairs/n000014_0113_01.jpg,vggface2_pairs,impersonation_attack,,ArcFace,BPA_CNN,vanilla,0.3885988891124725,
6,Facenet512,/content/face_module/dataset_extractedfaces/lfw_pairs/Luiz Inacio Lula da Silva_7.jpg,/content/face_module/dataset_extractedfaces/lfw_pairs/Luiz Inacio Lula da Silva_8.jpg,lfw_pairs,dodging_attack,,ArcFace,BPA_CNN,vanilla,0.4140608012676239,
9,Facenet512,/content/face_module/dataset_extractedfaces/lfw_pairs/Colin Powell_75.jpg,/content/face_module/dataset_extractedfaces/lfw_pairs/Colin Powell_76.jpg,lfw_pairs,dodging_attack,,ArcFace,BPA_CNN,vanilla,0.1347224861383438,
15,Facenet512,/content/face_module/dataset_extractedfaces/lfw_pairs/George W Bush_518.jpg,/content/face_module/dataset_extractedfaces/lfw_pairs/George W Bush_519.jpg,lfw_pairs,dodging_attack,,ArcFace,BPA_CNN,vanilla,0.3449568450450897,
16,Facenet512,/content/face_module/dataset_extractedfaces/lfw_pairs/Colin Powell_24.jpg,/content/face_module/dataset_extractedfaces/lfw_pairs/Colin Powell_25.jpg,lfw_pairs,dodging_attack,,ArcFace,BPA_CNN,vanilla,0.3745715916156769,
23,Facenet512,/content/face_module/dataset_extractedfaces/lfw_pairs/Tom Daschle_5.jpg,/content/face_module/dataset_extractedfaces/lfw_pairs/Tom Daschle_6.jpg,lfw_pairs,dodging_attack,,ArcFace,BPA_CNN,vanilla,0.2806946039199829,
18,Facenet512,/content/face_module/dataset_extractedfaces/celeba_pairs/092809.jpg,/content/face_module/dataset_extractedfaces/celeba_pairs/108708.jpg,celeba_pairs,dodging_attack,,ArcFace,BPA_CNN,vanilla,0.3256966471672058,
27,Facenet512,/content/face_module/dataset_extractedfaces/celeba_pairs/023869.jpg,/content/face_module/dataset_extractedfaces/celeba_pairs/024923.jpg,celeba_pairs,dodging_attack,,ArcFace,BPA_CNN,vanilla,0.4487855434417724,
28,Facenet512,/content/face_module/dataset_extractedfaces/celeba_pairs/130980.jpg,/content/face_module/dataset_extractedfaces/celeba_pairs/147767.jpg,celeba_pairs,dodging_attack,,ArcFace,BPA_CNN,vanilla,0.1140141263604164,
1,Facenet512,/content/face_module/dataset_extractedfaces/vggface2_pairs/n000007_0113_01.jpg,/content/face_module/dataset_extractedfaces/vggface2_pairs/n000007_0122_01.jpg,vggface2_pairs,dodging_attack,,ArcFace,BPA_CNN,vanilla,0.1397270709276199,
4,Facenet512,/content/face_module/dataset_extractedfaces/vggface2_pairs/n000008_0256_01.jpg,/content/face_module/dataset_extractedfaces/vggface2_pairs/n000008_0348_01.jpg,vggface2_pairs,dodging_attack,,ArcFace,BPA_CNN,vanilla,0.0166219361126422,
7,Facenet512,/content/face_module/dataset_extractedfaces/vggface2_pairs/n000010_0058_01.jpg,/content/face_module/dataset_extractedfaces/vggface2_pairs/n000010_0081_01.jpg,vggface2_pairs,dodging_attack,,ArcFace,BPA_CNN,vanilla,0.2692607939243316,
10,Facenet512,/content/face_module/dataset_extractedfaces/vggface2_pairs/n000005_0022_01.jpg,/content/face_module/dataset_extractedfaces/vggface2_pairs/n000005_0076_01.jpg,vggface2_pairs,dodging_attack,,ArcFace,BPA_CNN,vanilla,0.443222165107727,
11,Facenet512,/content/face_module/dataset_extractedfaces/vggface2_pairs/n000007_0176_01.jpg,/content/face_module/dataset_extractedfaces/vggface2_pairs/n000007_0335_03.jpg,vggface2_pairs,dodging_attack,,ArcFace,BPA_CNN,vanilla,0.1515042930841446,
0,GhostFaceNet,/content/face_module/dataset_extractedfaces/lfw_pairs/Renee Zellweger_1.jpg,/content/face_module/dataset_extractedfaces/lfw_pairs/Catherine Deneuve_2.jpg,lfw_pairs,impersonation_attack,,ArcFace,BPA_CNN,vanilla,0.2458314299583435,
2,GhostFaceNet,/content/face_module/dataset_extractedfaces/celeba_pairs/107859.jpg,/content/face_module/dataset_extractedfaces/celeba_pairs/031892.jpg,celeba_pairs,impersonation_attack,,ArcFace,BPA_CNN,vanilla,0.2071344852447509,
8,GhostFaceNet,/content/face_module/dataset_extractedfaces/celeba_pairs/023666.jpg,/content/face_module/dataset_extractedfaces/celeba_pairs/010959.jpg,celeba_pairs,impersonation_attack,,ArcFace,BPA_CNN,vanilla,0.3131373524665832,
12,GhostFaceNet,/content/face_module/dataset_extractedfaces/celeba_pairs/003089.jpg,/content/face_module/dataset_extractedfaces/celeba_pairs/016966.jpg,celeba_pairs,impersonation_attack,,ArcFace,BPA_CNN,vanilla,0.2808177173137665,
26,GhostFaceNet,/content/face_module/dataset_extractedfaces/celeba_pairs/113117.jpg,/content/face_module/dataset_extractedfaces/celeba_pairs/129449.jpg,celeba_pairs,impersonation_attack,,ArcFace,BPA_CNN,vanilla,-0.0018195435404777,
3,GhostFaceNet,/content/face_module/dataset_extractedfaces/vggface2_pairs/n000007_0076_01.jpg,/content/face_module/dataset_extractedfaces/vggface2_pairs/n000005_0080_01.jpg,vggface2_pairs,impersonation_attack,,ArcFace,BPA_CNN,vanilla,0.1765577793121338,
5,GhostFaceNet,/content/face_module/dataset_extractedfaces/vggface2_pairs/n000004_0204_01.jpg,/content/face_module/dataset_extractedfaces/vggface2_pairs/n000002_0070_01.jpg,vggface2_pairs,impersonation_attack,,ArcFace,BPA_CNN,vanilla,0.033287264406681,
17,GhostFaceNet,/content/face_module/dataset_extractedfaces/vggface2_pairs/n000016_0036_01.jpg,/content/face_module/dataset_extractedfaces/vggface2_pairs/n000012_0087_01.jpg,vggface2_pairs,impersonation_attack,,ArcFace,BPA_CNN,vanilla,0.3480308055877685,
19,GhostFaceNet,/content/face_module/dataset_extractedfaces/vggface2_pairs/n000007_0012_01.jpg,/content/face_module/dataset_extractedfaces/vggface2_pairs/n000008_0101_01.jpg,vggface2_pairs,impersonation_attack,,ArcFace,BPA_CNN,vanilla,0.2541453242301941,
21,GhostFaceNet,/content/face_module/dataset_extractedfaces/vggface2_pairs/n000012_0183_01.jpg,/content/face_module/dataset_extractedfaces/vggface2_pairs/n000014_0113_01.jpg,vggface2_pairs,impersonation_attack,,ArcFace,BPA_CNN,vanilla,0.3298621475696563,
6,GhostFaceNet,/content/face_module/dataset_extractedfaces/lfw_pairs/Luiz Inacio Lula da Silva_7.jpg,/content/face_module/dataset_extractedfaces/lfw_pairs/Luiz Inacio Lula da Silva_8.jpg,lfw_pairs,dodging_attack,,ArcFace,BPA_CNN,vanilla,0.7038406729698181,
9,GhostFaceNet,/content/face_module/dataset_extractedfaces/lfw_pairs/Colin Powell_75.jpg,/content/face_module/dataset_extractedfaces/lfw_pairs/Colin Powell_76.jpg,lfw_pairs,dodging_attack,,ArcFace,BPA_CNN,vanilla,0.2148289680480957,
15,GhostFaceNet,/content/face_module/dataset_extractedfaces/lfw_pairs/George W Bush_518.jpg,/content/face_module/dataset_extractedfaces/lfw_pairs/George W Bush_519.jpg,lfw_pairs,dodging_attack,,ArcFace,BPA_CNN,vanilla,0.4948364794254303,
16,GhostFaceNet,/content/face_module/dataset_extractedfaces/lfw_pairs/Colin Powell_24.jpg,/content/face_module/dataset_extractedfaces/lfw_pairs/Colin Powell_25.jpg,lfw_pairs,dodging_attack,,ArcFace,BPA_CNN,vanilla,0.5251753330230713,
23,GhostFaceNet,/content/face_module/dataset_extractedfaces/lfw_pairs/Tom Daschle_5.jpg,/content/face_module/dataset_extractedfaces/lfw_pairs/Tom Daschle_6.jpg,lfw_pairs,dodging_attack,,ArcFace,BPA_CNN,vanilla,0.6227074265480042,
18,GhostFaceNet,/content/face_module/dataset_extractedfaces/celeba_pairs/092809.jpg,/content/face_module/dataset_extractedfaces/celeba_pairs/108708.jpg,celeba_pairs,dodging_attack,,ArcFace,BPA_CNN,vanilla,0.4885737895965576,
27,GhostFaceNet,/content/face_module/dataset_extractedfaces/celeba_pairs/023869.jpg,/content/face_module/dataset_extractedfaces/celeba_pairs/024923.jpg,celeba_pairs,dodging_attack,,ArcFace,BPA_CNN,vanilla,0.4782374799251556,
28,GhostFaceNet,/content/face_module/dataset_extractedfaces/celeba_pairs/130980.jpg,/content/face_module/dataset_extractedfaces/celeba_pairs/147767.jpg,celeba_pairs,dodging_attack,,ArcFace,BPA_CNN,vanilla,0.2522201836109161,
1,GhostFaceNet,/content/face_module/dataset_extractedfaces/vggface2_pairs/n000007_0113_01.jpg,/content/face_module/dataset_extractedfaces/vggface2_pairs/n000007_0122_01.jpg,vggface2_pairs,dodging_attack,,ArcFace,BPA_CNN,vanilla,0.3128625452518463,
4,GhostFaceNet,/content/face_module/dataset_extractedfaces/vggface2_pairs/n000008_0256_01.jpg,/content/face_module/dataset_extractedfaces/vggface2_pairs/n000008_0348_01.jpg,vggface2_pairs,dodging_attack,,ArcFace,BPA_CNN,vanilla,0.0118423989042639,
7,GhostFaceNet,/content/face_module/dataset_extractedfaces/vggface2_pairs/n000010_0058_01.jpg,/content/face_module/dataset_extractedfaces/vggface2_pairs/n000010_0081_01.jpg,vggface2_pairs,dodging_attack,,ArcFace,BPA_CNN,vanilla,0.4142006635665893,
10,GhostFaceNet,/content/face_module/dataset_extractedfaces/vggface2_pairs/n000005_0022_01.jpg,/content/face_module/dataset_extractedfaces/vggface2_pairs/n000005_0076_01.jpg,vggface2_pairs,dodging_attack,,ArcFace,BPA_CNN,vanilla,0.4896840751171112,
11,GhostFaceNet,/content/face_module/dataset_extractedfaces/vggface2_pairs/n000007_0176_01.jpg,/content/face_module/dataset_extractedfaces/vggface2_pairs/n000007_0335_03.jpg,vggface2_pairs,dodging_attack,,ArcFace,BPA_CNN,vanilla,0.1402727514505386,
0,VGG-Face,/content/face_module/dataset_extractedfaces/lfw_pairs/Renee Zellweger_1.jpg,/content/face_module/dataset_extractedfaces/lfw_pairs/Catherine Deneuve_2.jpg,lfw_pairs,impersonation_attack,,ArcFace,BPA_CNN,vanilla,0.5003983974456787,
2,VGG-Face,/content/face_module/dataset_extractedfaces/celeba_pairs/107859.jpg,/content/face_module/dataset_extractedfaces/celeba_pairs/031892.jpg,celeba_pairs,impersonation_attack,,ArcFace,BPA_CNN,vanilla,0.2963671088218689,
8,VGG-Face,/content/face_module/dataset_extractedfaces/celeba_pairs/023666.jpg,/content/face_module/dataset_extractedfaces/celeba_pairs/010959.jpg,celeba_pairs,impersonation_attack,,ArcFace,BPA_CNN,vanilla,0.3798728585243225,
12,VGG-Face,/content/face_module/dataset_extractedfaces/celeba_pairs/003089.jpg,/content/face_module/dataset_extractedfaces/celeba_pairs/016966.jpg,celeba_pairs,impersonation_attack,,ArcFace,BPA_CNN,vanilla,0.2859481871128082,
26,VGG-Face,/content/face_module/dataset_extractedfaces/celeba_pairs/113117.jpg,/content/face_module/dataset_extractedfaces/celeba_pairs/129449.jpg,celeba_pairs,impersonation_attack,,ArcFace,BPA_CNN,vanilla,0.193410038948059,
3,VGG-Face,/content/face_module/dataset_extractedfaces/vggface2_pairs/n000007_0076_01.jpg,/content/face_module/dataset_extractedfaces/vggface2_pairs/n000005_0080_01.jpg,vggface2_pairs,impersonation_attack,,ArcFace,BPA_CNN,vanilla,0.4283088743686676,
5,VGG-Face,/content/face_module/dataset_extractedfaces/vggface2_pairs/n000004_0204_01.jpg,/content/face_module/dataset_extractedfaces/vggface2_pairs/n000002_0070_01.jpg,vggface2_pairs,impersonation_attack,,ArcFace,BPA_CNN,vanilla,0.0338495038449764,
17,VGG-Face,/content/face_module/dataset_extractedfaces/vggface2_pairs/n000016_0036_01.jpg,/content/face_module/dataset_extractedfaces/vggface2_pairs/n000012_0087_01.jpg,vggface2_pairs,impersonation_attack,,ArcFace,BPA_CNN,vanilla,0.579929530620575,
19,VGG-Face,/content/face_module/dataset_extractedfaces/vggface2_pairs/n000007_0012_01.jpg,/content/face_module/dataset_extractedfaces/vggface2_pairs/n000008_0101_01.jpg,vggface2_pairs,impersonation_attack,,ArcFace,BPA_CNN,vanilla,0.3790532946586609,
21,VGG-Face,/content/face_module/dataset_extractedfaces/vggface2_pairs/n000012_0183_01.jpg,/content/face_module/dataset_extractedfaces/vggface2_pairs/n000014_0113_01.jpg,vggface2_pairs,impersonation_attack,,ArcFace,BPA_CNN,vanilla,0.3966329395771026,
6,VGG-Face,/content/face_module/dataset_extractedfaces/lfw_pairs/Luiz Inacio Lula da Silva_7.jpg,/content/face_module/dataset_extractedfaces/lfw_pairs/Luiz Inacio Lula da Silva_8.jpg,lfw_pairs,dodging_attack,,ArcFace,BPA_CNN,vanilla,0.3818841576576233,
9,VGG-Face,/content/face_module/dataset_extractedfaces/lfw_pairs/Colin Powell_75.jpg,/content/face_module/dataset_extractedfaces/lfw_pairs/Colin Powell_76.jpg,lfw_pairs,dodging_attack,,ArcFace,BPA_CNN,vanilla,0.1259606182575225,
15,VGG-Face,/content/face_module/dataset_extractedfaces/lfw_pairs/George W Bush_518.jpg,/content/face_module/dataset_extractedfaces/lfw_pairs/George W Bush_519.jpg,lfw_pairs,dodging_attack,,ArcFace,BPA_CNN,vanilla,0.3162850737571716,
16,VGG-Face,/content/face_module/dataset_extractedfaces/lfw_pairs/Colin Powell_24.jpg,/content/face_module/dataset_extractedfaces/lfw_pairs/Colin Powell_25.jpg,lfw_pairs,dodging_attack,,ArcFace,BPA_CNN,vanilla,0.334845095872879,
23,VGG-Face,/content/face_module/dataset_extractedfaces/lfw_pairs/Tom Daschle_5.jpg,/content/face_module/dataset_extractedfaces/lfw_pairs/Tom Daschle_6.jpg,lfw_pairs,dodging_attack,,ArcFace,BPA_CNN,vanilla,0.3612625002861023,
18,VGG-Face,/content/face_module/dataset_extractedfaces/celeba_pairs/092809.jpg,/content/face_module/dataset_extractedfaces/celeba_pairs/108708.jpg,celeba_pairs,dodging_attack,,ArcFace,BPA_CNN,vanilla,0.4119913876056671,
27,VGG-Face,/content/face_module/dataset_extractedfaces/celeba_pairs/023869.jpg,/content/face_module/dataset_extractedfaces/celeba_pairs/024923.jpg,celeba_pairs,dodging_attack,,ArcFace,BPA_CNN,vanilla,0.516116201877594,
28,VGG-Face,/content/face_module/dataset_extractedfaces/celeba_pairs/130980.jpg,/content/face_module/dataset_extractedfaces/celeba_pairs/147767.jpg,celeba_pairs,dodging_attack,,ArcFace,BPA_CNN,vanilla,0.2035136967897415,
1,VGG-Face,/content/face_module/dataset_extractedfaces/vggface2_pairs/n000007_0113_01.jpg,/content/face_module/dataset_extractedfaces/vggface2_pairs/n000007_0122_01.jpg,vggface2_pairs,dodging_attack,,ArcFace,BPA_CNN,vanilla,0.141731396317482,
4,VGG-Face,/content/face_module/dataset_extractedfaces/vggface2_pairs/n000008_0256_01.jpg,/content/face_module/dataset_extractedfaces/vggface2_pairs/n000008_0348_01.jpg,vggface2_pairs,dodging_attack,,ArcFace,BPA_CNN,vanilla,0.0031437929719686,
7,VGG-Face,/content/face_module/dataset_extractedfaces/vggface2_pairs/n000010_0058_01.jpg,/content/face_module/dataset_extractedfaces/vggface2_pairs/n000010_0081_01.jpg,vggface2_pairs,dodging_attack,,ArcFace,BPA_CNN,vanilla,0.2486613094806671,
10,VGG-Face,/content/face_module/dataset_extractedfaces/vggface2_pairs/n000005_0022_01.jpg,/content/face_module/dataset_extractedfaces/vggface2_pairs/n000005_0076_01.jpg,vggface2_pairs,dodging_attack,,ArcFace,BPA_CNN,vanilla,0.3993730247020721,
11,VGG-Face,/content/face_module/dataset_extractedfaces/vggface2_pairs/n000007_0176_01.jpg,/content/face_module/dataset_extractedfaces/vggface2_pairs/n000007_0335_03.jpg,vggface2_pairs,dodging_attack,,ArcFace,BPA_CNN,vanilla,0.1244352012872695,
0,Facenet512,/content/face_module/dataset_extractedfaces/lfw_pairs/Renee Zellweger_1.jpg,/content/face_module/dataset_extractedfaces/lfw_pairs/Catherine Deneuve_2.jpg,lfw_pairs,impersonation_attack,,GhostFaceNet,BPA_CNN,vanilla,0.0755884051322937,
2,Facenet512,/content/face_module/dataset_extractedfaces/celeba_pairs/107859.jpg,/content/face_module/dataset_extractedfaces/celeba_pairs/031892.jpg,celeba_pairs,impersonation_attack,,GhostFaceNet,BPA_CNN,vanilla,0.1332080364227295,
8,Facenet512,/content/face_module/dataset_extractedfaces/celeba_pairs/023666.jpg,/content/face_module/dataset_extractedfaces/celeba_pairs/010959.jpg,celeba_pairs,impersonation_attack,,GhostFaceNet,BPA_CNN,vanilla,0.2526252269744873,
12,Facenet512,/content/face_module/dataset_extractedfaces/celeba_pairs/003089.jpg,/content/face_module/dataset_extractedfaces/celeba_pairs/016966.jpg,celeba_pairs,impersonation_attack,,GhostFaceNet,BPA_CNN,vanilla,0.0452036410570144,
26,Facenet512,/content/face_module/dataset_extractedfaces/celeba_pairs/113117.jpg,/content/face_module/dataset_extractedfaces/celeba_pairs/129449.jpg,celeba_pairs,impersonation_attack,,GhostFaceNet,BPA_CNN,vanilla,0.1077126264572143,
3,Facenet512,/content/face_module/dataset_extractedfaces/vggface2_pairs/n000007_0076_01.jpg,/content/face_module/dataset_extractedfaces/vggface2_pairs/n000005_0080_01.jpg,vggface2_pairs,impersonation_attack,,GhostFaceNet,BPA_CNN,vanilla,0.1573795676231384,
5,Facenet512,/content/face_module/dataset_extractedfaces/vggface2_pairs/n000004_0204_01.jpg,/content/face_module/dataset_extractedfaces/vggface2_pairs/n000002_0070_01.jpg,vggface2_pairs,impersonation_attack,,GhostFaceNet,BPA_CNN,vanilla,0.0837135389447212,
17,Facenet512,/content/face_module/dataset_extractedfaces/vggface2_pairs/n000016_0036_01.jpg,/content/face_module/dataset_extractedfaces/vggface2_pairs/n000012_0087_01.jpg,vggface2_pairs,impersonation_attack,,GhostFaceNet,BPA_CNN,vanilla,0.0277097970247268,
19,Facenet512,/content/face_module/dataset_extractedfaces/vggface2_pairs/n000007_0012_01.jpg,/content/face_module/dataset_extractedfaces/vggface2_pairs/n000008_0101_01.jpg,vggface2_pairs,impersonation_attack,,GhostFaceNet,BPA_CNN,vanilla,0.134397953748703,
21,Facenet512,/content/face_module/dataset_extractedfaces/vggface2_pairs/n000012_0183_01.jpg,/content/face_module/dataset_extractedfaces/vggface2_pairs/n000014_0113_01.jpg,vggface2_pairs,impersonation_attack,,GhostFaceNet,BPA_CNN,vanilla,0.1990647614002227,
6,Facenet512,/content/face_module/dataset_extractedfaces/lfw_pairs/Luiz Inacio Lula da Silva_7.jpg,/content/face_module/dataset_extractedfaces/lfw_pairs/Luiz Inacio Lula da Silva_8.jpg,lfw_pairs,dodging_attack,,GhostFaceNet,BPA_CNN,vanilla,0.329421728849411,
9,Facenet512,/content/face_module/dataset_extractedfaces/lfw_pairs/Colin Powell_75.jpg,/content/face_module/dataset_extractedfaces/lfw_pairs/Colin Powell_76.jpg,lfw_pairs,dodging_attack,,GhostFaceNet,BPA_CNN,vanilla,0.1574142575263977,
15,Facenet512,/content/face_module/dataset_extractedfaces/lfw_pairs/George W Bush_518.jpg,/content/face_module/dataset_extractedfaces/lfw_pairs/George W Bush_519.jpg,lfw_pairs,dodging_attack,,GhostFaceNet,BPA_CNN,vanilla,0.2399569302797317,
16,Facenet512,/content/face_module/dataset_extractedfaces/lfw_pairs/Colin Powell_24.jpg,/content/face_module/dataset_extractedfaces/lfw_pairs/Colin Powell_25.jpg,lfw_pairs,dodging_attack,,GhostFaceNet,BPA_CNN,vanilla,0.1523938924074173,
23,Facenet512,/content/face_module/dataset_extractedfaces/lfw_pairs/Tom Daschle_5.jpg,/content/face_module/dataset_extractedfaces/lfw_pairs/Tom Daschle_6.jpg,lfw_pairs,dodging_attack,,GhostFaceNet,BPA_CNN,vanilla,0.351811945438385,
18,Facenet512,/content/face_module/dataset_extractedfaces/celeba_pairs/092809.jpg,/content/face_module/dataset_extractedfaces/celeba_pairs/108708.jpg,celeba_pairs,dodging_attack,,GhostFaceNet,BPA_CNN,vanilla,0.2704147398471832,
27,Facenet512,/content/face_module/dataset_extractedfaces/celeba_pairs/023869.jpg,/content/face_module/dataset_extractedfaces/celeba_pairs/024923.jpg,celeba_pairs,dodging_attack,,GhostFaceNet,BPA_CNN,vanilla,0.1621446460485458,
28,Facenet512,/content/face_module/dataset_extractedfaces/celeba_pairs/130980.jpg,/content/face_module/dataset_extractedfaces/celeba_pairs/147767.jpg,celeba_pairs,dodging_attack,,GhostFaceNet,BPA_CNN,vanilla,0.2949154675006866,
1,Facenet512,/content/face_module/dataset_extractedfaces/vggface2_pairs/n000007_0113_01.jpg,/content/face_module/dataset_extractedfaces/vggface2_pairs/n000007_0122_01.jpg,vggface2_pairs,dodging_attack,,GhostFaceNet,BPA_CNN,vanilla,0.2754687070846557,
4,Facenet512,/content/face_module/dataset_extractedfaces/vggface2_pairs/n000008_0256_01.jpg,/content/face_module/dataset_extractedfaces/vggface2_pairs/n000008_0348_01.jpg,vggface2_pairs,dodging_attack,,GhostFaceNet,BPA_CNN,vanilla,0.0574075616896152,
7,Facenet512,/content/face_module/dataset_extractedfaces/vggface2_pairs/n000010_0058_01.jpg,/content/face_module/dataset_extractedfaces/vggface2_pairs/n000010_0081_01.jpg,vggface2_pairs,dodging_attack,,GhostFaceNet,BPA_CNN,vanilla,0.1206369325518608,
10,Facenet512,/content/face_module/dataset_extractedfaces/vggface2_pairs/n000005_0022_01.jpg,/content/face_module/dataset_extractedfaces/vggface2_pairs/n000005_0076_01.jpg,vggface2_pairs,dodging_attack,,GhostFaceNet,BPA_CNN,vanilla,0.1707829982042312,
11,Facenet512,/content/face_module/dataset_extractedfaces/vggface2_pairs/n000007_0176_01.jpg,/content/face_module/dataset_extractedfaces/vggface2_pairs/n000007_0335_03.jpg,vggface2_pairs,dodging_attack,,GhostFaceNet,BPA_CNN,vanilla,0.1323822289705276,
0,ArcFace,/content/face_module/dataset_extractedfaces/lfw_pairs/Renee Zellweger_1.jpg,/content/face_module/dataset_extractedfaces/lfw_pairs/Catherine Deneuve_2.jpg,lfw_pairs,impersonation_attack,,GhostFaceNet,BPA_CNN,vanilla,0.0983775928616523,
2,ArcFace,/content/face_module/dataset_extractedfaces/celeba_pairs/107859.jpg,/content/face_module/dataset_extractedfaces/celeba_pairs/031892.jpg,celeba_pairs,impersonation_attack,,GhostFaceNet,BPA_CNN,vanilla,0.0752099007368087,
8,ArcFace,/content/face_module/dataset_extractedfaces/celeba_pairs/023666.jpg,/content/face_module/dataset_extractedfaces/celeba_pairs/010959.jpg,celeba_pairs,impersonation_attack,,GhostFaceNet,BPA_CNN,vanilla,0.2538753151893616,
12,ArcFace,/content/face_module/dataset_extractedfaces/celeba_pairs/003089.jpg,/content/face_module/dataset_extractedfaces/celeba_pairs/016966.jpg,celeba_pairs,impersonation_attack,,GhostFaceNet,BPA_CNN,vanilla,0.0799663513898849,
26,ArcFace,/content/face_module/dataset_extractedfaces/celeba_pairs/113117.jpg,/content/face_module/dataset_extractedfaces/celeba_pairs/129449.jpg,celeba_pairs,impersonation_attack,,GhostFaceNet,BPA_CNN,vanilla,0.1359300464391708,
3,ArcFace,/content/face_module/dataset_extractedfaces/vggface2_pairs/n000007_0076_01.jpg,/content/face_module/dataset_extractedfaces/vggface2_pairs/n000005_0080_01.jpg,vggface2_pairs,impersonation_attack,,GhostFaceNet,BPA_CNN,vanilla,0.183662861585617,
5,ArcFace,/content/face_module/dataset_extractedfaces/vggface2_pairs/n000004_0204_01.jpg,/content/face_module/dataset_extractedfaces/vggface2_pairs/n000002_0070_01.jpg,vggface2_pairs,impersonation_attack,,GhostFaceNet,BPA_CNN,vanilla,0.1021147146821022,
17,ArcFace,/content/face_module/dataset_extractedfaces/vggface2_pairs/n000016_0036_01.jpg,/content/face_module/dataset_extractedfaces/vggface2_pairs/n000012_0087_01.jpg,vggface2_pairs,impersonation_attack,,GhostFaceNet,BPA_CNN,vanilla,-0.032905638217926,
19,ArcFace,/content/face_module/dataset_extractedfaces/vggface2_pairs/n000007_0012_01.jpg,/content/face_module/dataset_extractedfaces/vggface2_pairs/n000008_0101_01.jpg,vggface2_pairs,impersonation_attack,,GhostFaceNet,BPA_CNN,vanilla,0.1123559102416038,
21,ArcFace,/content/face_module/dataset_extractedfaces/vggface2_pairs/n000012_0183_01.jpg,/content/face_module/dataset_extractedfaces/vggface2_pairs/n000014_0113_01.jpg,vggface2_pairs,impersonation_attack,,GhostFaceNet,BPA_CNN,vanilla,0.2760763168334961,
6,ArcFace,/content/face_module/dataset_extractedfaces/lfw_pairs/Luiz Inacio Lula da Silva_7.jpg,/content/face_module/dataset_extractedfaces/lfw_pairs/Luiz Inacio Lula da Silva_8.jpg,lfw_pairs,dodging_attack,,GhostFaceNet,BPA_CNN,vanilla,0.3402310013771057,
9,ArcFace,/content/face_module/dataset_extractedfaces/lfw_pairs/Colin Powell_75.jpg,/content/face_module/dataset_extractedfaces/lfw_pairs/Colin Powell_76.jpg,lfw_pairs,dodging_attack,,GhostFaceNet,BPA_CNN,vanilla,0.1420775055885315,
15,ArcFace,/content/face_module/dataset_extractedfaces/lfw_pairs/George W Bush_518.jpg,/content/face_module/dataset_extractedfaces/lfw_pairs/George W Bush_519.jpg,lfw_pairs,dodging_attack,,GhostFaceNet,BPA_CNN,vanilla,0.1730344593524933,
16,ArcFace,/content/face_module/dataset_extractedfaces/lfw_pairs/Colin Powell_24.jpg,/content/face_module/dataset_extractedfaces/lfw_pairs/Colin Powell_25.jpg,lfw_pairs,dodging_attack,,GhostFaceNet,BPA_CNN,vanilla,-0.0340373627841472,
23,ArcFace,/content/face_module/dataset_extractedfaces/lfw_pairs/Tom Daschle_5.jpg,/content/face_module/dataset_extractedfaces/lfw_pairs/Tom Daschle_6.jpg,lfw_pairs,dodging_attack,,GhostFaceNet,BPA_CNN,vanilla,0.2835261225700378,
18,ArcFace,/content/face_module/dataset_extractedfaces/celeba_pairs/092809.jpg,/content/face_module/dataset_extractedfaces/celeba_pairs/108708.jpg,celeba_pairs,dodging_attack,,GhostFaceNet,BPA_CNN,vanilla,0.224461629986763,
27,ArcFace,/content/face_module/dataset_extractedfaces/celeba_pairs/023869.jpg,/content/face_module/dataset_extractedfaces/celeba_pairs/024923.jpg,celeba_pairs,dodging_attack,,GhostFaceNet,BPA_CNN,vanilla,0.154635950922966,
28,ArcFace,/content/face_module/dataset_extractedfaces/celeba_pairs/130980.jpg,/content/face_module/dataset_extractedfaces/celeba_pairs/147767.jpg,celeba_pairs,dodging_attack,,GhostFaceNet,BPA_CNN,vanilla,0.3119800686836242,
1,ArcFace,/content/face_module/dataset_extractedfaces/vggface2_pairs/n000007_0113_01.jpg,/content/face_module/dataset_extractedfaces/vggface2_pairs/n000007_0122_01.jpg,vggface2_pairs,dodging_attack,,GhostFaceNet,BPA_CNN,vanilla,0.2767070829868316,
4,ArcFace,/content/face_module/dataset_extractedfaces/vggface2_pairs/n000008_0256_01.jpg,/content/face_module/dataset_extractedfaces/vggface2_pairs/n000008_0348_01.jpg,vggface2_pairs,dodging_attack,,GhostFaceNet,BPA_CNN,vanilla,0.0461004227399826,
7,ArcFace,/content/face_module/dataset_extractedfaces/vggface2_pairs/n000010_0058_01.jpg,/content/face_module/dataset_extractedfaces/vggface2_pairs/n000010_0081_01.jpg,vggface2_pairs,dodging_attack,,GhostFaceNet,BPA_CNN,vanilla,0.1500024497509002,
10,ArcFace,/content/face_module/dataset_extractedfaces/vggface2_pairs/n000005_0022_01.jpg,/content/face_module/dataset_extractedfaces/vggface2_pairs/n000005_0076_01.jpg,vggface2_pairs,dodging_attack,,GhostFaceNet,BPA_CNN,vanilla,0.2400708049535751,
11,ArcFace,/content/face_module/dataset_extractedfaces/vggface2_pairs/n000007_0176_01.jpg,/content/face_module/dataset_extractedfaces/vggface2_pairs/n000007_0335_03.jpg,vggface2_pairs,dodging_attack,,GhostFaceNet,BPA_CNN,vanilla,0.151454672217369,
0,VGG-Face,/content/face_module/dataset_extractedfaces/lfw_pairs/Renee Zellweger_1.jpg,/content/face_module/dataset_extractedfaces/lfw_pairs/Catherine Deneuve_2.jpg,lfw_pairs,impersonation_attack,,GhostFaceNet,BPA_CNN,vanilla,0.1232877224683761,
2,VGG-Face,/content/face_module/dataset_extractedfaces/celeba_pairs/107859.jpg,/content/face_module/dataset_extractedfaces/celeba_pairs/031892.jpg,celeba_pairs,impersonation_attack,,GhostFaceNet,BPA_CNN,vanilla,0.1314731836318969,
8,VGG-Face,/content/face_module/dataset_extractedfaces/celeba_pairs/023666.jpg,/content/face_module/dataset_extractedfaces/celeba_pairs/010959.jpg,celeba_pairs,impersonation_attack,,GhostFaceNet,BPA_CNN,vanilla,0.1572130173444748,
12,VGG-Face,/content/face_module/dataset_extractedfaces/celeba_pairs/003089.jpg,/content/face_module/dataset_extractedfaces/celeba_pairs/016966.jpg,celeba_pairs,impersonation_attack,,GhostFaceNet,BPA_CNN,vanilla,0.0445251278579235,
26,VGG-Face,/content/face_module/dataset_extractedfaces/celeba_pairs/113117.jpg,/content/face_module/dataset_extractedfaces/celeba_pairs/129449.jpg,celeba_pairs,impersonation_attack,,GhostFaceNet,BPA_CNN,vanilla,0.091032288968563,
3,VGG-Face,/content/face_module/dataset_extractedfaces/vggface2_pairs/n000007_0076_01.jpg,/content/face_module/dataset_extractedfaces/vggface2_pairs/n000005_0080_01.jpg,vggface2_pairs,impersonation_attack,,GhostFaceNet,BPA_CNN,vanilla,0.1765328645706176,
5,VGG-Face,/content/face_module/dataset_extractedfaces/vggface2_pairs/n000004_0204_01.jpg,/content/face_module/dataset_extractedfaces/vggface2_pairs/n000002_0070_01.jpg,vggface2_pairs,impersonation_attack,,GhostFaceNet,BPA_CNN,vanilla,0.147496223449707,
17,VGG-Face,/content/face_module/dataset_extractedfaces/vggface2_pairs/n000016_0036_01.jpg,/content/face_module/dataset_extractedfaces/vggface2_pairs/n000012_0087_01.jpg,vggface2_pairs,impersonation_attack,,GhostFaceNet,BPA_CNN,vanilla,0.0307780429720878,
19,VGG-Face,/content/face_module/dataset_extractedfaces/vggface2_pairs/n000007_0012_01.jpg,/content/face_module/dataset_extractedfaces/vggface2_pairs/n000008_0101_01.jpg,vggface2_pairs,impersonation_attack,,GhostFaceNet,BPA_CNN,vanilla,0.098381221294403,
21,VGG-Face,/content/face_module/dataset_extractedfaces/vggface2_pairs/n000012_0183_01.jpg,/content/face_module/dataset_extractedfaces/vggface2_pairs/n000014_0113_01.jpg,vggface2_pairs,impersonation_attack,,GhostFaceNet,BPA_CNN,vanilla,0.1943906247615814,
6,VGG-Face,/content/face_module/dataset_extractedfaces/lfw_pairs/Luiz Inacio Lula da Silva_7.jpg,/content/face_module/dataset_extractedfaces/lfw_pairs/Luiz Inacio Lula da Silva_8.jpg,lfw_pairs,dodging_attack,,GhostFaceNet,BPA_CNN,vanilla,0.3512468636035919,
9,VGG-Face,/content/face_module/dataset_extractedfaces/lfw_pairs/Colin Powell_75.jpg,/content/face_module/dataset_extractedfaces/lfw_pairs/Colin Powell_76.jpg,lfw_pairs,dodging_attack,,GhostFaceNet,BPA_CNN,vanilla,0.2060478776693344,
15,VGG-Face,/content/face_module/dataset_extractedfaces/lfw_pairs/George W Bush_518.jpg,/content/face_module/dataset_extractedfaces/lfw_pairs/George W Bush_519.jpg,lfw_pairs,dodging_attack,,GhostFaceNet,BPA_CNN,vanilla,0.2664295136928558,
16,VGG-Face,/content/face_module/dataset_extractedfaces/lfw_pairs/Colin Powell_24.jpg,/content/face_module/dataset_extractedfaces/lfw_pairs/Colin Powell_25.jpg,lfw_pairs,dodging_attack,,GhostFaceNet,BPA_CNN,vanilla,-0.054881926625967,
23,VGG-Face,/content/face_module/dataset_extractedfaces/lfw_pairs/Tom Daschle_5.jpg,/content/face_module/dataset_extractedfaces/lfw_pairs/Tom Daschle_6.jpg,lfw_pairs,dodging_attack,,GhostFaceNet,BPA_CNN,vanilla,0.2547383904457092,
18,VGG-Face,/content/face_module/dataset_extractedfaces/celeba_pairs/092809.jpg,/content/face_module/dataset_extractedfaces/celeba_pairs/108708.jpg,celeba_pairs,dodging_attack,,GhostFaceNet,BPA_CNN,vanilla,0.2330103069543838,
27,VGG-Face,/content/face_module/dataset_extractedfaces/celeba_pairs/023869.jpg,/content/face_module/dataset_extractedfaces/celeba_pairs/024923.jpg,celeba_pairs,dodging_attack,,GhostFaceNet,BPA_CNN,vanilla,0.2444314956665039,
28,VGG-Face,/content/face_module/dataset_extractedfaces/celeba_pairs/130980.jpg,/content/face_module/dataset_extractedfaces/celeba_pairs/147767.jpg,celeba_pairs,dodging_attack,,GhostFaceNet,BPA_CNN,vanilla,0.401727020740509,
1,VGG-Face,/content/face_module/dataset_extractedfaces/vggface2_pairs/n000007_0113_01.jpg,/content/face_module/dataset_extractedfaces/vggface2_pairs/n000007_0122_01.jpg,vggface2_pairs,dodging_attack,,GhostFaceNet,BPA_CNN,vanilla,0.2303866595029831,
4,VGG-Face,/content/face_module/dataset_extractedfaces/vggface2_pairs/n000008_0256_01.jpg,/content/face_module/dataset_extractedfaces/vggface2_pairs/n000008_0348_01.jpg,vggface2_pairs,dodging_attack,,GhostFaceNet,BPA_CNN,vanilla,0.0555680282413959,
7,VGG-Face,/content/face_module/dataset_extractedfaces/vggface2_pairs/n000010_0058_01.jpg,/content/face_module/dataset_extractedfaces/vggface2_pairs/n000010_0081_01.jpg,vggface2_pairs,dodging_attack,,GhostFaceNet,BPA_CNN,vanilla,0.1665011346340179,
10,VGG-Face,/content/face_module/dataset_extractedfaces/vggface2_pairs/n000005_0022_01.jpg,/content/face_module/dataset_extractedfaces/vggface2_pairs/n000005_0076_01.jpg,vggface2_pairs,dodging_attack,,GhostFaceNet,BPA_CNN,vanilla,0.247433915734291,
11,VGG-Face,/content/face_module/dataset_extractedfaces/vggface2_pairs/n000007_0176_01.jpg,/content/face_module/dataset_extractedfaces/vggface2_pairs/n000007_0335_03.jpg,vggface2_pairs,dodging_attack,,GhostFaceNet,BPA_CNN,vanilla,0.1246351450681686,
0,Facenet512,/content/face_module/dataset_extractedfaces/lfw_pairs/Renee Zellweger_1.jpg,/content/face_module/dataset_extractedfaces/lfw_pairs/Catherine Deneuve_2.jpg,lfw_pairs,impersonation_attack,,VGG-Face,BPA_CNN,vanilla,0.3795264959335327,
2,Facenet512,/content/face_module/dataset_extractedfaces/celeba_pairs/107859.jpg,/content/face_module/dataset_extractedfaces/celeba_pairs/031892.jpg,celeba_pairs,impersonation_attack,,VGG-Face,BPA_CNN,vanilla,0.203881949186325,
8,Facenet512,/content/face_module/dataset_extractedfaces/celeba_pairs/023666.jpg,/content/face_module/dataset_extractedfaces/celeba_pairs/010959.jpg,celeba_pairs,impersonation_attack,,VGG-Face,BPA_CNN,vanilla,0.2090415060520172,
12,Facenet512,/content/face_module/dataset_extractedfaces/celeba_pairs/003089.jpg,/content/face_module/dataset_extractedfaces/celeba_pairs/016966.jpg,celeba_pairs,impersonation_attack,,VGG-Face,BPA_CNN,vanilla,0.1572353392839431,
26,Facenet512,/content/face_module/dataset_extractedfaces/celeba_pairs/113117.jpg,/content/face_module/dataset_extractedfaces/celeba_pairs/129449.jpg,celeba_pairs,impersonation_attack,,VGG-Face,BPA_CNN,vanilla,0.0505037643015384,
3,Facenet512,/content/face_module/dataset_extractedfaces/vggface2_pairs/n000007_0076_01.jpg,/content/face_module/dataset_extractedfaces/vggface2_pairs/n000005_0080_01.jpg,vggface2_pairs,impersonation_attack,,VGG-Face,BPA_CNN,vanilla,0.1248049512505531,
5,Facenet512,/content/face_module/dataset_extractedfaces/vggface2_pairs/n000004_0204_01.jpg,/content/face_module/dataset_extractedfaces/vggface2_pairs/n000002_0070_01.jpg,vggface2_pairs,impersonation_attack,,VGG-Face,BPA_CNN,vanilla,0.1162213608622551,
17,Facenet512,/content/face_module/dataset_extractedfaces/vggface2_pairs/n000016_0036_01.jpg,/content/face_module/dataset_extractedfaces/vggface2_pairs/n000012_0087_01.jpg,vggface2_pairs,impersonation_attack,,VGG-Face,BPA_CNN,vanilla,0.3058378994464874,
19,Facenet512,/content/face_module/dataset_extractedfaces/vggface2_pairs/n000007_0012_01.jpg,/content/face_module/dataset_extractedfaces/vggface2_pairs/n000008_0101_01.jpg,vggface2_pairs,impersonation_attack,,VGG-Face,BPA_CNN,vanilla,0.1572414338588714,
21,Facenet512,/content/face_module/dataset_extractedfaces/vggface2_pairs/n000012_0183_01.jpg,/content/face_module/dataset_extractedfaces/vggface2_pairs/n000014_0113_01.jpg,vggface2_pairs,impersonation_attack,,VGG-Face,BPA_CNN,vanilla,0.1320782303810119,
6,Facenet512,/content/face_module/dataset_extractedfaces/lfw_pairs/Luiz Inacio Lula da Silva_7.jpg,/content/face_module/dataset_extractedfaces/lfw_pairs/Luiz Inacio Lula da Silva_8.jpg,lfw_pairs,dodging_attack,,VGG-Face,BPA_CNN,vanilla,0.2914531230926513,
9,Facenet512,/content/face_module/dataset_extractedfaces/lfw_pairs/Colin Powell_75.jpg,/content/face_module/dataset_extractedfaces/lfw_pairs/Colin Powell_76.jpg,lfw_pairs,dodging_attack,,VGG-Face,BPA_CNN,vanilla,0.3029787838459015,
15,Facenet512,/content/face_module/dataset_extractedfaces/lfw_pairs/George W Bush_518.jpg,/content/face_module/dataset_extractedfaces/lfw_pairs/George W Bush_519.jpg,lfw_pairs,dodging_attack,,VGG-Face,BPA_CNN,vanilla,0.0994027182459831,
16,Facenet512,/content/face_module/dataset_extractedfaces/lfw_pairs/Colin Powell_24.jpg,/content/face_module/dataset_extractedfaces/lfw_pairs/Colin Powell_25.jpg,lfw_pairs,dodging_attack,,VGG-Face,BPA_CNN,vanilla,0.2751686871051788,
23,Facenet512,/content/face_module/dataset_extractedfaces/lfw_pairs/Tom Daschle_5.jpg,/content/face_module/dataset_extractedfaces/lfw_pairs/Tom Daschle_6.jpg,lfw_pairs,dodging_attack,,VGG-Face,BPA_CNN,vanilla,0.2621627449989319,
18,Facenet512,/content/face_module/dataset_extractedfaces/celeba_pairs/092809.jpg,/content/face_module/dataset_extractedfaces/celeba_pairs/108708.jpg,celeba_pairs,dodging_attack,,VGG-Face,BPA_CNN,vanilla,0.1874404996633529,
27,Facenet512,/content/face_module/dataset_extractedfaces/celeba_pairs/023869.jpg,/content/face_module/dataset_extractedfaces/celeba_pairs/024923.jpg,celeba_pairs,dodging_attack,,VGG-Face,BPA_CNN,vanilla,0.0994305238127708,
28,Facenet512,/content/face_module/dataset_extractedfaces/celeba_pairs/130980.jpg,/content/face_module/dataset_extractedfaces/celeba_pairs/147767.jpg,celeba_pairs,dodging_attack,,VGG-Face,BPA_CNN,vanilla,0.3719561100006103,
1,Facenet512,/content/face_module/dataset_extractedfaces/vggface2_pairs/n000007_0113_01.jpg,/content/face_module/dataset_extractedfaces/vggface2_pairs/n000007_0122_01.jpg,vggface2_pairs,dodging_attack,,VGG-Face,BPA_CNN,vanilla,0.1240997239947319,
4,Facenet512,/content/face_module/dataset_extractedfaces/vggface2_pairs/n000008_0256_01.jpg,/content/face_module/dataset_extractedfaces/vggface2_pairs/n000008_0348_01.jpg,vggface2_pairs,dodging_attack,,VGG-Face,BPA_CNN,vanilla,0.1100411862134933,
7,Facenet512,/content/face_module/dataset_extractedfaces/vggface2_pairs/n000010_0058_01.jpg,/content/face_module/dataset_extractedfaces/vggface2_pairs/n000010_0081_01.jpg,vggface2_pairs,dodging_attack,,VGG-Face,BPA_CNN,vanilla,0.1539825648069381,
10,Facenet512,/content/face_module/dataset_extractedfaces/vggface2_pairs/n000005_0022_01.jpg,/content/face_module/dataset_extractedfaces/vggface2_pairs/n000005_0076_01.jpg,vggface2_pairs,dodging_attack,,VGG-Face,BPA_CNN,vanilla,0.2173695862293243,
11,Facenet512,/content/face_module/dataset_extractedfaces/vggface2_pairs/n000007_0176_01.jpg,/content/face_module/dataset_extractedfaces/vggface2_pairs/n000007_0335_03.jpg,vggface2_pairs,dodging_attack,,VGG-Face,BPA_CNN,vanilla,0.1473154723644256,
0,ArcFace,/content/face_module/dataset_extractedfaces/lfw_pairs/Renee Zellweger_1.jpg,/content/face_module/dataset_extractedfaces/lfw_pairs/Catherine Deneuve_2.jpg,lfw_pairs,impersonation_attack,,VGG-Face,BPA_CNN,vanilla,0.3826931118965149,
2,ArcFace,/content/face_module/dataset_extractedfaces/celeba_pairs/107859.jpg,/content/face_module/dataset_extractedfaces/celeba_pairs/031892.jpg,celeba_pairs,impersonation_attack,,VGG-Face,BPA_CNN,vanilla,0.2198095768690109,
8,ArcFace,/content/face_module/dataset_extractedfaces/celeba_pairs/023666.jpg,/content/face_module/dataset_extractedfaces/celeba_pairs/010959.jpg,celeba_pairs,impersonation_attack,,VGG-Face,BPA_CNN,vanilla,0.1935972571372985,
12,ArcFace,/content/face_module/dataset_extractedfaces/celeba_pairs/003089.jpg,/content/face_module/dataset_extractedfaces/celeba_pairs/016966.jpg,celeba_pairs,impersonation_attack,,VGG-Face,BPA_CNN,vanilla,0.1181139051914215,
26,ArcFace,/content/face_module/dataset_extractedfaces/celeba_pairs/113117.jpg,/content/face_module/dataset_extractedfaces/celeba_pairs/129449.jpg,celeba_pairs,impersonation_attack,,VGG-Face,BPA_CNN,vanilla,0.0589352548122406,
3,ArcFace,/content/face_module/dataset_extractedfaces/vggface2_pairs/n000007_0076_01.jpg,/content/face_module/dataset_extractedfaces/vggface2_pairs/n000005_0080_01.jpg,vggface2_pairs,impersonation_attack,,VGG-Face,BPA_CNN,vanilla,0.1431942582130432,
5,ArcFace,/content/face_module/dataset_extractedfaces/vggface2_pairs/n000004_0204_01.jpg,/content/face_module/dataset_extractedfaces/vggface2_pairs/n000002_0070_01.jpg,vggface2_pairs,impersonation_attack,,VGG-Face,BPA_CNN,vanilla,0.0823899433016777,
17,ArcFace,/content/face_module/dataset_extractedfaces/vggface2_pairs/n000016_0036_01.jpg,/content/face_module/dataset_extractedfaces/vggface2_pairs/n000012_0087_01.jpg,vggface2_pairs,impersonation_attack,,VGG-Face,BPA_CNN,vanilla,0.3145174384117126,
19,ArcFace,/content/face_module/dataset_extractedfaces/vggface2_pairs/n000007_0012_01.jpg,/content/face_module/dataset_extractedfaces/vggface2_pairs/n000008_0101_01.jpg,vggface2_pairs,impersonation_attack,,VGG-Face,BPA_CNN,vanilla,0.1584827154874801,
21,ArcFace,/content/face_module/dataset_extractedfaces/vggface2_pairs/n000012_0183_01.jpg,/content/face_module/dataset_extractedfaces/vggface2_pairs/n000014_0113_01.jpg,vggface2_pairs,impersonation_attack,,VGG-Face,BPA_CNN,vanilla,0.1511706709861755,
6,ArcFace,/content/face_module/dataset_extractedfaces/lfw_pairs/Luiz Inacio Lula da Silva_7.jpg,/content/face_module/dataset_extractedfaces/lfw_pairs/Luiz Inacio Lula da Silva_8.jpg,lfw_pairs,dodging_attack,,VGG-Face,BPA_CNN,vanilla,0.3228074610233307,
9,ArcFace,/content/face_module/dataset_extractedfaces/lfw_pairs/Colin Powell_75.jpg,/content/face_module/dataset_extractedfaces/lfw_pairs/Colin Powell_76.jpg,lfw_pairs,dodging_attack,,VGG-Face,BPA_CNN,vanilla,0.3869985938072204,
15,ArcFace,/content/face_module/dataset_extractedfaces/lfw_pairs/George W Bush_518.jpg,/content/face_module/dataset_extractedfaces/lfw_pairs/George W Bush_519.jpg,lfw_pairs,dodging_attack,,VGG-Face,BPA_CNN,vanilla,0.1869900822639465,
16,ArcFace,/content/face_module/dataset_extractedfaces/lfw_pairs/Colin Powell_24.jpg,/content/face_module/dataset_extractedfaces/lfw_pairs/Colin Powell_25.jpg,lfw_pairs,dodging_attack,,VGG-Face,BPA_CNN,vanilla,0.3075164556503296,
23,ArcFace,/content/face_module/dataset_extractedfaces/lfw_pairs/Tom Daschle_5.jpg,/content/face_module/dataset_extractedfaces/lfw_pairs/Tom Daschle_6.jpg,lfw_pairs,dodging_attack,,VGG-Face,BPA_CNN,vanilla,0.4045841693878174,
18,ArcFace,/content/face_module/dataset_extractedfaces/celeba_pairs/092809.jpg,/content/face_module/dataset_extractedfaces/celeba_pairs/108708.jpg,celeba_pairs,dodging_attack,,VGG-Face,BPA_CNN,vanilla,0.2837238907814026,
27,ArcFace,/content/face_module/dataset_extractedfaces/celeba_pairs/023869.jpg,/content/face_module/dataset_extractedfaces/celeba_pairs/024923.jpg,celeba_pairs,dodging_attack,,VGG-Face,BPA_CNN,vanilla,0.2489211857318878,
28,ArcFace,/content/face_module/dataset_extractedfaces/celeba_pairs/130980.jpg,/content/face_module/dataset_extractedfaces/celeba_pairs/147767.jpg,celeba_pairs,dodging_attack,,VGG-Face,BPA_CNN,vanilla,0.5077844858169556,
1,ArcFace,/content/face_module/dataset_extractedfaces/vggface2_pairs/n000007_0113_01.jpg,/content/face_module/dataset_extractedfaces/vggface2_pairs/n000007_0122_01.jpg,vggface2_pairs,dodging_attack,,VGG-Face,BPA_CNN,vanilla,0.2287230938673019,
4,ArcFace,/content/face_module/dataset_extractedfaces/vggface2_pairs/n000008_0256_01.jpg,/content/face_module/dataset_extractedfaces/vggface2_pairs/n000008_0348_01.jpg,vggface2_pairs,dodging_attack,,VGG-Face,BPA_CNN,vanilla,0.1992738842964172,
7,ArcFace,/content/face_module/dataset_extractedfaces/vggface2_pairs/n000010_0058_01.jpg,/content/face_module/dataset_extractedfaces/vggface2_pairs/n000010_0081_01.jpg,vggface2_pairs,dodging_attack,,VGG-Face,BPA_CNN,vanilla,0.1700400561094284,
10,ArcFace,/content/face_module/dataset_extractedfaces/vggface2_pairs/n000005_0022_01.jpg,/content/face_module/dataset_extractedfaces/vggface2_pairs/n000005_0076_01.jpg,vggface2_pairs,dodging_attack,,VGG-Face,BPA_CNN,vanilla,0.3671537935733795,
11,ArcFace,/content/face_module/dataset_extractedfaces/vggface2_pairs/n000007_0176_01.jpg,/content/face_module/dataset_extractedfaces/vggface2_pairs/n000007_0335_03.jpg,vggface2_pairs,dodging_attack,,VGG-Face,BPA_CNN,vanilla,0.3600711822509765,
0,GhostFaceNet,/content/face_module/dataset_extractedfaces/lfw_pairs/Renee Zellweger_1.jpg,/content/face_module/dataset_extractedfaces/lfw_pairs/Catherine Deneuve_2.jpg,lfw_pairs,impersonation_attack,,VGG-Face,BPA_CNN,vanilla,0.1932540237903595,
2,GhostFaceNet,/content/face_module/dataset_extractedfaces/celeba_pairs/107859.jpg,/content/face_module/dataset_extractedfaces/celeba_pairs/031892.jpg,celeba_pairs,impersonation_attack,,VGG-Face,BPA_CNN,vanilla,0.1193805187940597,
8,GhostFaceNet,/content/face_module/dataset_extractedfaces/celeba_pairs/023666.jpg,/content/face_module/dataset_extractedfaces/celeba_pairs/010959.jpg,celeba_pairs,impersonation_attack,,VGG-Face,BPA_CNN,vanilla,0.1314262151718139,
12,GhostFaceNet,/content/face_module/dataset_extractedfaces/celeba_pairs/003089.jpg,/content/face_module/dataset_extractedfaces/celeba_pairs/016966.jpg,celeba_pairs,impersonation_attack,,VGG-Face,BPA_CNN,vanilla,0.0745973736047744,
26,GhostFaceNet,/content/face_module/dataset_extractedfaces/celeba_pairs/113117.jpg,/content/face_module/dataset_extractedfaces/celeba_pairs/129449.jpg,celeba_pairs,impersonation_attack,,VGG-Face,BPA_CNN,vanilla,0.0243956316262483,
3,GhostFaceNet,/content/face_module/dataset_extractedfaces/vggface2_pairs/n000007_0076_01.jpg,/content/face_module/dataset_extractedfaces/vggface2_pairs/n000005_0080_01.jpg,vggface2_pairs,impersonation_attack,,VGG-Face,BPA_CNN,vanilla,0.1076070964336395,
5,GhostFaceNet,/content/face_module/dataset_extractedfaces/vggface2_pairs/n000004_0204_01.jpg,/content/face_module/dataset_extractedfaces/vggface2_pairs/n000002_0070_01.jpg,vggface2_pairs,impersonation_attack,,VGG-Face,BPA_CNN,vanilla,0.094137854874134,
17,GhostFaceNet,/content/face_module/dataset_extractedfaces/vggface2_pairs/n000016_0036_01.jpg,/content/face_module/dataset_extractedfaces/vggface2_pairs/n000012_0087_01.jpg,vggface2_pairs,impersonation_attack,,VGG-Face,BPA_CNN,vanilla,0.1655427068471908,
19,GhostFaceNet,/content/face_module/dataset_extractedfaces/vggface2_pairs/n000007_0012_01.jpg,/content/face_module/dataset_extractedfaces/vggface2_pairs/n000008_0101_01.jpg,vggface2_pairs,impersonation_attack,,VGG-Face,BPA_CNN,vanilla,0.0825472399592399,
21,GhostFaceNet,/content/face_module/dataset_extractedfaces/vggface2_pairs/n000012_0183_01.jpg,/content/face_module/dataset_extractedfaces/vggface2_pairs/n000014_0113_01.jpg,vggface2_pairs,impersonation_attack,,VGG-Face,BPA_CNN,vanilla,0.089368924498558,
6,GhostFaceNet,/content/face_module/dataset_extractedfaces/lfw_pairs/Luiz Inacio Lula da Silva_7.jpg,/content/face_module/dataset_extractedfaces/lfw_pairs/Luiz Inacio Lula da Silva_8.jpg,lfw_pairs,dodging_attack,,VGG-Face,BPA_CNN,vanilla,0.5243393778800964,
9,GhostFaceNet,/content/face_module/dataset_extractedfaces/lfw_pairs/Colin Powell_75.jpg,/content/face_module/dataset_extractedfaces/lfw_pairs/Colin Powell_76.jpg,lfw_pairs,dodging_attack,,VGG-Face,BPA_CNN,vanilla,0.4819143712520599,
15,GhostFaceNet,/content/face_module/dataset_extractedfaces/lfw_pairs/George W Bush_518.jpg,/content/face_module/dataset_extractedfaces/lfw_pairs/George W Bush_519.jpg,lfw_pairs,dodging_attack,,VGG-Face,BPA_CNN,vanilla,0.4047189950942993,
16,GhostFaceNet,/content/face_module/dataset_extractedfaces/lfw_pairs/Colin Powell_24.jpg,/content/face_module/dataset_extractedfaces/lfw_pairs/Colin Powell_25.jpg,lfw_pairs,dodging_attack,,VGG-Face,BPA_CNN,vanilla,0.4347304105758667,
23,GhostFaceNet,/content/face_module/dataset_extractedfaces/lfw_pairs/Tom Daschle_5.jpg,/content/face_module/dataset_extractedfaces/lfw_pairs/Tom Daschle_6.jpg,lfw_pairs,dodging_attack,,VGG-Face,BPA_CNN,vanilla,0.4568329751491546,
18,GhostFaceNet,/content/face_module/dataset_extractedfaces/celeba_pairs/092809.jpg,/content/face_module/dataset_extractedfaces/celeba_pairs/108708.jpg,celeba_pairs,dodging_attack,,VGG-Face,BPA_CNN,vanilla,0.303179383277893,
27,GhostFaceNet,/content/face_module/dataset_extractedfaces/celeba_pairs/023869.jpg,/content/face_module/dataset_extractedfaces/celeba_pairs/024923.jpg,celeba_pairs,dodging_attack,,VGG-Face,BPA_CNN,vanilla,0.3143118023872375,
28,GhostFaceNet,/content/face_module/dataset_extractedfaces/celeba_pairs/130980.jpg,/content/face_module/dataset_extractedfaces/celeba_pairs/147767.jpg,celeba_pairs,dodging_attack,,VGG-Face,BPA_CNN,vanilla,0.4878988564014435,
1,GhostFaceNet,/content/face_module/dataset_extractedfaces/vggface2_pairs/n000007_0113_01.jpg,/content/face_module/dataset_extractedfaces/vggface2_pairs/n000007_0122_01.jpg,vggface2_pairs,dodging_attack,,VGG-Face,BPA_CNN,vanilla,0.4152697324752807,
4,GhostFaceNet,/content/face_module/dataset_extractedfaces/vggface2_pairs/n000008_0256_01.jpg,/content/face_module/dataset_extractedfaces/vggface2_pairs/n000008_0348_01.jpg,vggface2_pairs,dodging_attack,,VGG-Face,BPA_CNN,vanilla,0.1789982914924621,
7,GhostFaceNet,/content/face_module/dataset_extractedfaces/vggface2_pairs/n000010_0058_01.jpg,/content/face_module/dataset_extractedfaces/vggface2_pairs/n000010_0081_01.jpg,vggface2_pairs,dodging_attack,,VGG-Face,BPA_CNN,vanilla,0.1740492284297943,
10,GhostFaceNet,/content/face_module/dataset_extractedfaces/vggface2_pairs/n000005_0022_01.jpg,/content/face_module/dataset_extractedfaces/vggface2_pairs/n000005_0076_01.jpg,vggface2_pairs,dodging_attack,,VGG-Face,BPA_CNN,vanilla,0.4087337553501129,
11,GhostFaceNet,/content/face_module/dataset_extractedfaces/vggface2_pairs/n000007_0176_01.jpg,/content/face_module/dataset_extractedfaces/vggface2_pairs/n000007_0335_03.jpg,vggface2_pairs,dodging_attack,,VGG-Face,BPA_CNN,vanilla,0.3748227953910827,
