row_id,attacker_model,img1,img2,dataset,attack_type,source_csv,victim_model,attack_method,variant,similarity,source_column
0,ArcFace,/content/face_module/dataset_extractedfaces/lfw_pairs/Renee Zellweger_1.jpg,/content/face_module/dataset_extractedfaces/lfw_pairs/Catherine Deneuve_2.jpg,lfw_pairs,impersonation_attack,eval,Facenet512,clean,clean,0.203782856464386,Facenet512_clean
0,Facenet512,/content/face_module/dataset_extractedfaces/lfw_pairs/Renee Zellweger_1.jpg,/content/face_module/dataset_extractedfaces/lfw_pairs/Catherine Deneuve_2.jpg,lfw_pairs,impersonation_attack,eval,Facenet512,clean,clean,0.203782856464386,Facenet512_clean
0,GhostFaceNet,/content/face_module/dataset_extractedfaces/lfw_pairs/Renee Zellweger_1.jpg,/content/face_module/dataset_extractedfaces/lfw_pairs/Catherine Deneuve_2.jpg,lfw_pairs,impersonation_attack,eval,Facenet512,clean,clean,0.203782856464386,Facenet512_clean
0,VGG-Face,/content/face_module/dataset_extractedfaces/lfw_pairs/Renee Zellweger_1.jpg,/content/face_module/dataset_extractedfaces/lfw_pairs/Catherine Deneuve_2.jpg,lfw_pairs,impersonation_attack,eval,Facenet512,clean,clean,0.203782856464386,Facenet512_clean
0,ArcFace,/content/face_module/dataset_extractedfaces/lfw_pairs/Renee Zellweger_1.jpg,/content/face_module/dataset_extractedfaces/lfw_pairs/Catherine Deneuve_2.jpg,lfw_pairs,impersonation_attack,eval,Facenet512,BPA_CNN,vanilla,0.7181203365325928,Facenet512_BPA_CNN_adv
0,GhostFaceNet,/content/face_module/dataset_extractedfaces/lfw_pairs/Renee Zellweger_1.jpg,/content/face_module/dataset_extractedfaces/lfw_pairs/Catherine Deneuve_2.jpg,lfw_pairs,impersonation_attack,eval,Facenet512,BPA_CNN,vanilla,0.2357551157474517,Facenet512_BPA_CNN_adv
0,VGG-Face,/content/face_module/dataset_extractedfaces/lfw_pairs/Renee Zellweger_1.jpg,/content/face_module/dataset_extractedfaces/lfw_pairs/Catherine Deneuve_2.jpg,lfw_pairs,impersonation_attack,eval,Facenet512,BPA_CNN,vanilla,0.6861817240715027,Facenet512_BPA_CNN_adv
32,ArcFace,/content/face_module/dataset_extractedfaces/lfw_pairs/Donald Rumsfeld_105.jpg,/content/face_module/dataset_extractedfaces/lfw_pairs/Paul Burrell_11.jpg,lfw_pairs,impersonation_attack,eval,Facenet512,clean,clean,0.0512039475142955,Facenet512_clean
32,Facenet512,/content/face_module/dataset_extractedfaces/lfw_pairs/Donald Rumsfeld_105.jpg,/content/face_module/dataset_extractedfaces/lfw_pairs/Paul Burrell_11.jpg,lfw_pairs,impersonation_attack,eval,Facenet512,clean,clean,0.0512039475142955,Facenet512_clean
32,GhostFaceNet,/content/face_module/dataset_extractedfaces/lfw_pairs/Donald Rumsfeld_105.jpg,/content/face_module/dataset_extractedfaces/lfw_pairs/Paul Burrell_11.jpg,lfw_pairs,impersonation_attack,eval,Facenet512,clean,clean,0.0512039475142955,Facenet512_clean
32,VGG-Face,/content/face_module/dataset_extractedfaces/lfw_pairs/Donald Rumsfeld_105.jpg,/content/face_module/dataset_extractedfaces/lfw_pairs/Paul Burrell_11.jpg,lfw_pairs,impersonation_attack,eval,Facenet512,clean,clean,0.0512039475142955,Facenet512_clean
32,ArcFace,/content/face_module/dataset_extractedfaces/lfw_pairs/Donald Rumsfeld_105.jpg,/content/face_module/dataset_extractedfaces/lfw_pairs/Paul Burrell_11.jpg,lfw_pairs,impersonation_attack,eval,Facenet512,BPA_CNN,vanilla,0.5344220995903015,Facenet512_BPA_CNN_adv
32,GhostFaceNet,/content/face_module/dataset_extractedfaces/lfw_pairs/Donald Rumsfeld_105.jpg,/content/face_module/dataset_extractedfaces/lfw_pairs/Paul Burrell_11.jpg,lfw_pairs,impersonation_attack,eval,Facenet512,BPA_CNN,vanilla,0.2225020229816436,Facenet512_BPA_CNN_adv
32,VGG-Face,/content/face_module/dataset_extractedfaces/lfw_pairs/Donald Rumsfeld_105.jpg,/content/face_module/dataset_extractedfaces/lfw_pairs/Paul Burrell_11.jpg,lfw_pairs,impersonation_attack,eval,Facenet512,BPA_CNN,vanilla,0.4979760348796844,Facenet512_BPA_CNN_adv
48,ArcFace,/content/face_module/dataset_extractedfaces/lfw_pairs/Renee Zellweger_14.jpg,/content/face_module/dataset_extractedfaces/lfw_pairs/Venus Williams_9.jpg,lfw_pairs,impersonation_attack,eval,Facenet512,clean,clean,-0.15889273583889,Facenet512_clean
48,Facenet512,/content/face_module/dataset_extractedfaces/lfw_pairs/Renee Zellweger_14.jpg,/content/face_module/dataset_extractedfaces/lfw_pairs/Venus Williams_9.jpg,lfw_pairs,impersonation_attack,eval,Facenet512,clean,clean,-0.15889273583889,Facenet512_clean
48,GhostFaceNet,/content/face_module/dataset_extractedfaces/lfw_pairs/Renee Zellweger_14.jpg,/content/face_module/dataset_extractedfaces/lfw_pairs/Venus Williams_9.jpg,lfw_pairs,impersonation_attack,eval,Facenet512,clean,clean,-0.15889273583889,Facenet512_clean
48,VGG-Face,/content/face_module/dataset_extractedfaces/lfw_pairs/Renee Zellweger_14.jpg,/content/face_module/dataset_extractedfaces/lfw_pairs/Venus Williams_9.jpg,lfw_pairs,impersonation_attack,eval,Facenet512,clean,clean,-0.15889273583889,Facenet512_clean
48,ArcFace,/content/face_module/dataset_extractedfaces/lfw_pairs/Renee Zellweger_14.jpg,/content/face_module/dataset_extractedfaces/lfw_pairs/Venus Williams_9.jpg,lfw_pairs,impersonation_attack,eval,Facenet512,BPA_CNN,vanilla,0.0815643519163131,Facenet512_BPA_CNN_adv
48,GhostFaceNet,/content/face_module/dataset_extractedfaces/lfw_pairs/Renee Zellweger_14.jpg,/content/face_module/dataset_extractedfaces/lfw_pairs/Venus Williams_9.jpg,lfw_pairs,impersonation_attack,eval,Facenet512,BPA_CNN,vanilla,-0.1667542159557342,Facenet512_BPA_CNN_adv
48,VGG-Face,/content/face_module/dataset_extractedfaces/lfw_pairs/Renee Zellweger_14.jpg,/content/face_module/dataset_extractedfaces/lfw_pairs/Venus Williams_9.jpg,lfw_pairs,impersonation_attack,eval,Facenet512,BPA_CNN,vanilla,0.1370520740747451,Facenet512_BPA_CNN_adv
57,ArcFace,/content/face_module/dataset_extractedfaces/lfw_pairs/Mike Weir_10.jpg,/content/face_module/dataset_extractedfaces/lfw_pairs/Luis Horna_2.jpg,lfw_pairs,impersonation_attack,eval,Facenet512,clean,clean,0.1256767809391021,Facenet512_clean
57,Facenet512,/content/face_module/dataset_extractedfaces/lfw_pairs/Mike Weir_10.jpg,/content/face_module/dataset_extractedfaces/lfw_pairs/Luis Horna_2.jpg,lfw_pairs,impersonation_attack,eval,Facenet512,clean,clean,0.1256767809391021,Facenet512_clean
57,GhostFaceNet,/content/face_module/dataset_extractedfaces/lfw_pairs/Mike Weir_10.jpg,/content/face_module/dataset_extractedfaces/lfw_pairs/Luis Horna_2.jpg,lfw_pairs,impersonation_attack,eval,Facenet512,clean,clean,0.1256767809391021,Facenet512_clean
57,VGG-Face,/content/face_module/dataset_extractedfaces/lfw_pairs/Mike Weir_10.jpg,/content/face_module/dataset_extractedfaces/lfw_pairs/Luis Horna_2.jpg,lfw_pairs,impersonation_attack,eval,Facenet512,clean,clean,0.1256767809391021,Facenet512_clean
57,ArcFace,/content/face_module/dataset_extractedfaces/lfw_pairs/Mike Weir_10.jpg,/content/face_module/dataset_extractedfaces/lfw_pairs/Luis Horna_2.jpg,lfw_pairs,impersonation_attack,eval,Facenet512,BPA_CNN,vanilla,0.4007537066936493,Facenet512_BPA_CNN_adv
57,GhostFaceNet,/content/face_module/dataset_extractedfaces/lfw_pairs/Mike Weir_10.jpg,/content/face_module/dataset_extractedfaces/lfw_pairs/Luis Horna_2.jpg,lfw_pairs,impersonation_attack,eval,Facenet512,BPA_CNN,vanilla,0.3132613599300384,Facenet512_BPA_CNN_adv
57,VGG-Face,/content/face_module/dataset_extractedfaces/lfw_pairs/Mike Weir_10.jpg,/content/face_module/dataset_extractedfaces/lfw_pairs/Luis Horna_2.jpg,lfw_pairs,impersonation_attack,eval,Facenet512,BPA_CNN,vanilla,0.5290853381156921,Facenet512_BPA_CNN_adv
60,ArcFace,/content/face_module/dataset_extractedfaces/lfw_pairs/Jason Kidd_9.jpg,/content/face_module/dataset_extractedfaces/lfw_pairs/Luiz Inacio Lula da Silva_22.jpg,lfw_pairs,impersonation_attack,eval,Facenet512,clean,clean,0.1686833798885345,Facenet512_clean
60,Facenet512,/content/face_module/dataset_extractedfaces/lfw_pairs/Jason Kidd_9.jpg,/content/face_module/dataset_extractedfaces/lfw_pairs/Luiz Inacio Lula da Silva_22.jpg,lfw_pairs,impersonation_attack,eval,Facenet512,clean,clean,0.1686833798885345,Facenet512_clean
60,GhostFaceNet,/content/face_module/dataset_extractedfaces/lfw_pairs/Jason Kidd_9.jpg,/content/face_module/dataset_extractedfaces/lfw_pairs/Luiz Inacio Lula da Silva_22.jpg,lfw_pairs,impersonation_attack,eval,Facenet512,clean,clean,0.1686833798885345,Facenet512_clean
60,VGG-Face,/content/face_module/dataset_extractedfaces/lfw_pairs/Jason Kidd_9.jpg,/content/face_module/dataset_extractedfaces/lfw_pairs/Luiz Inacio Lula da Silva_22.jpg,lfw_pairs,impersonation_attack,eval,Facenet512,clean,clean,0.1686833798885345,Facenet512_clean
60,ArcFace,/content/face_module/dataset_extractedfaces/lfw_pairs/Jason Kidd_9.jpg,/content/face_module/dataset_extractedfaces/lfw_pairs/Luiz Inacio Lula da Silva_22.jpg,lfw_pairs,impersonation_attack,eval,Facenet512,BPA_CNN,vanilla,0.4359757304191589,Facenet512_BPA_CNN_adv
60,GhostFaceNet,/content/face_module/dataset_extractedfaces/lfw_pairs/Jason Kidd_9.jpg,/content/face_module/dataset_extractedfaces/lfw_pairs/Luiz Inacio Lula da Silva_22.jpg,lfw_pairs,impersonation_attack,eval,Facenet512,BPA_CNN,vanilla,0.3327473104000091,Facenet512_BPA_CNN_adv
60,VGG-Face,/content/face_module/dataset_extractedfaces/lfw_pairs/Jason Kidd_9.jpg,/content/face_module/dataset_extractedfaces/lfw_pairs/Luiz Inacio Lula da Silva_22.jpg,lfw_pairs,impersonation_attack,eval,Facenet512,BPA_CNN,vanilla,0.679176926612854,Facenet512_BPA_CNN_adv
2,ArcFace,/content/face_module/dataset_extractedfaces/celeba_pairs/107859.jpg,/content/face_module/dataset_extractedfaces/celeba_pairs/031892.jpg,celeba_pairs,impersonation_attack,eval,Facenet512,clean,clean,0.0810721218585968,Facenet512_clean
2,Facenet512,/content/face_module/dataset_extractedfaces/celeba_pairs/107859.jpg,/content/face_module/dataset_extractedfaces/celeba_pairs/031892.jpg,celeba_pairs,impersonation_attack,eval,Facenet512,clean,clean,0.0810721218585968,Facenet512_clean
2,GhostFaceNet,/content/face_module/dataset_extractedfaces/celeba_pairs/107859.jpg,/content/face_module/dataset_extractedfaces/celeba_pairs/031892.jpg,celeba_pairs,impersonation_attack,eval,Facenet512,clean,clean,0.0810721218585968,Facenet512_clean
2,VGG-Face,/content/face_module/dataset_extractedfaces/celeba_pairs/107859.jpg,/content/face_module/dataset_extractedfaces/celeba_pairs/031892.jpg,celeba_pairs,impersonation_attack,eval,Facenet512,clean,clean,0.0810721218585968,Facenet512_clean
2,ArcFace,/content/face_module/dataset_extractedfaces/celeba_pairs/107859.jpg,/content/face_module/dataset_extractedfaces/celeba_pairs/031892.jpg,celeba_pairs,impersonation_attack,eval,Facenet512,BPA_CNN,vanilla,0.314848780632019,Facenet512_BPA_CNN_adv
2,GhostFaceNet,/content/face_module/dataset_extractedfaces/celeba_pairs/107859.jpg,/content/face_module/dataset_extractedfaces/celeba_pairs/031892.jpg,celeba_pairs,impersonation_attack,eval,Facenet512,BPA_CNN,vanilla,0.1581742316484451,Facenet512_BPA_CNN_adv
2,VGG-Face,/content/face_module/dataset_extractedfaces/celeba_pairs/107859.jpg,/content/face_module/dataset_extractedfaces/celeba_pairs/031892.jpg,celeba_pairs,impersonation_attack,eval,Facenet512,BPA_CNN,vanilla,0.5671765208244324,Facenet512_BPA_CNN_adv
8,ArcFace,/content/face_module/dataset_extractedfaces/celeba_pairs/023666.jpg,/content/face_module/dataset_extractedfaces/celeba_pairs/010959.jpg,celeba_pairs,impersonation_attack,eval,Facenet512,clean,clean,-0.2507399916648865,Facenet512_clean
8,Facenet512,/content/face_module/dataset_extractedfaces/celeba_pairs/023666.jpg,/content/face_module/dataset_extractedfaces/celeba_pairs/010959.jpg,celeba_pairs,impersonation_attack,eval,Facenet512,clean,clean,-0.2507399916648865,Facenet512_clean
8,GhostFaceNet,/content/face_module/dataset_extractedfaces/celeba_pairs/023666.jpg,/content/face_module/dataset_extractedfaces/celeba_pairs/010959.jpg,celeba_pairs,impersonation_attack,eval,Facenet512,clean,clean,-0.2507399916648865,Facenet512_clean
8,VGG-Face,/content/face_module/dataset_extractedfaces/celeba_pairs/023666.jpg,/content/face_module/dataset_extractedfaces/celeba_pairs/010959.jpg,celeba_pairs,impersonation_attack,eval,Facenet512,clean,clean,-0.2507399916648865,Facenet512_clean
8,ArcFace,/content/face_module/dataset_extractedfaces/celeba_pairs/023666.jpg,/content/face_module/dataset_extractedfaces/celeba_pairs/010959.jpg,celeba_pairs,impersonation_attack,eval,Facenet512,BPA_CNN,vanilla,0.1087369248270988,Facenet512_BPA_CNN_adv
8,GhostFaceNet,/content/face_module/dataset_extractedfaces/celeba_pairs/023666.jpg,/content/face_module/dataset_extractedfaces/celeba_pairs/010959.jpg,celeba_pairs,impersonation_attack,eval,Facenet512,BPA_CNN,vanilla,0.1915750056505203,Facenet512_BPA_CNN_adv
8,VGG-Face,/content/face_module/dataset_extractedfaces/celeba_pairs/023666.jpg,/content/face_module/dataset_extractedfaces/celeba_pairs/010959.jpg,celeba_pairs,impersonation_attack,eval,Facenet512,BPA_CNN,vanilla,0.1948231160640716,Facenet512_BPA_CNN_adv
12,ArcFace,/content/face_module/dataset_extractedfaces/celeba_pairs/003089.jpg,/content/face_module/dataset_extractedfaces/celeba_pairs/016966.jpg,celeba_pairs,impersonation_attack,eval,Facenet512,clean,clean,0.0975425988435745,Facenet512_clean
12,Facenet512,/content/face_module/dataset_extractedfaces/celeba_pairs/003089.jpg,/content/face_module/dataset_extractedfaces/celeba_pairs/016966.jpg,celeba_pairs,impersonation_attack,eval,Facenet512,clean,clean,0.0975425988435745,Facenet512_clean
12,GhostFaceNet,/content/face_module/dataset_extractedfaces/celeba_pairs/003089.jpg,/content/face_module/dataset_extractedfaces/celeba_pairs/016966.jpg,celeba_pairs,impersonation_attack,eval,Facenet512,clean,clean,0.0975425988435745,Facenet512_clean
12,VGG-Face,/content/face_module/dataset_extractedfaces/celeba_pairs/003089.jpg,/content/face_module/dataset_extractedfaces/celeba_pairs/016966.jpg,celeba_pairs,impersonation_attack,eval,Facenet512,clean,clean,0.0975425988435745,Facenet512_clean
12,ArcFace,/content/face_module/dataset_extractedfaces/celeba_pairs/003089.jpg,/content/face_module/dataset_extractedfaces/celeba_pairs/016966.jpg,celeba_pairs,impersonation_attack,eval,Facenet512,BPA_CNN,vanilla,0.1635604500770568,Facenet512_BPA_CNN_adv
12,GhostFaceNet,/content/face_module/dataset_extractedfaces/celeba_pairs/003089.jpg,/content/face_module/dataset_extractedfaces/celeba_pairs/016966.jpg,celeba_pairs,impersonation_attack,eval,Facenet512,BPA_CNN,vanilla,0.2122257947921753,Facenet512_BPA_CNN_adv
12,VGG-Face,/content/face_module/dataset_extractedfaces/celeba_pairs/003089.jpg,/content/face_module/dataset_extractedfaces/celeba_pairs/016966.jpg,celeba_pairs,impersonation_attack,eval,Facenet512,BPA_CNN,vanilla,0.3670115172863006,Facenet512_BPA_CNN_adv
26,ArcFace,/content/face_module/dataset_extractedfaces/celeba_pairs/113117.jpg,/content/face_module/dataset_extractedfaces/celeba_pairs/129449.jpg,celeba_pairs,impersonation_attack,eval,Facenet512,clean,clean,-0.2090156823396682,Facenet512_clean
26,Facenet512,/content/face_module/dataset_extractedfaces/celeba_pairs/113117.jpg,/content/face_module/dataset_extractedfaces/celeba_pairs/129449.jpg,celeba_pairs,impersonation_attack,eval,Facenet512,clean,clean,-0.2090156823396682,Facenet512_clean
26,GhostFaceNet,/content/face_module/dataset_extractedfaces/celeba_pairs/113117.jpg,/content/face_module/dataset_extractedfaces/celeba_pairs/129449.jpg,celeba_pairs,impersonation_attack,eval,Facenet512,clean,clean,-0.2090156823396682,Facenet512_clean
26,VGG-Face,/content/face_module/dataset_extractedfaces/celeba_pairs/113117.jpg,/content/face_module/dataset_extractedfaces/celeba_pairs/129449.jpg,celeba_pairs,impersonation_attack,eval,Facenet512,clean,clean,-0.2090156823396682,Facenet512_clean
26,ArcFace,/content/face_module/dataset_extractedfaces/celeba_pairs/113117.jpg,/content/face_module/dataset_extractedfaces/celeba_pairs/129449.jpg,celeba_pairs,impersonation_attack,eval,Facenet512,BPA_CNN,vanilla,-0.0217341091483831,Facenet512_BPA_CNN_adv
26,GhostFaceNet,/content/face_module/dataset_extractedfaces/celeba_pairs/113117.jpg,/content/face_module/dataset_extractedfaces/celeba_pairs/129449.jpg,celeba_pairs,impersonation_attack,eval,Facenet512,BPA_CNN,vanilla,-0.2214051783084869,Facenet512_BPA_CNN_adv
26,VGG-Face,/content/face_module/dataset_extractedfaces/celeba_pairs/113117.jpg,/content/face_module/dataset_extractedfaces/celeba_pairs/129449.jpg,celeba_pairs,impersonation_attack,eval,Facenet512,BPA_CNN,vanilla,0.0610778667032718,Facenet512_BPA_CNN_adv
34,ArcFace,/content/face_module/dataset_extractedfaces/celeba_pairs/001430.jpg,/content/face_module/dataset_extractedfaces/celeba_pairs/046649.jpg,celeba_pairs,impersonation_attack,eval,Facenet512,clean,clean,0.0368541441857814,Facenet512_clean
34,Facenet512,/content/face_module/dataset_extractedfaces/celeba_pairs/001430.jpg,/content/face_module/dataset_extractedfaces/celeba_pairs/046649.jpg,celeba_pairs,impersonation_attack,eval,Facenet512,clean,clean,0.0368541441857814,Facenet512_clean
34,GhostFaceNet,/content/face_module/dataset_extractedfaces/celeba_pairs/001430.jpg,/content/face_module/dataset_extractedfaces/celeba_pairs/046649.jpg,celeba_pairs,impersonation_attack,eval,Facenet512,clean,clean,0.0368541441857814,Facenet512_clean
34,VGG-Face,/content/face_module/dataset_extractedfaces/celeba_pairs/001430.jpg,/content/face_module/dataset_extractedfaces/celeba_pairs/046649.jpg,celeba_pairs,impersonation_attack,eval,Facenet512,clean,clean,0.0368541441857814,Facenet512_clean
34,ArcFace,/content/face_module/dataset_extractedfaces/celeba_pairs/001430.jpg,/content/face_module/dataset_extractedfaces/celeba_pairs/046649.jpg,celeba_pairs,impersonation_attack,eval,Facenet512,BPA_CNN,vanilla,0.4637138843536377,Facenet512_BPA_CNN_adv
34,GhostFaceNet,/content/face_module/dataset_extractedfaces/celeba_pairs/001430.jpg,/content/face_module/dataset_extractedfaces/celeba_pairs/046649.jpg,celeba_pairs,impersonation_attack,eval,Facenet512,BPA_CNN,vanilla,0.2010983675718307,Facenet512_BPA_CNN_adv
34,VGG-Face,/content/face_module/dataset_extractedfaces/celeba_pairs/001430.jpg,/content/face_module/dataset_extractedfaces/celeba_pairs/046649.jpg,celeba_pairs,impersonation_attack,eval,Facenet512,BPA_CNN,vanilla,0.540473222732544,Facenet512_BPA_CNN_adv
3,ArcFace,/content/face_module/dataset_extractedfaces/vggface2_pairs/n000007_0076_01.jpg,/content/face_module/dataset_extractedfaces/vggface2_pairs/n000005_0080_01.jpg,vggface2_pairs,impersonation_attack,eval,Facenet512,clean,clean,0.0153019521385431,Facenet512_clean
3,Facenet512,/content/face_module/dataset_extractedfaces/vggface2_pairs/n000007_0076_01.jpg,/content/face_module/dataset_extractedfaces/vggface2_pairs/n000005_0080_01.jpg,vggface2_pairs,impersonation_attack,eval,Facenet512,clean,clean,0.0153019521385431,Facenet512_clean
3,GhostFaceNet,/content/face_module/dataset_extractedfaces/vggface2_pairs/n000007_0076_01.jpg,/content/face_module/dataset_extractedfaces/vggface2_pairs/n000005_0080_01.jpg,vggface2_pairs,impersonation_attack,eval,Facenet512,clean,clean,0.0153019521385431,Facenet512_clean
3,VGG-Face,/content/face_module/dataset_extractedfaces/vggface2_pairs/n000007_0076_01.jpg,/content/face_module/dataset_extractedfaces/vggface2_pairs/n000005_0080_01.jpg,vggface2_pairs,impersonation_attack,eval,Facenet512,clean,clean,0.0153019521385431,Facenet512_clean
3,ArcFace,/content/face_module/dataset_extractedfaces/vggface2_pairs/n000007_0076_01.jpg,/content/face_module/dataset_extractedfaces/vggface2_pairs/n000005_0080_01.jpg,vggface2_pairs,impersonation_attack,eval,Facenet512,BPA_CNN,vanilla,0.2113930284976959,Facenet512_BPA_CNN_adv
3,GhostFaceNet,/content/face_module/dataset_extractedfaces/vggface2_pairs/n000007_0076_01.jpg,/content/face_module/dataset_extractedfaces/vggface2_pairs/n000005_0080_01.jpg,vggface2_pairs,impersonation_attack,eval,Facenet512,BPA_CNN,vanilla,0.0446181073784828,Facenet512_BPA_CNN_adv
3,VGG-Face,/content/face_module/dataset_extractedfaces/vggface2_pairs/n000007_0076_01.jpg,/content/face_module/dataset_extractedfaces/vggface2_pairs/n000005_0080_01.jpg,vggface2_pairs,impersonation_attack,eval,Facenet512,BPA_CNN,vanilla,0.1437627226114273,Facenet512_BPA_CNN_adv
5,ArcFace,/content/face_module/dataset_extractedfaces/vggface2_pairs/n000004_0204_01.jpg,/content/face_module/dataset_extractedfaces/vggface2_pairs/n000002_0070_01.jpg,vggface2_pairs,impersonation_attack,eval,Facenet512,clean,clean,-0.0816234424710273,Facenet512_clean
5,Facenet512,/content/face_module/dataset_extractedfaces/vggface2_pairs/n000004_0204_01.jpg,/content/face_module/dataset_extractedfaces/vggface2_pairs/n000002_0070_01.jpg,vggface2_pairs,impersonation_attack,eval,Facenet512,clean,clean,-0.0816234424710273,Facenet512_clean
5,GhostFaceNet,/content/face_module/dataset_extractedfaces/vggface2_pairs/n000004_0204_01.jpg,/content/face_module/dataset_extractedfaces/vggface2_pairs/n000002_0070_01.jpg,vggface2_pairs,impersonation_attack,eval,Facenet512,clean,clean,-0.0816234424710273,Facenet512_clean
5,VGG-Face,/content/face_module/dataset_extractedfaces/vggface2_pairs/n000004_0204_01.jpg,/content/face_module/dataset_extractedfaces/vggface2_pairs/n000002_0070_01.jpg,vggface2_pairs,impersonation_attack,eval,Facenet512,clean,clean,-0.0816234424710273,Facenet512_clean
5,ArcFace,/content/face_module/dataset_extractedfaces/vggface2_pairs/n000004_0204_01.jpg,/content/face_module/dataset_extractedfaces/vggface2_pairs/n000002_0070_01.jpg,vggface2_pairs,impersonation_attack,eval,Facenet512,BPA_CNN,vanilla,-0.0557547956705093,Facenet512_BPA_CNN_adv
5,GhostFaceNet,/content/face_module/dataset_extractedfaces/vggface2_pairs/n000004_0204_01.jpg,/content/face_module/dataset_extractedfaces/vggface2_pairs/n000002_0070_01.jpg,vggface2_pairs,impersonation_attack,eval,Facenet512,BPA_CNN,vanilla,-0.0292631909251213,Facenet512_BPA_CNN_adv
5,VGG-Face,/content/face_module/dataset_extractedfaces/vggface2_pairs/n000004_0204_01.jpg,/content/face_module/dataset_extractedfaces/vggface2_pairs/n000002_0070_01.jpg,vggface2_pairs,impersonation_attack,eval,Facenet512,BPA_CNN,vanilla,0.1745417416095733,Facenet512_BPA_CNN_adv
17,ArcFace,/content/face_module/dataset_extractedfaces/vggface2_pairs/n000016_0036_01.jpg,/content/face_module/dataset_extractedfaces/vggface2_pairs/n000012_0087_01.jpg,vggface2_pairs,impersonation_attack,eval,Facenet512,clean,clean,-0.0131816715002059,Facenet512_clean
17,Facenet512,/content/face_module/dataset_extractedfaces/vggface2_pairs/n000016_0036_01.jpg,/content/face_module/dataset_extractedfaces/vggface2_pairs/n000012_0087_01.jpg,vggface2_pairs,impersonation_attack,eval,Facenet512,clean,clean,-0.0131816715002059,Facenet512_clean
17,GhostFaceNet,/content/face_module/dataset_extractedfaces/vggface2_pairs/n000016_0036_01.jpg,/content/face_module/dataset_extractedfaces/vggface2_pairs/n000012_0087_01.jpg,vggface2_pairs,impersonation_attack,eval,Facenet512,clean,clean,-0.0131816715002059,Facenet512_clean
17,VGG-Face,/content/face_module/dataset_extractedfaces/vggface2_pairs/n000016_0036_01.jpg,/content/face_module/dataset_extractedfaces/vggface2_pairs/n000012_0087_01.jpg,vggface2_pairs,impersonation_attack,eval,Facenet512,clean,clean,-0.0131816715002059,Facenet512_clean
17,ArcFace,/content/face_module/dataset_extractedfaces/vggface2_pairs/n000016_0036_01.jpg,/content/face_module/dataset_extractedfaces/vggface2_pairs/n000012_0087_01.jpg,vggface2_pairs,impersonation_attack,eval,Facenet512,BPA_CNN,vanilla,0.4689087271690368,Facenet512_BPA_CNN_adv
17,GhostFaceNet,/content/face_module/dataset_extractedfaces/vggface2_pairs/n000016_0036_01.jpg,/content/face_module/dataset_extractedfaces/vggface2_pairs/n000012_0087_01.jpg,vggface2_pairs,impersonation_attack,eval,Facenet512,BPA_CNN,vanilla,0.1894118189811706,Facenet512_BPA_CNN_adv
17,VGG-Face,/content/face_module/dataset_extractedfaces/vggface2_pairs/n000016_0036_01.jpg,/content/face_module/dataset_extractedfaces/vggface2_pairs/n000012_0087_01.jpg,vggface2_pairs,impersonation_attack,eval,Facenet512,BPA_CNN,vanilla,0.5557132959365845,Facenet512_BPA_CNN_adv
19,ArcFace,/content/face_module/dataset_extractedfaces/vggface2_pairs/n000007_0012_01.jpg,/content/face_module/dataset_extractedfaces/vggface2_pairs/n000008_0101_01.jpg,vggface2_pairs,impersonation_attack,eval,Facenet512,clean,clean,0.0531450435519218,Facenet512_clean
19,Facenet512,/content/face_module/dataset_extractedfaces/vggface2_pairs/n000007_0012_01.jpg,/content/face_module/dataset_extractedfaces/vggface2_pairs/n000008_0101_01.jpg,vggface2_pairs,impersonation_attack,eval,Facenet512,clean,clean,0.0531450435519218,Facenet512_clean
19,GhostFaceNet,/content/face_module/dataset_extractedfaces/vggface2_pairs/n000007_0012_01.jpg,/content/face_module/dataset_extractedfaces/vggface2_pairs/n000008_0101_01.jpg,vggface2_pairs,impersonation_attack,eval,Facenet512,clean,clean,0.0531450435519218,Facenet512_clean
19,VGG-Face,/content/face_module/dataset_extractedfaces/vggface2_pairs/n000007_0012_01.jpg,/content/face_module/dataset_extractedfaces/vggface2_pairs/n000008_0101_01.jpg,vggface2_pairs,impersonation_attack,eval,Facenet512,clean,clean,0.0531450435519218,Facenet512_clean
19,ArcFace,/content/face_module/dataset_extractedfaces/vggface2_pairs/n000007_0012_01.jpg,/content/face_module/dataset_extractedfaces/vggface2_pairs/n000008_0101_01.jpg,vggface2_pairs,impersonation_attack,eval,Facenet512,BPA_CNN,vanilla,0.1494219452142715,Facenet512_BPA_CNN_adv
19,GhostFaceNet,/content/face_module/dataset_extractedfaces/vggface2_pairs/n000007_0012_01.jpg,/content/face_module/dataset_extractedfaces/vggface2_pairs/n000008_0101_01.jpg,vggface2_pairs,impersonation_attack,eval,Facenet512,BPA_CNN,vanilla,0.1618233919143676,Facenet512_BPA_CNN_adv
19,VGG-Face,/content/face_module/dataset_extractedfaces/vggface2_pairs/n000007_0012_01.jpg,/content/face_module/dataset_extractedfaces/vggface2_pairs/n000008_0101_01.jpg,vggface2_pairs,impersonation_attack,eval,Facenet512,BPA_CNN,vanilla,0.1574674993753433,Facenet512_BPA_CNN_adv
21,ArcFace,/content/face_module/dataset_extractedfaces/vggface2_pairs/n000012_0183_01.jpg,/content/face_module/dataset_extractedfaces/vggface2_pairs/n000014_0113_01.jpg,vggface2_pairs,impersonation_attack,eval,Facenet512,clean,clean,-0.202360600233078,Facenet512_clean
21,Facenet512,/content/face_module/dataset_extractedfaces/vggface2_pairs/n000012_0183_01.jpg,/content/face_module/dataset_extractedfaces/vggface2_pairs/n000014_0113_01.jpg,vggface2_pairs,impersonation_attack,eval,Facenet512,clean,clean,-0.202360600233078,Facenet512_clean
21,GhostFaceNet,/content/face_module/dataset_extractedfaces/vggface2_pairs/n000012_0183_01.jpg,/content/face_module/dataset_extractedfaces/vggface2_pairs/n000014_0113_01.jpg,vggface2_pairs,impersonation_attack,eval,Facenet512,clean,clean,-0.202360600233078,Facenet512_clean
21,VGG-Face,/content/face_module/dataset_extractedfaces/vggface2_pairs/n000012_0183_01.jpg,/content/face_module/dataset_extractedfaces/vggface2_pairs/n000014_0113_01.jpg,vggface2_pairs,impersonation_attack,eval,Facenet512,clean,clean,-0.202360600233078,Facenet512_clean
21,ArcFace,/content/face_module/dataset_extractedfaces/vggface2_pairs/n000012_0183_01.jpg,/content/face_module/dataset_extractedfaces/vggface2_pairs/n000014_0113_01.jpg,vggface2_pairs,impersonation_attack,eval,Facenet512,BPA_CNN,vanilla,0.0634178072214126,Facenet512_BPA_CNN_adv
21,GhostFaceNet,/content/face_module/dataset_extractedfaces/vggface2_pairs/n000012_0183_01.jpg,/content/face_module/dataset_extractedfaces/vggface2_pairs/n000014_0113_01.jpg,vggface2_pairs,impersonation_attack,eval,Facenet512,BPA_CNN,vanilla,-0.1426545977592468,Facenet512_BPA_CNN_adv
21,VGG-Face,/content/face_module/dataset_extractedfaces/vggface2_pairs/n000012_0183_01.jpg,/content/face_module/dataset_extractedfaces/vggface2_pairs/n000014_0113_01.jpg,vggface2_pairs,impersonation_attack,eval,Facenet512,BPA_CNN,vanilla,-0.0053024590015411,Facenet512_BPA_CNN_adv
6,ArcFace,/content/face_module/dataset_extractedfaces/lfw_pairs/Luiz Inacio Lula da Silva_7.jpg,/content/face_module/dataset_extractedfaces/lfw_pairs/Luiz Inacio Lula da Silva_8.jpg,lfw_pairs,dodging_attack,eval,Facenet512,clean,clean,0.7516777515411377,Facenet512_clean
6,Facenet512,/content/face_module/dataset_extractedfaces/lfw_pairs/Luiz Inacio Lula da Silva_7.jpg,/content/face_module/dataset_extractedfaces/lfw_pairs/Luiz Inacio Lula da Silva_8.jpg,lfw_pairs,dodging_attack,eval,Facenet512,clean,clean,0.7516777515411377,Facenet512_clean
6,GhostFaceNet,/content/face_module/dataset_extractedfaces/lfw_pairs/Luiz Inacio Lula da Silva_7.jpg,/content/face_module/dataset_extractedfaces/lfw_pairs/Luiz Inacio Lula da Silva_8.jpg,lfw_pairs,dodging_attack,eval,Facenet512,clean,clean,0.7516777515411377,Facenet512_clean
6,VGG-Face,/content/face_module/dataset_extractedfaces/lfw_pairs/Luiz Inacio Lula da Silva_7.jpg,/content/face_module/dataset_extractedfaces/lfw_pairs/Luiz Inacio Lula da Silva_8.jpg,lfw_pairs,dodging_attack,eval,Facenet512,clean,clean,0.7516777515411377,Facenet512_clean
6,ArcFace,/content/face_module/dataset_extractedfaces/lfw_pairs/Luiz Inacio Lula da Silva_7.jpg,/content/face_module/dataset_extractedfaces/lfw_pairs/Luiz Inacio Lula da Silva_8.jpg,lfw_pairs,dodging_attack,eval,Facenet512,BPA_CNN,vanilla,0.2901307344436645,Facenet512_BPA_CNN_adv
6,GhostFaceNet,/content/face_module/dataset_extractedfaces/lfw_pairs/Luiz Inacio Lula da Silva_7.jpg,/content/face_module/dataset_extractedfaces/lfw_pairs/Luiz Inacio Lula da Silva_8.jpg,lfw_pairs,dodging_attack,eval,Facenet512,BPA_CNN,vanilla,0.6044016480445862,Facenet512_BPA_CNN_adv
6,VGG-Face,/content/face_module/dataset_extractedfaces/lfw_pairs/Luiz Inacio Lula da Silva_7.jpg,/content/face_module/dataset_extractedfaces/lfw_pairs/Luiz Inacio Lula da Silva_8.jpg,lfw_pairs,dodging_attack,eval,Facenet512,BPA_CNN,vanilla,0.2384593933820724,Facenet512_BPA_CNN_adv
9,ArcFace,/content/face_module/dataset_extractedfaces/lfw_pairs/Colin Powell_75.jpg,/content/face_module/dataset_extractedfaces/lfw_pairs/Colin Powell_76.jpg,lfw_pairs,dodging_attack,eval,Facenet512,clean,clean,0.821812093257904,Facenet512_clean
9,Facenet512,/content/face_module/dataset_extractedfaces/lfw_pairs/Colin Powell_75.jpg,/content/face_module/dataset_extractedfaces/lfw_pairs/Colin Powell_76.jpg,lfw_pairs,dodging_attack,eval,Facenet512,clean,clean,0.821812093257904,Facenet512_clean
9,GhostFaceNet,/content/face_module/dataset_extractedfaces/lfw_pairs/Colin Powell_75.jpg,/content/face_module/dataset_extractedfaces/lfw_pairs/Colin Powell_76.jpg,lfw_pairs,dodging_attack,eval,Facenet512,clean,clean,0.821812093257904,Facenet512_clean
9,VGG-Face,/content/face_module/dataset_extractedfaces/lfw_pairs/Colin Powell_75.jpg,/content/face_module/dataset_extractedfaces/lfw_pairs/Colin Powell_76.jpg,lfw_pairs,dodging_attack,eval,Facenet512,clean,clean,0.821812093257904,Facenet512_clean
9,ArcFace,/content/face_module/dataset_extractedfaces/lfw_pairs/Colin Powell_75.jpg,/content/face_module/dataset_extractedfaces/lfw_pairs/Colin Powell_76.jpg,lfw_pairs,dodging_attack,eval,Facenet512,BPA_CNN,vanilla,0.6590649485588074,Facenet512_BPA_CNN_adv
9,GhostFaceNet,/content/face_module/dataset_extractedfaces/lfw_pairs/Colin Powell_75.jpg,/content/face_module/dataset_extractedfaces/lfw_pairs/Colin Powell_76.jpg,lfw_pairs,dodging_attack,eval,Facenet512,BPA_CNN,vanilla,0.7380694150924683,Facenet512_BPA_CNN_adv
9,VGG-Face,/content/face_module/dataset_extractedfaces/lfw_pairs/Colin Powell_75.jpg,/content/face_module/dataset_extractedfaces/lfw_pairs/Colin Powell_76.jpg,lfw_pairs,dodging_attack,eval,Facenet512,BPA_CNN,vanilla,0.532646119594574,Facenet512_BPA_CNN_adv
15,ArcFace,/content/face_module/dataset_extractedfaces/lfw_pairs/George W Bush_518.jpg,/content/face_module/dataset_extractedfaces/lfw_pairs/George W Bush_519.jpg,lfw_pairs,dodging_attack,eval,Facenet512,clean,clean,0.6876074075698853,Facenet512_clean
15,Facenet512,/content/face_module/dataset_extractedfaces/lfw_pairs/George W Bush_518.jpg,/content/face_module/dataset_extractedfaces/lfw_pairs/George W Bush_519.jpg,lfw_pairs,dodging_attack,eval,Facenet512,clean,clean,0.6876074075698853,Facenet512_clean
15,GhostFaceNet,/content/face_module/dataset_extractedfaces/lfw_pairs/George W Bush_518.jpg,/content/face_module/dataset_extractedfaces/lfw_pairs/George W Bush_519.jpg,lfw_pairs,dodging_attack,eval,Facenet512,clean,clean,0.6876074075698853,Facenet512_clean
15,VGG-Face,/content/face_module/dataset_extractedfaces/lfw_pairs/George W Bush_518.jpg,/content/face_module/dataset_extractedfaces/lfw_pairs/George W Bush_519.jpg,lfw_pairs,dodging_attack,eval,Facenet512,clean,clean,0.6876074075698853,Facenet512_clean
15,ArcFace,/content/face_module/dataset_extractedfaces/lfw_pairs/George W Bush_518.jpg,/content/face_module/dataset_extractedfaces/lfw_pairs/George W Bush_519.jpg,lfw_pairs,dodging_attack,eval,Facenet512,BPA_CNN,vanilla,0.2618505656719208,Facenet512_BPA_CNN_adv
15,GhostFaceNet,/content/face_module/dataset_extractedfaces/lfw_pairs/George W Bush_518.jpg,/content/face_module/dataset_extractedfaces/lfw_pairs/George W Bush_519.jpg,lfw_pairs,dodging_attack,eval,Facenet512,BPA_CNN,vanilla,0.4473035335540771,Facenet512_BPA_CNN_adv
15,VGG-Face,/content/face_module/dataset_extractedfaces/lfw_pairs/George W Bush_518.jpg,/content/face_module/dataset_extractedfaces/lfw_pairs/George W Bush_519.jpg,lfw_pairs,dodging_attack,eval,Facenet512,BPA_CNN,vanilla,0.0712930336594581,Facenet512_BPA_CNN_adv
16,ArcFace,/content/face_module/dataset_extractedfaces/lfw_pairs/Colin Powell_24.jpg,/content/face_module/dataset_extractedfaces/lfw_pairs/Colin Powell_25.jpg,lfw_pairs,dodging_attack,eval,Facenet512,clean,clean,0.7765311598777771,Facenet512_clean
16,Facenet512,/content/face_module/dataset_extractedfaces/lfw_pairs/Colin Powell_24.jpg,/content/face_module/dataset_extractedfaces/lfw_pairs/Colin Powell_25.jpg,lfw_pairs,dodging_attack,eval,Facenet512,clean,clean,0.7765311598777771,Facenet512_clean
16,GhostFaceNet,/content/face_module/dataset_extractedfaces/lfw_pairs/Colin Powell_24.jpg,/content/face_module/dataset_extractedfaces/lfw_pairs/Colin Powell_25.jpg,lfw_pairs,dodging_attack,eval,Facenet512,clean,clean,0.7765311598777771,Facenet512_clean
16,VGG-Face,/content/face_module/dataset_extractedfaces/lfw_pairs/Colin Powell_24.jpg,/content/face_module/dataset_extractedfaces/lfw_pairs/Colin Powell_25.jpg,lfw_pairs,dodging_attack,eval,Facenet512,clean,clean,0.7765311598777771,Facenet512_clean
16,ArcFace,/content/face_module/dataset_extractedfaces/lfw_pairs/Colin Powell_24.jpg,/content/face_module/dataset_extractedfaces/lfw_pairs/Colin Powell_25.jpg,lfw_pairs,dodging_attack,eval,Facenet512,BPA_CNN,vanilla,0.5792638063430786,Facenet512_BPA_CNN_adv
16,GhostFaceNet,/content/face_module/dataset_extractedfaces/lfw_pairs/Colin Powell_24.jpg,/content/face_module/dataset_extractedfaces/lfw_pairs/Colin Powell_25.jpg,lfw_pairs,dodging_attack,eval,Facenet512,BPA_CNN,vanilla,0.6907447576522827,Facenet512_BPA_CNN_adv
16,VGG-Face,/content/face_module/dataset_extractedfaces/lfw_pairs/Colin Powell_24.jpg,/content/face_module/dataset_extractedfaces/lfw_pairs/Colin Powell_25.jpg,lfw_pairs,dodging_attack,eval,Facenet512,BPA_CNN,vanilla,0.4168606102466583,Facenet512_BPA_CNN_adv
23,ArcFace,/content/face_module/dataset_extractedfaces/lfw_pairs/Tom Daschle_5.jpg,/content/face_module/dataset_extractedfaces/lfw_pairs/Tom Daschle_6.jpg,lfw_pairs,dodging_attack,eval,Facenet512,clean,clean,0.7583966255187988,Facenet512_clean
23,Facenet512,/content/face_module/dataset_extractedfaces/lfw_pairs/Tom Daschle_5.jpg,/content/face_module/dataset_extractedfaces/lfw_pairs/Tom Daschle_6.jpg,lfw_pairs,dodging_attack,eval,Facenet512,clean,clean,0.7583966255187988,Facenet512_clean
23,GhostFaceNet,/content/face_module/dataset_extractedfaces/lfw_pairs/Tom Daschle_5.jpg,/content/face_module/dataset_extractedfaces/lfw_pairs/Tom Daschle_6.jpg,lfw_pairs,dodging_attack,eval,Facenet512,clean,clean,0.7583966255187988,Facenet512_clean
23,VGG-Face,/content/face_module/dataset_extractedfaces/lfw_pairs/Tom Daschle_5.jpg,/content/face_module/dataset_extractedfaces/lfw_pairs/Tom Daschle_6.jpg,lfw_pairs,dodging_attack,eval,Facenet512,clean,clean,0.7583966255187988,Facenet512_clean
23,ArcFace,/content/face_module/dataset_extractedfaces/lfw_pairs/Tom Daschle_5.jpg,/content/face_module/dataset_extractedfaces/lfw_pairs/Tom Daschle_6.jpg,lfw_pairs,dodging_attack,eval,Facenet512,BPA_CNN,vanilla,0.6316715478897095,Facenet512_BPA_CNN_adv
23,GhostFaceNet,/content/face_module/dataset_extractedfaces/lfw_pairs/Tom Daschle_5.jpg,/content/face_module/dataset_extractedfaces/lfw_pairs/Tom Daschle_6.jpg,lfw_pairs,dodging_attack,eval,Facenet512,BPA_CNN,vanilla,0.6794708967208862,Facenet512_BPA_CNN_adv
23,VGG-Face,/content/face_module/dataset_extractedfaces/lfw_pairs/Tom Daschle_5.jpg,/content/face_module/dataset_extractedfaces/lfw_pairs/Tom Daschle_6.jpg,lfw_pairs,dodging_attack,eval,Facenet512,BPA_CNN,vanilla,0.2742495238780975,Facenet512_BPA_CNN_adv
18,ArcFace,/content/face_module/dataset_extractedfaces/celeba_pairs/092809.jpg,/content/face_module/dataset_extractedfaces/celeba_pairs/108708.jpg,celeba_pairs,dodging_attack,eval,Facenet512,clean,clean,0.7128066420555115,Facenet512_clean
18,Facenet512,/content/face_module/dataset_extractedfaces/celeba_pairs/092809.jpg,/content/face_module/dataset_extractedfaces/celeba_pairs/108708.jpg,celeba_pairs,dodging_attack,eval,Facenet512,clean,clean,0.7128066420555115,Facenet512_clean
18,GhostFaceNet,/content/face_module/dataset_extractedfaces/celeba_pairs/092809.jpg,/content/face_module/dataset_extractedfaces/celeba_pairs/108708.jpg,celeba_pairs,dodging_attack,eval,Facenet512,clean,clean,0.7128066420555115,Facenet512_clean
18,VGG-Face,/content/face_module/dataset_extractedfaces/celeba_pairs/092809.jpg,/content/face_module/dataset_extractedfaces/celeba_pairs/108708.jpg,celeba_pairs,dodging_attack,eval,Facenet512,clean,clean,0.7128066420555115,Facenet512_clean
18,ArcFace,/content/face_module/dataset_extractedfaces/celeba_pairs/092809.jpg,/content/face_module/dataset_extractedfaces/celeba_pairs/108708.jpg,celeba_pairs,dodging_attack,eval,Facenet512,BPA_CNN,vanilla,0.4282395839691162,Facenet512_BPA_CNN_adv
18,GhostFaceNet,/content/face_module/dataset_extractedfaces/celeba_pairs/092809.jpg,/content/face_module/dataset_extractedfaces/celeba_pairs/108708.jpg,celeba_pairs,dodging_attack,eval,Facenet512,BPA_CNN,vanilla,0.5159424543380737,Facenet512_BPA_CNN_adv
18,VGG-Face,/content/face_module/dataset_extractedfaces/celeba_pairs/092809.jpg,/content/face_module/dataset_extractedfaces/celeba_pairs/108708.jpg,celeba_pairs,dodging_attack,eval,Facenet512,BPA_CNN,vanilla,0.3059757053852081,Facenet512_BPA_CNN_adv
27,ArcFace,/content/face_module/dataset_extractedfaces/celeba_pairs/023869.jpg,/content/face_module/dataset_extractedfaces/celeba_pairs/024923.jpg,celeba_pairs,dodging_attack,eval,Facenet512,clean,clean,0.8734110593795776,Facenet512_clean
27,Facenet512,/content/face_module/dataset_extractedfaces/celeba_pairs/023869.jpg,/content/face_module/dataset_extractedfaces/celeba_pairs/024923.jpg,celeba_pairs,dodging_attack,eval,Facenet512,clean,clean,0.8734110593795776,Facenet512_clean
27,GhostFaceNet,/content/face_module/dataset_extractedfaces/celeba_pairs/023869.jpg,/content/face_module/dataset_extractedfaces/celeba_pairs/024923.jpg,celeba_pairs,dodging_attack,eval,Facenet512,clean,clean,0.8734110593795776,Facenet512_clean
27,VGG-Face,/content/face_module/dataset_extractedfaces/celeba_pairs/023869.jpg,/content/face_module/dataset_extractedfaces/celeba_pairs/024923.jpg,celeba_pairs,dodging_attack,eval,Facenet512,clean,clean,0.8734110593795776,Facenet512_clean
27,ArcFace,/content/face_module/dataset_extractedfaces/celeba_pairs/023869.jpg,/content/face_module/dataset_extractedfaces/celeba_pairs/024923.jpg,celeba_pairs,dodging_attack,eval,Facenet512,BPA_CNN,vanilla,0.587989330291748,Facenet512_BPA_CNN_adv
27,GhostFaceNet,/content/face_module/dataset_extractedfaces/celeba_pairs/023869.jpg,/content/face_module/dataset_extractedfaces/celeba_pairs/024923.jpg,celeba_pairs,dodging_attack,eval,Facenet512,BPA_CNN,vanilla,0.6665779948234558,Facenet512_BPA_CNN_adv
27,VGG-Face,/content/face_module/dataset_extractedfaces/celeba_pairs/023869.jpg,/content/face_module/dataset_extractedfaces/celeba_pairs/024923.jpg,celeba_pairs,dodging_attack,eval,Facenet512,BPA_CNN,vanilla,0.3743079304695129,Facenet512_BPA_CNN_adv
28,ArcFace,/content/face_module/dataset_extractedfaces/celeba_pairs/130980.jpg,/content/face_module/dataset_extractedfaces/celeba_pairs/147767.jpg,celeba_pairs,dodging_attack,eval,Facenet512,clean,clean,0.7959234118461609,Facenet512_clean
28,Facenet512,/content/face_module/dataset_extractedfaces/celeba_pairs/130980.jpg,/content/face_module/dataset_extractedfaces/celeba_pairs/147767.jpg,celeba_pairs,dodging_attack,eval,Facenet512,clean,clean,0.7959234118461609,Facenet512_clean
28,GhostFaceNet,/content/face_module/dataset_extractedfaces/celeba_pairs/130980.jpg,/content/face_module/dataset_extractedfaces/celeba_pairs/147767.jpg,celeba_pairs,dodging_attack,eval,Facenet512,clean,clean,0.7959234118461609,Facenet512_clean
28,VGG-Face,/content/face_module/dataset_extractedfaces/celeba_pairs/130980.jpg,/content/face_module/dataset_extractedfaces/celeba_pairs/147767.jpg,celeba_pairs,dodging_attack,eval,Facenet512,clean,clean,0.7959234118461609,Facenet512_clean
28,ArcFace,/content/face_module/dataset_extractedfaces/celeba_pairs/130980.jpg,/content/face_module/dataset_extractedfaces/celeba_pairs/147767.jpg,celeba_pairs,dodging_attack,eval,Facenet512,BPA_CNN,vanilla,0.4824479818344116,Facenet512_BPA_CNN_adv
28,GhostFaceNet,/content/face_module/dataset_extractedfaces/celeba_pairs/130980.jpg,/content/face_module/dataset_extractedfaces/celeba_pairs/147767.jpg,celeba_pairs,dodging_attack,eval,Facenet512,BPA_CNN,vanilla,0.6254681348800659,Facenet512_BPA_CNN_adv
28,VGG-Face,/content/face_module/dataset_extractedfaces/celeba_pairs/130980.jpg,/content/face_module/dataset_extractedfaces/celeba_pairs/147767.jpg,celeba_pairs,dodging_attack,eval,Facenet512,BPA_CNN,vanilla,0.5283712148666382,Facenet512_BPA_CNN_adv
30,ArcFace,/content/face_module/dataset_extractedfaces/celeba_pairs/042909.jpg,/content/face_module/dataset_extractedfaces/celeba_pairs/048579.jpg,celeba_pairs,dodging_attack,eval,Facenet512,clean,clean,0.7042644619941711,Facenet512_clean
30,Facenet512,/content/face_module/dataset_extractedfaces/celeba_pairs/042909.jpg,/content/face_module/dataset_extractedfaces/celeba_pairs/048579.jpg,celeba_pairs,dodging_attack,eval,Facenet512,clean,clean,0.7042644619941711,Facenet512_clean
30,GhostFaceNet,/content/face_module/dataset_extractedfaces/celeba_pairs/042909.jpg,/content/face_module/dataset_extractedfaces/celeba_pairs/048579.jpg,celeba_pairs,dodging_attack,eval,Facenet512,clean,clean,0.7042644619941711,Facenet512_clean
30,VGG-Face,/content/face_module/dataset_extractedfaces/celeba_pairs/042909.jpg,/content/face_module/dataset_extractedfaces/celeba_pairs/048579.jpg,celeba_pairs,dodging_attack,eval,Facenet512,clean,clean,0.7042644619941711,Facenet512_clean
30,ArcFace,/content/face_module/dataset_extractedfaces/celeba_pairs/042909.jpg,/content/face_module/dataset_extractedfaces/celeba_pairs/048579.jpg,celeba_pairs,dodging_attack,eval,Facenet512,BPA_CNN,vanilla,0.1913187950849533,Facenet512_BPA_CNN_adv
30,GhostFaceNet,/content/face_module/dataset_extractedfaces/celeba_pairs/042909.jpg,/content/face_module/dataset_extractedfaces/celeba_pairs/048579.jpg,celeba_pairs,dodging_attack,eval,Facenet512,BPA_CNN,vanilla,0.3086653351783752,Facenet512_BPA_CNN_adv
30,VGG-Face,/content/face_module/dataset_extractedfaces/celeba_pairs/042909.jpg,/content/face_module/dataset_extractedfaces/celeba_pairs/048579.jpg,celeba_pairs,dodging_attack,eval,Facenet512,BPA_CNN,vanilla,-0.1312174499034881,Facenet512_BPA_CNN_adv
33,ArcFace,/content/face_module/dataset_extractedfaces/celeba_pairs/169016.jpg,/content/face_module/dataset_extractedfaces/celeba_pairs/171037.jpg,celeba_pairs,dodging_attack,eval,Facenet512,clean,clean,0.9276920557022096,Facenet512_clean
33,Facenet512,/content/face_module/dataset_extractedfaces/celeba_pairs/169016.jpg,/content/face_module/dataset_extractedfaces/celeba_pairs/171037.jpg,celeba_pairs,dodging_attack,eval,Facenet512,clean,clean,0.9276920557022096,Facenet512_clean
33,GhostFaceNet,/content/face_module/dataset_extractedfaces/celeba_pairs/169016.jpg,/content/face_module/dataset_extractedfaces/celeba_pairs/171037.jpg,celeba_pairs,dodging_attack,eval,Facenet512,clean,clean,0.9276920557022096,Facenet512_clean
33,VGG-Face,/content/face_module/dataset_extractedfaces/celeba_pairs/169016.jpg,/content/face_module/dataset_extractedfaces/celeba_pairs/171037.jpg,celeba_pairs,dodging_attack,eval,Facenet512,clean,clean,0.9276920557022096,Facenet512_clean
33,ArcFace,/content/face_module/dataset_extractedfaces/celeba_pairs/169016.jpg,/content/face_module/dataset_extractedfaces/celeba_pairs/171037.jpg,celeba_pairs,dodging_attack,eval,Facenet512,BPA_CNN,vanilla,0.7876086235046387,Facenet512_BPA_CNN_adv
33,GhostFaceNet,/content/face_module/dataset_extractedfaces/celeba_pairs/169016.jpg,/content/face_module/dataset_extractedfaces/celeba_pairs/171037.jpg,celeba_pairs,dodging_attack,eval,Facenet512,BPA_CNN,vanilla,0.8468210697174072,Facenet512_BPA_CNN_adv
33,VGG-Face,/content/face_module/dataset_extractedfaces/celeba_pairs/169016.jpg,/content/face_module/dataset_extractedfaces/celeba_pairs/171037.jpg,celeba_pairs,dodging_attack,eval,Facenet512,BPA_CNN,vanilla,0.686482846736908,Facenet512_BPA_CNN_adv
1,ArcFace,/content/face_module/dataset_extractedfaces/vggface2_pairs/n000007_0113_01.jpg,/content/face_module/dataset_extractedfaces/vggface2_pairs/n000007_0122_01.jpg,vggface2_pairs,dodging_attack,eval,Facenet512,clean,clean,0.8227946758270264,Facenet512_clean
1,Facenet512,/content/face_module/dataset_extractedfaces/vggface2_pairs/n000007_0113_01.jpg,/content/face_module/dataset_extractedfaces/vggface2_pairs/n000007_0122_01.jpg,vggface2_pairs,dodging_attack,eval,Facenet512,clean,clean,0.8227946758270264,Facenet512_clean
1,GhostFaceNet,/content/face_module/dataset_extractedfaces/vggface2_pairs/n000007_0113_01.jpg,/content/face_module/dataset_extractedfaces/vggface2_pairs/n000007_0122_01.jpg,vggface2_pairs,dodging_attack,eval,Facenet512,clean,clean,0.8227946758270264,Facenet512_clean
1,VGG-Face,/content/face_module/dataset_extractedfaces/vggface2_pairs/n000007_0113_01.jpg,/content/face_module/dataset_extractedfaces/vggface2_pairs/n000007_0122_01.jpg,vggface2_pairs,dodging_attack,eval,Facenet512,clean,clean,0.8227946758270264,Facenet512_clean
1,ArcFace,/content/face_module/dataset_extractedfaces/vggface2_pairs/n000007_0113_01.jpg,/content/face_module/dataset_extractedfaces/vggface2_pairs/n000007_0122_01.jpg,vggface2_pairs,dodging_attack,eval,Facenet512,BPA_CNN,vanilla,0.5670673847198486,Facenet512_BPA_CNN_adv
1,GhostFaceNet,/content/face_module/dataset_extractedfaces/vggface2_pairs/n000007_0113_01.jpg,/content/face_module/dataset_extractedfaces/vggface2_pairs/n000007_0122_01.jpg,vggface2_pairs,dodging_attack,eval,Facenet512,BPA_CNN,vanilla,0.8227372765541077,Facenet512_BPA_CNN_adv
1,VGG-Face,/content/face_module/dataset_extractedfaces/vggface2_pairs/n000007_0113_01.jpg,/content/face_module/dataset_extractedfaces/vggface2_pairs/n000007_0122_01.jpg,vggface2_pairs,dodging_attack,eval,Facenet512,BPA_CNN,vanilla,-0.0034083910286426,Facenet512_BPA_CNN_adv
4,ArcFace,/content/face_module/dataset_extractedfaces/vggface2_pairs/n000008_0256_01.jpg,/content/face_module/dataset_extractedfaces/vggface2_pairs/n000008_0348_01.jpg,vggface2_pairs,dodging_attack,eval,Facenet512,clean,clean,0.5209457278251648,Facenet512_clean
4,Facenet512,/content/face_module/dataset_extractedfaces/vggface2_pairs/n000008_0256_01.jpg,/content/face_module/dataset_extractedfaces/vggface2_pairs/n000008_0348_01.jpg,vggface2_pairs,dodging_attack,eval,Facenet512,clean,clean,0.5209457278251648,Facenet512_clean
4,GhostFaceNet,/content/face_module/dataset_extractedfaces/vggface2_pairs/n000008_0256_01.jpg,/content/face_module/dataset_extractedfaces/vggface2_pairs/n000008_0348_01.jpg,vggface2_pairs,dodging_attack,eval,Facenet512,clean,clean,0.5209457278251648,Facenet512_clean
4,VGG-Face,/content/face_module/dataset_extractedfaces/vggface2_pairs/n000008_0256_01.jpg,/content/face_module/dataset_extractedfaces/vggface2_pairs/n000008_0348_01.jpg,vggface2_pairs,dodging_attack,eval,Facenet512,clean,clean,0.5209457278251648,Facenet512_clean
4,ArcFace,/content/face_module/dataset_extractedfaces/vggface2_pairs/n000008_0256_01.jpg,/content/face_module/dataset_extractedfaces/vggface2_pairs/n000008_0348_01.jpg,vggface2_pairs,dodging_attack,eval,Facenet512,BPA_CNN,vanilla,0.3770400583744049,Facenet512_BPA_CNN_adv
4,GhostFaceNet,/content/face_module/dataset_extractedfaces/vggface2_pairs/n000008_0256_01.jpg,/content/face_module/dataset_extractedfaces/vggface2_pairs/n000008_0348_01.jpg,vggface2_pairs,dodging_attack,eval,Facenet512,BPA_CNN,vanilla,0.4626068770885467,Facenet512_BPA_CNN_adv
4,VGG-Face,/content/face_module/dataset_extractedfaces/vggface2_pairs/n000008_0256_01.jpg,/content/face_module/dataset_extractedfaces/vggface2_pairs/n000008_0348_01.jpg,vggface2_pairs,dodging_attack,eval,Facenet512,BPA_CNN,vanilla,0.2128106951713562,Facenet512_BPA_CNN_adv
7,ArcFace,/content/face_module/dataset_extractedfaces/vggface2_pairs/n000010_0058_01.jpg,/content/face_module/dataset_extractedfaces/vggface2_pairs/n000010_0081_01.jpg,vggface2_pairs,dodging_attack,eval,Facenet512,clean,clean,0.6818406581878662,Facenet512_clean
7,Facenet512,/content/face_module/dataset_extractedfaces/vggface2_pairs/n000010_0058_01.jpg,/content/face_module/dataset_extractedfaces/vggface2_pairs/n000010_0081_01.jpg,vggface2_pairs,dodging_attack,eval,Facenet512,clean,clean,0.6818406581878662,Facenet512_clean
7,GhostFaceNet,/content/face_module/dataset_extractedfaces/vggface2_pairs/n000010_0058_01.jpg,/content/face_module/dataset_extractedfaces/vggface2_pairs/n000010_0081_01.jpg,vggface2_pairs,dodging_attack,eval,Facenet512,clean,clean,0.6818406581878662,Facenet512_clean
7,VGG-Face,/content/face_module/dataset_extractedfaces/vggface2_pairs/n000010_0058_01.jpg,/content/face_module/dataset_extractedfaces/vggface2_pairs/n000010_0081_01.jpg,vggface2_pairs,dodging_attack,eval,Facenet512,clean,clean,0.6818406581878662,Facenet512_clean
7,ArcFace,/content/face_module/dataset_extractedfaces/vggface2_pairs/n000010_0058_01.jpg,/content/face_module/dataset_extractedfaces/vggface2_pairs/n000010_0081_01.jpg,vggface2_pairs,dodging_attack,eval,Facenet512,BPA_CNN,vanilla,0.3343335390090942,Facenet512_BPA_CNN_adv
7,GhostFaceNet,/content/face_module/dataset_extractedfaces/vggface2_pairs/n000010_0058_01.jpg,/content/face_module/dataset_extractedfaces/vggface2_pairs/n000010_0081_01.jpg,vggface2_pairs,dodging_attack,eval,Facenet512,BPA_CNN,vanilla,0.4578987658023834,Facenet512_BPA_CNN_adv
7,VGG-Face,/content/face_module/dataset_extractedfaces/vggface2_pairs/n000010_0058_01.jpg,/content/face_module/dataset_extractedfaces/vggface2_pairs/n000010_0081_01.jpg,vggface2_pairs,dodging_attack,eval,Facenet512,BPA_CNN,vanilla,0.206606850028038,Facenet512_BPA_CNN_adv
10,ArcFace,/content/face_module/dataset_extractedfaces/vggface2_pairs/n000005_0022_01.jpg,/content/face_module/dataset_extractedfaces/vggface2_pairs/n000005_0076_01.jpg,vggface2_pairs,dodging_attack,eval,Facenet512,clean,clean,0.7888361811637878,Facenet512_clean
10,Facenet512,/content/face_module/dataset_extractedfaces/vggface2_pairs/n000005_0022_01.jpg,/content/face_module/dataset_extractedfaces/vggface2_pairs/n000005_0076_01.jpg,vggface2_pairs,dodging_attack,eval,Facenet512,clean,clean,0.7888361811637878,Facenet512_clean
10,GhostFaceNet,/content/face_module/dataset_extractedfaces/vggface2_pairs/n000005_0022_01.jpg,/content/face_module/dataset_extractedfaces/vggface2_pairs/n000005_0076_01.jpg,vggface2_pairs,dodging_attack,eval,Facenet512,clean,clean,0.7888361811637878,Facenet512_clean
10,VGG-Face,/content/face_module/dataset_extractedfaces/vggface2_pairs/n000005_0022_01.jpg,/content/face_module/dataset_extractedfaces/vggface2_pairs/n000005_0076_01.jpg,vggface2_pairs,dodging_attack,eval,Facenet512,clean,clean,0.7888361811637878,Facenet512_clean
10,ArcFace,/content/face_module/dataset_extractedfaces/vggface2_pairs/n000005_0022_01.jpg,/content/face_module/dataset_extractedfaces/vggface2_pairs/n000005_0076_01.jpg,vggface2_pairs,dodging_attack,eval,Facenet512,BPA_CNN,vanilla,0.6057968139648438,Facenet512_BPA_CNN_adv
10,GhostFaceNet,/content/face_module/dataset_extractedfaces/vggface2_pairs/n000005_0022_01.jpg,/content/face_module/dataset_extractedfaces/vggface2_pairs/n000005_0076_01.jpg,vggface2_pairs,dodging_attack,eval,Facenet512,BPA_CNN,vanilla,0.6617027521133423,Facenet512_BPA_CNN_adv
10,VGG-Face,/content/face_module/dataset_extractedfaces/vggface2_pairs/n000005_0022_01.jpg,/content/face_module/dataset_extractedfaces/vggface2_pairs/n000005_0076_01.jpg,vggface2_pairs,dodging_attack,eval,Facenet512,BPA_CNN,vanilla,0.4451920092105865,Facenet512_BPA_CNN_adv
11,ArcFace,/content/face_module/dataset_extractedfaces/vggface2_pairs/n000007_0176_01.jpg,/content/face_module/dataset_extractedfaces/vggface2_pairs/n000007_0335_03.jpg,vggface2_pairs,dodging_attack,eval,Facenet512,clean,clean,0.7133799195289612,Facenet512_clean
11,Facenet512,/content/face_module/dataset_extractedfaces/vggface2_pairs/n000007_0176_01.jpg,/content/face_module/dataset_extractedfaces/vggface2_pairs/n000007_0335_03.jpg,vggface2_pairs,dodging_attack,eval,Facenet512,clean,clean,0.7133799195289612,Facenet512_clean
11,GhostFaceNet,/content/face_module/dataset_extractedfaces/vggface2_pairs/n000007_0176_01.jpg,/content/face_module/dataset_extractedfaces/vggface2_pairs/n000007_0335_03.jpg,vggface2_pairs,dodging_attack,eval,Facenet512,clean,clean,0.7133799195289612,Facenet512_clean
11,VGG-Face,/content/face_module/dataset_extractedfaces/vggface2_pairs/n000007_0176_01.jpg,/content/face_module/dataset_extractedfaces/vggface2_pairs/n000007_0335_03.jpg,vggface2_pairs,dodging_attack,eval,Facenet512,clean,clean,0.7133799195289612,Facenet512_clean
11,ArcFace,/content/face_module/dataset_extractedfaces/vggface2_pairs/n000007_0176_01.jpg,/content/face_module/dataset_extractedfaces/vggface2_pairs/n000007_0335_03.jpg,vggface2_pairs,dodging_attack,eval,Facenet512,BPA_CNN,vanilla,0.6087198257446289,Facenet512_BPA_CNN_adv
11,GhostFaceNet,/content/face_module/dataset_extractedfaces/vggface2_pairs/n000007_0176_01.jpg,/content/face_module/dataset_extractedfaces/vggface2_pairs/n000007_0335_03.jpg,vggface2_pairs,dodging_attack,eval,Facenet512,BPA_CNN,vanilla,0.5108311176300049,Facenet512_BPA_CNN_adv
11,VGG-Face,/content/face_module/dataset_extractedfaces/vggface2_pairs/n000007_0176_01.jpg,/content/face_module/dataset_extractedfaces/vggface2_pairs/n000007_0335_03.jpg,vggface2_pairs,dodging_attack,eval,Facenet512,BPA_CNN,vanilla,0.1703593730926513,Facenet512_BPA_CNN_adv
0,ArcFace,/content/face_module/dataset_extractedfaces/lfw_pairs/Renee Zellweger_1.jpg,/content/face_module/dataset_extractedfaces/lfw_pairs/Catherine Deneuve_2.jpg,lfw_pairs,impersonation_attack,eval,ArcFace,clean,clean,0.211386889219284,ArcFace_clean
0,Facenet512,/content/face_module/dataset_extractedfaces/lfw_pairs/Renee Zellweger_1.jpg,/content/face_module/dataset_extractedfaces/lfw_pairs/Catherine Deneuve_2.jpg,lfw_pairs,impersonation_attack,eval,ArcFace,clean,clean,0.211386889219284,ArcFace_clean
0,GhostFaceNet,/content/face_module/dataset_extractedfaces/lfw_pairs/Renee Zellweger_1.jpg,/content/face_module/dataset_extractedfaces/lfw_pairs/Catherine Deneuve_2.jpg,lfw_pairs,impersonation_attack,eval,ArcFace,clean,clean,0.211386889219284,ArcFace_clean
0,VGG-Face,/content/face_module/dataset_extractedfaces/lfw_pairs/Renee Zellweger_1.jpg,/content/face_module/dataset_extractedfaces/lfw_pairs/Catherine Deneuve_2.jpg,lfw_pairs,impersonation_attack,eval,ArcFace,clean,clean,0.211386889219284,ArcFace_clean
0,Facenet512,/content/face_module/dataset_extractedfaces/lfw_pairs/Renee Zellweger_1.jpg,/content/face_module/dataset_extractedfaces/lfw_pairs/Catherine Deneuve_2.jpg,lfw_pairs,impersonation_attack,eval,ArcFace,BPA_CNN,vanilla,0.4988826811313629,ArcFace_BPA_CNN_adv
0,GhostFaceNet,/content/face_module/dataset_extractedfaces/lfw_pairs/Renee Zellweger_1.jpg,/content/face_module/dataset_extractedfaces/lfw_pairs/Catherine Deneuve_2.jpg,lfw_pairs,impersonation_attack,eval,ArcFace,BPA_CNN,vanilla,0.2458313405513763,ArcFace_BPA_CNN_adv
0,VGG-Face,/content/face_module/dataset_extractedfaces/lfw_pairs/Renee Zellweger_1.jpg,/content/face_module/dataset_extractedfaces/lfw_pairs/Catherine Deneuve_2.jpg,lfw_pairs,impersonation_attack,eval,ArcFace,BPA_CNN,vanilla,0.5020444989204407,ArcFace_BPA_CNN_adv
32,ArcFace,/content/face_module/dataset_extractedfaces/lfw_pairs/Donald Rumsfeld_105.jpg,/content/face_module/dataset_extractedfaces/lfw_pairs/Paul Burrell_11.jpg,lfw_pairs,impersonation_attack,eval,ArcFace,clean,clean,0.0229565761983394,ArcFace_clean
32,Facenet512,/content/face_module/dataset_extractedfaces/lfw_pairs/Donald Rumsfeld_105.jpg,/content/face_module/dataset_extractedfaces/lfw_pairs/Paul Burrell_11.jpg,lfw_pairs,impersonation_attack,eval,ArcFace,clean,clean,0.0229565761983394,ArcFace_clean
32,GhostFaceNet,/content/face_module/dataset_extractedfaces/lfw_pairs/Donald Rumsfeld_105.jpg,/content/face_module/dataset_extractedfaces/lfw_pairs/Paul Burrell_11.jpg,lfw_pairs,impersonation_attack,eval,ArcFace,clean,clean,0.0229565761983394,ArcFace_clean
32,VGG-Face,/content/face_module/dataset_extractedfaces/lfw_pairs/Donald Rumsfeld_105.jpg,/content/face_module/dataset_extractedfaces/lfw_pairs/Paul Burrell_11.jpg,lfw_pairs,impersonation_attack,eval,ArcFace,clean,clean,0.0229565761983394,ArcFace_clean
32,Facenet512,/content/face_module/dataset_extractedfaces/lfw_pairs/Donald Rumsfeld_105.jpg,/content/face_module/dataset_extractedfaces/lfw_pairs/Paul Burrell_11.jpg,lfw_pairs,impersonation_attack,eval,ArcFace,BPA_CNN,vanilla,0.3013149499893188,ArcFace_BPA_CNN_adv
32,GhostFaceNet,/content/face_module/dataset_extractedfaces/lfw_pairs/Donald Rumsfeld_105.jpg,/content/face_module/dataset_extractedfaces/lfw_pairs/Paul Burrell_11.jpg,lfw_pairs,impersonation_attack,eval,ArcFace,BPA_CNN,vanilla,0.0553836338222026,ArcFace_BPA_CNN_adv
32,VGG-Face,/content/face_module/dataset_extractedfaces/lfw_pairs/Donald Rumsfeld_105.jpg,/content/face_module/dataset_extractedfaces/lfw_pairs/Paul Burrell_11.jpg,lfw_pairs,impersonation_attack,eval,ArcFace,BPA_CNN,vanilla,0.3194597065448761,ArcFace_BPA_CNN_adv
48,ArcFace,/content/face_module/dataset_extractedfaces/lfw_pairs/Renee Zellweger_14.jpg,/content/face_module/dataset_extractedfaces/lfw_pairs/Venus Williams_9.jpg,lfw_pairs,impersonation_attack,eval,ArcFace,clean,clean,0.1083590984344482,ArcFace_clean
48,Facenet512,/content/face_module/dataset_extractedfaces/lfw_pairs/Renee Zellweger_14.jpg,/content/face_module/dataset_extractedfaces/lfw_pairs/Venus Williams_9.jpg,lfw_pairs,impersonation_attack,eval,ArcFace,clean,clean,0.1083590984344482,ArcFace_clean
48,GhostFaceNet,/content/face_module/dataset_extractedfaces/lfw_pairs/Renee Zellweger_14.jpg,/content/face_module/dataset_extractedfaces/lfw_pairs/Venus Williams_9.jpg,lfw_pairs,impersonation_attack,eval,ArcFace,clean,clean,0.1083590984344482,ArcFace_clean
48,VGG-Face,/content/face_module/dataset_extractedfaces/lfw_pairs/Renee Zellweger_14.jpg,/content/face_module/dataset_extractedfaces/lfw_pairs/Venus Williams_9.jpg,lfw_pairs,impersonation_attack,eval,ArcFace,clean,clean,0.1083590984344482,ArcFace_clean
48,Facenet512,/content/face_module/dataset_extractedfaces/lfw_pairs/Renee Zellweger_14.jpg,/content/face_module/dataset_extractedfaces/lfw_pairs/Venus Williams_9.jpg,lfw_pairs,impersonation_attack,eval,ArcFace,BPA_CNN,vanilla,0.2614454925060272,ArcFace_BPA_CNN_adv
48,GhostFaceNet,/content/face_module/dataset_extractedfaces/lfw_pairs/Renee Zellweger_14.jpg,/content/face_module/dataset_extractedfaces/lfw_pairs/Venus Williams_9.jpg,lfw_pairs,impersonation_attack,eval,ArcFace,BPA_CNN,vanilla,0.1570184528827667,ArcFace_BPA_CNN_adv
48,VGG-Face,/content/face_module/dataset_extractedfaces/lfw_pairs/Renee Zellweger_14.jpg,/content/face_module/dataset_extractedfaces/lfw_pairs/Venus Williams_9.jpg,lfw_pairs,impersonation_attack,eval,ArcFace,BPA_CNN,vanilla,0.263052374124527,ArcFace_BPA_CNN_adv
57,ArcFace,/content/face_module/dataset_extractedfaces/lfw_pairs/Mike Weir_10.jpg,/content/face_module/dataset_extractedfaces/lfw_pairs/Luis Horna_2.jpg,lfw_pairs,impersonation_attack,eval,ArcFace,clean,clean,0.2939318716526031,ArcFace_clean
57,Facenet512,/content/face_module/dataset_extractedfaces/lfw_pairs/Mike Weir_10.jpg,/content/face_module/dataset_extractedfaces/lfw_pairs/Luis Horna_2.jpg,lfw_pairs,impersonation_attack,eval,ArcFace,clean,clean,0.2939318716526031,ArcFace_clean
57,GhostFaceNet,/content/face_module/dataset_extractedfaces/lfw_pairs/Mike Weir_10.jpg,/content/face_module/dataset_extractedfaces/lfw_pairs/Luis Horna_2.jpg,lfw_pairs,impersonation_attack,eval,ArcFace,clean,clean,0.2939318716526031,ArcFace_clean
57,VGG-Face,/content/face_module/dataset_extractedfaces/lfw_pairs/Mike Weir_10.jpg,/content/face_module/dataset_extractedfaces/lfw_pairs/Luis Horna_2.jpg,lfw_pairs,impersonation_attack,eval,ArcFace,clean,clean,0.2939318716526031,ArcFace_clean
57,Facenet512,/content/face_module/dataset_extractedfaces/lfw_pairs/Mike Weir_10.jpg,/content/face_module/dataset_extractedfaces/lfw_pairs/Luis Horna_2.jpg,lfw_pairs,impersonation_attack,eval,ArcFace,BPA_CNN,vanilla,0.364768773317337,ArcFace_BPA_CNN_adv
57,GhostFaceNet,/content/face_module/dataset_extractedfaces/lfw_pairs/Mike Weir_10.jpg,/content/face_module/dataset_extractedfaces/lfw_pairs/Luis Horna_2.jpg,lfw_pairs,impersonation_attack,eval,ArcFace,BPA_CNN,vanilla,0.3758620321750641,ArcFace_BPA_CNN_adv
57,VGG-Face,/content/face_module/dataset_extractedfaces/lfw_pairs/Mike Weir_10.jpg,/content/face_module/dataset_extractedfaces/lfw_pairs/Luis Horna_2.jpg,lfw_pairs,impersonation_attack,eval,ArcFace,BPA_CNN,vanilla,0.3849992454051971,ArcFace_BPA_CNN_adv
60,ArcFace,/content/face_module/dataset_extractedfaces/lfw_pairs/Jason Kidd_9.jpg,/content/face_module/dataset_extractedfaces/lfw_pairs/Luiz Inacio Lula da Silva_22.jpg,lfw_pairs,impersonation_attack,eval,ArcFace,clean,clean,0.0810949504375457,ArcFace_clean
60,Facenet512,/content/face_module/dataset_extractedfaces/lfw_pairs/Jason Kidd_9.jpg,/content/face_module/dataset_extractedfaces/lfw_pairs/Luiz Inacio Lula da Silva_22.jpg,lfw_pairs,impersonation_attack,eval,ArcFace,clean,clean,0.0810949504375457,ArcFace_clean
60,GhostFaceNet,/content/face_module/dataset_extractedfaces/lfw_pairs/Jason Kidd_9.jpg,/content/face_module/dataset_extractedfaces/lfw_pairs/Luiz Inacio Lula da Silva_22.jpg,lfw_pairs,impersonation_attack,eval,ArcFace,clean,clean,0.0810949504375457,ArcFace_clean
60,VGG-Face,/content/face_module/dataset_extractedfaces/lfw_pairs/Jason Kidd_9.jpg,/content/face_module/dataset_extractedfaces/lfw_pairs/Luiz Inacio Lula da Silva_22.jpg,lfw_pairs,impersonation_attack,eval,ArcFace,clean,clean,0.0810949504375457,ArcFace_clean
60,Facenet512,/content/face_module/dataset_extractedfaces/lfw_pairs/Jason Kidd_9.jpg,/content/face_module/dataset_extractedfaces/lfw_pairs/Luiz Inacio Lula da Silva_22.jpg,lfw_pairs,impersonation_attack,eval,ArcFace,BPA_CNN,vanilla,0.3705489933490753,ArcFace_BPA_CNN_adv
60,GhostFaceNet,/content/face_module/dataset_extractedfaces/lfw_pairs/Jason Kidd_9.jpg,/content/face_module/dataset_extractedfaces/lfw_pairs/Luiz Inacio Lula da Silva_22.jpg,lfw_pairs,impersonation_attack,eval,ArcFace,BPA_CNN,vanilla,0.0886003524065017,ArcFace_BPA_CNN_adv
60,VGG-Face,/content/face_module/dataset_extractedfaces/lfw_pairs/Jason Kidd_9.jpg,/content/face_module/dataset_extractedfaces/lfw_pairs/Luiz Inacio Lula da Silva_22.jpg,lfw_pairs,impersonation_attack,eval,ArcFace,BPA_CNN,vanilla,0.4914398789405823,ArcFace_BPA_CNN_adv
2,ArcFace,/content/face_module/dataset_extractedfaces/celeba_pairs/107859.jpg,/content/face_module/dataset_extractedfaces/celeba_pairs/031892.jpg,celeba_pairs,impersonation_attack,eval,ArcFace,clean,clean,0.2291036993265152,ArcFace_clean
2,Facenet512,/content/face_module/dataset_extractedfaces/celeba_pairs/107859.jpg,/content/face_module/dataset_extractedfaces/celeba_pairs/031892.jpg,celeba_pairs,impersonation_attack,eval,ArcFace,clean,clean,0.2291036993265152,ArcFace_clean
2,GhostFaceNet,/content/face_module/dataset_extractedfaces/celeba_pairs/107859.jpg,/content/face_module/dataset_extractedfaces/celeba_pairs/031892.jpg,celeba_pairs,impersonation_attack,eval,ArcFace,clean,clean,0.2291036993265152,ArcFace_clean
2,VGG-Face,/content/face_module/dataset_extractedfaces/celeba_pairs/107859.jpg,/content/face_module/dataset_extractedfaces/celeba_pairs/031892.jpg,celeba_pairs,impersonation_attack,eval,ArcFace,clean,clean,0.2291036993265152,ArcFace_clean
2,Facenet512,/content/face_module/dataset_extractedfaces/celeba_pairs/107859.jpg,/content/face_module/dataset_extractedfaces/celeba_pairs/031892.jpg,celeba_pairs,impersonation_attack,eval,ArcFace,BPA_CNN,vanilla,0.2911369800567627,ArcFace_BPA_CNN_adv
2,GhostFaceNet,/content/face_module/dataset_extractedfaces/celeba_pairs/107859.jpg,/content/face_module/dataset_extractedfaces/celeba_pairs/031892.jpg,celeba_pairs,impersonation_attack,eval,ArcFace,BPA_CNN,vanilla,0.2071345299482345,ArcFace_BPA_CNN_adv
2,VGG-Face,/content/face_module/dataset_extractedfaces/celeba_pairs/107859.jpg,/content/face_module/dataset_extractedfaces/celeba_pairs/031892.jpg,celeba_pairs,impersonation_attack,eval,ArcFace,BPA_CNN,vanilla,0.2913419306278229,ArcFace_BPA_CNN_adv
8,ArcFace,/content/face_module/dataset_extractedfaces/celeba_pairs/023666.jpg,/content/face_module/dataset_extractedfaces/celeba_pairs/010959.jpg,celeba_pairs,impersonation_attack,eval,ArcFace,clean,clean,0.1708461046218872,ArcFace_clean
8,Facenet512,/content/face_module/dataset_extractedfaces/celeba_pairs/023666.jpg,/content/face_module/dataset_extractedfaces/celeba_pairs/010959.jpg,celeba_pairs,impersonation_attack,eval,ArcFace,clean,clean,0.1708461046218872,ArcFace_clean
8,GhostFaceNet,/content/face_module/dataset_extractedfaces/celeba_pairs/023666.jpg,/content/face_module/dataset_extractedfaces/celeba_pairs/010959.jpg,celeba_pairs,impersonation_attack,eval,ArcFace,clean,clean,0.1708461046218872,ArcFace_clean
8,VGG-Face,/content/face_module/dataset_extractedfaces/celeba_pairs/023666.jpg,/content/face_module/dataset_extractedfaces/celeba_pairs/010959.jpg,celeba_pairs,impersonation_attack,eval,ArcFace,clean,clean,0.1708461046218872,ArcFace_clean
8,Facenet512,/content/face_module/dataset_extractedfaces/celeba_pairs/023666.jpg,/content/face_module/dataset_extractedfaces/celeba_pairs/010959.jpg,celeba_pairs,impersonation_attack,eval,ArcFace,BPA_CNN,vanilla,0.3363987803459167,ArcFace_BPA_CNN_adv
8,GhostFaceNet,/content/face_module/dataset_extractedfaces/celeba_pairs/023666.jpg,/content/face_module/dataset_extractedfaces/celeba_pairs/010959.jpg,celeba_pairs,impersonation_attack,eval,ArcFace,BPA_CNN,vanilla,0.3131370842456817,ArcFace_BPA_CNN_adv
8,VGG-Face,/content/face_module/dataset_extractedfaces/celeba_pairs/023666.jpg,/content/face_module/dataset_extractedfaces/celeba_pairs/010959.jpg,celeba_pairs,impersonation_attack,eval,ArcFace,BPA_CNN,vanilla,0.3799329400062561,ArcFace_BPA_CNN_adv
12,ArcFace,/content/face_module/dataset_extractedfaces/celeba_pairs/003089.jpg,/content/face_module/dataset_extractedfaces/celeba_pairs/016966.jpg,celeba_pairs,impersonation_attack,eval,ArcFace,clean,clean,0.207217201590538,ArcFace_clean
12,Facenet512,/content/face_module/dataset_extractedfaces/celeba_pairs/003089.jpg,/content/face_module/dataset_extractedfaces/celeba_pairs/016966.jpg,celeba_pairs,impersonation_attack,eval,ArcFace,clean,clean,0.207217201590538,ArcFace_clean
12,GhostFaceNet,/content/face_module/dataset_extractedfaces/celeba_pairs/003089.jpg,/content/face_module/dataset_extractedfaces/celeba_pairs/016966.jpg,celeba_pairs,impersonation_attack,eval,ArcFace,clean,clean,0.207217201590538,ArcFace_clean
12,VGG-Face,/content/face_module/dataset_extractedfaces/celeba_pairs/003089.jpg,/content/face_module/dataset_extractedfaces/celeba_pairs/016966.jpg,celeba_pairs,impersonation_attack,eval,ArcFace,clean,clean,0.207217201590538,ArcFace_clean
12,Facenet512,/content/face_module/dataset_extractedfaces/celeba_pairs/003089.jpg,/content/face_module/dataset_extractedfaces/celeba_pairs/016966.jpg,celeba_pairs,impersonation_attack,eval,ArcFace,BPA_CNN,vanilla,0.2994451820850372,ArcFace_BPA_CNN_adv
12,GhostFaceNet,/content/face_module/dataset_extractedfaces/celeba_pairs/003089.jpg,/content/face_module/dataset_extractedfaces/celeba_pairs/016966.jpg,celeba_pairs,impersonation_attack,eval,ArcFace,BPA_CNN,vanilla,0.2744291126728058,ArcFace_BPA_CNN_adv
12,VGG-Face,/content/face_module/dataset_extractedfaces/celeba_pairs/003089.jpg,/content/face_module/dataset_extractedfaces/celeba_pairs/016966.jpg,celeba_pairs,impersonation_attack,eval,ArcFace,BPA_CNN,vanilla,0.2851203382015228,ArcFace_BPA_CNN_adv
26,ArcFace,/content/face_module/dataset_extractedfaces/celeba_pairs/113117.jpg,/content/face_module/dataset_extractedfaces/celeba_pairs/129449.jpg,celeba_pairs,impersonation_attack,eval,ArcFace,clean,clean,0.0089562684297561,ArcFace_clean
26,Facenet512,/content/face_module/dataset_extractedfaces/celeba_pairs/113117.jpg,/content/face_module/dataset_extractedfaces/celeba_pairs/129449.jpg,celeba_pairs,impersonation_attack,eval,ArcFace,clean,clean,0.0089562684297561,ArcFace_clean
26,GhostFaceNet,/content/face_module/dataset_extractedfaces/celeba_pairs/113117.jpg,/content/face_module/dataset_extractedfaces/celeba_pairs/129449.jpg,celeba_pairs,impersonation_attack,eval,ArcFace,clean,clean,0.0089562684297561,ArcFace_clean
26,VGG-Face,/content/face_module/dataset_extractedfaces/celeba_pairs/113117.jpg,/content/face_module/dataset_extractedfaces/celeba_pairs/129449.jpg,celeba_pairs,impersonation_attack,eval,ArcFace,clean,clean,0.0089562684297561,ArcFace_clean
26,Facenet512,/content/face_module/dataset_extractedfaces/celeba_pairs/113117.jpg,/content/face_module/dataset_extractedfaces/celeba_pairs/129449.jpg,celeba_pairs,impersonation_attack,eval,ArcFace,BPA_CNN,vanilla,0.109078861773014,ArcFace_BPA_CNN_adv
26,GhostFaceNet,/content/face_module/dataset_extractedfaces/celeba_pairs/113117.jpg,/content/face_module/dataset_extractedfaces/celeba_pairs/129449.jpg,celeba_pairs,impersonation_attack,eval,ArcFace,BPA_CNN,vanilla,0.0029193926602602,ArcFace_BPA_CNN_adv
26,VGG-Face,/content/face_module/dataset_extractedfaces/celeba_pairs/113117.jpg,/content/face_module/dataset_extractedfaces/celeba_pairs/129449.jpg,celeba_pairs,impersonation_attack,eval,ArcFace,BPA_CNN,vanilla,0.1953723579645156,ArcFace_BPA_CNN_adv
34,ArcFace,/content/face_module/dataset_extractedfaces/celeba_pairs/001430.jpg,/content/face_module/dataset_extractedfaces/celeba_pairs/046649.jpg,celeba_pairs,impersonation_attack,eval,ArcFace,clean,clean,0.1476317346096038,ArcFace_clean
34,Facenet512,/content/face_module/dataset_extractedfaces/celeba_pairs/001430.jpg,/content/face_module/dataset_extractedfaces/celeba_pairs/046649.jpg,celeba_pairs,impersonation_attack,eval,ArcFace,clean,clean,0.1476317346096038,ArcFace_clean
34,GhostFaceNet,/content/face_module/dataset_extractedfaces/celeba_pairs/001430.jpg,/content/face_module/dataset_extractedfaces/celeba_pairs/046649.jpg,celeba_pairs,impersonation_attack,eval,ArcFace,clean,clean,0.1476317346096038,ArcFace_clean
34,VGG-Face,/content/face_module/dataset_extractedfaces/celeba_pairs/001430.jpg,/content/face_module/dataset_extractedfaces/celeba_pairs/046649.jpg,celeba_pairs,impersonation_attack,eval,ArcFace,clean,clean,0.1476317346096038,ArcFace_clean
34,Facenet512,/content/face_module/dataset_extractedfaces/celeba_pairs/001430.jpg,/content/face_module/dataset_extractedfaces/celeba_pairs/046649.jpg,celeba_pairs,impersonation_attack,eval,ArcFace,BPA_CNN,vanilla,0.3459245562553406,ArcFace_BPA_CNN_adv
34,GhostFaceNet,/content/face_module/dataset_extractedfaces/celeba_pairs/001430.jpg,/content/face_module/dataset_extractedfaces/celeba_pairs/046649.jpg,celeba_pairs,impersonation_attack,eval,ArcFace,BPA_CNN,vanilla,0.2150538116693496,ArcFace_BPA_CNN_adv
34,VGG-Face,/content/face_module/dataset_extractedfaces/celeba_pairs/001430.jpg,/content/face_module/dataset_extractedfaces/celeba_pairs/046649.jpg,celeba_pairs,impersonation_attack,eval,ArcFace,BPA_CNN,vanilla,0.2057105004787445,ArcFace_BPA_CNN_adv
3,ArcFace,/content/face_module/dataset_extractedfaces/vggface2_pairs/n000007_0076_01.jpg,/content/face_module/dataset_extractedfaces/vggface2_pairs/n000005_0080_01.jpg,vggface2_pairs,impersonation_attack,eval,ArcFace,clean,clean,0.0339484401047229,ArcFace_clean
3,Facenet512,/content/face_module/dataset_extractedfaces/vggface2_pairs/n000007_0076_01.jpg,/content/face_module/dataset_extractedfaces/vggface2_pairs/n000005_0080_01.jpg,vggface2_pairs,impersonation_attack,eval,ArcFace,clean,clean,0.0339484401047229,ArcFace_clean
3,GhostFaceNet,/content/face_module/dataset_extractedfaces/vggface2_pairs/n000007_0076_01.jpg,/content/face_module/dataset_extractedfaces/vggface2_pairs/n000005_0080_01.jpg,vggface2_pairs,impersonation_attack,eval,ArcFace,clean,clean,0.0339484401047229,ArcFace_clean
3,VGG-Face,/content/face_module/dataset_extractedfaces/vggface2_pairs/n000007_0076_01.jpg,/content/face_module/dataset_extractedfaces/vggface2_pairs/n000005_0080_01.jpg,vggface2_pairs,impersonation_attack,eval,ArcFace,clean,clean,0.0339484401047229,ArcFace_clean
3,Facenet512,/content/face_module/dataset_extractedfaces/vggface2_pairs/n000007_0076_01.jpg,/content/face_module/dataset_extractedfaces/vggface2_pairs/n000005_0080_01.jpg,vggface2_pairs,impersonation_attack,eval,ArcFace,BPA_CNN,vanilla,0.1972717642784118,ArcFace_BPA_CNN_adv
3,GhostFaceNet,/content/face_module/dataset_extractedfaces/vggface2_pairs/n000007_0076_01.jpg,/content/face_module/dataset_extractedfaces/vggface2_pairs/n000005_0080_01.jpg,vggface2_pairs,impersonation_attack,eval,ArcFace,BPA_CNN,vanilla,0.1762317866086959,ArcFace_BPA_CNN_adv
3,VGG-Face,/content/face_module/dataset_extractedfaces/vggface2_pairs/n000007_0076_01.jpg,/content/face_module/dataset_extractedfaces/vggface2_pairs/n000005_0080_01.jpg,vggface2_pairs,impersonation_attack,eval,ArcFace,BPA_CNN,vanilla,0.4281271994113922,ArcFace_BPA_CNN_adv
5,ArcFace,/content/face_module/dataset_extractedfaces/vggface2_pairs/n000004_0204_01.jpg,/content/face_module/dataset_extractedfaces/vggface2_pairs/n000002_0070_01.jpg,vggface2_pairs,impersonation_attack,eval,ArcFace,clean,clean,0.0034879823215305,ArcFace_clean
5,Facenet512,/content/face_module/dataset_extractedfaces/vggface2_pairs/n000004_0204_01.jpg,/content/face_module/dataset_extractedfaces/vggface2_pairs/n000002_0070_01.jpg,vggface2_pairs,impersonation_attack,eval,ArcFace,clean,clean,0.0034879823215305,ArcFace_clean
5,GhostFaceNet,/content/face_module/dataset_extractedfaces/vggface2_pairs/n000004_0204_01.jpg,/content/face_module/dataset_extractedfaces/vggface2_pairs/n000002_0070_01.jpg,vggface2_pairs,impersonation_attack,eval,ArcFace,clean,clean,0.0034879823215305,ArcFace_clean
5,VGG-Face,/content/face_module/dataset_extractedfaces/vggface2_pairs/n000004_0204_01.jpg,/content/face_module/dataset_extractedfaces/vggface2_pairs/n000002_0070_01.jpg,vggface2_pairs,impersonation_attack,eval,ArcFace,clean,clean,0.0034879823215305,ArcFace_clean
5,Facenet512,/content/face_module/dataset_extractedfaces/vggface2_pairs/n000004_0204_01.jpg,/content/face_module/dataset_extractedfaces/vggface2_pairs/n000002_0070_01.jpg,vggface2_pairs,impersonation_attack,eval,ArcFace,BPA_CNN,vanilla,0.099772609770298,ArcFace_BPA_CNN_adv
5,GhostFaceNet,/content/face_module/dataset_extractedfaces/vggface2_pairs/n000004_0204_01.jpg,/content/face_module/dataset_extractedfaces/vggface2_pairs/n000002_0070_01.jpg,vggface2_pairs,impersonation_attack,eval,ArcFace,BPA_CNN,vanilla,0.0305983778089284,ArcFace_BPA_CNN_adv
5,VGG-Face,/content/face_module/dataset_extractedfaces/vggface2_pairs/n000004_0204_01.jpg,/content/face_module/dataset_extractedfaces/vggface2_pairs/n000002_0070_01.jpg,vggface2_pairs,impersonation_attack,eval,ArcFace,BPA_CNN,vanilla,0.0338494963943958,ArcFace_BPA_CNN_adv
17,ArcFace,/content/face_module/dataset_extractedfaces/vggface2_pairs/n000016_0036_01.jpg,/content/face_module/dataset_extractedfaces/vggface2_pairs/n000012_0087_01.jpg,vggface2_pairs,impersonation_attack,eval,ArcFace,clean,clean,0.3356751501560211,ArcFace_clean
17,Facenet512,/content/face_module/dataset_extractedfaces/vggface2_pairs/n000016_0036_01.jpg,/content/face_module/dataset_extractedfaces/vggface2_pairs/n000012_0087_01.jpg,vggface2_pairs,impersonation_attack,eval,ArcFace,clean,clean,0.3356751501560211,ArcFace_clean
17,GhostFaceNet,/content/face_module/dataset_extractedfaces/vggface2_pairs/n000016_0036_01.jpg,/content/face_module/dataset_extractedfaces/vggface2_pairs/n000012_0087_01.jpg,vggface2_pairs,impersonation_attack,eval,ArcFace,clean,clean,0.3356751501560211,ArcFace_clean
17,VGG-Face,/content/face_module/dataset_extractedfaces/vggface2_pairs/n000016_0036_01.jpg,/content/face_module/dataset_extractedfaces/vggface2_pairs/n000012_0087_01.jpg,vggface2_pairs,impersonation_attack,eval,ArcFace,clean,clean,0.3356751501560211,ArcFace_clean
17,Facenet512,/content/face_module/dataset_extractedfaces/vggface2_pairs/n000016_0036_01.jpg,/content/face_module/dataset_extractedfaces/vggface2_pairs/n000012_0087_01.jpg,vggface2_pairs,impersonation_attack,eval,ArcFace,BPA_CNN,vanilla,0.6212573051452637,ArcFace_BPA_CNN_adv
17,GhostFaceNet,/content/face_module/dataset_extractedfaces/vggface2_pairs/n000016_0036_01.jpg,/content/face_module/dataset_extractedfaces/vggface2_pairs/n000012_0087_01.jpg,vggface2_pairs,impersonation_attack,eval,ArcFace,BPA_CNN,vanilla,0.3585605919361114,ArcFace_BPA_CNN_adv
17,VGG-Face,/content/face_module/dataset_extractedfaces/vggface2_pairs/n000016_0036_01.jpg,/content/face_module/dataset_extractedfaces/vggface2_pairs/n000012_0087_01.jpg,vggface2_pairs,impersonation_attack,eval,ArcFace,BPA_CNN,vanilla,0.5807197690010071,ArcFace_BPA_CNN_adv
19,ArcFace,/content/face_module/dataset_extractedfaces/vggface2_pairs/n000007_0012_01.jpg,/content/face_module/dataset_extractedfaces/vggface2_pairs/n000008_0101_01.jpg,vggface2_pairs,impersonation_attack,eval,ArcFace,clean,clean,0.1917919218540191,ArcFace_clean
19,Facenet512,/content/face_module/dataset_extractedfaces/vggface2_pairs/n000007_0012_01.jpg,/content/face_module/dataset_extractedfaces/vggface2_pairs/n000008_0101_01.jpg,vggface2_pairs,impersonation_attack,eval,ArcFace,clean,clean,0.1917919218540191,ArcFace_clean
19,GhostFaceNet,/content/face_module/dataset_extractedfaces/vggface2_pairs/n000007_0012_01.jpg,/content/face_module/dataset_extractedfaces/vggface2_pairs/n000008_0101_01.jpg,vggface2_pairs,impersonation_attack,eval,ArcFace,clean,clean,0.1917919218540191,ArcFace_clean
19,VGG-Face,/content/face_module/dataset_extractedfaces/vggface2_pairs/n000007_0012_01.jpg,/content/face_module/dataset_extractedfaces/vggface2_pairs/n000008_0101_01.jpg,vggface2_pairs,impersonation_attack,eval,ArcFace,clean,clean,0.1917919218540191,ArcFace_clean
19,Facenet512,/content/face_module/dataset_extractedfaces/vggface2_pairs/n000007_0012_01.jpg,/content/face_module/dataset_extractedfaces/vggface2_pairs/n000008_0101_01.jpg,vggface2_pairs,impersonation_attack,eval,ArcFace,BPA_CNN,vanilla,0.3183395862579345,ArcFace_BPA_CNN_adv
19,GhostFaceNet,/content/face_module/dataset_extractedfaces/vggface2_pairs/n000007_0012_01.jpg,/content/face_module/dataset_extractedfaces/vggface2_pairs/n000008_0101_01.jpg,vggface2_pairs,impersonation_attack,eval,ArcFace,BPA_CNN,vanilla,0.2542991042137146,ArcFace_BPA_CNN_adv
19,VGG-Face,/content/face_module/dataset_extractedfaces/vggface2_pairs/n000007_0012_01.jpg,/content/face_module/dataset_extractedfaces/vggface2_pairs/n000008_0101_01.jpg,vggface2_pairs,impersonation_attack,eval,ArcFace,BPA_CNN,vanilla,0.37905353307724,ArcFace_BPA_CNN_adv
21,ArcFace,/content/face_module/dataset_extractedfaces/vggface2_pairs/n000012_0183_01.jpg,/content/face_module/dataset_extractedfaces/vggface2_pairs/n000014_0113_01.jpg,vggface2_pairs,impersonation_attack,eval,ArcFace,clean,clean,0.1859162300825119,ArcFace_clean
21,Facenet512,/content/face_module/dataset_extractedfaces/vggface2_pairs/n000012_0183_01.jpg,/content/face_module/dataset_extractedfaces/vggface2_pairs/n000014_0113_01.jpg,vggface2_pairs,impersonation_attack,eval,ArcFace,clean,clean,0.1859162300825119,ArcFace_clean
21,GhostFaceNet,/content/face_module/dataset_extractedfaces/vggface2_pairs/n000012_0183_01.jpg,/content/face_module/dataset_extractedfaces/vggface2_pairs/n000014_0113_01.jpg,vggface2_pairs,impersonation_attack,eval,ArcFace,clean,clean,0.1859162300825119,ArcFace_clean
21,VGG-Face,/content/face_module/dataset_extractedfaces/vggface2_pairs/n000012_0183_01.jpg,/content/face_module/dataset_extractedfaces/vggface2_pairs/n000014_0113_01.jpg,vggface2_pairs,impersonation_attack,eval,ArcFace,clean,clean,0.1859162300825119,ArcFace_clean
21,Facenet512,/content/face_module/dataset_extractedfaces/vggface2_pairs/n000012_0183_01.jpg,/content/face_module/dataset_extractedfaces/vggface2_pairs/n000014_0113_01.jpg,vggface2_pairs,impersonation_attack,eval,ArcFace,BPA_CNN,vanilla,0.3886951208114624,ArcFace_BPA_CNN_adv
21,GhostFaceNet,/content/face_module/dataset_extractedfaces/vggface2_pairs/n000012_0183_01.jpg,/content/face_module/dataset_extractedfaces/vggface2_pairs/n000014_0113_01.jpg,vggface2_pairs,impersonation_attack,eval,ArcFace,BPA_CNN,vanilla,0.3284825980663299,ArcFace_BPA_CNN_adv
21,VGG-Face,/content/face_module/dataset_extractedfaces/vggface2_pairs/n000012_0183_01.jpg,/content/face_module/dataset_extractedfaces/vggface2_pairs/n000014_0113_01.jpg,vggface2_pairs,impersonation_attack,eval,ArcFace,BPA_CNN,vanilla,0.3966329395771026,ArcFace_BPA_CNN_adv
6,ArcFace,/content/face_module/dataset_extractedfaces/lfw_pairs/Luiz Inacio Lula da Silva_7.jpg,/content/face_module/dataset_extractedfaces/lfw_pairs/Luiz Inacio Lula da Silva_8.jpg,lfw_pairs,dodging_attack,eval,ArcFace,clean,clean,0.748854398727417,ArcFace_clean
6,Facenet512,/content/face_module/dataset_extractedfaces/lfw_pairs/Luiz Inacio Lula da Silva_7.jpg,/content/face_module/dataset_extractedfaces/lfw_pairs/Luiz Inacio Lula da Silva_8.jpg,lfw_pairs,dodging_attack,eval,ArcFace,clean,clean,0.748854398727417,ArcFace_clean
6,GhostFaceNet,/content/face_module/dataset_extractedfaces/lfw_pairs/Luiz Inacio Lula da Silva_7.jpg,/content/face_module/dataset_extractedfaces/lfw_pairs/Luiz Inacio Lula da Silva_8.jpg,lfw_pairs,dodging_attack,eval,ArcFace,clean,clean,0.748854398727417,ArcFace_clean
6,VGG-Face,/content/face_module/dataset_extractedfaces/lfw_pairs/Luiz Inacio Lula da Silva_7.jpg,/content/face_module/dataset_extractedfaces/lfw_pairs/Luiz Inacio Lula da Silva_8.jpg,lfw_pairs,dodging_attack,eval,ArcFace,clean,clean,0.748854398727417,ArcFace_clean
6,Facenet512,/content/face_module/dataset_extractedfaces/lfw_pairs/Luiz Inacio Lula da Silva_7.jpg,/content/face_module/dataset_extractedfaces/lfw_pairs/Luiz Inacio Lula da Silva_8.jpg,lfw_pairs,dodging_attack,eval,ArcFace,BPA_CNN,vanilla,0.40946826338768,ArcFace_BPA_CNN_adv
6,GhostFaceNet,/content/face_module/dataset_extractedfaces/lfw_pairs/Luiz Inacio Lula da Silva_7.jpg,/content/face_module/dataset_extractedfaces/lfw_pairs/Luiz Inacio Lula da Silva_8.jpg,lfw_pairs,dodging_attack,eval,ArcFace,BPA_CNN,vanilla,0.705980658531189,ArcFace_BPA_CNN_adv
6,VGG-Face,/content/face_module/dataset_extractedfaces/lfw_pairs/Luiz Inacio Lula da Silva_7.jpg,/content/face_module/dataset_extractedfaces/lfw_pairs/Luiz Inacio Lula da Silva_8.jpg,lfw_pairs,dodging_attack,eval,ArcFace,BPA_CNN,vanilla,0.3826037943363189,ArcFace_BPA_CNN_adv
9,ArcFace,/content/face_module/dataset_extractedfaces/lfw_pairs/Colin Powell_75.jpg,/content/face_module/dataset_extractedfaces/lfw_pairs/Colin Powell_76.jpg,lfw_pairs,dodging_attack,eval,ArcFace,clean,clean,0.2683092653751373,ArcFace_clean
9,Facenet512,/content/face_module/dataset_extractedfaces/lfw_pairs/Colin Powell_75.jpg,/content/face_module/dataset_extractedfaces/lfw_pairs/Colin Powell_76.jpg,lfw_pairs,dodging_attack,eval,ArcFace,clean,clean,0.2683092653751373,ArcFace_clean
9,GhostFaceNet,/content/face_module/dataset_extractedfaces/lfw_pairs/Colin Powell_75.jpg,/content/face_module/dataset_extractedfaces/lfw_pairs/Colin Powell_76.jpg,lfw_pairs,dodging_attack,eval,ArcFace,clean,clean,0.2683092653751373,ArcFace_clean
9,VGG-Face,/content/face_module/dataset_extractedfaces/lfw_pairs/Colin Powell_75.jpg,/content/face_module/dataset_extractedfaces/lfw_pairs/Colin Powell_76.jpg,lfw_pairs,dodging_attack,eval,ArcFace,clean,clean,0.2683092653751373,ArcFace_clean
9,Facenet512,/content/face_module/dataset_extractedfaces/lfw_pairs/Colin Powell_75.jpg,/content/face_module/dataset_extractedfaces/lfw_pairs/Colin Powell_76.jpg,lfw_pairs,dodging_attack,eval,ArcFace,BPA_CNN,vanilla,0.1347226500511169,ArcFace_BPA_CNN_adv
9,GhostFaceNet,/content/face_module/dataset_extractedfaces/lfw_pairs/Colin Powell_75.jpg,/content/face_module/dataset_extractedfaces/lfw_pairs/Colin Powell_76.jpg,lfw_pairs,dodging_attack,eval,ArcFace,BPA_CNN,vanilla,0.2158148139715194,ArcFace_BPA_CNN_adv
9,VGG-Face,/content/face_module/dataset_extractedfaces/lfw_pairs/Colin Powell_75.jpg,/content/face_module/dataset_extractedfaces/lfw_pairs/Colin Powell_76.jpg,lfw_pairs,dodging_attack,eval,ArcFace,BPA_CNN,vanilla,0.1339095383882522,ArcFace_BPA_CNN_adv
15,ArcFace,/content/face_module/dataset_extractedfaces/lfw_pairs/George W Bush_518.jpg,/content/face_module/dataset_extractedfaces/lfw_pairs/George W Bush_519.jpg,lfw_pairs,dodging_attack,eval,ArcFace,clean,clean,0.6775954365730286,ArcFace_clean
15,Facenet512,/content/face_module/dataset_extractedfaces/lfw_pairs/George W Bush_518.jpg,/content/face_module/dataset_extractedfaces/lfw_pairs/George W Bush_519.jpg,lfw_pairs,dodging_attack,eval,ArcFace,clean,clean,0.6775954365730286,ArcFace_clean
15,GhostFaceNet,/content/face_module/dataset_extractedfaces/lfw_pairs/George W Bush_518.jpg,/content/face_module/dataset_extractedfaces/lfw_pairs/George W Bush_519.jpg,lfw_pairs,dodging_attack,eval,ArcFace,clean,clean,0.6775954365730286,ArcFace_clean
15,VGG-Face,/content/face_module/dataset_extractedfaces/lfw_pairs/George W Bush_518.jpg,/content/face_module/dataset_extractedfaces/lfw_pairs/George W Bush_519.jpg,lfw_pairs,dodging_attack,eval,ArcFace,clean,clean,0.6775954365730286,ArcFace_clean
15,Facenet512,/content/face_module/dataset_extractedfaces/lfw_pairs/George W Bush_518.jpg,/content/face_module/dataset_extractedfaces/lfw_pairs/George W Bush_519.jpg,lfw_pairs,dodging_attack,eval,ArcFace,BPA_CNN,vanilla,0.3449594676494598,ArcFace_BPA_CNN_adv
15,GhostFaceNet,/content/face_module/dataset_extractedfaces/lfw_pairs/George W Bush_518.jpg,/content/face_module/dataset_extractedfaces/lfw_pairs/George W Bush_519.jpg,lfw_pairs,dodging_attack,eval,ArcFace,BPA_CNN,vanilla,0.4965159893035888,ArcFace_BPA_CNN_adv
15,VGG-Face,/content/face_module/dataset_extractedfaces/lfw_pairs/George W Bush_518.jpg,/content/face_module/dataset_extractedfaces/lfw_pairs/George W Bush_519.jpg,lfw_pairs,dodging_attack,eval,ArcFace,BPA_CNN,vanilla,0.3158164918422699,ArcFace_BPA_CNN_adv
16,ArcFace,/content/face_module/dataset_extractedfaces/lfw_pairs/Colin Powell_24.jpg,/content/face_module/dataset_extractedfaces/lfw_pairs/Colin Powell_25.jpg,lfw_pairs,dodging_attack,eval,ArcFace,clean,clean,0.6158846616744995,ArcFace_clean
16,Facenet512,/content/face_module/dataset_extractedfaces/lfw_pairs/Colin Powell_24.jpg,/content/face_module/dataset_extractedfaces/lfw_pairs/Colin Powell_25.jpg,lfw_pairs,dodging_attack,eval,ArcFace,clean,clean,0.6158846616744995,ArcFace_clean
16,GhostFaceNet,/content/face_module/dataset_extractedfaces/lfw_pairs/Colin Powell_24.jpg,/content/face_module/dataset_extractedfaces/lfw_pairs/Colin Powell_25.jpg,lfw_pairs,dodging_attack,eval,ArcFace,clean,clean,0.6158846616744995,ArcFace_clean
16,VGG-Face,/content/face_module/dataset_extractedfaces/lfw_pairs/Colin Powell_24.jpg,/content/face_module/dataset_extractedfaces/lfw_pairs/Colin Powell_25.jpg,lfw_pairs,dodging_attack,eval,ArcFace,clean,clean,0.6158846616744995,ArcFace_clean
16,Facenet512,/content/face_module/dataset_extractedfaces/lfw_pairs/Colin Powell_24.jpg,/content/face_module/dataset_extractedfaces/lfw_pairs/Colin Powell_25.jpg,lfw_pairs,dodging_attack,eval,ArcFace,BPA_CNN,vanilla,0.3745716512203216,ArcFace_BPA_CNN_adv
16,GhostFaceNet,/content/face_module/dataset_extractedfaces/lfw_pairs/Colin Powell_24.jpg,/content/face_module/dataset_extractedfaces/lfw_pairs/Colin Powell_25.jpg,lfw_pairs,dodging_attack,eval,ArcFace,BPA_CNN,vanilla,0.5245615243911743,ArcFace_BPA_CNN_adv
16,VGG-Face,/content/face_module/dataset_extractedfaces/lfw_pairs/Colin Powell_24.jpg,/content/face_module/dataset_extractedfaces/lfw_pairs/Colin Powell_25.jpg,lfw_pairs,dodging_attack,eval,ArcFace,BPA_CNN,vanilla,0.3293820023536682,ArcFace_BPA_CNN_adv
23,ArcFace,/content/face_module/dataset_extractedfaces/lfw_pairs/Tom Daschle_5.jpg,/content/face_module/dataset_extractedfaces/lfw_pairs/Tom Daschle_6.jpg,lfw_pairs,dodging_attack,eval,ArcFace,clean,clean,0.64194256067276,ArcFace_clean
23,Facenet512,/content/face_module/dataset_extractedfaces/lfw_pairs/Tom Daschle_5.jpg,/content/face_module/dataset_extractedfaces/lfw_pairs/Tom Daschle_6.jpg,lfw_pairs,dodging_attack,eval,ArcFace,clean,clean,0.64194256067276,ArcFace_clean
23,GhostFaceNet,/content/face_module/dataset_extractedfaces/lfw_pairs/Tom Daschle_5.jpg,/content/face_module/dataset_extractedfaces/lfw_pairs/Tom Daschle_6.jpg,lfw_pairs,dodging_attack,eval,ArcFace,clean,clean,0.64194256067276,ArcFace_clean
23,VGG-Face,/content/face_module/dataset_extractedfaces/lfw_pairs/Tom Daschle_5.jpg,/content/face_module/dataset_extractedfaces/lfw_pairs/Tom Daschle_6.jpg,lfw_pairs,dodging_attack,eval,ArcFace,clean,clean,0.64194256067276,ArcFace_clean
23,Facenet512,/content/face_module/dataset_extractedfaces/lfw_pairs/Tom Daschle_5.jpg,/content/face_module/dataset_extractedfaces/lfw_pairs/Tom Daschle_6.jpg,lfw_pairs,dodging_attack,eval,ArcFace,BPA_CNN,vanilla,0.287485271692276,ArcFace_BPA_CNN_adv
23,GhostFaceNet,/content/face_module/dataset_extractedfaces/lfw_pairs/Tom Daschle_5.jpg,/content/face_module/dataset_extractedfaces/lfw_pairs/Tom Daschle_6.jpg,lfw_pairs,dodging_attack,eval,ArcFace,BPA_CNN,vanilla,0.6227107048034668,ArcFace_BPA_CNN_adv
23,VGG-Face,/content/face_module/dataset_extractedfaces/lfw_pairs/Tom Daschle_5.jpg,/content/face_module/dataset_extractedfaces/lfw_pairs/Tom Daschle_6.jpg,lfw_pairs,dodging_attack,eval,ArcFace,BPA_CNN,vanilla,0.3605817556381225,ArcFace_BPA_CNN_adv
18,ArcFace,/content/face_module/dataset_extractedfaces/celeba_pairs/092809.jpg,/content/face_module/dataset_extractedfaces/celeba_pairs/108708.jpg,celeba_pairs,dodging_attack,eval,ArcFace,clean,clean,0.753417432308197,ArcFace_clean
18,Facenet512,/content/face_module/dataset_extractedfaces/celeba_pairs/092809.jpg,/content/face_module/dataset_extractedfaces/celeba_pairs/108708.jpg,celeba_pairs,dodging_attack,eval,ArcFace,clean,clean,0.753417432308197,ArcFace_clean
18,GhostFaceNet,/content/face_module/dataset_extractedfaces/celeba_pairs/092809.jpg,/content/face_module/dataset_extractedfaces/celeba_pairs/108708.jpg,celeba_pairs,dodging_attack,eval,ArcFace,clean,clean,0.753417432308197,ArcFace_clean
18,VGG-Face,/content/face_module/dataset_extractedfaces/celeba_pairs/092809.jpg,/content/face_module/dataset_extractedfaces/celeba_pairs/108708.jpg,celeba_pairs,dodging_attack,eval,ArcFace,clean,clean,0.753417432308197,ArcFace_clean
18,Facenet512,/content/face_module/dataset_extractedfaces/celeba_pairs/092809.jpg,/content/face_module/dataset_extractedfaces/celeba_pairs/108708.jpg,celeba_pairs,dodging_attack,eval,ArcFace,BPA_CNN,vanilla,0.3261123299598694,ArcFace_BPA_CNN_adv
18,GhostFaceNet,/content/face_module/dataset_extractedfaces/celeba_pairs/092809.jpg,/content/face_module/dataset_extractedfaces/celeba_pairs/108708.jpg,celeba_pairs,dodging_attack,eval,ArcFace,BPA_CNN,vanilla,0.48857381939888,ArcFace_BPA_CNN_adv
18,VGG-Face,/content/face_module/dataset_extractedfaces/celeba_pairs/092809.jpg,/content/face_module/dataset_extractedfaces/celeba_pairs/108708.jpg,celeba_pairs,dodging_attack,eval,ArcFace,BPA_CNN,vanilla,0.4127266705036163,ArcFace_BPA_CNN_adv
27,ArcFace,/content/face_module/dataset_extractedfaces/celeba_pairs/023869.jpg,/content/face_module/dataset_extractedfaces/celeba_pairs/024923.jpg,celeba_pairs,dodging_attack,eval,ArcFace,clean,clean,0.7247549295425415,ArcFace_clean
27,Facenet512,/content/face_module/dataset_extractedfaces/celeba_pairs/023869.jpg,/content/face_module/dataset_extractedfaces/celeba_pairs/024923.jpg,celeba_pairs,dodging_attack,eval,ArcFace,clean,clean,0.7247549295425415,ArcFace_clean
27,GhostFaceNet,/content/face_module/dataset_extractedfaces/celeba_pairs/023869.jpg,/content/face_module/dataset_extractedfaces/celeba_pairs/024923.jpg,celeba_pairs,dodging_attack,eval,ArcFace,clean,clean,0.7247549295425415,ArcFace_clean
27,VGG-Face,/content/face_module/dataset_extractedfaces/celeba_pairs/023869.jpg,/content/face_module/dataset_extractedfaces/celeba_pairs/024923.jpg,celeba_pairs,dodging_attack,eval,ArcFace,clean,clean,0.7247549295425415,ArcFace_clean
27,Facenet512,/content/face_module/dataset_extractedfaces/celeba_pairs/023869.jpg,/content/face_module/dataset_extractedfaces/celeba_pairs/024923.jpg,celeba_pairs,dodging_attack,eval,ArcFace,BPA_CNN,vanilla,0.4487855732440948,ArcFace_BPA_CNN_adv
27,GhostFaceNet,/content/face_module/dataset_extractedfaces/celeba_pairs/023869.jpg,/content/face_module/dataset_extractedfaces/celeba_pairs/024923.jpg,celeba_pairs,dodging_attack,eval,ArcFace,BPA_CNN,vanilla,0.4782374203205108,ArcFace_BPA_CNN_adv
27,VGG-Face,/content/face_module/dataset_extractedfaces/celeba_pairs/023869.jpg,/content/face_module/dataset_extractedfaces/celeba_pairs/024923.jpg,celeba_pairs,dodging_attack,eval,ArcFace,BPA_CNN,vanilla,0.5173008441925049,ArcFace_BPA_CNN_adv
28,ArcFace,/content/face_module/dataset_extractedfaces/celeba_pairs/130980.jpg,/content/face_module/dataset_extractedfaces/celeba_pairs/147767.jpg,celeba_pairs,dodging_attack,eval,ArcFace,clean,clean,0.3586556613445282,ArcFace_clean
28,Facenet512,/content/face_module/dataset_extractedfaces/celeba_pairs/130980.jpg,/content/face_module/dataset_extractedfaces/celeba_pairs/147767.jpg,celeba_pairs,dodging_attack,eval,ArcFace,clean,clean,0.3586556613445282,ArcFace_clean
28,GhostFaceNet,/content/face_module/dataset_extractedfaces/celeba_pairs/130980.jpg,/content/face_module/dataset_extractedfaces/celeba_pairs/147767.jpg,celeba_pairs,dodging_attack,eval,ArcFace,clean,clean,0.3586556613445282,ArcFace_clean
28,VGG-Face,/content/face_module/dataset_extractedfaces/celeba_pairs/130980.jpg,/content/face_module/dataset_extractedfaces/celeba_pairs/147767.jpg,celeba_pairs,dodging_attack,eval,ArcFace,clean,clean,0.3586556613445282,ArcFace_clean
28,Facenet512,/content/face_module/dataset_extractedfaces/celeba_pairs/130980.jpg,/content/face_module/dataset_extractedfaces/celeba_pairs/147767.jpg,celeba_pairs,dodging_attack,eval,ArcFace,BPA_CNN,vanilla,0.1137404963374137,ArcFace_BPA_CNN_adv
28,GhostFaceNet,/content/face_module/dataset_extractedfaces/celeba_pairs/130980.jpg,/content/face_module/dataset_extractedfaces/celeba_pairs/147767.jpg,celeba_pairs,dodging_attack,eval,ArcFace,BPA_CNN,vanilla,0.2555840313434601,ArcFace_BPA_CNN_adv
28,VGG-Face,/content/face_module/dataset_extractedfaces/celeba_pairs/130980.jpg,/content/face_module/dataset_extractedfaces/celeba_pairs/147767.jpg,celeba_pairs,dodging_attack,eval,ArcFace,BPA_CNN,vanilla,0.2030995935201645,ArcFace_BPA_CNN_adv
30,ArcFace,/content/face_module/dataset_extractedfaces/celeba_pairs/042909.jpg,/content/face_module/dataset_extractedfaces/celeba_pairs/048579.jpg,celeba_pairs,dodging_attack,eval,ArcFace,clean,clean,0.5551615953445435,ArcFace_clean
30,Facenet512,/content/face_module/dataset_extractedfaces/celeba_pairs/042909.jpg,/content/face_module/dataset_extractedfaces/celeba_pairs/048579.jpg,celeba_pairs,dodging_attack,eval,ArcFace,clean,clean,0.5551615953445435,ArcFace_clean
30,GhostFaceNet,/content/face_module/dataset_extractedfaces/celeba_pairs/042909.jpg,/content/face_module/dataset_extractedfaces/celeba_pairs/048579.jpg,celeba_pairs,dodging_attack,eval,ArcFace,clean,clean,0.5551615953445435,ArcFace_clean
30,VGG-Face,/content/face_module/dataset_extractedfaces/celeba_pairs/042909.jpg,/content/face_module/dataset_extractedfaces/celeba_pairs/048579.jpg,celeba_pairs,dodging_attack,eval,ArcFace,clean,clean,0.5551615953445435,ArcFace_clean
30,Facenet512,/content/face_module/dataset_extractedfaces/celeba_pairs/042909.jpg,/content/face_module/dataset_extractedfaces/celeba_pairs/048579.jpg,celeba_pairs,dodging_attack,eval,ArcFace,BPA_CNN,vanilla,0.2126529365777969,ArcFace_BPA_CNN_adv
30,GhostFaceNet,/content/face_module/dataset_extractedfaces/celeba_pairs/042909.jpg,/content/face_module/dataset_extractedfaces/celeba_pairs/048579.jpg,celeba_pairs,dodging_attack,eval,ArcFace,BPA_CNN,vanilla,0.3387482762336731,ArcFace_BPA_CNN_adv
30,VGG-Face,/content/face_module/dataset_extractedfaces/celeba_pairs/042909.jpg,/content/face_module/dataset_extractedfaces/celeba_pairs/048579.jpg,celeba_pairs,dodging_attack,eval,ArcFace,BPA_CNN,vanilla,0.1969262808561325,ArcFace_BPA_CNN_adv
33,ArcFace,/content/face_module/dataset_extractedfaces/celeba_pairs/169016.jpg,/content/face_module/dataset_extractedfaces/celeba_pairs/171037.jpg,celeba_pairs,dodging_attack,eval,ArcFace,clean,clean,0.8753219842910767,ArcFace_clean
33,Facenet512,/content/face_module/dataset_extractedfaces/celeba_pairs/169016.jpg,/content/face_module/dataset_extractedfaces/celeba_pairs/171037.jpg,celeba_pairs,dodging_attack,eval,ArcFace,clean,clean,0.8753219842910767,ArcFace_clean
33,GhostFaceNet,/content/face_module/dataset_extractedfaces/celeba_pairs/169016.jpg,/content/face_module/dataset_extractedfaces/celeba_pairs/171037.jpg,celeba_pairs,dodging_attack,eval,ArcFace,clean,clean,0.8753219842910767,ArcFace_clean
33,VGG-Face,/content/face_module/dataset_extractedfaces/celeba_pairs/169016.jpg,/content/face_module/dataset_extractedfaces/celeba_pairs/171037.jpg,celeba_pairs,dodging_attack,eval,ArcFace,clean,clean,0.8753219842910767,ArcFace_clean
33,Facenet512,/content/face_module/dataset_extractedfaces/celeba_pairs/169016.jpg,/content/face_module/dataset_extractedfaces/celeba_pairs/171037.jpg,celeba_pairs,dodging_attack,eval,ArcFace,BPA_CNN,vanilla,0.6825178861618042,ArcFace_BPA_CNN_adv
33,GhostFaceNet,/content/face_module/dataset_extractedfaces/celeba_pairs/169016.jpg,/content/face_module/dataset_extractedfaces/celeba_pairs/171037.jpg,celeba_pairs,dodging_attack,eval,ArcFace,BPA_CNN,vanilla,0.7418553829193115,ArcFace_BPA_CNN_adv
33,VGG-Face,/content/face_module/dataset_extractedfaces/celeba_pairs/169016.jpg,/content/face_module/dataset_extractedfaces/celeba_pairs/171037.jpg,celeba_pairs,dodging_attack,eval,ArcFace,BPA_CNN,vanilla,0.5923101305961609,ArcFace_BPA_CNN_adv
1,ArcFace,/content/face_module/dataset_extractedfaces/vggface2_pairs/n000007_0113_01.jpg,/content/face_module/dataset_extractedfaces/vggface2_pairs/n000007_0122_01.jpg,vggface2_pairs,dodging_attack,eval,ArcFace,clean,clean,0.3415668904781341,ArcFace_clean
1,Facenet512,/content/face_module/dataset_extractedfaces/vggface2_pairs/n000007_0113_01.jpg,/content/face_module/dataset_extractedfaces/vggface2_pairs/n000007_0122_01.jpg,vggface2_pairs,dodging_attack,eval,ArcFace,clean,clean,0.3415668904781341,ArcFace_clean
1,GhostFaceNet,/content/face_module/dataset_extractedfaces/vggface2_pairs/n000007_0113_01.jpg,/content/face_module/dataset_extractedfaces/vggface2_pairs/n000007_0122_01.jpg,vggface2_pairs,dodging_attack,eval,ArcFace,clean,clean,0.3415668904781341,ArcFace_clean
1,VGG-Face,/content/face_module/dataset_extractedfaces/vggface2_pairs/n000007_0113_01.jpg,/content/face_module/dataset_extractedfaces/vggface2_pairs/n000007_0122_01.jpg,vggface2_pairs,dodging_attack,eval,ArcFace,clean,clean,0.3415668904781341,ArcFace_clean
1,Facenet512,/content/face_module/dataset_extractedfaces/vggface2_pairs/n000007_0113_01.jpg,/content/face_module/dataset_extractedfaces/vggface2_pairs/n000007_0122_01.jpg,vggface2_pairs,dodging_attack,eval,ArcFace,BPA_CNN,vanilla,0.1384155303239822,ArcFace_BPA_CNN_adv
1,GhostFaceNet,/content/face_module/dataset_extractedfaces/vggface2_pairs/n000007_0113_01.jpg,/content/face_module/dataset_extractedfaces/vggface2_pairs/n000007_0122_01.jpg,vggface2_pairs,dodging_attack,eval,ArcFace,BPA_CNN,vanilla,0.312892884016037,ArcFace_BPA_CNN_adv
1,VGG-Face,/content/face_module/dataset_extractedfaces/vggface2_pairs/n000007_0113_01.jpg,/content/face_module/dataset_extractedfaces/vggface2_pairs/n000007_0122_01.jpg,vggface2_pairs,dodging_attack,eval,ArcFace,BPA_CNN,vanilla,0.1417315900325775,ArcFace_BPA_CNN_adv
4,ArcFace,/content/face_module/dataset_extractedfaces/vggface2_pairs/n000008_0256_01.jpg,/content/face_module/dataset_extractedfaces/vggface2_pairs/n000008_0348_01.jpg,vggface2_pairs,dodging_attack,eval,ArcFace,clean,clean,0.0178652480244636,ArcFace_clean
4,Facenet512,/content/face_module/dataset_extractedfaces/vggface2_pairs/n000008_0256_01.jpg,/content/face_module/dataset_extractedfaces/vggface2_pairs/n000008_0348_01.jpg,vggface2_pairs,dodging_attack,eval,ArcFace,clean,clean,0.0178652480244636,ArcFace_clean
4,GhostFaceNet,/content/face_module/dataset_extractedfaces/vggface2_pairs/n000008_0256_01.jpg,/content/face_module/dataset_extractedfaces/vggface2_pairs/n000008_0348_01.jpg,vggface2_pairs,dodging_attack,eval,ArcFace,clean,clean,0.0178652480244636,ArcFace_clean
4,VGG-Face,/content/face_module/dataset_extractedfaces/vggface2_pairs/n000008_0256_01.jpg,/content/face_module/dataset_extractedfaces/vggface2_pairs/n000008_0348_01.jpg,vggface2_pairs,dodging_attack,eval,ArcFace,clean,clean,0.0178652480244636,ArcFace_clean
4,Facenet512,/content/face_module/dataset_extractedfaces/vggface2_pairs/n000008_0256_01.jpg,/content/face_module/dataset_extractedfaces/vggface2_pairs/n000008_0348_01.jpg,vggface2_pairs,dodging_attack,eval,ArcFace,BPA_CNN,vanilla,0.0166879761964082,ArcFace_BPA_CNN_adv
4,GhostFaceNet,/content/face_module/dataset_extractedfaces/vggface2_pairs/n000008_0256_01.jpg,/content/face_module/dataset_extractedfaces/vggface2_pairs/n000008_0348_01.jpg,vggface2_pairs,dodging_attack,eval,ArcFace,BPA_CNN,vanilla,0.0108600826933979,ArcFace_BPA_CNN_adv
4,VGG-Face,/content/face_module/dataset_extractedfaces/vggface2_pairs/n000008_0256_01.jpg,/content/face_module/dataset_extractedfaces/vggface2_pairs/n000008_0348_01.jpg,vggface2_pairs,dodging_attack,eval,ArcFace,BPA_CNN,vanilla,0.0036424370482563,ArcFace_BPA_CNN_adv
7,ArcFace,/content/face_module/dataset_extractedfaces/vggface2_pairs/n000010_0058_01.jpg,/content/face_module/dataset_extractedfaces/vggface2_pairs/n000010_0081_01.jpg,vggface2_pairs,dodging_attack,eval,ArcFace,clean,clean,0.6302407383918762,ArcFace_clean
7,Facenet512,/content/face_module/dataset_extractedfaces/vggface2_pairs/n000010_0058_01.jpg,/content/face_module/dataset_extractedfaces/vggface2_pairs/n000010_0081_01.jpg,vggface2_pairs,dodging_attack,eval,ArcFace,clean,clean,0.6302407383918762,ArcFace_clean
7,GhostFaceNet,/content/face_module/dataset_extractedfaces/vggface2_pairs/n000010_0058_01.jpg,/content/face_module/dataset_extractedfaces/vggface2_pairs/n000010_0081_01.jpg,vggface2_pairs,dodging_attack,eval,ArcFace,clean,clean,0.6302407383918762,ArcFace_clean
7,VGG-Face,/content/face_module/dataset_extractedfaces/vggface2_pairs/n000010_0058_01.jpg,/content/face_module/dataset_extractedfaces/vggface2_pairs/n000010_0081_01.jpg,vggface2_pairs,dodging_attack,eval,ArcFace,clean,clean,0.6302407383918762,ArcFace_clean
7,Facenet512,/content/face_module/dataset_extractedfaces/vggface2_pairs/n000010_0058_01.jpg,/content/face_module/dataset_extractedfaces/vggface2_pairs/n000010_0081_01.jpg,vggface2_pairs,dodging_attack,eval,ArcFace,BPA_CNN,vanilla,0.2693198621273041,ArcFace_BPA_CNN_adv
7,GhostFaceNet,/content/face_module/dataset_extractedfaces/vggface2_pairs/n000010_0058_01.jpg,/content/face_module/dataset_extractedfaces/vggface2_pairs/n000010_0081_01.jpg,vggface2_pairs,dodging_attack,eval,ArcFace,BPA_CNN,vanilla,0.4147337973117828,ArcFace_BPA_CNN_adv
7,VGG-Face,/content/face_module/dataset_extractedfaces/vggface2_pairs/n000010_0058_01.jpg,/content/face_module/dataset_extractedfaces/vggface2_pairs/n000010_0081_01.jpg,vggface2_pairs,dodging_attack,eval,ArcFace,BPA_CNN,vanilla,0.247991606593132,ArcFace_BPA_CNN_adv
10,ArcFace,/content/face_module/dataset_extractedfaces/vggface2_pairs/n000005_0022_01.jpg,/content/face_module/dataset_extractedfaces/vggface2_pairs/n000005_0076_01.jpg,vggface2_pairs,dodging_attack,eval,ArcFace,clean,clean,0.5862309336662292,ArcFace_clean
10,Facenet512,/content/face_module/dataset_extractedfaces/vggface2_pairs/n000005_0022_01.jpg,/content/face_module/dataset_extractedfaces/vggface2_pairs/n000005_0076_01.jpg,vggface2_pairs,dodging_attack,eval,ArcFace,clean,clean,0.5862309336662292,ArcFace_clean
10,GhostFaceNet,/content/face_module/dataset_extractedfaces/vggface2_pairs/n000005_0022_01.jpg,/content/face_module/dataset_extractedfaces/vggface2_pairs/n000005_0076_01.jpg,vggface2_pairs,dodging_attack,eval,ArcFace,clean,clean,0.5862309336662292,ArcFace_clean
10,VGG-Face,/content/face_module/dataset_extractedfaces/vggface2_pairs/n000005_0022_01.jpg,/content/face_module/dataset_extractedfaces/vggface2_pairs/n000005_0076_01.jpg,vggface2_pairs,dodging_attack,eval,ArcFace,clean,clean,0.5862309336662292,ArcFace_clean
10,Facenet512,/content/face_module/dataset_extractedfaces/vggface2_pairs/n000005_0022_01.jpg,/content/face_module/dataset_extractedfaces/vggface2_pairs/n000005_0076_01.jpg,vggface2_pairs,dodging_attack,eval,ArcFace,BPA_CNN,vanilla,0.4424253106117248,ArcFace_BPA_CNN_adv
10,GhostFaceNet,/content/face_module/dataset_extractedfaces/vggface2_pairs/n000005_0022_01.jpg,/content/face_module/dataset_extractedfaces/vggface2_pairs/n000005_0076_01.jpg,vggface2_pairs,dodging_attack,eval,ArcFace,BPA_CNN,vanilla,0.4870667457580566,ArcFace_BPA_CNN_adv
10,VGG-Face,/content/face_module/dataset_extractedfaces/vggface2_pairs/n000005_0022_01.jpg,/content/face_module/dataset_extractedfaces/vggface2_pairs/n000005_0076_01.jpg,vggface2_pairs,dodging_attack,eval,ArcFace,BPA_CNN,vanilla,0.3993779122829437,ArcFace_BPA_CNN_adv
11,ArcFace,/content/face_module/dataset_extractedfaces/vggface2_pairs/n000007_0176_01.jpg,/content/face_module/dataset_extractedfaces/vggface2_pairs/n000007_0335_03.jpg,vggface2_pairs,dodging_attack,eval,ArcFace,clean,clean,0.1998288035392761,ArcFace_clean
11,Facenet512,/content/face_module/dataset_extractedfaces/vggface2_pairs/n000007_0176_01.jpg,/content/face_module/dataset_extractedfaces/vggface2_pairs/n000007_0335_03.jpg,vggface2_pairs,dodging_attack,eval,ArcFace,clean,clean,0.1998288035392761,ArcFace_clean
11,GhostFaceNet,/content/face_module/dataset_extractedfaces/vggface2_pairs/n000007_0176_01.jpg,/content/face_module/dataset_extractedfaces/vggface2_pairs/n000007_0335_03.jpg,vggface2_pairs,dodging_attack,eval,ArcFace,clean,clean,0.1998288035392761,ArcFace_clean
11,VGG-Face,/content/face_module/dataset_extractedfaces/vggface2_pairs/n000007_0176_01.jpg,/content/face_module/dataset_extractedfaces/vggface2_pairs/n000007_0335_03.jpg,vggface2_pairs,dodging_attack,eval,ArcFace,clean,clean,0.1998288035392761,ArcFace_clean
11,Facenet512,/content/face_module/dataset_extractedfaces/vggface2_pairs/n000007_0176_01.jpg,/content/face_module/dataset_extractedfaces/vggface2_pairs/n000007_0335_03.jpg,vggface2_pairs,dodging_attack,eval,ArcFace,BPA_CNN,vanilla,0.1484052538871765,ArcFace_BPA_CNN_adv
11,GhostFaceNet,/content/face_module/dataset_extractedfaces/vggface2_pairs/n000007_0176_01.jpg,/content/face_module/dataset_extractedfaces/vggface2_pairs/n000007_0335_03.jpg,vggface2_pairs,dodging_attack,eval,ArcFace,BPA_CNN,vanilla,0.1390556544065475,ArcFace_BPA_CNN_adv
11,VGG-Face,/content/face_module/dataset_extractedfaces/vggface2_pairs/n000007_0176_01.jpg,/content/face_module/dataset_extractedfaces/vggface2_pairs/n000007_0335_03.jpg,vggface2_pairs,dodging_attack,eval,ArcFace,BPA_CNN,vanilla,0.1280155628919601,ArcFace_BPA_CNN_adv
0,ArcFace,/content/face_module/dataset_extractedfaces/lfw_pairs/Renee Zellweger_1.jpg,/content/face_module/dataset_extractedfaces/lfw_pairs/Catherine Deneuve_2.jpg,lfw_pairs,impersonation_attack,eval,GhostFaceNet,clean,clean,0.1619383841753006,GhostFaceNet_clean
0,Facenet512,/content/face_module/dataset_extractedfaces/lfw_pairs/Renee Zellweger_1.jpg,/content/face_module/dataset_extractedfaces/lfw_pairs/Catherine Deneuve_2.jpg,lfw_pairs,impersonation_attack,eval,GhostFaceNet,clean,clean,0.1619383841753006,GhostFaceNet_clean
0,GhostFaceNet,/content/face_module/dataset_extractedfaces/lfw_pairs/Renee Zellweger_1.jpg,/content/face_module/dataset_extractedfaces/lfw_pairs/Catherine Deneuve_2.jpg,lfw_pairs,impersonation_attack,eval,GhostFaceNet,clean,clean,0.1619383841753006,GhostFaceNet_clean
0,VGG-Face,/content/face_module/dataset_extractedfaces/lfw_pairs/Renee Zellweger_1.jpg,/content/face_module/dataset_extractedfaces/lfw_pairs/Catherine Deneuve_2.jpg,lfw_pairs,impersonation_attack,eval,GhostFaceNet,clean,clean,0.1619383841753006,GhostFaceNet_clean
0,ArcFace,/content/face_module/dataset_extractedfaces/lfw_pairs/Renee Zellweger_1.jpg,/content/face_module/dataset_extractedfaces/lfw_pairs/Catherine Deneuve_2.jpg,lfw_pairs,impersonation_attack,eval,GhostFaceNet,BPA_CNN,vanilla,0.1025678589940071,GhostFaceNet_BPA_CNN_adv
0,Facenet512,/content/face_module/dataset_extractedfaces/lfw_pairs/Renee Zellweger_1.jpg,/content/face_module/dataset_extractedfaces/lfw_pairs/Catherine Deneuve_2.jpg,lfw_pairs,impersonation_attack,eval,GhostFaceNet,BPA_CNN,vanilla,0.074957326054573,GhostFaceNet_BPA_CNN_adv
0,VGG-Face,/content/face_module/dataset_extractedfaces/lfw_pairs/Renee Zellweger_1.jpg,/content/face_module/dataset_extractedfaces/lfw_pairs/Catherine Deneuve_2.jpg,lfw_pairs,impersonation_attack,eval,GhostFaceNet,BPA_CNN,vanilla,0.1163704246282577,GhostFaceNet_BPA_CNN_adv
32,ArcFace,/content/face_module/dataset_extractedfaces/lfw_pairs/Donald Rumsfeld_105.jpg,/content/face_module/dataset_extractedfaces/lfw_pairs/Paul Burrell_11.jpg,lfw_pairs,impersonation_attack,eval,GhostFaceNet,clean,clean,0.1424880474805832,GhostFaceNet_clean
32,Facenet512,/content/face_module/dataset_extractedfaces/lfw_pairs/Donald Rumsfeld_105.jpg,/content/face_module/dataset_extractedfaces/lfw_pairs/Paul Burrell_11.jpg,lfw_pairs,impersonation_attack,eval,GhostFaceNet,clean,clean,0.1424880474805832,GhostFaceNet_clean
32,GhostFaceNet,/content/face_module/dataset_extractedfaces/lfw_pairs/Donald Rumsfeld_105.jpg,/content/face_module/dataset_extractedfaces/lfw_pairs/Paul Burrell_11.jpg,lfw_pairs,impersonation_attack,eval,GhostFaceNet,clean,clean,0.1424880474805832,GhostFaceNet_clean
32,VGG-Face,/content/face_module/dataset_extractedfaces/lfw_pairs/Donald Rumsfeld_105.jpg,/content/face_module/dataset_extractedfaces/lfw_pairs/Paul Burrell_11.jpg,lfw_pairs,impersonation_attack,eval,GhostFaceNet,clean,clean,0.1424880474805832,GhostFaceNet_clean
32,ArcFace,/content/face_module/dataset_extractedfaces/lfw_pairs/Donald Rumsfeld_105.jpg,/content/face_module/dataset_extractedfaces/lfw_pairs/Paul Burrell_11.jpg,lfw_pairs,impersonation_attack,eval,GhostFaceNet,BPA_CNN,vanilla,0.243627980351448,GhostFaceNet_BPA_CNN_adv
32,Facenet512,/content/face_module/dataset_extractedfaces/lfw_pairs/Donald Rumsfeld_105.jpg,/content/face_module/dataset_extractedfaces/lfw_pairs/Paul Burrell_11.jpg,lfw_pairs,impersonation_attack,eval,GhostFaceNet,BPA_CNN,vanilla,0.1114224269986152,GhostFaceNet_BPA_CNN_adv
32,VGG-Face,/content/face_module/dataset_extractedfaces/lfw_pairs/Donald Rumsfeld_105.jpg,/content/face_module/dataset_extractedfaces/lfw_pairs/Paul Burrell_11.jpg,lfw_pairs,impersonation_attack,eval,GhostFaceNet,BPA_CNN,vanilla,0.1857575327157974,GhostFaceNet_BPA_CNN_adv
48,ArcFace,/content/face_module/dataset_extractedfaces/lfw_pairs/Renee Zellweger_14.jpg,/content/face_module/dataset_extractedfaces/lfw_pairs/Venus Williams_9.jpg,lfw_pairs,impersonation_attack,eval,GhostFaceNet,clean,clean,0.257136195898056,GhostFaceNet_clean
48,Facenet512,/content/face_module/dataset_extractedfaces/lfw_pairs/Renee Zellweger_14.jpg,/content/face_module/dataset_extractedfaces/lfw_pairs/Venus Williams_9.jpg,lfw_pairs,impersonation_attack,eval,GhostFaceNet,clean,clean,0.257136195898056,GhostFaceNet_clean
48,GhostFaceNet,/content/face_module/dataset_extractedfaces/lfw_pairs/Renee Zellweger_14.jpg,/content/face_module/dataset_extractedfaces/lfw_pairs/Venus Williams_9.jpg,lfw_pairs,impersonation_attack,eval,GhostFaceNet,clean,clean,0.257136195898056,GhostFaceNet_clean
48,VGG-Face,/content/face_module/dataset_extractedfaces/lfw_pairs/Renee Zellweger_14.jpg,/content/face_module/dataset_extractedfaces/lfw_pairs/Venus Williams_9.jpg,lfw_pairs,impersonation_attack,eval,GhostFaceNet,clean,clean,0.257136195898056,GhostFaceNet_clean
48,ArcFace,/content/face_module/dataset_extractedfaces/lfw_pairs/Renee Zellweger_14.jpg,/content/face_module/dataset_extractedfaces/lfw_pairs/Venus Williams_9.jpg,lfw_pairs,impersonation_attack,eval,GhostFaceNet,BPA_CNN,vanilla,0.3771801888942718,GhostFaceNet_BPA_CNN_adv
48,Facenet512,/content/face_module/dataset_extractedfaces/lfw_pairs/Renee Zellweger_14.jpg,/content/face_module/dataset_extractedfaces/lfw_pairs/Venus Williams_9.jpg,lfw_pairs,impersonation_attack,eval,GhostFaceNet,BPA_CNN,vanilla,0.4121982753276825,GhostFaceNet_BPA_CNN_adv
48,VGG-Face,/content/face_module/dataset_extractedfaces/lfw_pairs/Renee Zellweger_14.jpg,/content/face_module/dataset_extractedfaces/lfw_pairs/Venus Williams_9.jpg,lfw_pairs,impersonation_attack,eval,GhostFaceNet,BPA_CNN,vanilla,0.3836683928966522,GhostFaceNet_BPA_CNN_adv
57,ArcFace,/content/face_module/dataset_extractedfaces/lfw_pairs/Mike Weir_10.jpg,/content/face_module/dataset_extractedfaces/lfw_pairs/Luis Horna_2.jpg,lfw_pairs,impersonation_attack,eval,GhostFaceNet,clean,clean,0.0285831149667501,GhostFaceNet_clean
57,Facenet512,/content/face_module/dataset_extractedfaces/lfw_pairs/Mike Weir_10.jpg,/content/face_module/dataset_extractedfaces/lfw_pairs/Luis Horna_2.jpg,lfw_pairs,impersonation_attack,eval,GhostFaceNet,clean,clean,0.0285831149667501,GhostFaceNet_clean
57,GhostFaceNet,/content/face_module/dataset_extractedfaces/lfw_pairs/Mike Weir_10.jpg,/content/face_module/dataset_extractedfaces/lfw_pairs/Luis Horna_2.jpg,lfw_pairs,impersonation_attack,eval,GhostFaceNet,clean,clean,0.0285831149667501,GhostFaceNet_clean
57,VGG-Face,/content/face_module/dataset_extractedfaces/lfw_pairs/Mike Weir_10.jpg,/content/face_module/dataset_extractedfaces/lfw_pairs/Luis Horna_2.jpg,lfw_pairs,impersonation_attack,eval,GhostFaceNet,clean,clean,0.0285831149667501,GhostFaceNet_clean
57,ArcFace,/content/face_module/dataset_extractedfaces/lfw_pairs/Mike Weir_10.jpg,/content/face_module/dataset_extractedfaces/lfw_pairs/Luis Horna_2.jpg,lfw_pairs,impersonation_attack,eval,GhostFaceNet,BPA_CNN,vanilla,0.0224645026028156,GhostFaceNet_BPA_CNN_adv
57,Facenet512,/content/face_module/dataset_extractedfaces/lfw_pairs/Mike Weir_10.jpg,/content/face_module/dataset_extractedfaces/lfw_pairs/Luis Horna_2.jpg,lfw_pairs,impersonation_attack,eval,GhostFaceNet,BPA_CNN,vanilla,0.0996592119336128,GhostFaceNet_BPA_CNN_adv
57,VGG-Face,/content/face_module/dataset_extractedfaces/lfw_pairs/Mike Weir_10.jpg,/content/face_module/dataset_extractedfaces/lfw_pairs/Luis Horna_2.jpg,lfw_pairs,impersonation_attack,eval,GhostFaceNet,BPA_CNN,vanilla,-0.0109181571751832,GhostFaceNet_BPA_CNN_adv
60,ArcFace,/content/face_module/dataset_extractedfaces/lfw_pairs/Jason Kidd_9.jpg,/content/face_module/dataset_extractedfaces/lfw_pairs/Luiz Inacio Lula da Silva_22.jpg,lfw_pairs,impersonation_attack,eval,GhostFaceNet,clean,clean,0.0285564307123422,GhostFaceNet_clean
60,Facenet512,/content/face_module/dataset_extractedfaces/lfw_pairs/Jason Kidd_9.jpg,/content/face_module/dataset_extractedfaces/lfw_pairs/Luiz Inacio Lula da Silva_22.jpg,lfw_pairs,impersonation_attack,eval,GhostFaceNet,clean,clean,0.0285564307123422,GhostFaceNet_clean
60,GhostFaceNet,/content/face_module/dataset_extractedfaces/lfw_pairs/Jason Kidd_9.jpg,/content/face_module/dataset_extractedfaces/lfw_pairs/Luiz Inacio Lula da Silva_22.jpg,lfw_pairs,impersonation_attack,eval,GhostFaceNet,clean,clean,0.0285564307123422,GhostFaceNet_clean
60,VGG-Face,/content/face_module/dataset_extractedfaces/lfw_pairs/Jason Kidd_9.jpg,/content/face_module/dataset_extractedfaces/lfw_pairs/Luiz Inacio Lula da Silva_22.jpg,lfw_pairs,impersonation_attack,eval,GhostFaceNet,clean,clean,0.0285564307123422,GhostFaceNet_clean
60,ArcFace,/content/face_module/dataset_extractedfaces/lfw_pairs/Jason Kidd_9.jpg,/content/face_module/dataset_extractedfaces/lfw_pairs/Luiz Inacio Lula da Silva_22.jpg,lfw_pairs,impersonation_attack,eval,GhostFaceNet,BPA_CNN,vanilla,-0.0203885342925786,GhostFaceNet_BPA_CNN_adv
60,Facenet512,/content/face_module/dataset_extractedfaces/lfw_pairs/Jason Kidd_9.jpg,/content/face_module/dataset_extractedfaces/lfw_pairs/Luiz Inacio Lula da Silva_22.jpg,lfw_pairs,impersonation_attack,eval,GhostFaceNet,BPA_CNN,vanilla,0.0530038848519325,GhostFaceNet_BPA_CNN_adv
60,VGG-Face,/content/face_module/dataset_extractedfaces/lfw_pairs/Jason Kidd_9.jpg,/content/face_module/dataset_extractedfaces/lfw_pairs/Luiz Inacio Lula da Silva_22.jpg,lfw_pairs,impersonation_attack,eval,GhostFaceNet,BPA_CNN,vanilla,0.0799407586455345,GhostFaceNet_BPA_CNN_adv
2,ArcFace,/content/face_module/dataset_extractedfaces/celeba_pairs/107859.jpg,/content/face_module/dataset_extractedfaces/celeba_pairs/031892.jpg,celeba_pairs,impersonation_attack,eval,GhostFaceNet,clean,clean,0.0808513835072517,GhostFaceNet_clean
2,Facenet512,/content/face_module/dataset_extractedfaces/celeba_pairs/107859.jpg,/content/face_module/dataset_extractedfaces/celeba_pairs/031892.jpg,celeba_pairs,impersonation_attack,eval,GhostFaceNet,clean,clean,0.0808513835072517,GhostFaceNet_clean
2,GhostFaceNet,/content/face_module/dataset_extractedfaces/celeba_pairs/107859.jpg,/content/face_module/dataset_extractedfaces/celeba_pairs/031892.jpg,celeba_pairs,impersonation_attack,eval,GhostFaceNet,clean,clean,0.0808513835072517,GhostFaceNet_clean
2,VGG-Face,/content/face_module/dataset_extractedfaces/celeba_pairs/107859.jpg,/content/face_module/dataset_extractedfaces/celeba_pairs/031892.jpg,celeba_pairs,impersonation_attack,eval,GhostFaceNet,clean,clean,0.0808513835072517,GhostFaceNet_clean
2,ArcFace,/content/face_module/dataset_extractedfaces/celeba_pairs/107859.jpg,/content/face_module/dataset_extractedfaces/celeba_pairs/031892.jpg,celeba_pairs,impersonation_attack,eval,GhostFaceNet,BPA_CNN,vanilla,0.0795708075165748,GhostFaceNet_BPA_CNN_adv
2,Facenet512,/content/face_module/dataset_extractedfaces/celeba_pairs/107859.jpg,/content/face_module/dataset_extractedfaces/celeba_pairs/031892.jpg,celeba_pairs,impersonation_attack,eval,GhostFaceNet,BPA_CNN,vanilla,0.1352616101503372,GhostFaceNet_BPA_CNN_adv
2,VGG-Face,/content/face_module/dataset_extractedfaces/celeba_pairs/107859.jpg,/content/face_module/dataset_extractedfaces/celeba_pairs/031892.jpg,celeba_pairs,impersonation_attack,eval,GhostFaceNet,BPA_CNN,vanilla,0.140659213066101,GhostFaceNet_BPA_CNN_adv
8,ArcFace,/content/face_module/dataset_extractedfaces/celeba_pairs/023666.jpg,/content/face_module/dataset_extractedfaces/celeba_pairs/010959.jpg,celeba_pairs,impersonation_attack,eval,GhostFaceNet,clean,clean,0.0326670072972774,GhostFaceNet_clean
8,Facenet512,/content/face_module/dataset_extractedfaces/celeba_pairs/023666.jpg,/content/face_module/dataset_extractedfaces/celeba_pairs/010959.jpg,celeba_pairs,impersonation_attack,eval,GhostFaceNet,clean,clean,0.0326670072972774,GhostFaceNet_clean
8,GhostFaceNet,/content/face_module/dataset_extractedfaces/celeba_pairs/023666.jpg,/content/face_module/dataset_extractedfaces/celeba_pairs/010959.jpg,celeba_pairs,impersonation_attack,eval,GhostFaceNet,clean,clean,0.0326670072972774,GhostFaceNet_clean
8,VGG-Face,/content/face_module/dataset_extractedfaces/celeba_pairs/023666.jpg,/content/face_module/dataset_extractedfaces/celeba_pairs/010959.jpg,celeba_pairs,impersonation_attack,eval,GhostFaceNet,clean,clean,0.0326670072972774,GhostFaceNet_clean
8,ArcFace,/content/face_module/dataset_extractedfaces/celeba_pairs/023666.jpg,/content/face_module/dataset_extractedfaces/celeba_pairs/010959.jpg,celeba_pairs,impersonation_attack,eval,GhostFaceNet,BPA_CNN,vanilla,0.2543599903583526,GhostFaceNet_BPA_CNN_adv
8,Facenet512,/content/face_module/dataset_extractedfaces/celeba_pairs/023666.jpg,/content/face_module/dataset_extractedfaces/celeba_pairs/010959.jpg,celeba_pairs,impersonation_attack,eval,GhostFaceNet,BPA_CNN,vanilla,0.2526251375675201,GhostFaceNet_BPA_CNN_adv
8,VGG-Face,/content/face_module/dataset_extractedfaces/celeba_pairs/023666.jpg,/content/face_module/dataset_extractedfaces/celeba_pairs/010959.jpg,celeba_pairs,impersonation_attack,eval,GhostFaceNet,BPA_CNN,vanilla,0.1563320010900497,GhostFaceNet_BPA_CNN_adv
12,ArcFace,/content/face_module/dataset_extractedfaces/celeba_pairs/003089.jpg,/content/face_module/dataset_extractedfaces/celeba_pairs/016966.jpg,celeba_pairs,impersonation_attack,eval,GhostFaceNet,clean,clean,-0.0209083743393421,GhostFaceNet_clean
12,Facenet512,/content/face_module/dataset_extractedfaces/celeba_pairs/003089.jpg,/content/face_module/dataset_extractedfaces/celeba_pairs/016966.jpg,celeba_pairs,impersonation_attack,eval,GhostFaceNet,clean,clean,-0.0209083743393421,GhostFaceNet_clean
12,GhostFaceNet,/content/face_module/dataset_extractedfaces/celeba_pairs/003089.jpg,/content/face_module/dataset_extractedfaces/celeba_pairs/016966.jpg,celeba_pairs,impersonation_attack,eval,GhostFaceNet,clean,clean,-0.0209083743393421,GhostFaceNet_clean
12,VGG-Face,/content/face_module/dataset_extractedfaces/celeba_pairs/003089.jpg,/content/face_module/dataset_extractedfaces/celeba_pairs/016966.jpg,celeba_pairs,impersonation_attack,eval,GhostFaceNet,clean,clean,-0.0209083743393421,GhostFaceNet_clean
12,ArcFace,/content/face_module/dataset_extractedfaces/celeba_pairs/003089.jpg,/content/face_module/dataset_extractedfaces/celeba_pairs/016966.jpg,celeba_pairs,impersonation_attack,eval,GhostFaceNet,BPA_CNN,vanilla,0.079989492893219,GhostFaceNet_BPA_CNN_adv
12,Facenet512,/content/face_module/dataset_extractedfaces/celeba_pairs/003089.jpg,/content/face_module/dataset_extractedfaces/celeba_pairs/016966.jpg,celeba_pairs,impersonation_attack,eval,GhostFaceNet,BPA_CNN,vanilla,0.0480741597712039,GhostFaceNet_BPA_CNN_adv
12,VGG-Face,/content/face_module/dataset_extractedfaces/celeba_pairs/003089.jpg,/content/face_module/dataset_extractedfaces/celeba_pairs/016966.jpg,celeba_pairs,impersonation_attack,eval,GhostFaceNet,BPA_CNN,vanilla,0.0430454760789871,GhostFaceNet_BPA_CNN_adv
26,ArcFace,/content/face_module/dataset_extractedfaces/celeba_pairs/113117.jpg,/content/face_module/dataset_extractedfaces/celeba_pairs/129449.jpg,celeba_pairs,impersonation_attack,eval,GhostFaceNet,clean,clean,0.0978441461920738,GhostFaceNet_clean
26,Facenet512,/content/face_module/dataset_extractedfaces/celeba_pairs/113117.jpg,/content/face_module/dataset_extractedfaces/celeba_pairs/129449.jpg,celeba_pairs,impersonation_attack,eval,GhostFaceNet,clean,clean,0.0978441461920738,GhostFaceNet_clean
26,GhostFaceNet,/content/face_module/dataset_extractedfaces/celeba_pairs/113117.jpg,/content/face_module/dataset_extractedfaces/celeba_pairs/129449.jpg,celeba_pairs,impersonation_attack,eval,GhostFaceNet,clean,clean,0.0978441461920738,GhostFaceNet_clean
26,VGG-Face,/content/face_module/dataset_extractedfaces/celeba_pairs/113117.jpg,/content/face_module/dataset_extractedfaces/celeba_pairs/129449.jpg,celeba_pairs,impersonation_attack,eval,GhostFaceNet,clean,clean,0.0978441461920738,GhostFaceNet_clean
26,ArcFace,/content/face_module/dataset_extractedfaces/celeba_pairs/113117.jpg,/content/face_module/dataset_extractedfaces/celeba_pairs/129449.jpg,celeba_pairs,impersonation_attack,eval,GhostFaceNet,BPA_CNN,vanilla,0.1359300911426544,GhostFaceNet_BPA_CNN_adv
26,Facenet512,/content/face_module/dataset_extractedfaces/celeba_pairs/113117.jpg,/content/face_module/dataset_extractedfaces/celeba_pairs/129449.jpg,celeba_pairs,impersonation_attack,eval,GhostFaceNet,BPA_CNN,vanilla,0.1087612584233284,GhostFaceNet_BPA_CNN_adv
26,VGG-Face,/content/face_module/dataset_extractedfaces/celeba_pairs/113117.jpg,/content/face_module/dataset_extractedfaces/celeba_pairs/129449.jpg,celeba_pairs,impersonation_attack,eval,GhostFaceNet,BPA_CNN,vanilla,0.0911506041884422,GhostFaceNet_BPA_CNN_adv
34,ArcFace,/content/face_module/dataset_extractedfaces/celeba_pairs/001430.jpg,/content/face_module/dataset_extractedfaces/celeba_pairs/046649.jpg,celeba_pairs,impersonation_attack,eval,GhostFaceNet,clean,clean,0.0884061008691787,GhostFaceNet_clean
34,Facenet512,/content/face_module/dataset_extractedfaces/celeba_pairs/001430.jpg,/content/face_module/dataset_extractedfaces/celeba_pairs/046649.jpg,celeba_pairs,impersonation_attack,eval,GhostFaceNet,clean,clean,0.0884061008691787,GhostFaceNet_clean
34,GhostFaceNet,/content/face_module/dataset_extractedfaces/celeba_pairs/001430.jpg,/content/face_module/dataset_extractedfaces/celeba_pairs/046649.jpg,celeba_pairs,impersonation_attack,eval,GhostFaceNet,clean,clean,0.0884061008691787,GhostFaceNet_clean
34,VGG-Face,/content/face_module/dataset_extractedfaces/celeba_pairs/001430.jpg,/content/face_module/dataset_extractedfaces/celeba_pairs/046649.jpg,celeba_pairs,impersonation_attack,eval,GhostFaceNet,clean,clean,0.0884061008691787,GhostFaceNet_clean
34,ArcFace,/content/face_module/dataset_extractedfaces/celeba_pairs/001430.jpg,/content/face_module/dataset_extractedfaces/celeba_pairs/046649.jpg,celeba_pairs,impersonation_attack,eval,GhostFaceNet,BPA_CNN,vanilla,0.1361429691314697,GhostFaceNet_BPA_CNN_adv
34,Facenet512,/content/face_module/dataset_extractedfaces/celeba_pairs/001430.jpg,/content/face_module/dataset_extractedfaces/celeba_pairs/046649.jpg,celeba_pairs,impersonation_attack,eval,GhostFaceNet,BPA_CNN,vanilla,0.1478778272867202,GhostFaceNet_BPA_CNN_adv
34,VGG-Face,/content/face_module/dataset_extractedfaces/celeba_pairs/001430.jpg,/content/face_module/dataset_extractedfaces/celeba_pairs/046649.jpg,celeba_pairs,impersonation_attack,eval,GhostFaceNet,BPA_CNN,vanilla,0.1400714814662933,GhostFaceNet_BPA_CNN_adv
3,ArcFace,/content/face_module/dataset_extractedfaces/vggface2_pairs/n000007_0076_01.jpg,/content/face_module/dataset_extractedfaces/vggface2_pairs/n000005_0080_01.jpg,vggface2_pairs,impersonation_attack,eval,GhostFaceNet,clean,clean,0.095884308218956,GhostFaceNet_clean
3,Facenet512,/content/face_module/dataset_extractedfaces/vggface2_pairs/n000007_0076_01.jpg,/content/face_module/dataset_extractedfaces/vggface2_pairs/n000005_0080_01.jpg,vggface2_pairs,impersonation_attack,eval,GhostFaceNet,clean,clean,0.095884308218956,GhostFaceNet_clean
3,GhostFaceNet,/content/face_module/dataset_extractedfaces/vggface2_pairs/n000007_0076_01.jpg,/content/face_module/dataset_extractedfaces/vggface2_pairs/n000005_0080_01.jpg,vggface2_pairs,impersonation_attack,eval,GhostFaceNet,clean,clean,0.095884308218956,GhostFaceNet_clean
3,VGG-Face,/content/face_module/dataset_extractedfaces/vggface2_pairs/n000007_0076_01.jpg,/content/face_module/dataset_extractedfaces/vggface2_pairs/n000005_0080_01.jpg,vggface2_pairs,impersonation_attack,eval,GhostFaceNet,clean,clean,0.095884308218956,GhostFaceNet_clean
3,ArcFace,/content/face_module/dataset_extractedfaces/vggface2_pairs/n000007_0076_01.jpg,/content/face_module/dataset_extractedfaces/vggface2_pairs/n000005_0080_01.jpg,vggface2_pairs,impersonation_attack,eval,GhostFaceNet,BPA_CNN,vanilla,0.1836631000041961,GhostFaceNet_BPA_CNN_adv
3,Facenet512,/content/face_module/dataset_extractedfaces/vggface2_pairs/n000007_0076_01.jpg,/content/face_module/dataset_extractedfaces/vggface2_pairs/n000005_0080_01.jpg,vggface2_pairs,impersonation_attack,eval,GhostFaceNet,BPA_CNN,vanilla,0.1573796868324279,GhostFaceNet_BPA_CNN_adv
3,VGG-Face,/content/face_module/dataset_extractedfaces/vggface2_pairs/n000007_0076_01.jpg,/content/face_module/dataset_extractedfaces/vggface2_pairs/n000005_0080_01.jpg,vggface2_pairs,impersonation_attack,eval,GhostFaceNet,BPA_CNN,vanilla,0.1772190630435943,GhostFaceNet_BPA_CNN_adv
5,ArcFace,/content/face_module/dataset_extractedfaces/vggface2_pairs/n000004_0204_01.jpg,/content/face_module/dataset_extractedfaces/vggface2_pairs/n000002_0070_01.jpg,vggface2_pairs,impersonation_attack,eval,GhostFaceNet,clean,clean,0.0661495253443718,GhostFaceNet_clean
5,Facenet512,/content/face_module/dataset_extractedfaces/vggface2_pairs/n000004_0204_01.jpg,/content/face_module/dataset_extractedfaces/vggface2_pairs/n000002_0070_01.jpg,vggface2_pairs,impersonation_attack,eval,GhostFaceNet,clean,clean,0.0661495253443718,GhostFaceNet_clean
5,GhostFaceNet,/content/face_module/dataset_extractedfaces/vggface2_pairs/n000004_0204_01.jpg,/content/face_module/dataset_extractedfaces/vggface2_pairs/n000002_0070_01.jpg,vggface2_pairs,impersonation_attack,eval,GhostFaceNet,clean,clean,0.0661495253443718,GhostFaceNet_clean
5,VGG-Face,/content/face_module/dataset_extractedfaces/vggface2_pairs/n000004_0204_01.jpg,/content/face_module/dataset_extractedfaces/vggface2_pairs/n000002_0070_01.jpg,vggface2_pairs,impersonation_attack,eval,GhostFaceNet,clean,clean,0.0661495253443718,GhostFaceNet_clean
5,ArcFace,/content/face_module/dataset_extractedfaces/vggface2_pairs/n000004_0204_01.jpg,/content/face_module/dataset_extractedfaces/vggface2_pairs/n000002_0070_01.jpg,vggface2_pairs,impersonation_attack,eval,GhostFaceNet,BPA_CNN,vanilla,0.1021146178245544,GhostFaceNet_BPA_CNN_adv
5,Facenet512,/content/face_module/dataset_extractedfaces/vggface2_pairs/n000004_0204_01.jpg,/content/face_module/dataset_extractedfaces/vggface2_pairs/n000002_0070_01.jpg,vggface2_pairs,impersonation_attack,eval,GhostFaceNet,BPA_CNN,vanilla,0.0837417244911193,GhostFaceNet_BPA_CNN_adv
5,VGG-Face,/content/face_module/dataset_extractedfaces/vggface2_pairs/n000004_0204_01.jpg,/content/face_module/dataset_extractedfaces/vggface2_pairs/n000002_0070_01.jpg,vggface2_pairs,impersonation_attack,eval,GhostFaceNet,BPA_CNN,vanilla,0.1474964767694473,GhostFaceNet_BPA_CNN_adv
17,ArcFace,/content/face_module/dataset_extractedfaces/vggface2_pairs/n000016_0036_01.jpg,/content/face_module/dataset_extractedfaces/vggface2_pairs/n000012_0087_01.jpg,vggface2_pairs,impersonation_attack,eval,GhostFaceNet,clean,clean,-0.0417690612375736,GhostFaceNet_clean
17,Facenet512,/content/face_module/dataset_extractedfaces/vggface2_pairs/n000016_0036_01.jpg,/content/face_module/dataset_extractedfaces/vggface2_pairs/n000012_0087_01.jpg,vggface2_pairs,impersonation_attack,eval,GhostFaceNet,clean,clean,-0.0417690612375736,GhostFaceNet_clean
17,GhostFaceNet,/content/face_module/dataset_extractedfaces/vggface2_pairs/n000016_0036_01.jpg,/content/face_module/dataset_extractedfaces/vggface2_pairs/n000012_0087_01.jpg,vggface2_pairs,impersonation_attack,eval,GhostFaceNet,clean,clean,-0.0417690612375736,GhostFaceNet_clean
17,VGG-Face,/content/face_module/dataset_extractedfaces/vggface2_pairs/n000016_0036_01.jpg,/content/face_module/dataset_extractedfaces/vggface2_pairs/n000012_0087_01.jpg,vggface2_pairs,impersonation_attack,eval,GhostFaceNet,clean,clean,-0.0417690612375736,GhostFaceNet_clean
17,ArcFace,/content/face_module/dataset_extractedfaces/vggface2_pairs/n000016_0036_01.jpg,/content/face_module/dataset_extractedfaces/vggface2_pairs/n000012_0087_01.jpg,vggface2_pairs,impersonation_attack,eval,GhostFaceNet,BPA_CNN,vanilla,-0.0329058431088924,GhostFaceNet_BPA_CNN_adv
17,Facenet512,/content/face_module/dataset_extractedfaces/vggface2_pairs/n000016_0036_01.jpg,/content/face_module/dataset_extractedfaces/vggface2_pairs/n000012_0087_01.jpg,vggface2_pairs,impersonation_attack,eval,GhostFaceNet,BPA_CNN,vanilla,0.0280997902154922,GhostFaceNet_BPA_CNN_adv
17,VGG-Face,/content/face_module/dataset_extractedfaces/vggface2_pairs/n000016_0036_01.jpg,/content/face_module/dataset_extractedfaces/vggface2_pairs/n000012_0087_01.jpg,vggface2_pairs,impersonation_attack,eval,GhostFaceNet,BPA_CNN,vanilla,0.0278405155986547,GhostFaceNet_BPA_CNN_adv
19,ArcFace,/content/face_module/dataset_extractedfaces/vggface2_pairs/n000007_0012_01.jpg,/content/face_module/dataset_extractedfaces/vggface2_pairs/n000008_0101_01.jpg,vggface2_pairs,impersonation_attack,eval,GhostFaceNet,clean,clean,0.0893815085291862,GhostFaceNet_clean
19,Facenet512,/content/face_module/dataset_extractedfaces/vggface2_pairs/n000007_0012_01.jpg,/content/face_module/dataset_extractedfaces/vggface2_pairs/n000008_0101_01.jpg,vggface2_pairs,impersonation_attack,eval,GhostFaceNet,clean,clean,0.0893815085291862,GhostFaceNet_clean
19,GhostFaceNet,/content/face_module/dataset_extractedfaces/vggface2_pairs/n000007_0012_01.jpg,/content/face_module/dataset_extractedfaces/vggface2_pairs/n000008_0101_01.jpg,vggface2_pairs,impersonation_attack,eval,GhostFaceNet,clean,clean,0.0893815085291862,GhostFaceNet_clean
19,VGG-Face,/content/face_module/dataset_extractedfaces/vggface2_pairs/n000007_0012_01.jpg,/content/face_module/dataset_extractedfaces/vggface2_pairs/n000008_0101_01.jpg,vggface2_pairs,impersonation_attack,eval,GhostFaceNet,clean,clean,0.0893815085291862,GhostFaceNet_clean
19,ArcFace,/content/face_module/dataset_extractedfaces/vggface2_pairs/n000007_0012_01.jpg,/content/face_module/dataset_extractedfaces/vggface2_pairs/n000008_0101_01.jpg,vggface2_pairs,impersonation_attack,eval,GhostFaceNet,BPA_CNN,vanilla,0.1123560145497322,GhostFaceNet_BPA_CNN_adv
19,Facenet512,/content/face_module/dataset_extractedfaces/vggface2_pairs/n000007_0012_01.jpg,/content/face_module/dataset_extractedfaces/vggface2_pairs/n000008_0101_01.jpg,vggface2_pairs,impersonation_attack,eval,GhostFaceNet,BPA_CNN,vanilla,0.1343978345394134,GhostFaceNet_BPA_CNN_adv
19,VGG-Face,/content/face_module/dataset_extractedfaces/vggface2_pairs/n000007_0012_01.jpg,/content/face_module/dataset_extractedfaces/vggface2_pairs/n000008_0101_01.jpg,vggface2_pairs,impersonation_attack,eval,GhostFaceNet,BPA_CNN,vanilla,0.0983811467885971,GhostFaceNet_BPA_CNN_adv
21,ArcFace,/content/face_module/dataset_extractedfaces/vggface2_pairs/n000012_0183_01.jpg,/content/face_module/dataset_extractedfaces/vggface2_pairs/n000014_0113_01.jpg,vggface2_pairs,impersonation_attack,eval,GhostFaceNet,clean,clean,0.0251319538801908,GhostFaceNet_clean
21,Facenet512,/content/face_module/dataset_extractedfaces/vggface2_pairs/n000012_0183_01.jpg,/content/face_module/dataset_extractedfaces/vggface2_pairs/n000014_0113_01.jpg,vggface2_pairs,impersonation_attack,eval,GhostFaceNet,clean,clean,0.0251319538801908,GhostFaceNet_clean
21,GhostFaceNet,/content/face_module/dataset_extractedfaces/vggface2_pairs/n000012_0183_01.jpg,/content/face_module/dataset_extractedfaces/vggface2_pairs/n000014_0113_01.jpg,vggface2_pairs,impersonation_attack,eval,GhostFaceNet,clean,clean,0.0251319538801908,GhostFaceNet_clean
21,VGG-Face,/content/face_module/dataset_extractedfaces/vggface2_pairs/n000012_0183_01.jpg,/content/face_module/dataset_extractedfaces/vggface2_pairs/n000014_0113_01.jpg,vggface2_pairs,impersonation_attack,eval,GhostFaceNet,clean,clean,0.0251319538801908,GhostFaceNet_clean
21,ArcFace,/content/face_module/dataset_extractedfaces/vggface2_pairs/n000012_0183_01.jpg,/content/face_module/dataset_extractedfaces/vggface2_pairs/n000014_0113_01.jpg,vggface2_pairs,impersonation_attack,eval,GhostFaceNet,BPA_CNN,vanilla,0.2708532214164734,GhostFaceNet_BPA_CNN_adv
21,Facenet512,/content/face_module/dataset_extractedfaces/vggface2_pairs/n000012_0183_01.jpg,/content/face_module/dataset_extractedfaces/vggface2_pairs/n000014_0113_01.jpg,vggface2_pairs,impersonation_attack,eval,GhostFaceNet,BPA_CNN,vanilla,0.198730394244194,GhostFaceNet_BPA_CNN_adv
21,VGG-Face,/content/face_module/dataset_extractedfaces/vggface2_pairs/n000012_0183_01.jpg,/content/face_module/dataset_extractedfaces/vggface2_pairs/n000014_0113_01.jpg,vggface2_pairs,impersonation_attack,eval,GhostFaceNet,BPA_CNN,vanilla,0.1943909227848053,GhostFaceNet_BPA_CNN_adv
6,ArcFace,/content/face_module/dataset_extractedfaces/lfw_pairs/Luiz Inacio Lula da Silva_7.jpg,/content/face_module/dataset_extractedfaces/lfw_pairs/Luiz Inacio Lula da Silva_8.jpg,lfw_pairs,dodging_attack,eval,GhostFaceNet,clean,clean,0.4293000400066376,GhostFaceNet_clean
6,Facenet512,/content/face_module/dataset_extractedfaces/lfw_pairs/Luiz Inacio Lula da Silva_7.jpg,/content/face_module/dataset_extractedfaces/lfw_pairs/Luiz Inacio Lula da Silva_8.jpg,lfw_pairs,dodging_attack,eval,GhostFaceNet,clean,clean,0.4293000400066376,GhostFaceNet_clean
6,GhostFaceNet,/content/face_module/dataset_extractedfaces/lfw_pairs/Luiz Inacio Lula da Silva_7.jpg,/content/face_module/dataset_extractedfaces/lfw_pairs/Luiz Inacio Lula da Silva_8.jpg,lfw_pairs,dodging_attack,eval,GhostFaceNet,clean,clean,0.4293000400066376,GhostFaceNet_clean
6,VGG-Face,/content/face_module/dataset_extractedfaces/lfw_pairs/Luiz Inacio Lula da Silva_7.jpg,/content/face_module/dataset_extractedfaces/lfw_pairs/Luiz Inacio Lula da Silva_8.jpg,lfw_pairs,dodging_attack,eval,GhostFaceNet,clean,clean,0.4293000400066376,GhostFaceNet_clean
6,ArcFace,/content/face_module/dataset_extractedfaces/lfw_pairs/Luiz Inacio Lula da Silva_7.jpg,/content/face_module/dataset_extractedfaces/lfw_pairs/Luiz Inacio Lula da Silva_8.jpg,lfw_pairs,dodging_attack,eval,GhostFaceNet,BPA_CNN,vanilla,0.3402310311794281,GhostFaceNet_BPA_CNN_adv
6,Facenet512,/content/face_module/dataset_extractedfaces/lfw_pairs/Luiz Inacio Lula da Silva_7.jpg,/content/face_module/dataset_extractedfaces/lfw_pairs/Luiz Inacio Lula da Silva_8.jpg,lfw_pairs,dodging_attack,eval,GhostFaceNet,BPA_CNN,vanilla,0.3295358121395111,GhostFaceNet_BPA_CNN_adv
6,VGG-Face,/content/face_module/dataset_extractedfaces/lfw_pairs/Luiz Inacio Lula da Silva_7.jpg,/content/face_module/dataset_extractedfaces/lfw_pairs/Luiz Inacio Lula da Silva_8.jpg,lfw_pairs,dodging_attack,eval,GhostFaceNet,BPA_CNN,vanilla,0.3511588871479034,GhostFaceNet_BPA_CNN_adv
9,ArcFace,/content/face_module/dataset_extractedfaces/lfw_pairs/Colin Powell_75.jpg,/content/face_module/dataset_extractedfaces/lfw_pairs/Colin Powell_76.jpg,lfw_pairs,dodging_attack,eval,GhostFaceNet,clean,clean,0.2118891924619674,GhostFaceNet_clean
9,Facenet512,/content/face_module/dataset_extractedfaces/lfw_pairs/Colin Powell_75.jpg,/content/face_module/dataset_extractedfaces/lfw_pairs/Colin Powell_76.jpg,lfw_pairs,dodging_attack,eval,GhostFaceNet,clean,clean,0.2118891924619674,GhostFaceNet_clean
9,GhostFaceNet,/content/face_module/dataset_extractedfaces/lfw_pairs/Colin Powell_75.jpg,/content/face_module/dataset_extractedfaces/lfw_pairs/Colin Powell_76.jpg,lfw_pairs,dodging_attack,eval,GhostFaceNet,clean,clean,0.2118891924619674,GhostFaceNet_clean
9,VGG-Face,/content/face_module/dataset_extractedfaces/lfw_pairs/Colin Powell_75.jpg,/content/face_module/dataset_extractedfaces/lfw_pairs/Colin Powell_76.jpg,lfw_pairs,dodging_attack,eval,GhostFaceNet,clean,clean,0.2118891924619674,GhostFaceNet_clean
9,ArcFace,/content/face_module/dataset_extractedfaces/lfw_pairs/Colin Powell_75.jpg,/content/face_module/dataset_extractedfaces/lfw_pairs/Colin Powell_76.jpg,lfw_pairs,dodging_attack,eval,GhostFaceNet,BPA_CNN,vanilla,0.1420770734548568,GhostFaceNet_BPA_CNN_adv
9,Facenet512,/content/face_module/dataset_extractedfaces/lfw_pairs/Colin Powell_75.jpg,/content/face_module/dataset_extractedfaces/lfw_pairs/Colin Powell_76.jpg,lfw_pairs,dodging_attack,eval,GhostFaceNet,BPA_CNN,vanilla,0.1574142873287201,GhostFaceNet_BPA_CNN_adv
9,VGG-Face,/content/face_module/dataset_extractedfaces/lfw_pairs/Colin Powell_75.jpg,/content/face_module/dataset_extractedfaces/lfw_pairs/Colin Powell_76.jpg,lfw_pairs,dodging_attack,eval,GhostFaceNet,BPA_CNN,vanilla,0.2081630676984787,GhostFaceNet_BPA_CNN_adv
15,ArcFace,/content/face_module/dataset_extractedfaces/lfw_pairs/George W Bush_518.jpg,/content/face_module/dataset_extractedfaces/lfw_pairs/George W Bush_519.jpg,lfw_pairs,dodging_attack,eval,GhostFaceNet,clean,clean,0.4012919068336487,GhostFaceNet_clean
15,Facenet512,/content/face_module/dataset_extractedfaces/lfw_pairs/George W Bush_518.jpg,/content/face_module/dataset_extractedfaces/lfw_pairs/George W Bush_519.jpg,lfw_pairs,dodging_attack,eval,GhostFaceNet,clean,clean,0.4012919068336487,GhostFaceNet_clean
15,GhostFaceNet,/content/face_module/dataset_extractedfaces/lfw_pairs/George W Bush_518.jpg,/content/face_module/dataset_extractedfaces/lfw_pairs/George W Bush_519.jpg,lfw_pairs,dodging_attack,eval,GhostFaceNet,clean,clean,0.4012919068336487,GhostFaceNet_clean
15,VGG-Face,/content/face_module/dataset_extractedfaces/lfw_pairs/George W Bush_518.jpg,/content/face_module/dataset_extractedfaces/lfw_pairs/George W Bush_519.jpg,lfw_pairs,dodging_attack,eval,GhostFaceNet,clean,clean,0.4012919068336487,GhostFaceNet_clean
15,ArcFace,/content/face_module/dataset_extractedfaces/lfw_pairs/George W Bush_518.jpg,/content/face_module/dataset_extractedfaces/lfw_pairs/George W Bush_519.jpg,lfw_pairs,dodging_attack,eval,GhostFaceNet,BPA_CNN,vanilla,0.1752267479896545,GhostFaceNet_BPA_CNN_adv
15,Facenet512,/content/face_module/dataset_extractedfaces/lfw_pairs/George W Bush_518.jpg,/content/face_module/dataset_extractedfaces/lfw_pairs/George W Bush_519.jpg,lfw_pairs,dodging_attack,eval,GhostFaceNet,BPA_CNN,vanilla,0.2399363219738006,GhostFaceNet_BPA_CNN_adv
15,VGG-Face,/content/face_module/dataset_extractedfaces/lfw_pairs/George W Bush_518.jpg,/content/face_module/dataset_extractedfaces/lfw_pairs/George W Bush_519.jpg,lfw_pairs,dodging_attack,eval,GhostFaceNet,BPA_CNN,vanilla,0.2670018672943115,GhostFaceNet_BPA_CNN_adv
16,ArcFace,/content/face_module/dataset_extractedfaces/lfw_pairs/Colin Powell_24.jpg,/content/face_module/dataset_extractedfaces/lfw_pairs/Colin Powell_25.jpg,lfw_pairs,dodging_attack,eval,GhostFaceNet,clean,clean,0.2700411379337311,GhostFaceNet_clean
16,Facenet512,/content/face_module/dataset_extractedfaces/lfw_pairs/Colin Powell_24.jpg,/content/face_module/dataset_extractedfaces/lfw_pairs/Colin Powell_25.jpg,lfw_pairs,dodging_attack,eval,GhostFaceNet,clean,clean,0.2700411379337311,GhostFaceNet_clean
16,GhostFaceNet,/content/face_module/dataset_extractedfaces/lfw_pairs/Colin Powell_24.jpg,/content/face_module/dataset_extractedfaces/lfw_pairs/Colin Powell_25.jpg,lfw_pairs,dodging_attack,eval,GhostFaceNet,clean,clean,0.2700411379337311,GhostFaceNet_clean
16,VGG-Face,/content/face_module/dataset_extractedfaces/lfw_pairs/Colin Powell_24.jpg,/content/face_module/dataset_extractedfaces/lfw_pairs/Colin Powell_25.jpg,lfw_pairs,dodging_attack,eval,GhostFaceNet,clean,clean,0.2700411379337311,GhostFaceNet_clean
16,ArcFace,/content/face_module/dataset_extractedfaces/lfw_pairs/Colin Powell_24.jpg,/content/face_module/dataset_extractedfaces/lfw_pairs/Colin Powell_25.jpg,lfw_pairs,dodging_attack,eval,GhostFaceNet,BPA_CNN,vanilla,-0.0297630913555622,GhostFaceNet_BPA_CNN_adv
16,Facenet512,/content/face_module/dataset_extractedfaces/lfw_pairs/Colin Powell_24.jpg,/content/face_module/dataset_extractedfaces/lfw_pairs/Colin Powell_25.jpg,lfw_pairs,dodging_attack,eval,GhostFaceNet,BPA_CNN,vanilla,0.1523940116167068,GhostFaceNet_BPA_CNN_adv
16,VGG-Face,/content/face_module/dataset_extractedfaces/lfw_pairs/Colin Powell_24.jpg,/content/face_module/dataset_extractedfaces/lfw_pairs/Colin Powell_25.jpg,lfw_pairs,dodging_attack,eval,GhostFaceNet,BPA_CNN,vanilla,-0.0603524781763553,GhostFaceNet_BPA_CNN_adv
23,ArcFace,/content/face_module/dataset_extractedfaces/lfw_pairs/Tom Daschle_5.jpg,/content/face_module/dataset_extractedfaces/lfw_pairs/Tom Daschle_6.jpg,lfw_pairs,dodging_attack,eval,GhostFaceNet,clean,clean,0.290112167596817,GhostFaceNet_clean
23,Facenet512,/content/face_module/dataset_extractedfaces/lfw_pairs/Tom Daschle_5.jpg,/content/face_module/dataset_extractedfaces/lfw_pairs/Tom Daschle_6.jpg,lfw_pairs,dodging_attack,eval,GhostFaceNet,clean,clean,0.290112167596817,GhostFaceNet_clean
23,GhostFaceNet,/content/face_module/dataset_extractedfaces/lfw_pairs/Tom Daschle_5.jpg,/content/face_module/dataset_extractedfaces/lfw_pairs/Tom Daschle_6.jpg,lfw_pairs,dodging_attack,eval,GhostFaceNet,clean,clean,0.290112167596817,GhostFaceNet_clean
23,VGG-Face,/content/face_module/dataset_extractedfaces/lfw_pairs/Tom Daschle_5.jpg,/content/face_module/dataset_extractedfaces/lfw_pairs/Tom Daschle_6.jpg,lfw_pairs,dodging_attack,eval,GhostFaceNet,clean,clean,0.290112167596817,GhostFaceNet_clean
23,ArcFace,/content/face_module/dataset_extractedfaces/lfw_pairs/Tom Daschle_5.jpg,/content/face_module/dataset_extractedfaces/lfw_pairs/Tom Daschle_6.jpg,lfw_pairs,dodging_attack,eval,GhostFaceNet,BPA_CNN,vanilla,0.282310277223587,GhostFaceNet_BPA_CNN_adv
23,Facenet512,/content/face_module/dataset_extractedfaces/lfw_pairs/Tom Daschle_5.jpg,/content/face_module/dataset_extractedfaces/lfw_pairs/Tom Daschle_6.jpg,lfw_pairs,dodging_attack,eval,GhostFaceNet,BPA_CNN,vanilla,0.353732019662857,GhostFaceNet_BPA_CNN_adv
23,VGG-Face,/content/face_module/dataset_extractedfaces/lfw_pairs/Tom Daschle_5.jpg,/content/face_module/dataset_extractedfaces/lfw_pairs/Tom Daschle_6.jpg,lfw_pairs,dodging_attack,eval,GhostFaceNet,BPA_CNN,vanilla,0.2548979222774505,GhostFaceNet_BPA_CNN_adv
18,ArcFace,/content/face_module/dataset_extractedfaces/celeba_pairs/092809.jpg,/content/face_module/dataset_extractedfaces/celeba_pairs/108708.jpg,celeba_pairs,dodging_attack,eval,GhostFaceNet,clean,clean,0.6082007884979248,GhostFaceNet_clean
18,Facenet512,/content/face_module/dataset_extractedfaces/celeba_pairs/092809.jpg,/content/face_module/dataset_extractedfaces/celeba_pairs/108708.jpg,celeba_pairs,dodging_attack,eval,GhostFaceNet,clean,clean,0.6082007884979248,GhostFaceNet_clean
18,GhostFaceNet,/content/face_module/dataset_extractedfaces/celeba_pairs/092809.jpg,/content/face_module/dataset_extractedfaces/celeba_pairs/108708.jpg,celeba_pairs,dodging_attack,eval,GhostFaceNet,clean,clean,0.6082007884979248,GhostFaceNet_clean
18,VGG-Face,/content/face_module/dataset_extractedfaces/celeba_pairs/092809.jpg,/content/face_module/dataset_extractedfaces/celeba_pairs/108708.jpg,celeba_pairs,dodging_attack,eval,GhostFaceNet,clean,clean,0.6082007884979248,GhostFaceNet_clean
18,ArcFace,/content/face_module/dataset_extractedfaces/celeba_pairs/092809.jpg,/content/face_module/dataset_extractedfaces/celeba_pairs/108708.jpg,celeba_pairs,dodging_attack,eval,GhostFaceNet,BPA_CNN,vanilla,0.2175998091697693,GhostFaceNet_BPA_CNN_adv
18,Facenet512,/content/face_module/dataset_extractedfaces/celeba_pairs/092809.jpg,/content/face_module/dataset_extractedfaces/celeba_pairs/108708.jpg,celeba_pairs,dodging_attack,eval,GhostFaceNet,BPA_CNN,vanilla,0.2712839841842651,GhostFaceNet_BPA_CNN_adv
18,VGG-Face,/content/face_module/dataset_extractedfaces/celeba_pairs/092809.jpg,/content/face_module/dataset_extractedfaces/celeba_pairs/108708.jpg,celeba_pairs,dodging_attack,eval,GhostFaceNet,BPA_CNN,vanilla,0.2328447103500366,GhostFaceNet_BPA_CNN_adv
27,ArcFace,/content/face_module/dataset_extractedfaces/celeba_pairs/023869.jpg,/content/face_module/dataset_extractedfaces/celeba_pairs/024923.jpg,celeba_pairs,dodging_attack,eval,GhostFaceNet,clean,clean,0.4638515114784241,GhostFaceNet_clean
27,Facenet512,/content/face_module/dataset_extractedfaces/celeba_pairs/023869.jpg,/content/face_module/dataset_extractedfaces/celeba_pairs/024923.jpg,celeba_pairs,dodging_attack,eval,GhostFaceNet,clean,clean,0.4638515114784241,GhostFaceNet_clean
27,GhostFaceNet,/content/face_module/dataset_extractedfaces/celeba_pairs/023869.jpg,/content/face_module/dataset_extractedfaces/celeba_pairs/024923.jpg,celeba_pairs,dodging_attack,eval,GhostFaceNet,clean,clean,0.4638515114784241,GhostFaceNet_clean
27,VGG-Face,/content/face_module/dataset_extractedfaces/celeba_pairs/023869.jpg,/content/face_module/dataset_extractedfaces/celeba_pairs/024923.jpg,celeba_pairs,dodging_attack,eval,GhostFaceNet,clean,clean,0.4638515114784241,GhostFaceNet_clean
27,ArcFace,/content/face_module/dataset_extractedfaces/celeba_pairs/023869.jpg,/content/face_module/dataset_extractedfaces/celeba_pairs/024923.jpg,celeba_pairs,dodging_attack,eval,GhostFaceNet,BPA_CNN,vanilla,0.1546362191438675,GhostFaceNet_BPA_CNN_adv
27,Facenet512,/content/face_module/dataset_extractedfaces/celeba_pairs/023869.jpg,/content/face_module/dataset_extractedfaces/celeba_pairs/024923.jpg,celeba_pairs,dodging_attack,eval,GhostFaceNet,BPA_CNN,vanilla,0.162144586443901,GhostFaceNet_BPA_CNN_adv
27,VGG-Face,/content/face_module/dataset_extractedfaces/celeba_pairs/023869.jpg,/content/face_module/dataset_extractedfaces/celeba_pairs/024923.jpg,celeba_pairs,dodging_attack,eval,GhostFaceNet,BPA_CNN,vanilla,0.2437863796949386,GhostFaceNet_BPA_CNN_adv
28,ArcFace,/content/face_module/dataset_extractedfaces/celeba_pairs/130980.jpg,/content/face_module/dataset_extractedfaces/celeba_pairs/147767.jpg,celeba_pairs,dodging_attack,eval,GhostFaceNet,clean,clean,0.4003297090530395,GhostFaceNet_clean
28,Facenet512,/content/face_module/dataset_extractedfaces/celeba_pairs/130980.jpg,/content/face_module/dataset_extractedfaces/celeba_pairs/147767.jpg,celeba_pairs,dodging_attack,eval,GhostFaceNet,clean,clean,0.4003297090530395,GhostFaceNet_clean
28,GhostFaceNet,/content/face_module/dataset_extractedfaces/celeba_pairs/130980.jpg,/content/face_module/dataset_extractedfaces/celeba_pairs/147767.jpg,celeba_pairs,dodging_attack,eval,GhostFaceNet,clean,clean,0.4003297090530395,GhostFaceNet_clean
28,VGG-Face,/content/face_module/dataset_extractedfaces/celeba_pairs/130980.jpg,/content/face_module/dataset_extractedfaces/celeba_pairs/147767.jpg,celeba_pairs,dodging_attack,eval,GhostFaceNet,clean,clean,0.4003297090530395,GhostFaceNet_clean
28,ArcFace,/content/face_module/dataset_extractedfaces/celeba_pairs/130980.jpg,/content/face_module/dataset_extractedfaces/celeba_pairs/147767.jpg,celeba_pairs,dodging_attack,eval,GhostFaceNet,BPA_CNN,vanilla,0.3125405311584472,GhostFaceNet_BPA_CNN_adv
28,Facenet512,/content/face_module/dataset_extractedfaces/celeba_pairs/130980.jpg,/content/face_module/dataset_extractedfaces/celeba_pairs/147767.jpg,celeba_pairs,dodging_attack,eval,GhostFaceNet,BPA_CNN,vanilla,0.2934679090976715,GhostFaceNet_BPA_CNN_adv
28,VGG-Face,/content/face_module/dataset_extractedfaces/celeba_pairs/130980.jpg,/content/face_module/dataset_extractedfaces/celeba_pairs/147767.jpg,celeba_pairs,dodging_attack,eval,GhostFaceNet,BPA_CNN,vanilla,0.40361288189888,GhostFaceNet_BPA_CNN_adv
30,ArcFace,/content/face_module/dataset_extractedfaces/celeba_pairs/042909.jpg,/content/face_module/dataset_extractedfaces/celeba_pairs/048579.jpg,celeba_pairs,dodging_attack,eval,GhostFaceNet,clean,clean,0.4130615890026092,GhostFaceNet_clean
30,Facenet512,/content/face_module/dataset_extractedfaces/celeba_pairs/042909.jpg,/content/face_module/dataset_extractedfaces/celeba_pairs/048579.jpg,celeba_pairs,dodging_attack,eval,GhostFaceNet,clean,clean,0.4130615890026092,GhostFaceNet_clean
30,GhostFaceNet,/content/face_module/dataset_extractedfaces/celeba_pairs/042909.jpg,/content/face_module/dataset_extractedfaces/celeba_pairs/048579.jpg,celeba_pairs,dodging_attack,eval,GhostFaceNet,clean,clean,0.4130615890026092,GhostFaceNet_clean
30,VGG-Face,/content/face_module/dataset_extractedfaces/celeba_pairs/042909.jpg,/content/face_module/dataset_extractedfaces/celeba_pairs/048579.jpg,celeba_pairs,dodging_attack,eval,GhostFaceNet,clean,clean,0.4130615890026092,GhostFaceNet_clean
30,ArcFace,/content/face_module/dataset_extractedfaces/celeba_pairs/042909.jpg,/content/face_module/dataset_extractedfaces/celeba_pairs/048579.jpg,celeba_pairs,dodging_attack,eval,GhostFaceNet,BPA_CNN,vanilla,0.1093707084655761,GhostFaceNet_BPA_CNN_adv
30,Facenet512,/content/face_module/dataset_extractedfaces/celeba_pairs/042909.jpg,/content/face_module/dataset_extractedfaces/celeba_pairs/048579.jpg,celeba_pairs,dodging_attack,eval,GhostFaceNet,BPA_CNN,vanilla,0.1644369065761566,GhostFaceNet_BPA_CNN_adv
30,VGG-Face,/content/face_module/dataset_extractedfaces/celeba_pairs/042909.jpg,/content/face_module/dataset_extractedfaces/celeba_pairs/048579.jpg,celeba_pairs,dodging_attack,eval,GhostFaceNet,BPA_CNN,vanilla,0.0795020908117294,GhostFaceNet_BPA_CNN_adv
33,ArcFace,/content/face_module/dataset_extractedfaces/celeba_pairs/169016.jpg,/content/face_module/dataset_extractedfaces/celeba_pairs/171037.jpg,celeba_pairs,dodging_attack,eval,GhostFaceNet,clean,clean,0.697895884513855,GhostFaceNet_clean
33,Facenet512,/content/face_module/dataset_extractedfaces/celeba_pairs/169016.jpg,/content/face_module/dataset_extractedfaces/celeba_pairs/171037.jpg,celeba_pairs,dodging_attack,eval,GhostFaceNet,clean,clean,0.697895884513855,GhostFaceNet_clean
33,GhostFaceNet,/content/face_module/dataset_extractedfaces/celeba_pairs/169016.jpg,/content/face_module/dataset_extractedfaces/celeba_pairs/171037.jpg,celeba_pairs,dodging_attack,eval,GhostFaceNet,clean,clean,0.697895884513855,GhostFaceNet_clean
33,VGG-Face,/content/face_module/dataset_extractedfaces/celeba_pairs/169016.jpg,/content/face_module/dataset_extractedfaces/celeba_pairs/171037.jpg,celeba_pairs,dodging_attack,eval,GhostFaceNet,clean,clean,0.697895884513855,GhostFaceNet_clean
33,ArcFace,/content/face_module/dataset_extractedfaces/celeba_pairs/169016.jpg,/content/face_module/dataset_extractedfaces/celeba_pairs/171037.jpg,celeba_pairs,dodging_attack,eval,GhostFaceNet,BPA_CNN,vanilla,0.508443295955658,GhostFaceNet_BPA_CNN_adv
33,Facenet512,/content/face_module/dataset_extractedfaces/celeba_pairs/169016.jpg,/content/face_module/dataset_extractedfaces/celeba_pairs/171037.jpg,celeba_pairs,dodging_attack,eval,GhostFaceNet,BPA_CNN,vanilla,0.453816682100296,GhostFaceNet_BPA_CNN_adv
33,VGG-Face,/content/face_module/dataset_extractedfaces/celeba_pairs/169016.jpg,/content/face_module/dataset_extractedfaces/celeba_pairs/171037.jpg,celeba_pairs,dodging_attack,eval,GhostFaceNet,BPA_CNN,vanilla,0.504878580570221,GhostFaceNet_BPA_CNN_adv
1,ArcFace,/content/face_module/dataset_extractedfaces/vggface2_pairs/n000007_0113_01.jpg,/content/face_module/dataset_extractedfaces/vggface2_pairs/n000007_0122_01.jpg,vggface2_pairs,dodging_attack,eval,GhostFaceNet,clean,clean,0.3914603292942047,GhostFaceNet_clean
1,Facenet512,/content/face_module/dataset_extractedfaces/vggface2_pairs/n000007_0113_01.jpg,/content/face_module/dataset_extractedfaces/vggface2_pairs/n000007_0122_01.jpg,vggface2_pairs,dodging_attack,eval,GhostFaceNet,clean,clean,0.3914603292942047,GhostFaceNet_clean
1,GhostFaceNet,/content/face_module/dataset_extractedfaces/vggface2_pairs/n000007_0113_01.jpg,/content/face_module/dataset_extractedfaces/vggface2_pairs/n000007_0122_01.jpg,vggface2_pairs,dodging_attack,eval,GhostFaceNet,clean,clean,0.3914603292942047,GhostFaceNet_clean
1,VGG-Face,/content/face_module/dataset_extractedfaces/vggface2_pairs/n000007_0113_01.jpg,/content/face_module/dataset_extractedfaces/vggface2_pairs/n000007_0122_01.jpg,vggface2_pairs,dodging_attack,eval,GhostFaceNet,clean,clean,0.3914603292942047,GhostFaceNet_clean
1,ArcFace,/content/face_module/dataset_extractedfaces/vggface2_pairs/n000007_0113_01.jpg,/content/face_module/dataset_extractedfaces/vggface2_pairs/n000007_0122_01.jpg,vggface2_pairs,dodging_attack,eval,GhostFaceNet,BPA_CNN,vanilla,0.2761553227901459,GhostFaceNet_BPA_CNN_adv
1,Facenet512,/content/face_module/dataset_extractedfaces/vggface2_pairs/n000007_0113_01.jpg,/content/face_module/dataset_extractedfaces/vggface2_pairs/n000007_0122_01.jpg,vggface2_pairs,dodging_attack,eval,GhostFaceNet,BPA_CNN,vanilla,0.2723079025745392,GhostFaceNet_BPA_CNN_adv
1,VGG-Face,/content/face_module/dataset_extractedfaces/vggface2_pairs/n000007_0113_01.jpg,/content/face_module/dataset_extractedfaces/vggface2_pairs/n000007_0122_01.jpg,vggface2_pairs,dodging_attack,eval,GhostFaceNet,BPA_CNN,vanilla,0.2303865551948547,GhostFaceNet_BPA_CNN_adv
4,ArcFace,/content/face_module/dataset_extractedfaces/vggface2_pairs/n000008_0256_01.jpg,/content/face_module/dataset_extractedfaces/vggface2_pairs/n000008_0348_01.jpg,vggface2_pairs,dodging_attack,eval,GhostFaceNet,clean,clean,0.0414128750562667,GhostFaceNet_clean
4,Facenet512,/content/face_module/dataset_extractedfaces/vggface2_pairs/n000008_0256_01.jpg,/content/face_module/dataset_extractedfaces/vggface2_pairs/n000008_0348_01.jpg,vggface2_pairs,dodging_attack,eval,GhostFaceNet,clean,clean,0.0414128750562667,GhostFaceNet_clean
4,GhostFaceNet,/content/face_module/dataset_extractedfaces/vggface2_pairs/n000008_0256_01.jpg,/content/face_module/dataset_extractedfaces/vggface2_pairs/n000008_0348_01.jpg,vggface2_pairs,dodging_attack,eval,GhostFaceNet,clean,clean,0.0414128750562667,GhostFaceNet_clean
4,VGG-Face,/content/face_module/dataset_extractedfaces/vggface2_pairs/n000008_0256_01.jpg,/content/face_module/dataset_extractedfaces/vggface2_pairs/n000008_0348_01.jpg,vggface2_pairs,dodging_attack,eval,GhostFaceNet,clean,clean,0.0414128750562667,GhostFaceNet_clean
4,ArcFace,/content/face_module/dataset_extractedfaces/vggface2_pairs/n000008_0256_01.jpg,/content/face_module/dataset_extractedfaces/vggface2_pairs/n000008_0348_01.jpg,vggface2_pairs,dodging_attack,eval,GhostFaceNet,BPA_CNN,vanilla,0.0461008213460445,GhostFaceNet_BPA_CNN_adv
4,Facenet512,/content/face_module/dataset_extractedfaces/vggface2_pairs/n000008_0256_01.jpg,/content/face_module/dataset_extractedfaces/vggface2_pairs/n000008_0348_01.jpg,vggface2_pairs,dodging_attack,eval,GhostFaceNet,BPA_CNN,vanilla,0.0574091337621212,GhostFaceNet_BPA_CNN_adv
4,VGG-Face,/content/face_module/dataset_extractedfaces/vggface2_pairs/n000008_0256_01.jpg,/content/face_module/dataset_extractedfaces/vggface2_pairs/n000008_0348_01.jpg,vggface2_pairs,dodging_attack,eval,GhostFaceNet,BPA_CNN,vanilla,0.0564222559332847,GhostFaceNet_BPA_CNN_adv
7,ArcFace,/content/face_module/dataset_extractedfaces/vggface2_pairs/n000010_0058_01.jpg,/content/face_module/dataset_extractedfaces/vggface2_pairs/n000010_0081_01.jpg,vggface2_pairs,dodging_attack,eval,GhostFaceNet,clean,clean,0.3012862205505371,GhostFaceNet_clean
7,Facenet512,/content/face_module/dataset_extractedfaces/vggface2_pairs/n000010_0058_01.jpg,/content/face_module/dataset_extractedfaces/vggface2_pairs/n000010_0081_01.jpg,vggface2_pairs,dodging_attack,eval,GhostFaceNet,clean,clean,0.3012862205505371,GhostFaceNet_clean
7,GhostFaceNet,/content/face_module/dataset_extractedfaces/vggface2_pairs/n000010_0058_01.jpg,/content/face_module/dataset_extractedfaces/vggface2_pairs/n000010_0081_01.jpg,vggface2_pairs,dodging_attack,eval,GhostFaceNet,clean,clean,0.3012862205505371,GhostFaceNet_clean
7,VGG-Face,/content/face_module/dataset_extractedfaces/vggface2_pairs/n000010_0058_01.jpg,/content/face_module/dataset_extractedfaces/vggface2_pairs/n000010_0081_01.jpg,vggface2_pairs,dodging_attack,eval,GhostFaceNet,clean,clean,0.3012862205505371,GhostFaceNet_clean
7,ArcFace,/content/face_module/dataset_extractedfaces/vggface2_pairs/n000010_0058_01.jpg,/content/face_module/dataset_extractedfaces/vggface2_pairs/n000010_0081_01.jpg,vggface2_pairs,dodging_attack,eval,GhostFaceNet,BPA_CNN,vanilla,0.1500021964311599,GhostFaceNet_BPA_CNN_adv
7,Facenet512,/content/face_module/dataset_extractedfaces/vggface2_pairs/n000010_0058_01.jpg,/content/face_module/dataset_extractedfaces/vggface2_pairs/n000010_0081_01.jpg,vggface2_pairs,dodging_attack,eval,GhostFaceNet,BPA_CNN,vanilla,0.1206476390361785,GhostFaceNet_BPA_CNN_adv
7,VGG-Face,/content/face_module/dataset_extractedfaces/vggface2_pairs/n000010_0058_01.jpg,/content/face_module/dataset_extractedfaces/vggface2_pairs/n000010_0081_01.jpg,vggface2_pairs,dodging_attack,eval,GhostFaceNet,BPA_CNN,vanilla,0.1636209487915039,GhostFaceNet_BPA_CNN_adv
10,ArcFace,/content/face_module/dataset_extractedfaces/vggface2_pairs/n000005_0022_01.jpg,/content/face_module/dataset_extractedfaces/vggface2_pairs/n000005_0076_01.jpg,vggface2_pairs,dodging_attack,eval,GhostFaceNet,clean,clean,0.375858336687088,GhostFaceNet_clean
10,Facenet512,/content/face_module/dataset_extractedfaces/vggface2_pairs/n000005_0022_01.jpg,/content/face_module/dataset_extractedfaces/vggface2_pairs/n000005_0076_01.jpg,vggface2_pairs,dodging_attack,eval,GhostFaceNet,clean,clean,0.375858336687088,GhostFaceNet_clean
10,GhostFaceNet,/content/face_module/dataset_extractedfaces/vggface2_pairs/n000005_0022_01.jpg,/content/face_module/dataset_extractedfaces/vggface2_pairs/n000005_0076_01.jpg,vggface2_pairs,dodging_attack,eval,GhostFaceNet,clean,clean,0.375858336687088,GhostFaceNet_clean
10,VGG-Face,/content/face_module/dataset_extractedfaces/vggface2_pairs/n000005_0022_01.jpg,/content/face_module/dataset_extractedfaces/vggface2_pairs/n000005_0076_01.jpg,vggface2_pairs,dodging_attack,eval,GhostFaceNet,clean,clean,0.375858336687088,GhostFaceNet_clean
10,ArcFace,/content/face_module/dataset_extractedfaces/vggface2_pairs/n000005_0022_01.jpg,/content/face_module/dataset_extractedfaces/vggface2_pairs/n000005_0076_01.jpg,vggface2_pairs,dodging_attack,eval,GhostFaceNet,BPA_CNN,vanilla,0.2405991554260254,GhostFaceNet_BPA_CNN_adv
10,Facenet512,/content/face_module/dataset_extractedfaces/vggface2_pairs/n000005_0022_01.jpg,/content/face_module/dataset_extractedfaces/vggface2_pairs/n000005_0076_01.jpg,vggface2_pairs,dodging_attack,eval,GhostFaceNet,BPA_CNN,vanilla,0.1703552603721618,GhostFaceNet_BPA_CNN_adv
10,VGG-Face,/content/face_module/dataset_extractedfaces/vggface2_pairs/n000005_0022_01.jpg,/content/face_module/dataset_extractedfaces/vggface2_pairs/n000005_0076_01.jpg,vggface2_pairs,dodging_attack,eval,GhostFaceNet,BPA_CNN,vanilla,0.2474282830953598,GhostFaceNet_BPA_CNN_adv
11,ArcFace,/content/face_module/dataset_extractedfaces/vggface2_pairs/n000007_0176_01.jpg,/content/face_module/dataset_extractedfaces/vggface2_pairs/n000007_0335_03.jpg,vggface2_pairs,dodging_attack,eval,GhostFaceNet,clean,clean,0.2068949192762375,GhostFaceNet_clean
11,Facenet512,/content/face_module/dataset_extractedfaces/vggface2_pairs/n000007_0176_01.jpg,/content/face_module/dataset_extractedfaces/vggface2_pairs/n000007_0335_03.jpg,vggface2_pairs,dodging_attack,eval,GhostFaceNet,clean,clean,0.2068949192762375,GhostFaceNet_clean
11,GhostFaceNet,/content/face_module/dataset_extractedfaces/vggface2_pairs/n000007_0176_01.jpg,/content/face_module/dataset_extractedfaces/vggface2_pairs/n000007_0335_03.jpg,vggface2_pairs,dodging_attack,eval,GhostFaceNet,clean,clean,0.2068949192762375,GhostFaceNet_clean
11,VGG-Face,/content/face_module/dataset_extractedfaces/vggface2_pairs/n000007_0176_01.jpg,/content/face_module/dataset_extractedfaces/vggface2_pairs/n000007_0335_03.jpg,vggface2_pairs,dodging_attack,eval,GhostFaceNet,clean,clean,0.2068949192762375,GhostFaceNet_clean
11,ArcFace,/content/face_module/dataset_extractedfaces/vggface2_pairs/n000007_0176_01.jpg,/content/face_module/dataset_extractedfaces/vggface2_pairs/n000007_0335_03.jpg,vggface2_pairs,dodging_attack,eval,GhostFaceNet,BPA_CNN,vanilla,0.1517276763916015,GhostFaceNet_BPA_CNN_adv
11,Facenet512,/content/face_module/dataset_extractedfaces/vggface2_pairs/n000007_0176_01.jpg,/content/face_module/dataset_extractedfaces/vggface2_pairs/n000007_0335_03.jpg,vggface2_pairs,dodging_attack,eval,GhostFaceNet,BPA_CNN,vanilla,0.1348636448383331,GhostFaceNet_BPA_CNN_adv
11,VGG-Face,/content/face_module/dataset_extractedfaces/vggface2_pairs/n000007_0176_01.jpg,/content/face_module/dataset_extractedfaces/vggface2_pairs/n000007_0335_03.jpg,vggface2_pairs,dodging_attack,eval,GhostFaceNet,BPA_CNN,vanilla,0.1272956430912017,GhostFaceNet_BPA_CNN_adv
0,ArcFace,/content/face_module/dataset_extractedfaces/lfw_pairs/Renee Zellweger_1.jpg,/content/face_module/dataset_extractedfaces/lfw_pairs/Catherine Deneuve_2.jpg,lfw_pairs,impersonation_attack,eval,VGG-Face,clean,clean,0.0917206555604934,VGG-Face_clean
0,Facenet512,/content/face_module/dataset_extractedfaces/lfw_pairs/Renee Zellweger_1.jpg,/content/face_module/dataset_extractedfaces/lfw_pairs/Catherine Deneuve_2.jpg,lfw_pairs,impersonation_attack,eval,VGG-Face,clean,clean,0.0917206555604934,VGG-Face_clean
0,GhostFaceNet,/content/face_module/dataset_extractedfaces/lfw_pairs/Renee Zellweger_1.jpg,/content/face_module/dataset_extractedfaces/lfw_pairs/Catherine Deneuve_2.jpg,lfw_pairs,impersonation_attack,eval,VGG-Face,clean,clean,0.0917206555604934,VGG-Face_clean
0,VGG-Face,/content/face_module/dataset_extractedfaces/lfw_pairs/Renee Zellweger_1.jpg,/content/face_module/dataset_extractedfaces/lfw_pairs/Catherine Deneuve_2.jpg,lfw_pairs,impersonation_attack,eval,VGG-Face,clean,clean,0.0917206555604934,VGG-Face_clean
0,ArcFace,/content/face_module/dataset_extractedfaces/lfw_pairs/Renee Zellweger_1.jpg,/content/face_module/dataset_extractedfaces/lfw_pairs/Catherine Deneuve_2.jpg,lfw_pairs,impersonation_attack,eval,VGG-Face,BPA_CNN,vanilla,0.3874378204345703,VGG-Face_BPA_CNN_adv
0,Facenet512,/content/face_module/dataset_extractedfaces/lfw_pairs/Renee Zellweger_1.jpg,/content/face_module/dataset_extractedfaces/lfw_pairs/Catherine Deneuve_2.jpg,lfw_pairs,impersonation_attack,eval,VGG-Face,BPA_CNN,vanilla,0.3788688778877258,VGG-Face_BPA_CNN_adv
0,GhostFaceNet,/content/face_module/dataset_extractedfaces/lfw_pairs/Renee Zellweger_1.jpg,/content/face_module/dataset_extractedfaces/lfw_pairs/Catherine Deneuve_2.jpg,lfw_pairs,impersonation_attack,eval,VGG-Face,BPA_CNN,vanilla,0.1932539939880371,VGG-Face_BPA_CNN_adv
32,ArcFace,/content/face_module/dataset_extractedfaces/lfw_pairs/Donald Rumsfeld_105.jpg,/content/face_module/dataset_extractedfaces/lfw_pairs/Paul Burrell_11.jpg,lfw_pairs,impersonation_attack,eval,VGG-Face,clean,clean,0.167397603392601,VGG-Face_clean
32,Facenet512,/content/face_module/dataset_extractedfaces/lfw_pairs/Donald Rumsfeld_105.jpg,/content/face_module/dataset_extractedfaces/lfw_pairs/Paul Burrell_11.jpg,lfw_pairs,impersonation_attack,eval,VGG-Face,clean,clean,0.167397603392601,VGG-Face_clean
32,GhostFaceNet,/content/face_module/dataset_extractedfaces/lfw_pairs/Donald Rumsfeld_105.jpg,/content/face_module/dataset_extractedfaces/lfw_pairs/Paul Burrell_11.jpg,lfw_pairs,impersonation_attack,eval,VGG-Face,clean,clean,0.167397603392601,VGG-Face_clean
32,VGG-Face,/content/face_module/dataset_extractedfaces/lfw_pairs/Donald Rumsfeld_105.jpg,/content/face_module/dataset_extractedfaces/lfw_pairs/Paul Burrell_11.jpg,lfw_pairs,impersonation_attack,eval,VGG-Face,clean,clean,0.167397603392601,VGG-Face_clean
32,ArcFace,/content/face_module/dataset_extractedfaces/lfw_pairs/Donald Rumsfeld_105.jpg,/content/face_module/dataset_extractedfaces/lfw_pairs/Paul Burrell_11.jpg,lfw_pairs,impersonation_attack,eval,VGG-Face,BPA_CNN,vanilla,0.2832722067832947,VGG-Face_BPA_CNN_adv
32,Facenet512,/content/face_module/dataset_extractedfaces/lfw_pairs/Donald Rumsfeld_105.jpg,/content/face_module/dataset_extractedfaces/lfw_pairs/Paul Burrell_11.jpg,lfw_pairs,impersonation_attack,eval,VGG-Face,BPA_CNN,vanilla,0.2823812067508697,VGG-Face_BPA_CNN_adv
32,GhostFaceNet,/content/face_module/dataset_extractedfaces/lfw_pairs/Donald Rumsfeld_105.jpg,/content/face_module/dataset_extractedfaces/lfw_pairs/Paul Burrell_11.jpg,lfw_pairs,impersonation_attack,eval,VGG-Face,BPA_CNN,vanilla,0.1982611864805221,VGG-Face_BPA_CNN_adv
48,ArcFace,/content/face_module/dataset_extractedfaces/lfw_pairs/Renee Zellweger_14.jpg,/content/face_module/dataset_extractedfaces/lfw_pairs/Venus Williams_9.jpg,lfw_pairs,impersonation_attack,eval,VGG-Face,clean,clean,0.0496263168752193,VGG-Face_clean
48,Facenet512,/content/face_module/dataset_extractedfaces/lfw_pairs/Renee Zellweger_14.jpg,/content/face_module/dataset_extractedfaces/lfw_pairs/Venus Williams_9.jpg,lfw_pairs,impersonation_attack,eval,VGG-Face,clean,clean,0.0496263168752193,VGG-Face_clean
48,GhostFaceNet,/content/face_module/dataset_extractedfaces/lfw_pairs/Renee Zellweger_14.jpg,/content/face_module/dataset_extractedfaces/lfw_pairs/Venus Williams_9.jpg,lfw_pairs,impersonation_attack,eval,VGG-Face,clean,clean,0.0496263168752193,VGG-Face_clean
48,VGG-Face,/content/face_module/dataset_extractedfaces/lfw_pairs/Renee Zellweger_14.jpg,/content/face_module/dataset_extractedfaces/lfw_pairs/Venus Williams_9.jpg,lfw_pairs,impersonation_attack,eval,VGG-Face,clean,clean,0.0496263168752193,VGG-Face_clean
48,ArcFace,/content/face_module/dataset_extractedfaces/lfw_pairs/Renee Zellweger_14.jpg,/content/face_module/dataset_extractedfaces/lfw_pairs/Venus Williams_9.jpg,lfw_pairs,impersonation_attack,eval,VGG-Face,BPA_CNN,vanilla,0.1551957130432129,VGG-Face_BPA_CNN_adv
48,Facenet512,/content/face_module/dataset_extractedfaces/lfw_pairs/Renee Zellweger_14.jpg,/content/face_module/dataset_extractedfaces/lfw_pairs/Venus Williams_9.jpg,lfw_pairs,impersonation_attack,eval,VGG-Face,BPA_CNN,vanilla,0.1381030827760696,VGG-Face_BPA_CNN_adv
48,GhostFaceNet,/content/face_module/dataset_extractedfaces/lfw_pairs/Renee Zellweger_14.jpg,/content/face_module/dataset_extractedfaces/lfw_pairs/Venus Williams_9.jpg,lfw_pairs,impersonation_attack,eval,VGG-Face,BPA_CNN,vanilla,0.0724570527672767,VGG-Face_BPA_CNN_adv
57,ArcFace,/content/face_module/dataset_extractedfaces/lfw_pairs/Mike Weir_10.jpg,/content/face_module/dataset_extractedfaces/lfw_pairs/Luis Horna_2.jpg,lfw_pairs,impersonation_attack,eval,VGG-Face,clean,clean,0.1559333056211471,VGG-Face_clean
57,Facenet512,/content/face_module/dataset_extractedfaces/lfw_pairs/Mike Weir_10.jpg,/content/face_module/dataset_extractedfaces/lfw_pairs/Luis Horna_2.jpg,lfw_pairs,impersonation_attack,eval,VGG-Face,clean,clean,0.1559333056211471,VGG-Face_clean
57,GhostFaceNet,/content/face_module/dataset_extractedfaces/lfw_pairs/Mike Weir_10.jpg,/content/face_module/dataset_extractedfaces/lfw_pairs/Luis Horna_2.jpg,lfw_pairs,impersonation_attack,eval,VGG-Face,clean,clean,0.1559333056211471,VGG-Face_clean
57,VGG-Face,/content/face_module/dataset_extractedfaces/lfw_pairs/Mike Weir_10.jpg,/content/face_module/dataset_extractedfaces/lfw_pairs/Luis Horna_2.jpg,lfw_pairs,impersonation_attack,eval,VGG-Face,clean,clean,0.1559333056211471,VGG-Face_clean
57,ArcFace,/content/face_module/dataset_extractedfaces/lfw_pairs/Mike Weir_10.jpg,/content/face_module/dataset_extractedfaces/lfw_pairs/Luis Horna_2.jpg,lfw_pairs,impersonation_attack,eval,VGG-Face,BPA_CNN,vanilla,0.3355496823787689,VGG-Face_BPA_CNN_adv
57,Facenet512,/content/face_module/dataset_extractedfaces/lfw_pairs/Mike Weir_10.jpg,/content/face_module/dataset_extractedfaces/lfw_pairs/Luis Horna_2.jpg,lfw_pairs,impersonation_attack,eval,VGG-Face,BPA_CNN,vanilla,0.3465093672275543,VGG-Face_BPA_CNN_adv
57,GhostFaceNet,/content/face_module/dataset_extractedfaces/lfw_pairs/Mike Weir_10.jpg,/content/face_module/dataset_extractedfaces/lfw_pairs/Luis Horna_2.jpg,lfw_pairs,impersonation_attack,eval,VGG-Face,BPA_CNN,vanilla,0.1666780710220337,VGG-Face_BPA_CNN_adv
60,ArcFace,/content/face_module/dataset_extractedfaces/lfw_pairs/Jason Kidd_9.jpg,/content/face_module/dataset_extractedfaces/lfw_pairs/Luiz Inacio Lula da Silva_22.jpg,lfw_pairs,impersonation_attack,eval,VGG-Face,clean,clean,0.0474242754280567,VGG-Face_clean
60,Facenet512,/content/face_module/dataset_extractedfaces/lfw_pairs/Jason Kidd_9.jpg,/content/face_module/dataset_extractedfaces/lfw_pairs/Luiz Inacio Lula da Silva_22.jpg,lfw_pairs,impersonation_attack,eval,VGG-Face,clean,clean,0.0474242754280567,VGG-Face_clean
60,GhostFaceNet,/content/face_module/dataset_extractedfaces/lfw_pairs/Jason Kidd_9.jpg,/content/face_module/dataset_extractedfaces/lfw_pairs/Luiz Inacio Lula da Silva_22.jpg,lfw_pairs,impersonation_attack,eval,VGG-Face,clean,clean,0.0474242754280567,VGG-Face_clean
60,VGG-Face,/content/face_module/dataset_extractedfaces/lfw_pairs/Jason Kidd_9.jpg,/content/face_module/dataset_extractedfaces/lfw_pairs/Luiz Inacio Lula da Silva_22.jpg,lfw_pairs,impersonation_attack,eval,VGG-Face,clean,clean,0.0474242754280567,VGG-Face_clean
60,ArcFace,/content/face_module/dataset_extractedfaces/lfw_pairs/Jason Kidd_9.jpg,/content/face_module/dataset_extractedfaces/lfw_pairs/Luiz Inacio Lula da Silva_22.jpg,lfw_pairs,impersonation_attack,eval,VGG-Face,BPA_CNN,vanilla,0.171869695186615,VGG-Face_BPA_CNN_adv
60,Facenet512,/content/face_module/dataset_extractedfaces/lfw_pairs/Jason Kidd_9.jpg,/content/face_module/dataset_extractedfaces/lfw_pairs/Luiz Inacio Lula da Silva_22.jpg,lfw_pairs,impersonation_attack,eval,VGG-Face,BPA_CNN,vanilla,0.3242807686328888,VGG-Face_BPA_CNN_adv
60,GhostFaceNet,/content/face_module/dataset_extractedfaces/lfw_pairs/Jason Kidd_9.jpg,/content/face_module/dataset_extractedfaces/lfw_pairs/Luiz Inacio Lula da Silva_22.jpg,lfw_pairs,impersonation_attack,eval,VGG-Face,BPA_CNN,vanilla,0.0986872762441635,VGG-Face_BPA_CNN_adv
2,ArcFace,/content/face_module/dataset_extractedfaces/celeba_pairs/107859.jpg,/content/face_module/dataset_extractedfaces/celeba_pairs/031892.jpg,celeba_pairs,impersonation_attack,eval,VGG-Face,clean,clean,0.0735538303852081,VGG-Face_clean
2,Facenet512,/content/face_module/dataset_extractedfaces/celeba_pairs/107859.jpg,/content/face_module/dataset_extractedfaces/celeba_pairs/031892.jpg,celeba_pairs,impersonation_attack,eval,VGG-Face,clean,clean,0.0735538303852081,VGG-Face_clean
2,GhostFaceNet,/content/face_module/dataset_extractedfaces/celeba_pairs/107859.jpg,/content/face_module/dataset_extractedfaces/celeba_pairs/031892.jpg,celeba_pairs,impersonation_attack,eval,VGG-Face,clean,clean,0.0735538303852081,VGG-Face_clean
2,VGG-Face,/content/face_module/dataset_extractedfaces/celeba_pairs/107859.jpg,/content/face_module/dataset_extractedfaces/celeba_pairs/031892.jpg,celeba_pairs,impersonation_attack,eval,VGG-Face,clean,clean,0.0735538303852081,VGG-Face_clean
2,ArcFace,/content/face_module/dataset_extractedfaces/celeba_pairs/107859.jpg,/content/face_module/dataset_extractedfaces/celeba_pairs/031892.jpg,celeba_pairs,impersonation_attack,eval,VGG-Face,BPA_CNN,vanilla,0.2268466800451278,VGG-Face_BPA_CNN_adv
2,Facenet512,/content/face_module/dataset_extractedfaces/celeba_pairs/107859.jpg,/content/face_module/dataset_extractedfaces/celeba_pairs/031892.jpg,celeba_pairs,impersonation_attack,eval,VGG-Face,BPA_CNN,vanilla,0.2037858664989471,VGG-Face_BPA_CNN_adv
2,GhostFaceNet,/content/face_module/dataset_extractedfaces/celeba_pairs/107859.jpg,/content/face_module/dataset_extractedfaces/celeba_pairs/031892.jpg,celeba_pairs,impersonation_attack,eval,VGG-Face,BPA_CNN,vanilla,0.1193805113434791,VGG-Face_BPA_CNN_adv
8,ArcFace,/content/face_module/dataset_extractedfaces/celeba_pairs/023666.jpg,/content/face_module/dataset_extractedfaces/celeba_pairs/010959.jpg,celeba_pairs,impersonation_attack,eval,VGG-Face,clean,clean,0.0741819739341735,VGG-Face_clean
8,Facenet512,/content/face_module/dataset_extractedfaces/celeba_pairs/023666.jpg,/content/face_module/dataset_extractedfaces/celeba_pairs/010959.jpg,celeba_pairs,impersonation_attack,eval,VGG-Face,clean,clean,0.0741819739341735,VGG-Face_clean
8,GhostFaceNet,/content/face_module/dataset_extractedfaces/celeba_pairs/023666.jpg,/content/face_module/dataset_extractedfaces/celeba_pairs/010959.jpg,celeba_pairs,impersonation_attack,eval,VGG-Face,clean,clean,0.0741819739341735,VGG-Face_clean
8,VGG-Face,/content/face_module/dataset_extractedfaces/celeba_pairs/023666.jpg,/content/face_module/dataset_extractedfaces/celeba_pairs/010959.jpg,celeba_pairs,impersonation_attack,eval,VGG-Face,clean,clean,0.0741819739341735,VGG-Face_clean
8,ArcFace,/content/face_module/dataset_extractedfaces/celeba_pairs/023666.jpg,/content/face_module/dataset_extractedfaces/celeba_pairs/010959.jpg,celeba_pairs,impersonation_attack,eval,VGG-Face,BPA_CNN,vanilla,0.1937276273965835,VGG-Face_BPA_CNN_adv
8,Facenet512,/content/face_module/dataset_extractedfaces/celeba_pairs/023666.jpg,/content/face_module/dataset_extractedfaces/celeba_pairs/010959.jpg,celeba_pairs,impersonation_attack,eval,VGG-Face,BPA_CNN,vanilla,0.2090415507555008,VGG-Face_BPA_CNN_adv
8,GhostFaceNet,/content/face_module/dataset_extractedfaces/celeba_pairs/023666.jpg,/content/face_module/dataset_extractedfaces/celeba_pairs/010959.jpg,celeba_pairs,impersonation_attack,eval,VGG-Face,BPA_CNN,vanilla,0.1314262747764587,VGG-Face_BPA_CNN_adv
12,ArcFace,/content/face_module/dataset_extractedfaces/celeba_pairs/003089.jpg,/content/face_module/dataset_extractedfaces/celeba_pairs/016966.jpg,celeba_pairs,impersonation_attack,eval,VGG-Face,clean,clean,0.0685249716043472,VGG-Face_clean
12,Facenet512,/content/face_module/dataset_extractedfaces/celeba_pairs/003089.jpg,/content/face_module/dataset_extractedfaces/celeba_pairs/016966.jpg,celeba_pairs,impersonation_attack,eval,VGG-Face,clean,clean,0.0685249716043472,VGG-Face_clean
12,GhostFaceNet,/content/face_module/dataset_extractedfaces/celeba_pairs/003089.jpg,/content/face_module/dataset_extractedfaces/celeba_pairs/016966.jpg,celeba_pairs,impersonation_attack,eval,VGG-Face,clean,clean,0.0685249716043472,VGG-Face_clean
12,VGG-Face,/content/face_module/dataset_extractedfaces/celeba_pairs/003089.jpg,/content/face_module/dataset_extractedfaces/celeba_pairs/016966.jpg,celeba_pairs,impersonation_attack,eval,VGG-Face,clean,clean,0.0685249716043472,VGG-Face_clean
12,ArcFace,/content/face_module/dataset_extractedfaces/celeba_pairs/003089.jpg,/content/face_module/dataset_extractedfaces/celeba_pairs/016966.jpg,celeba_pairs,impersonation_attack,eval,VGG-Face,BPA_CNN,vanilla,0.1181053519248962,VGG-Face_BPA_CNN_adv
12,Facenet512,/content/face_module/dataset_extractedfaces/celeba_pairs/003089.jpg,/content/face_module/dataset_extractedfaces/celeba_pairs/016966.jpg,celeba_pairs,impersonation_attack,eval,VGG-Face,BPA_CNN,vanilla,0.1571143865585327,VGG-Face_BPA_CNN_adv
12,GhostFaceNet,/content/face_module/dataset_extractedfaces/celeba_pairs/003089.jpg,/content/face_module/dataset_extractedfaces/celeba_pairs/016966.jpg,celeba_pairs,impersonation_attack,eval,VGG-Face,BPA_CNN,vanilla,0.0741623491048812,VGG-Face_BPA_CNN_adv
26,ArcFace,/content/face_module/dataset_extractedfaces/celeba_pairs/113117.jpg,/content/face_module/dataset_extractedfaces/celeba_pairs/129449.jpg,celeba_pairs,impersonation_attack,eval,VGG-Face,clean,clean,0.0275700259953737,VGG-Face_clean
26,Facenet512,/content/face_module/dataset_extractedfaces/celeba_pairs/113117.jpg,/content/face_module/dataset_extractedfaces/celeba_pairs/129449.jpg,celeba_pairs,impersonation_attack,eval,VGG-Face,clean,clean,0.0275700259953737,VGG-Face_clean
26,GhostFaceNet,/content/face_module/dataset_extractedfaces/celeba_pairs/113117.jpg,/content/face_module/dataset_extractedfaces/celeba_pairs/129449.jpg,celeba_pairs,impersonation_attack,eval,VGG-Face,clean,clean,0.0275700259953737,VGG-Face_clean
26,VGG-Face,/content/face_module/dataset_extractedfaces/celeba_pairs/113117.jpg,/content/face_module/dataset_extractedfaces/celeba_pairs/129449.jpg,celeba_pairs,impersonation_attack,eval,VGG-Face,clean,clean,0.0275700259953737,VGG-Face_clean
26,ArcFace,/content/face_module/dataset_extractedfaces/celeba_pairs/113117.jpg,/content/face_module/dataset_extractedfaces/celeba_pairs/129449.jpg,celeba_pairs,impersonation_attack,eval,VGG-Face,BPA_CNN,vanilla,0.058935210108757,VGG-Face_BPA_CNN_adv
26,Facenet512,/content/face_module/dataset_extractedfaces/celeba_pairs/113117.jpg,/content/face_module/dataset_extractedfaces/celeba_pairs/129449.jpg,celeba_pairs,impersonation_attack,eval,VGG-Face,BPA_CNN,vanilla,0.0505823828279972,VGG-Face_BPA_CNN_adv
26,GhostFaceNet,/content/face_module/dataset_extractedfaces/celeba_pairs/113117.jpg,/content/face_module/dataset_extractedfaces/celeba_pairs/129449.jpg,celeba_pairs,impersonation_attack,eval,VGG-Face,BPA_CNN,vanilla,0.024616939947009,VGG-Face_BPA_CNN_adv
34,ArcFace,/content/face_module/dataset_extractedfaces/celeba_pairs/001430.jpg,/content/face_module/dataset_extractedfaces/celeba_pairs/046649.jpg,celeba_pairs,impersonation_attack,eval,VGG-Face,clean,clean,0.1489526182413101,VGG-Face_clean
34,Facenet512,/content/face_module/dataset_extractedfaces/celeba_pairs/001430.jpg,/content/face_module/dataset_extractedfaces/celeba_pairs/046649.jpg,celeba_pairs,impersonation_attack,eval,VGG-Face,clean,clean,0.1489526182413101,VGG-Face_clean
34,GhostFaceNet,/content/face_module/dataset_extractedfaces/celeba_pairs/001430.jpg,/content/face_module/dataset_extractedfaces/celeba_pairs/046649.jpg,celeba_pairs,impersonation_attack,eval,VGG-Face,clean,clean,0.1489526182413101,VGG-Face_clean
34,VGG-Face,/content/face_module/dataset_extractedfaces/celeba_pairs/001430.jpg,/content/face_module/dataset_extractedfaces/celeba_pairs/046649.jpg,celeba_pairs,impersonation_attack,eval,VGG-Face,clean,clean,0.1489526182413101,VGG-Face_clean
34,ArcFace,/content/face_module/dataset_extractedfaces/celeba_pairs/001430.jpg,/content/face_module/dataset_extractedfaces/celeba_pairs/046649.jpg,celeba_pairs,impersonation_attack,eval,VGG-Face,BPA_CNN,vanilla,0.1888182908296585,VGG-Face_BPA_CNN_adv
34,Facenet512,/content/face_module/dataset_extractedfaces/celeba_pairs/001430.jpg,/content/face_module/dataset_extractedfaces/celeba_pairs/046649.jpg,celeba_pairs,impersonation_attack,eval,VGG-Face,BPA_CNN,vanilla,0.2908321022987366,VGG-Face_BPA_CNN_adv
34,GhostFaceNet,/content/face_module/dataset_extractedfaces/celeba_pairs/001430.jpg,/content/face_module/dataset_extractedfaces/celeba_pairs/046649.jpg,celeba_pairs,impersonation_attack,eval,VGG-Face,BPA_CNN,vanilla,0.1440439671278,VGG-Face_BPA_CNN_adv
3,ArcFace,/content/face_module/dataset_extractedfaces/vggface2_pairs/n000007_0076_01.jpg,/content/face_module/dataset_extractedfaces/vggface2_pairs/n000005_0080_01.jpg,vggface2_pairs,impersonation_attack,eval,VGG-Face,clean,clean,0.0580454394221305,VGG-Face_clean
3,Facenet512,/content/face_module/dataset_extractedfaces/vggface2_pairs/n000007_0076_01.jpg,/content/face_module/dataset_extractedfaces/vggface2_pairs/n000005_0080_01.jpg,vggface2_pairs,impersonation_attack,eval,VGG-Face,clean,clean,0.0580454394221305,VGG-Face_clean
3,GhostFaceNet,/content/face_module/dataset_extractedfaces/vggface2_pairs/n000007_0076_01.jpg,/content/face_module/dataset_extractedfaces/vggface2_pairs/n000005_0080_01.jpg,vggface2_pairs,impersonation_attack,eval,VGG-Face,clean,clean,0.0580454394221305,VGG-Face_clean
3,VGG-Face,/content/face_module/dataset_extractedfaces/vggface2_pairs/n000007_0076_01.jpg,/content/face_module/dataset_extractedfaces/vggface2_pairs/n000005_0080_01.jpg,vggface2_pairs,impersonation_attack,eval,VGG-Face,clean,clean,0.0580454394221305,VGG-Face_clean
3,ArcFace,/content/face_module/dataset_extractedfaces/vggface2_pairs/n000007_0076_01.jpg,/content/face_module/dataset_extractedfaces/vggface2_pairs/n000005_0080_01.jpg,vggface2_pairs,impersonation_attack,eval,VGG-Face,BPA_CNN,vanilla,0.1431942135095596,VGG-Face_BPA_CNN_adv
3,Facenet512,/content/face_module/dataset_extractedfaces/vggface2_pairs/n000007_0076_01.jpg,/content/face_module/dataset_extractedfaces/vggface2_pairs/n000005_0080_01.jpg,vggface2_pairs,impersonation_attack,eval,VGG-Face,BPA_CNN,vanilla,0.1248049810528755,VGG-Face_BPA_CNN_adv
3,GhostFaceNet,/content/face_module/dataset_extractedfaces/vggface2_pairs/n000007_0076_01.jpg,/content/face_module/dataset_extractedfaces/vggface2_pairs/n000005_0080_01.jpg,vggface2_pairs,impersonation_attack,eval,VGG-Face,BPA_CNN,vanilla,0.1078974157571792,VGG-Face_BPA_CNN_adv
5,ArcFace,/content/face_module/dataset_extractedfaces/vggface2_pairs/n000004_0204_01.jpg,/content/face_module/dataset_extractedfaces/vggface2_pairs/n000002_0070_01.jpg,vggface2_pairs,impersonation_attack,eval,VGG-Face,clean,clean,0.0456396415829658,VGG-Face_clean
5,Facenet512,/content/face_module/dataset_extractedfaces/vggface2_pairs/n000004_0204_01.jpg,/content/face_module/dataset_extractedfaces/vggface2_pairs/n000002_0070_01.jpg,vggface2_pairs,impersonation_attack,eval,VGG-Face,clean,clean,0.0456396415829658,VGG-Face_clean
5,GhostFaceNet,/content/face_module/dataset_extractedfaces/vggface2_pairs/n000004_0204_01.jpg,/content/face_module/dataset_extractedfaces/vggface2_pairs/n000002_0070_01.jpg,vggface2_pairs,impersonation_attack,eval,VGG-Face,clean,clean,0.0456396415829658,VGG-Face_clean
5,VGG-Face,/content/face_module/dataset_extractedfaces/vggface2_pairs/n000004_0204_01.jpg,/content/face_module/dataset_extractedfaces/vggface2_pairs/n000002_0070_01.jpg,vggface2_pairs,impersonation_attack,eval,VGG-Face,clean,clean,0.0456396415829658,VGG-Face_clean
5,ArcFace,/content/face_module/dataset_extractedfaces/vggface2_pairs/n000004_0204_01.jpg,/content/face_module/dataset_extractedfaces/vggface2_pairs/n000002_0070_01.jpg,vggface2_pairs,impersonation_attack,eval,VGG-Face,BPA_CNN,vanilla,0.0823899060487747,VGG-Face_BPA_CNN_adv
5,Facenet512,/content/face_module/dataset_extractedfaces/vggface2_pairs/n000004_0204_01.jpg,/content/face_module/dataset_extractedfaces/vggface2_pairs/n000002_0070_01.jpg,vggface2_pairs,impersonation_attack,eval,VGG-Face,BPA_CNN,vanilla,0.1162287071347236,VGG-Face_BPA_CNN_adv
5,GhostFaceNet,/content/face_module/dataset_extractedfaces/vggface2_pairs/n000004_0204_01.jpg,/content/face_module/dataset_extractedfaces/vggface2_pairs/n000002_0070_01.jpg,vggface2_pairs,impersonation_attack,eval,VGG-Face,BPA_CNN,vanilla,0.09387818723917,VGG-Face_BPA_CNN_adv
17,ArcFace,/content/face_module/dataset_extractedfaces/vggface2_pairs/n000016_0036_01.jpg,/content/face_module/dataset_extractedfaces/vggface2_pairs/n000012_0087_01.jpg,vggface2_pairs,impersonation_attack,eval,VGG-Face,clean,clean,0.121972382068634,VGG-Face_clean
17,Facenet512,/content/face_module/dataset_extractedfaces/vggface2_pairs/n000016_0036_01.jpg,/content/face_module/dataset_extractedfaces/vggface2_pairs/n000012_0087_01.jpg,vggface2_pairs,impersonation_attack,eval,VGG-Face,clean,clean,0.121972382068634,VGG-Face_clean
17,GhostFaceNet,/content/face_module/dataset_extractedfaces/vggface2_pairs/n000016_0036_01.jpg,/content/face_module/dataset_extractedfaces/vggface2_pairs/n000012_0087_01.jpg,vggface2_pairs,impersonation_attack,eval,VGG-Face,clean,clean,0.121972382068634,VGG-Face_clean
17,VGG-Face,/content/face_module/dataset_extractedfaces/vggface2_pairs/n000016_0036_01.jpg,/content/face_module/dataset_extractedfaces/vggface2_pairs/n000012_0087_01.jpg,vggface2_pairs,impersonation_attack,eval,VGG-Face,clean,clean,0.121972382068634,VGG-Face_clean
17,ArcFace,/content/face_module/dataset_extractedfaces/vggface2_pairs/n000016_0036_01.jpg,/content/face_module/dataset_extractedfaces/vggface2_pairs/n000012_0087_01.jpg,vggface2_pairs,impersonation_attack,eval,VGG-Face,BPA_CNN,vanilla,0.3145174086093902,VGG-Face_BPA_CNN_adv
17,Facenet512,/content/face_module/dataset_extractedfaces/vggface2_pairs/n000016_0036_01.jpg,/content/face_module/dataset_extractedfaces/vggface2_pairs/n000012_0087_01.jpg,vggface2_pairs,impersonation_attack,eval,VGG-Face,BPA_CNN,vanilla,0.3052900731563568,VGG-Face_BPA_CNN_adv
17,GhostFaceNet,/content/face_module/dataset_extractedfaces/vggface2_pairs/n000016_0036_01.jpg,/content/face_module/dataset_extractedfaces/vggface2_pairs/n000012_0087_01.jpg,vggface2_pairs,impersonation_attack,eval,VGG-Face,BPA_CNN,vanilla,0.1581173092126846,VGG-Face_BPA_CNN_adv
19,ArcFace,/content/face_module/dataset_extractedfaces/vggface2_pairs/n000007_0012_01.jpg,/content/face_module/dataset_extractedfaces/vggface2_pairs/n000008_0101_01.jpg,vggface2_pairs,impersonation_attack,eval,VGG-Face,clean,clean,0.0560860224068164,VGG-Face_clean
19,Facenet512,/content/face_module/dataset_extractedfaces/vggface2_pairs/n000007_0012_01.jpg,/content/face_module/dataset_extractedfaces/vggface2_pairs/n000008_0101_01.jpg,vggface2_pairs,impersonation_attack,eval,VGG-Face,clean,clean,0.0560860224068164,VGG-Face_clean
19,GhostFaceNet,/content/face_module/dataset_extractedfaces/vggface2_pairs/n000007_0012_01.jpg,/content/face_module/dataset_extractedfaces/vggface2_pairs/n000008_0101_01.jpg,vggface2_pairs,impersonation_attack,eval,VGG-Face,clean,clean,0.0560860224068164,VGG-Face_clean
19,VGG-Face,/content/face_module/dataset_extractedfaces/vggface2_pairs/n000007_0012_01.jpg,/content/face_module/dataset_extractedfaces/vggface2_pairs/n000008_0101_01.jpg,vggface2_pairs,impersonation_attack,eval,VGG-Face,clean,clean,0.0560860224068164,VGG-Face_clean
19,ArcFace,/content/face_module/dataset_extractedfaces/vggface2_pairs/n000007_0012_01.jpg,/content/face_module/dataset_extractedfaces/vggface2_pairs/n000008_0101_01.jpg,vggface2_pairs,impersonation_attack,eval,VGG-Face,BPA_CNN,vanilla,0.158482626080513,VGG-Face_BPA_CNN_adv
19,Facenet512,/content/face_module/dataset_extractedfaces/vggface2_pairs/n000007_0012_01.jpg,/content/face_module/dataset_extractedfaces/vggface2_pairs/n000008_0101_01.jpg,vggface2_pairs,impersonation_attack,eval,VGG-Face,BPA_CNN,vanilla,0.1572414487600326,VGG-Face_BPA_CNN_adv
19,GhostFaceNet,/content/face_module/dataset_extractedfaces/vggface2_pairs/n000007_0012_01.jpg,/content/face_module/dataset_extractedfaces/vggface2_pairs/n000008_0101_01.jpg,vggface2_pairs,impersonation_attack,eval,VGG-Face,BPA_CNN,vanilla,0.0825646892189979,VGG-Face_BPA_CNN_adv
21,ArcFace,/content/face_module/dataset_extractedfaces/vggface2_pairs/n000012_0183_01.jpg,/content/face_module/dataset_extractedfaces/vggface2_pairs/n000014_0113_01.jpg,vggface2_pairs,impersonation_attack,eval,VGG-Face,clean,clean,0.0646719560027122,VGG-Face_clean
21,Facenet512,/content/face_module/dataset_extractedfaces/vggface2_pairs/n000012_0183_01.jpg,/content/face_module/dataset_extractedfaces/vggface2_pairs/n000014_0113_01.jpg,vggface2_pairs,impersonation_attack,eval,VGG-Face,clean,clean,0.0646719560027122,VGG-Face_clean
21,GhostFaceNet,/content/face_module/dataset_extractedfaces/vggface2_pairs/n000012_0183_01.jpg,/content/face_module/dataset_extractedfaces/vggface2_pairs/n000014_0113_01.jpg,vggface2_pairs,impersonation_attack,eval,VGG-Face,clean,clean,0.0646719560027122,VGG-Face_clean
21,VGG-Face,/content/face_module/dataset_extractedfaces/vggface2_pairs/n000012_0183_01.jpg,/content/face_module/dataset_extractedfaces/vggface2_pairs/n000014_0113_01.jpg,vggface2_pairs,impersonation_attack,eval,VGG-Face,clean,clean,0.0646719560027122,VGG-Face_clean
21,ArcFace,/content/face_module/dataset_extractedfaces/vggface2_pairs/n000012_0183_01.jpg,/content/face_module/dataset_extractedfaces/vggface2_pairs/n000014_0113_01.jpg,vggface2_pairs,impersonation_attack,eval,VGG-Face,BPA_CNN,vanilla,0.1517834961414337,VGG-Face_BPA_CNN_adv
21,Facenet512,/content/face_module/dataset_extractedfaces/vggface2_pairs/n000012_0183_01.jpg,/content/face_module/dataset_extractedfaces/vggface2_pairs/n000014_0113_01.jpg,vggface2_pairs,impersonation_attack,eval,VGG-Face,BPA_CNN,vanilla,0.1321704238653183,VGG-Face_BPA_CNN_adv
21,GhostFaceNet,/content/face_module/dataset_extractedfaces/vggface2_pairs/n000012_0183_01.jpg,/content/face_module/dataset_extractedfaces/vggface2_pairs/n000014_0113_01.jpg,vggface2_pairs,impersonation_attack,eval,VGG-Face,BPA_CNN,vanilla,0.0888035371899604,VGG-Face_BPA_CNN_adv
6,ArcFace,/content/face_module/dataset_extractedfaces/lfw_pairs/Luiz Inacio Lula da Silva_7.jpg,/content/face_module/dataset_extractedfaces/lfw_pairs/Luiz Inacio Lula da Silva_8.jpg,lfw_pairs,dodging_attack,eval,VGG-Face,clean,clean,0.5950593948364258,VGG-Face_clean
6,Facenet512,/content/face_module/dataset_extractedfaces/lfw_pairs/Luiz Inacio Lula da Silva_7.jpg,/content/face_module/dataset_extractedfaces/lfw_pairs/Luiz Inacio Lula da Silva_8.jpg,lfw_pairs,dodging_attack,eval,VGG-Face,clean,clean,0.5950593948364258,VGG-Face_clean
6,GhostFaceNet,/content/face_module/dataset_extractedfaces/lfw_pairs/Luiz Inacio Lula da Silva_7.jpg,/content/face_module/dataset_extractedfaces/lfw_pairs/Luiz Inacio Lula da Silva_8.jpg,lfw_pairs,dodging_attack,eval,VGG-Face,clean,clean,0.5950593948364258,VGG-Face_clean
6,VGG-Face,/content/face_module/dataset_extractedfaces/lfw_pairs/Luiz Inacio Lula da Silva_7.jpg,/content/face_module/dataset_extractedfaces/lfw_pairs/Luiz Inacio Lula da Silva_8.jpg,lfw_pairs,dodging_attack,eval,VGG-Face,clean,clean,0.5950593948364258,VGG-Face_clean
6,ArcFace,/content/face_module/dataset_extractedfaces/lfw_pairs/Luiz Inacio Lula da Silva_7.jpg,/content/face_module/dataset_extractedfaces/lfw_pairs/Luiz Inacio Lula da Silva_8.jpg,lfw_pairs,dodging_attack,eval,VGG-Face,BPA_CNN,vanilla,0.3228074312210083,VGG-Face_BPA_CNN_adv
6,Facenet512,/content/face_module/dataset_extractedfaces/lfw_pairs/Luiz Inacio Lula da Silva_7.jpg,/content/face_module/dataset_extractedfaces/lfw_pairs/Luiz Inacio Lula da Silva_8.jpg,lfw_pairs,dodging_attack,eval,VGG-Face,BPA_CNN,vanilla,0.2922118604183197,VGG-Face_BPA_CNN_adv
6,GhostFaceNet,/content/face_module/dataset_extractedfaces/lfw_pairs/Luiz Inacio Lula da Silva_7.jpg,/content/face_module/dataset_extractedfaces/lfw_pairs/Luiz Inacio Lula da Silva_8.jpg,lfw_pairs,dodging_attack,eval,VGG-Face,BPA_CNN,vanilla,0.5186334252357483,VGG-Face_BPA_CNN_adv
9,ArcFace,/content/face_module/dataset_extractedfaces/lfw_pairs/Colin Powell_75.jpg,/content/face_module/dataset_extractedfaces/lfw_pairs/Colin Powell_76.jpg,lfw_pairs,dodging_attack,eval,VGG-Face,clean,clean,0.5179382562637329,VGG-Face_clean
9,Facenet512,/content/face_module/dataset_extractedfaces/lfw_pairs/Colin Powell_75.jpg,/content/face_module/dataset_extractedfaces/lfw_pairs/Colin Powell_76.jpg,lfw_pairs,dodging_attack,eval,VGG-Face,clean,clean,0.5179382562637329,VGG-Face_clean
9,GhostFaceNet,/content/face_module/dataset_extractedfaces/lfw_pairs/Colin Powell_75.jpg,/content/face_module/dataset_extractedfaces/lfw_pairs/Colin Powell_76.jpg,lfw_pairs,dodging_attack,eval,VGG-Face,clean,clean,0.5179382562637329,VGG-Face_clean
9,VGG-Face,/content/face_module/dataset_extractedfaces/lfw_pairs/Colin Powell_75.jpg,/content/face_module/dataset_extractedfaces/lfw_pairs/Colin Powell_76.jpg,lfw_pairs,dodging_attack,eval,VGG-Face,clean,clean,0.5179382562637329,VGG-Face_clean
9,ArcFace,/content/face_module/dataset_extractedfaces/lfw_pairs/Colin Powell_75.jpg,/content/face_module/dataset_extractedfaces/lfw_pairs/Colin Powell_76.jpg,lfw_pairs,dodging_attack,eval,VGG-Face,BPA_CNN,vanilla,0.3869986236095428,VGG-Face_BPA_CNN_adv
9,Facenet512,/content/face_module/dataset_extractedfaces/lfw_pairs/Colin Powell_75.jpg,/content/face_module/dataset_extractedfaces/lfw_pairs/Colin Powell_76.jpg,lfw_pairs,dodging_attack,eval,VGG-Face,BPA_CNN,vanilla,0.3029788434505462,VGG-Face_BPA_CNN_adv
9,GhostFaceNet,/content/face_module/dataset_extractedfaces/lfw_pairs/Colin Powell_75.jpg,/content/face_module/dataset_extractedfaces/lfw_pairs/Colin Powell_76.jpg,lfw_pairs,dodging_attack,eval,VGG-Face,BPA_CNN,vanilla,0.480010837316513,VGG-Face_BPA_CNN_adv
15,ArcFace,/content/face_module/dataset_extractedfaces/lfw_pairs/George W Bush_518.jpg,/content/face_module/dataset_extractedfaces/lfw_pairs/George W Bush_519.jpg,lfw_pairs,dodging_attack,eval,VGG-Face,clean,clean,0.5296947956085205,VGG-Face_clean
15,Facenet512,/content/face_module/dataset_extractedfaces/lfw_pairs/George W Bush_518.jpg,/content/face_module/dataset_extractedfaces/lfw_pairs/George W Bush_519.jpg,lfw_pairs,dodging_attack,eval,VGG-Face,clean,clean,0.5296947956085205,VGG-Face_clean
15,GhostFaceNet,/content/face_module/dataset_extractedfaces/lfw_pairs/George W Bush_518.jpg,/content/face_module/dataset_extractedfaces/lfw_pairs/George W Bush_519.jpg,lfw_pairs,dodging_attack,eval,VGG-Face,clean,clean,0.5296947956085205,VGG-Face_clean
15,VGG-Face,/content/face_module/dataset_extractedfaces/lfw_pairs/George W Bush_518.jpg,/content/face_module/dataset_extractedfaces/lfw_pairs/George W Bush_519.jpg,lfw_pairs,dodging_attack,eval,VGG-Face,clean,clean,0.5296947956085205,VGG-Face_clean
15,ArcFace,/content/face_module/dataset_extractedfaces/lfw_pairs/George W Bush_518.jpg,/content/face_module/dataset_extractedfaces/lfw_pairs/George W Bush_519.jpg,lfw_pairs,dodging_attack,eval,VGG-Face,BPA_CNN,vanilla,0.186608001589775,VGG-Face_BPA_CNN_adv
15,Facenet512,/content/face_module/dataset_extractedfaces/lfw_pairs/George W Bush_518.jpg,/content/face_module/dataset_extractedfaces/lfw_pairs/George W Bush_519.jpg,lfw_pairs,dodging_attack,eval,VGG-Face,BPA_CNN,vanilla,0.0994020774960517,VGG-Face_BPA_CNN_adv
15,GhostFaceNet,/content/face_module/dataset_extractedfaces/lfw_pairs/George W Bush_518.jpg,/content/face_module/dataset_extractedfaces/lfw_pairs/George W Bush_519.jpg,lfw_pairs,dodging_attack,eval,VGG-Face,BPA_CNN,vanilla,0.4050036966800689,VGG-Face_BPA_CNN_adv
16,ArcFace,/content/face_module/dataset_extractedfaces/lfw_pairs/Colin Powell_24.jpg,/content/face_module/dataset_extractedfaces/lfw_pairs/Colin Powell_25.jpg,lfw_pairs,dodging_attack,eval,VGG-Face,clean,clean,0.4387425482273102,VGG-Face_clean
16,Facenet512,/content/face_module/dataset_extractedfaces/lfw_pairs/Colin Powell_24.jpg,/content/face_module/dataset_extractedfaces/lfw_pairs/Colin Powell_25.jpg,lfw_pairs,dodging_attack,eval,VGG-Face,clean,clean,0.4387425482273102,VGG-Face_clean
16,GhostFaceNet,/content/face_module/dataset_extractedfaces/lfw_pairs/Colin Powell_24.jpg,/content/face_module/dataset_extractedfaces/lfw_pairs/Colin Powell_25.jpg,lfw_pairs,dodging_attack,eval,VGG-Face,clean,clean,0.4387425482273102,VGG-Face_clean
16,VGG-Face,/content/face_module/dataset_extractedfaces/lfw_pairs/Colin Powell_24.jpg,/content/face_module/dataset_extractedfaces/lfw_pairs/Colin Powell_25.jpg,lfw_pairs,dodging_attack,eval,VGG-Face,clean,clean,0.4387425482273102,VGG-Face_clean
16,ArcFace,/content/face_module/dataset_extractedfaces/lfw_pairs/Colin Powell_24.jpg,/content/face_module/dataset_extractedfaces/lfw_pairs/Colin Powell_25.jpg,lfw_pairs,dodging_attack,eval,VGG-Face,BPA_CNN,vanilla,0.3059609830379486,VGG-Face_BPA_CNN_adv
16,Facenet512,/content/face_module/dataset_extractedfaces/lfw_pairs/Colin Powell_24.jpg,/content/face_module/dataset_extractedfaces/lfw_pairs/Colin Powell_25.jpg,lfw_pairs,dodging_attack,eval,VGG-Face,BPA_CNN,vanilla,0.275168776512146,VGG-Face_BPA_CNN_adv
16,GhostFaceNet,/content/face_module/dataset_extractedfaces/lfw_pairs/Colin Powell_24.jpg,/content/face_module/dataset_extractedfaces/lfw_pairs/Colin Powell_25.jpg,lfw_pairs,dodging_attack,eval,VGG-Face,BPA_CNN,vanilla,0.4405272603034973,VGG-Face_BPA_CNN_adv
23,ArcFace,/content/face_module/dataset_extractedfaces/lfw_pairs/Tom Daschle_5.jpg,/content/face_module/dataset_extractedfaces/lfw_pairs/Tom Daschle_6.jpg,lfw_pairs,dodging_attack,eval,VGG-Face,clean,clean,0.5580031275749207,VGG-Face_clean
23,Facenet512,/content/face_module/dataset_extractedfaces/lfw_pairs/Tom Daschle_5.jpg,/content/face_module/dataset_extractedfaces/lfw_pairs/Tom Daschle_6.jpg,lfw_pairs,dodging_attack,eval,VGG-Face,clean,clean,0.5580031275749207,VGG-Face_clean
23,GhostFaceNet,/content/face_module/dataset_extractedfaces/lfw_pairs/Tom Daschle_5.jpg,/content/face_module/dataset_extractedfaces/lfw_pairs/Tom Daschle_6.jpg,lfw_pairs,dodging_attack,eval,VGG-Face,clean,clean,0.5580031275749207,VGG-Face_clean
23,VGG-Face,/content/face_module/dataset_extractedfaces/lfw_pairs/Tom Daschle_5.jpg,/content/face_module/dataset_extractedfaces/lfw_pairs/Tom Daschle_6.jpg,lfw_pairs,dodging_attack,eval,VGG-Face,clean,clean,0.5580031275749207,VGG-Face_clean
23,ArcFace,/content/face_module/dataset_extractedfaces/lfw_pairs/Tom Daschle_5.jpg,/content/face_module/dataset_extractedfaces/lfw_pairs/Tom Daschle_6.jpg,lfw_pairs,dodging_attack,eval,VGG-Face,BPA_CNN,vanilla,0.4071781039237976,VGG-Face_BPA_CNN_adv
23,Facenet512,/content/face_module/dataset_extractedfaces/lfw_pairs/Tom Daschle_5.jpg,/content/face_module/dataset_extractedfaces/lfw_pairs/Tom Daschle_6.jpg,lfw_pairs,dodging_attack,eval,VGG-Face,BPA_CNN,vanilla,0.2592164874076843,VGG-Face_BPA_CNN_adv
23,GhostFaceNet,/content/face_module/dataset_extractedfaces/lfw_pairs/Tom Daschle_5.jpg,/content/face_module/dataset_extractedfaces/lfw_pairs/Tom Daschle_6.jpg,lfw_pairs,dodging_attack,eval,VGG-Face,BPA_CNN,vanilla,0.4568240642547607,VGG-Face_BPA_CNN_adv
18,ArcFace,/content/face_module/dataset_extractedfaces/celeba_pairs/092809.jpg,/content/face_module/dataset_extractedfaces/celeba_pairs/108708.jpg,celeba_pairs,dodging_attack,eval,VGG-Face,clean,clean,0.5854153633117676,VGG-Face_clean
18,Facenet512,/content/face_module/dataset_extractedfaces/celeba_pairs/092809.jpg,/content/face_module/dataset_extractedfaces/celeba_pairs/108708.jpg,celeba_pairs,dodging_attack,eval,VGG-Face,clean,clean,0.5854153633117676,VGG-Face_clean
18,GhostFaceNet,/content/face_module/dataset_extractedfaces/celeba_pairs/092809.jpg,/content/face_module/dataset_extractedfaces/celeba_pairs/108708.jpg,celeba_pairs,dodging_attack,eval,VGG-Face,clean,clean,0.5854153633117676,VGG-Face_clean
18,VGG-Face,/content/face_module/dataset_extractedfaces/celeba_pairs/092809.jpg,/content/face_module/dataset_extractedfaces/celeba_pairs/108708.jpg,celeba_pairs,dodging_attack,eval,VGG-Face,clean,clean,0.5854153633117676,VGG-Face_clean
18,ArcFace,/content/face_module/dataset_extractedfaces/celeba_pairs/092809.jpg,/content/face_module/dataset_extractedfaces/celeba_pairs/108708.jpg,celeba_pairs,dodging_attack,eval,VGG-Face,BPA_CNN,vanilla,0.2857700288295746,VGG-Face_BPA_CNN_adv
18,Facenet512,/content/face_module/dataset_extractedfaces/celeba_pairs/092809.jpg,/content/face_module/dataset_extractedfaces/celeba_pairs/108708.jpg,celeba_pairs,dodging_attack,eval,VGG-Face,BPA_CNN,vanilla,0.1870415806770324,VGG-Face_BPA_CNN_adv
18,GhostFaceNet,/content/face_module/dataset_extractedfaces/celeba_pairs/092809.jpg,/content/face_module/dataset_extractedfaces/celeba_pairs/108708.jpg,celeba_pairs,dodging_attack,eval,VGG-Face,BPA_CNN,vanilla,0.3031795024871826,VGG-Face_BPA_CNN_adv
27,ArcFace,/content/face_module/dataset_extractedfaces/celeba_pairs/023869.jpg,/content/face_module/dataset_extractedfaces/celeba_pairs/024923.jpg,celeba_pairs,dodging_attack,eval,VGG-Face,clean,clean,0.3985178768634796,VGG-Face_clean
27,Facenet512,/content/face_module/dataset_extractedfaces/celeba_pairs/023869.jpg,/content/face_module/dataset_extractedfaces/celeba_pairs/024923.jpg,celeba_pairs,dodging_attack,eval,VGG-Face,clean,clean,0.3985178768634796,VGG-Face_clean
27,GhostFaceNet,/content/face_module/dataset_extractedfaces/celeba_pairs/023869.jpg,/content/face_module/dataset_extractedfaces/celeba_pairs/024923.jpg,celeba_pairs,dodging_attack,eval,VGG-Face,clean,clean,0.3985178768634796,VGG-Face_clean
27,VGG-Face,/content/face_module/dataset_extractedfaces/celeba_pairs/023869.jpg,/content/face_module/dataset_extractedfaces/celeba_pairs/024923.jpg,celeba_pairs,dodging_attack,eval,VGG-Face,clean,clean,0.3985178768634796,VGG-Face_clean
27,ArcFace,/content/face_module/dataset_extractedfaces/celeba_pairs/023869.jpg,/content/face_module/dataset_extractedfaces/celeba_pairs/024923.jpg,celeba_pairs,dodging_attack,eval,VGG-Face,BPA_CNN,vanilla,0.2489211410284042,VGG-Face_BPA_CNN_adv
27,Facenet512,/content/face_module/dataset_extractedfaces/celeba_pairs/023869.jpg,/content/face_module/dataset_extractedfaces/celeba_pairs/024923.jpg,celeba_pairs,dodging_attack,eval,VGG-Face,BPA_CNN,vanilla,0.0994305238127708,VGG-Face_BPA_CNN_adv
27,GhostFaceNet,/content/face_module/dataset_extractedfaces/celeba_pairs/023869.jpg,/content/face_module/dataset_extractedfaces/celeba_pairs/024923.jpg,celeba_pairs,dodging_attack,eval,VGG-Face,BPA_CNN,vanilla,0.3143117427825928,VGG-Face_BPA_CNN_adv
28,ArcFace,/content/face_module/dataset_extractedfaces/celeba_pairs/130980.jpg,/content/face_module/dataset_extractedfaces/celeba_pairs/147767.jpg,celeba_pairs,dodging_attack,eval,VGG-Face,clean,clean,0.5354241728782654,VGG-Face_clean
28,Facenet512,/content/face_module/dataset_extractedfaces/celeba_pairs/130980.jpg,/content/face_module/dataset_extractedfaces/celeba_pairs/147767.jpg,celeba_pairs,dodging_attack,eval,VGG-Face,clean,clean,0.5354241728782654,VGG-Face_clean
28,GhostFaceNet,/content/face_module/dataset_extractedfaces/celeba_pairs/130980.jpg,/content/face_module/dataset_extractedfaces/celeba_pairs/147767.jpg,celeba_pairs,dodging_attack,eval,VGG-Face,clean,clean,0.5354241728782654,VGG-Face_clean
28,VGG-Face,/content/face_module/dataset_extractedfaces/celeba_pairs/130980.jpg,/content/face_module/dataset_extractedfaces/celeba_pairs/147767.jpg,celeba_pairs,dodging_attack,eval,VGG-Face,clean,clean,0.5354241728782654,VGG-Face_clean
28,ArcFace,/content/face_module/dataset_extractedfaces/celeba_pairs/130980.jpg,/content/face_module/dataset_extractedfaces/celeba_pairs/147767.jpg,celeba_pairs,dodging_attack,eval,VGG-Face,BPA_CNN,vanilla,0.5080333948135376,VGG-Face_BPA_CNN_adv
28,Facenet512,/content/face_module/dataset_extractedfaces/celeba_pairs/130980.jpg,/content/face_module/dataset_extractedfaces/celeba_pairs/147767.jpg,celeba_pairs,dodging_attack,eval,VGG-Face,BPA_CNN,vanilla,0.3752623796463012,VGG-Face_BPA_CNN_adv
28,GhostFaceNet,/content/face_module/dataset_extractedfaces/celeba_pairs/130980.jpg,/content/face_module/dataset_extractedfaces/celeba_pairs/147767.jpg,celeba_pairs,dodging_attack,eval,VGG-Face,BPA_CNN,vanilla,0.4850287139415741,VGG-Face_BPA_CNN_adv
30,ArcFace,/content/face_module/dataset_extractedfaces/celeba_pairs/042909.jpg,/content/face_module/dataset_extractedfaces/celeba_pairs/048579.jpg,celeba_pairs,dodging_attack,eval,VGG-Face,clean,clean,0.2953173816204071,VGG-Face_clean
30,Facenet512,/content/face_module/dataset_extractedfaces/celeba_pairs/042909.jpg,/content/face_module/dataset_extractedfaces/celeba_pairs/048579.jpg,celeba_pairs,dodging_attack,eval,VGG-Face,clean,clean,0.2953173816204071,VGG-Face_clean
30,GhostFaceNet,/content/face_module/dataset_extractedfaces/celeba_pairs/042909.jpg,/content/face_module/dataset_extractedfaces/celeba_pairs/048579.jpg,celeba_pairs,dodging_attack,eval,VGG-Face,clean,clean,0.2953173816204071,VGG-Face_clean
30,VGG-Face,/content/face_module/dataset_extractedfaces/celeba_pairs/042909.jpg,/content/face_module/dataset_extractedfaces/celeba_pairs/048579.jpg,celeba_pairs,dodging_attack,eval,VGG-Face,clean,clean,0.2953173816204071,VGG-Face_clean
30,ArcFace,/content/face_module/dataset_extractedfaces/celeba_pairs/042909.jpg,/content/face_module/dataset_extractedfaces/celeba_pairs/048579.jpg,celeba_pairs,dodging_attack,eval,VGG-Face,BPA_CNN,vanilla,0.0771515369415283,VGG-Face_BPA_CNN_adv
30,Facenet512,/content/face_module/dataset_extractedfaces/celeba_pairs/042909.jpg,/content/face_module/dataset_extractedfaces/celeba_pairs/048579.jpg,celeba_pairs,dodging_attack,eval,VGG-Face,BPA_CNN,vanilla,0.0418176054954528,VGG-Face_BPA_CNN_adv
30,GhostFaceNet,/content/face_module/dataset_extractedfaces/celeba_pairs/042909.jpg,/content/face_module/dataset_extractedfaces/celeba_pairs/048579.jpg,celeba_pairs,dodging_attack,eval,VGG-Face,BPA_CNN,vanilla,0.1098751127719879,VGG-Face_BPA_CNN_adv
33,ArcFace,/content/face_module/dataset_extractedfaces/celeba_pairs/169016.jpg,/content/face_module/dataset_extractedfaces/celeba_pairs/171037.jpg,celeba_pairs,dodging_attack,eval,VGG-Face,clean,clean,0.758158266544342,VGG-Face_clean
33,Facenet512,/content/face_module/dataset_extractedfaces/celeba_pairs/169016.jpg,/content/face_module/dataset_extractedfaces/celeba_pairs/171037.jpg,celeba_pairs,dodging_attack,eval,VGG-Face,clean,clean,0.758158266544342,VGG-Face_clean
33,GhostFaceNet,/content/face_module/dataset_extractedfaces/celeba_pairs/169016.jpg,/content/face_module/dataset_extractedfaces/celeba_pairs/171037.jpg,celeba_pairs,dodging_attack,eval,VGG-Face,clean,clean,0.758158266544342,VGG-Face_clean
33,VGG-Face,/content/face_module/dataset_extractedfaces/celeba_pairs/169016.jpg,/content/face_module/dataset_extractedfaces/celeba_pairs/171037.jpg,celeba_pairs,dodging_attack,eval,VGG-Face,clean,clean,0.758158266544342,VGG-Face_clean
33,ArcFace,/content/face_module/dataset_extractedfaces/celeba_pairs/169016.jpg,/content/face_module/dataset_extractedfaces/celeba_pairs/171037.jpg,celeba_pairs,dodging_attack,eval,VGG-Face,BPA_CNN,vanilla,0.4728975892066955,VGG-Face_BPA_CNN_adv
33,Facenet512,/content/face_module/dataset_extractedfaces/celeba_pairs/169016.jpg,/content/face_module/dataset_extractedfaces/celeba_pairs/171037.jpg,celeba_pairs,dodging_attack,eval,VGG-Face,BPA_CNN,vanilla,0.496256023645401,VGG-Face_BPA_CNN_adv
33,GhostFaceNet,/content/face_module/dataset_extractedfaces/celeba_pairs/169016.jpg,/content/face_module/dataset_extractedfaces/celeba_pairs/171037.jpg,celeba_pairs,dodging_attack,eval,VGG-Face,BPA_CNN,vanilla,0.7124063372612,VGG-Face_BPA_CNN_adv
1,ArcFace,/content/face_module/dataset_extractedfaces/vggface2_pairs/n000007_0113_01.jpg,/content/face_module/dataset_extractedfaces/vggface2_pairs/n000007_0122_01.jpg,vggface2_pairs,dodging_attack,eval,VGG-Face,clean,clean,0.4813994169235229,VGG-Face_clean
1,Facenet512,/content/face_module/dataset_extractedfaces/vggface2_pairs/n000007_0113_01.jpg,/content/face_module/dataset_extractedfaces/vggface2_pairs/n000007_0122_01.jpg,vggface2_pairs,dodging_attack,eval,VGG-Face,clean,clean,0.4813994169235229,VGG-Face_clean
1,GhostFaceNet,/content/face_module/dataset_extractedfaces/vggface2_pairs/n000007_0113_01.jpg,/content/face_module/dataset_extractedfaces/vggface2_pairs/n000007_0122_01.jpg,vggface2_pairs,dodging_attack,eval,VGG-Face,clean,clean,0.4813994169235229,VGG-Face_clean
1,VGG-Face,/content/face_module/dataset_extractedfaces/vggface2_pairs/n000007_0113_01.jpg,/content/face_module/dataset_extractedfaces/vggface2_pairs/n000007_0122_01.jpg,vggface2_pairs,dodging_attack,eval,VGG-Face,clean,clean,0.4813994169235229,VGG-Face_clean
1,ArcFace,/content/face_module/dataset_extractedfaces/vggface2_pairs/n000007_0113_01.jpg,/content/face_module/dataset_extractedfaces/vggface2_pairs/n000007_0122_01.jpg,vggface2_pairs,dodging_attack,eval,VGG-Face,BPA_CNN,vanilla,0.2284654676914215,VGG-Face_BPA_CNN_adv
1,Facenet512,/content/face_module/dataset_extractedfaces/vggface2_pairs/n000007_0113_01.jpg,/content/face_module/dataset_extractedfaces/vggface2_pairs/n000007_0122_01.jpg,vggface2_pairs,dodging_attack,eval,VGG-Face,BPA_CNN,vanilla,0.1238613650202751,VGG-Face_BPA_CNN_adv
1,GhostFaceNet,/content/face_module/dataset_extractedfaces/vggface2_pairs/n000007_0113_01.jpg,/content/face_module/dataset_extractedfaces/vggface2_pairs/n000007_0122_01.jpg,vggface2_pairs,dodging_attack,eval,VGG-Face,BPA_CNN,vanilla,0.4152729511260986,VGG-Face_BPA_CNN_adv
4,ArcFace,/content/face_module/dataset_extractedfaces/vggface2_pairs/n000008_0256_01.jpg,/content/face_module/dataset_extractedfaces/vggface2_pairs/n000008_0348_01.jpg,vggface2_pairs,dodging_attack,eval,VGG-Face,clean,clean,0.198562815785408,VGG-Face_clean
4,Facenet512,/content/face_module/dataset_extractedfaces/vggface2_pairs/n000008_0256_01.jpg,/content/face_module/dataset_extractedfaces/vggface2_pairs/n000008_0348_01.jpg,vggface2_pairs,dodging_attack,eval,VGG-Face,clean,clean,0.198562815785408,VGG-Face_clean
4,GhostFaceNet,/content/face_module/dataset_extractedfaces/vggface2_pairs/n000008_0256_01.jpg,/content/face_module/dataset_extractedfaces/vggface2_pairs/n000008_0348_01.jpg,vggface2_pairs,dodging_attack,eval,VGG-Face,clean,clean,0.198562815785408,VGG-Face_clean
4,VGG-Face,/content/face_module/dataset_extractedfaces/vggface2_pairs/n000008_0256_01.jpg,/content/face_module/dataset_extractedfaces/vggface2_pairs/n000008_0348_01.jpg,vggface2_pairs,dodging_attack,eval,VGG-Face,clean,clean,0.198562815785408,VGG-Face_clean
4,ArcFace,/content/face_module/dataset_extractedfaces/vggface2_pairs/n000008_0256_01.jpg,/content/face_module/dataset_extractedfaces/vggface2_pairs/n000008_0348_01.jpg,vggface2_pairs,dodging_attack,eval,VGG-Face,BPA_CNN,vanilla,0.1992738544940948,VGG-Face_BPA_CNN_adv
4,Facenet512,/content/face_module/dataset_extractedfaces/vggface2_pairs/n000008_0256_01.jpg,/content/face_module/dataset_extractedfaces/vggface2_pairs/n000008_0348_01.jpg,vggface2_pairs,dodging_attack,eval,VGG-Face,BPA_CNN,vanilla,0.1100519448518753,VGG-Face_BPA_CNN_adv
4,GhostFaceNet,/content/face_module/dataset_extractedfaces/vggface2_pairs/n000008_0256_01.jpg,/content/face_module/dataset_extractedfaces/vggface2_pairs/n000008_0348_01.jpg,vggface2_pairs,dodging_attack,eval,VGG-Face,BPA_CNN,vanilla,0.1792371124029159,VGG-Face_BPA_CNN_adv
7,ArcFace,/content/face_module/dataset_extractedfaces/vggface2_pairs/n000010_0058_01.jpg,/content/face_module/dataset_extractedfaces/vggface2_pairs/n000010_0081_01.jpg,vggface2_pairs,dodging_attack,eval,VGG-Face,clean,clean,0.333647072315216,VGG-Face_clean
7,Facenet512,/content/face_module/dataset_extractedfaces/vggface2_pairs/n000010_0058_01.jpg,/content/face_module/dataset_extractedfaces/vggface2_pairs/n000010_0081_01.jpg,vggface2_pairs,dodging_attack,eval,VGG-Face,clean,clean,0.333647072315216,VGG-Face_clean
7,GhostFaceNet,/content/face_module/dataset_extractedfaces/vggface2_pairs/n000010_0058_01.jpg,/content/face_module/dataset_extractedfaces/vggface2_pairs/n000010_0081_01.jpg,vggface2_pairs,dodging_attack,eval,VGG-Face,clean,clean,0.333647072315216,VGG-Face_clean
7,VGG-Face,/content/face_module/dataset_extractedfaces/vggface2_pairs/n000010_0058_01.jpg,/content/face_module/dataset_extractedfaces/vggface2_pairs/n000010_0081_01.jpg,vggface2_pairs,dodging_attack,eval,VGG-Face,clean,clean,0.333647072315216,VGG-Face_clean
7,ArcFace,/content/face_module/dataset_extractedfaces/vggface2_pairs/n000010_0058_01.jpg,/content/face_module/dataset_extractedfaces/vggface2_pairs/n000010_0081_01.jpg,vggface2_pairs,dodging_attack,eval,VGG-Face,BPA_CNN,vanilla,0.1700400561094284,VGG-Face_BPA_CNN_adv
7,Facenet512,/content/face_module/dataset_extractedfaces/vggface2_pairs/n000010_0058_01.jpg,/content/face_module/dataset_extractedfaces/vggface2_pairs/n000010_0081_01.jpg,vggface2_pairs,dodging_attack,eval,VGG-Face,BPA_CNN,vanilla,0.1539612561464309,VGG-Face_BPA_CNN_adv
7,GhostFaceNet,/content/face_module/dataset_extractedfaces/vggface2_pairs/n000010_0058_01.jpg,/content/face_module/dataset_extractedfaces/vggface2_pairs/n000010_0081_01.jpg,vggface2_pairs,dodging_attack,eval,VGG-Face,BPA_CNN,vanilla,0.1740942746400833,VGG-Face_BPA_CNN_adv
10,ArcFace,/content/face_module/dataset_extractedfaces/vggface2_pairs/n000005_0022_01.jpg,/content/face_module/dataset_extractedfaces/vggface2_pairs/n000005_0076_01.jpg,vggface2_pairs,dodging_attack,eval,VGG-Face,clean,clean,0.5038789510726929,VGG-Face_clean
10,Facenet512,/content/face_module/dataset_extractedfaces/vggface2_pairs/n000005_0022_01.jpg,/content/face_module/dataset_extractedfaces/vggface2_pairs/n000005_0076_01.jpg,vggface2_pairs,dodging_attack,eval,VGG-Face,clean,clean,0.5038789510726929,VGG-Face_clean
10,GhostFaceNet,/content/face_module/dataset_extractedfaces/vggface2_pairs/n000005_0022_01.jpg,/content/face_module/dataset_extractedfaces/vggface2_pairs/n000005_0076_01.jpg,vggface2_pairs,dodging_attack,eval,VGG-Face,clean,clean,0.5038789510726929,VGG-Face_clean
10,VGG-Face,/content/face_module/dataset_extractedfaces/vggface2_pairs/n000005_0022_01.jpg,/content/face_module/dataset_extractedfaces/vggface2_pairs/n000005_0076_01.jpg,vggface2_pairs,dodging_attack,eval,VGG-Face,clean,clean,0.5038789510726929,VGG-Face_clean
10,ArcFace,/content/face_module/dataset_extractedfaces/vggface2_pairs/n000005_0022_01.jpg,/content/face_module/dataset_extractedfaces/vggface2_pairs/n000005_0076_01.jpg,vggface2_pairs,dodging_attack,eval,VGG-Face,BPA_CNN,vanilla,0.3670655190944671,VGG-Face_BPA_CNN_adv
10,Facenet512,/content/face_module/dataset_extractedfaces/vggface2_pairs/n000005_0022_01.jpg,/content/face_module/dataset_extractedfaces/vggface2_pairs/n000005_0076_01.jpg,vggface2_pairs,dodging_attack,eval,VGG-Face,BPA_CNN,vanilla,0.2165817469358444,VGG-Face_BPA_CNN_adv
10,GhostFaceNet,/content/face_module/dataset_extractedfaces/vggface2_pairs/n000005_0022_01.jpg,/content/face_module/dataset_extractedfaces/vggface2_pairs/n000005_0076_01.jpg,vggface2_pairs,dodging_attack,eval,VGG-Face,BPA_CNN,vanilla,0.4071366190910339,VGG-Face_BPA_CNN_adv
11,ArcFace,/content/face_module/dataset_extractedfaces/vggface2_pairs/n000007_0176_01.jpg,/content/face_module/dataset_extractedfaces/vggface2_pairs/n000007_0335_03.jpg,vggface2_pairs,dodging_attack,eval,VGG-Face,clean,clean,0.4585452973842621,VGG-Face_clean
11,Facenet512,/content/face_module/dataset_extractedfaces/vggface2_pairs/n000007_0176_01.jpg,/content/face_module/dataset_extractedfaces/vggface2_pairs/n000007_0335_03.jpg,vggface2_pairs,dodging_attack,eval,VGG-Face,clean,clean,0.4585452973842621,VGG-Face_clean
11,GhostFaceNet,/content/face_module/dataset_extractedfaces/vggface2_pairs/n000007_0176_01.jpg,/content/face_module/dataset_extractedfaces/vggface2_pairs/n000007_0335_03.jpg,vggface2_pairs,dodging_attack,eval,VGG-Face,clean,clean,0.4585452973842621,VGG-Face_clean
11,VGG-Face,/content/face_module/dataset_extractedfaces/vggface2_pairs/n000007_0176_01.jpg,/content/face_module/dataset_extractedfaces/vggface2_pairs/n000007_0335_03.jpg,vggface2_pairs,dodging_attack,eval,VGG-Face,clean,clean,0.4585452973842621,VGG-Face_clean
11,ArcFace,/content/face_module/dataset_extractedfaces/vggface2_pairs/n000007_0176_01.jpg,/content/face_module/dataset_extractedfaces/vggface2_pairs/n000007_0335_03.jpg,vggface2_pairs,dodging_attack,eval,VGG-Face,BPA_CNN,vanilla,0.3597614765167236,VGG-Face_BPA_CNN_adv
11,Facenet512,/content/face_module/dataset_extractedfaces/vggface2_pairs/n000007_0176_01.jpg,/content/face_module/dataset_extractedfaces/vggface2_pairs/n000007_0335_03.jpg,vggface2_pairs,dodging_attack,eval,VGG-Face,BPA_CNN,vanilla,0.1494432240724563,VGG-Face_BPA_CNN_adv
11,GhostFaceNet,/content/face_module/dataset_extractedfaces/vggface2_pairs/n000007_0176_01.jpg,/content/face_module/dataset_extractedfaces/vggface2_pairs/n000007_0335_03.jpg,vggface2_pairs,dodging_attack,eval,VGG-Face,BPA_CNN,vanilla,0.3740250766277313,VGG-Face_BPA_CNN_adv
0,ArcFace,/content/face_module/dataset_extractedfaces/lfw_pairs/Renee Zellweger_1.jpg,/content/face_module/dataset_extractedfaces/lfw_pairs/Catherine Deneuve_2.jpg,lfw_pairs,impersonation_attack,eval,IR152,clean,clean,0.0082017853856086,IR152_clean
0,Facenet512,/content/face_module/dataset_extractedfaces/lfw_pairs/Renee Zellweger_1.jpg,/content/face_module/dataset_extractedfaces/lfw_pairs/Catherine Deneuve_2.jpg,lfw_pairs,impersonation_attack,eval,IR152,clean,clean,0.0082017853856086,IR152_clean
0,GhostFaceNet,/content/face_module/dataset_extractedfaces/lfw_pairs/Renee Zellweger_1.jpg,/content/face_module/dataset_extractedfaces/lfw_pairs/Catherine Deneuve_2.jpg,lfw_pairs,impersonation_attack,eval,IR152,clean,clean,0.0082017853856086,IR152_clean
0,VGG-Face,/content/face_module/dataset_extractedfaces/lfw_pairs/Renee Zellweger_1.jpg,/content/face_module/dataset_extractedfaces/lfw_pairs/Catherine Deneuve_2.jpg,lfw_pairs,impersonation_attack,eval,IR152,clean,clean,0.0082017853856086,IR152_clean
0,ArcFace,/content/face_module/dataset_extractedfaces/lfw_pairs/Renee Zellweger_1.jpg,/content/face_module/dataset_extractedfaces/lfw_pairs/Catherine Deneuve_2.jpg,lfw_pairs,impersonation_attack,eval,IR152,BPA_CNN,vanilla,0.428336501121521,IR152_BPA_CNN_adv
0,Facenet512,/content/face_module/dataset_extractedfaces/lfw_pairs/Renee Zellweger_1.jpg,/content/face_module/dataset_extractedfaces/lfw_pairs/Catherine Deneuve_2.jpg,lfw_pairs,impersonation_attack,eval,IR152,BPA_CNN,vanilla,0.4210978746414184,IR152_BPA_CNN_adv
0,GhostFaceNet,/content/face_module/dataset_extractedfaces/lfw_pairs/Renee Zellweger_1.jpg,/content/face_module/dataset_extractedfaces/lfw_pairs/Catherine Deneuve_2.jpg,lfw_pairs,impersonation_attack,eval,IR152,BPA_CNN,vanilla,0.1626257896423339,IR152_BPA_CNN_adv
0,VGG-Face,/content/face_module/dataset_extractedfaces/lfw_pairs/Renee Zellweger_1.jpg,/content/face_module/dataset_extractedfaces/lfw_pairs/Catherine Deneuve_2.jpg,lfw_pairs,impersonation_attack,eval,IR152,BPA_CNN,vanilla,0.2835079133510589,IR152_BPA_CNN_adv
32,ArcFace,/content/face_module/dataset_extractedfaces/lfw_pairs/Donald Rumsfeld_105.jpg,/content/face_module/dataset_extractedfaces/lfw_pairs/Paul Burrell_11.jpg,lfw_pairs,impersonation_attack,eval,IR152,clean,clean,-0.1390506625175476,IR152_clean
32,Facenet512,/content/face_module/dataset_extractedfaces/lfw_pairs/Donald Rumsfeld_105.jpg,/content/face_module/dataset_extractedfaces/lfw_pairs/Paul Burrell_11.jpg,lfw_pairs,impersonation_attack,eval,IR152,clean,clean,-0.1390506625175476,IR152_clean
32,GhostFaceNet,/content/face_module/dataset_extractedfaces/lfw_pairs/Donald Rumsfeld_105.jpg,/content/face_module/dataset_extractedfaces/lfw_pairs/Paul Burrell_11.jpg,lfw_pairs,impersonation_attack,eval,IR152,clean,clean,-0.1390506625175476,IR152_clean
32,VGG-Face,/content/face_module/dataset_extractedfaces/lfw_pairs/Donald Rumsfeld_105.jpg,/content/face_module/dataset_extractedfaces/lfw_pairs/Paul Burrell_11.jpg,lfw_pairs,impersonation_attack,eval,IR152,clean,clean,-0.1390506625175476,IR152_clean
32,ArcFace,/content/face_module/dataset_extractedfaces/lfw_pairs/Donald Rumsfeld_105.jpg,/content/face_module/dataset_extractedfaces/lfw_pairs/Paul Burrell_11.jpg,lfw_pairs,impersonation_attack,eval,IR152,BPA_CNN,vanilla,0.1351335644721985,IR152_BPA_CNN_adv
32,Facenet512,/content/face_module/dataset_extractedfaces/lfw_pairs/Donald Rumsfeld_105.jpg,/content/face_module/dataset_extractedfaces/lfw_pairs/Paul Burrell_11.jpg,lfw_pairs,impersonation_attack,eval,IR152,BPA_CNN,vanilla,0.0636826604604721,IR152_BPA_CNN_adv
32,GhostFaceNet,/content/face_module/dataset_extractedfaces/lfw_pairs/Donald Rumsfeld_105.jpg,/content/face_module/dataset_extractedfaces/lfw_pairs/Paul Burrell_11.jpg,lfw_pairs,impersonation_attack,eval,IR152,BPA_CNN,vanilla,0.0429237149655818,IR152_BPA_CNN_adv
32,VGG-Face,/content/face_module/dataset_extractedfaces/lfw_pairs/Donald Rumsfeld_105.jpg,/content/face_module/dataset_extractedfaces/lfw_pairs/Paul Burrell_11.jpg,lfw_pairs,impersonation_attack,eval,IR152,BPA_CNN,vanilla,0.1125744730234146,IR152_BPA_CNN_adv
48,ArcFace,/content/face_module/dataset_extractedfaces/lfw_pairs/Renee Zellweger_14.jpg,/content/face_module/dataset_extractedfaces/lfw_pairs/Venus Williams_9.jpg,lfw_pairs,impersonation_attack,eval,IR152,clean,clean,0.0692660957574844,IR152_clean
48,Facenet512,/content/face_module/dataset_extractedfaces/lfw_pairs/Renee Zellweger_14.jpg,/content/face_module/dataset_extractedfaces/lfw_pairs/Venus Williams_9.jpg,lfw_pairs,impersonation_attack,eval,IR152,clean,clean,0.0692660957574844,IR152_clean
48,GhostFaceNet,/content/face_module/dataset_extractedfaces/lfw_pairs/Renee Zellweger_14.jpg,/content/face_module/dataset_extractedfaces/lfw_pairs/Venus Williams_9.jpg,lfw_pairs,impersonation_attack,eval,IR152,clean,clean,0.0692660957574844,IR152_clean
48,VGG-Face,/content/face_module/dataset_extractedfaces/lfw_pairs/Renee Zellweger_14.jpg,/content/face_module/dataset_extractedfaces/lfw_pairs/Venus Williams_9.jpg,lfw_pairs,impersonation_attack,eval,IR152,clean,clean,0.0692660957574844,IR152_clean
48,ArcFace,/content/face_module/dataset_extractedfaces/lfw_pairs/Renee Zellweger_14.jpg,/content/face_module/dataset_extractedfaces/lfw_pairs/Venus Williams_9.jpg,lfw_pairs,impersonation_attack,eval,IR152,BPA_CNN,vanilla,0.137358084321022,IR152_BPA_CNN_adv
48,Facenet512,/content/face_module/dataset_extractedfaces/lfw_pairs/Renee Zellweger_14.jpg,/content/face_module/dataset_extractedfaces/lfw_pairs/Venus Williams_9.jpg,lfw_pairs,impersonation_attack,eval,IR152,BPA_CNN,vanilla,0.1486129760742187,IR152_BPA_CNN_adv
48,GhostFaceNet,/content/face_module/dataset_extractedfaces/lfw_pairs/Renee Zellweger_14.jpg,/content/face_module/dataset_extractedfaces/lfw_pairs/Venus Williams_9.jpg,lfw_pairs,impersonation_attack,eval,IR152,BPA_CNN,vanilla,0.0888331979513168,IR152_BPA_CNN_adv
48,VGG-Face,/content/face_module/dataset_extractedfaces/lfw_pairs/Renee Zellweger_14.jpg,/content/face_module/dataset_extractedfaces/lfw_pairs/Venus Williams_9.jpg,lfw_pairs,impersonation_attack,eval,IR152,BPA_CNN,vanilla,0.0917035266757011,IR152_BPA_CNN_adv
57,ArcFace,/content/face_module/dataset_extractedfaces/lfw_pairs/Mike Weir_10.jpg,/content/face_module/dataset_extractedfaces/lfw_pairs/Luis Horna_2.jpg,lfw_pairs,impersonation_attack,eval,IR152,clean,clean,0.0053827054798603,IR152_clean
57,Facenet512,/content/face_module/dataset_extractedfaces/lfw_pairs/Mike Weir_10.jpg,/content/face_module/dataset_extractedfaces/lfw_pairs/Luis Horna_2.jpg,lfw_pairs,impersonation_attack,eval,IR152,clean,clean,0.0053827054798603,IR152_clean
57,GhostFaceNet,/content/face_module/dataset_extractedfaces/lfw_pairs/Mike Weir_10.jpg,/content/face_module/dataset_extractedfaces/lfw_pairs/Luis Horna_2.jpg,lfw_pairs,impersonation_attack,eval,IR152,clean,clean,0.0053827054798603,IR152_clean
57,VGG-Face,/content/face_module/dataset_extractedfaces/lfw_pairs/Mike Weir_10.jpg,/content/face_module/dataset_extractedfaces/lfw_pairs/Luis Horna_2.jpg,lfw_pairs,impersonation_attack,eval,IR152,clean,clean,0.0053827054798603,IR152_clean
57,ArcFace,/content/face_module/dataset_extractedfaces/lfw_pairs/Mike Weir_10.jpg,/content/face_module/dataset_extractedfaces/lfw_pairs/Luis Horna_2.jpg,lfw_pairs,impersonation_attack,eval,IR152,BPA_CNN,vanilla,0.099513940513134,IR152_BPA_CNN_adv
57,Facenet512,/content/face_module/dataset_extractedfaces/lfw_pairs/Mike Weir_10.jpg,/content/face_module/dataset_extractedfaces/lfw_pairs/Luis Horna_2.jpg,lfw_pairs,impersonation_attack,eval,IR152,BPA_CNN,vanilla,0.2477703392505645,IR152_BPA_CNN_adv
57,GhostFaceNet,/content/face_module/dataset_extractedfaces/lfw_pairs/Mike Weir_10.jpg,/content/face_module/dataset_extractedfaces/lfw_pairs/Luis Horna_2.jpg,lfw_pairs,impersonation_attack,eval,IR152,BPA_CNN,vanilla,0.0436496436595916,IR152_BPA_CNN_adv
57,VGG-Face,/content/face_module/dataset_extractedfaces/lfw_pairs/Mike Weir_10.jpg,/content/face_module/dataset_extractedfaces/lfw_pairs/Luis Horna_2.jpg,lfw_pairs,impersonation_attack,eval,IR152,BPA_CNN,vanilla,0.1627589464187622,IR152_BPA_CNN_adv
60,ArcFace,/content/face_module/dataset_extractedfaces/lfw_pairs/Jason Kidd_9.jpg,/content/face_module/dataset_extractedfaces/lfw_pairs/Luiz Inacio Lula da Silva_22.jpg,lfw_pairs,impersonation_attack,eval,IR152,clean,clean,-0.0300827044993639,IR152_clean
60,Facenet512,/content/face_module/dataset_extractedfaces/lfw_pairs/Jason Kidd_9.jpg,/content/face_module/dataset_extractedfaces/lfw_pairs/Luiz Inacio Lula da Silva_22.jpg,lfw_pairs,impersonation_attack,eval,IR152,clean,clean,-0.0300827044993639,IR152_clean
60,GhostFaceNet,/content/face_module/dataset_extractedfaces/lfw_pairs/Jason Kidd_9.jpg,/content/face_module/dataset_extractedfaces/lfw_pairs/Luiz Inacio Lula da Silva_22.jpg,lfw_pairs,impersonation_attack,eval,IR152,clean,clean,-0.0300827044993639,IR152_clean
60,VGG-Face,/content/face_module/dataset_extractedfaces/lfw_pairs/Jason Kidd_9.jpg,/content/face_module/dataset_extractedfaces/lfw_pairs/Luiz Inacio Lula da Silva_22.jpg,lfw_pairs,impersonation_attack,eval,IR152,clean,clean,-0.0300827044993639,IR152_clean
60,ArcFace,/content/face_module/dataset_extractedfaces/lfw_pairs/Jason Kidd_9.jpg,/content/face_module/dataset_extractedfaces/lfw_pairs/Luiz Inacio Lula da Silva_22.jpg,lfw_pairs,impersonation_attack,eval,IR152,BPA_CNN,vanilla,0.0197933949530124,IR152_BPA_CNN_adv
60,Facenet512,/content/face_module/dataset_extractedfaces/lfw_pairs/Jason Kidd_9.jpg,/content/face_module/dataset_extractedfaces/lfw_pairs/Luiz Inacio Lula da Silva_22.jpg,lfw_pairs,impersonation_attack,eval,IR152,BPA_CNN,vanilla,0.1521318554878235,IR152_BPA_CNN_adv
60,GhostFaceNet,/content/face_module/dataset_extractedfaces/lfw_pairs/Jason Kidd_9.jpg,/content/face_module/dataset_extractedfaces/lfw_pairs/Luiz Inacio Lula da Silva_22.jpg,lfw_pairs,impersonation_attack,eval,IR152,BPA_CNN,vanilla,0.0043223202228546,IR152_BPA_CNN_adv
60,VGG-Face,/content/face_module/dataset_extractedfaces/lfw_pairs/Jason Kidd_9.jpg,/content/face_module/dataset_extractedfaces/lfw_pairs/Luiz Inacio Lula da Silva_22.jpg,lfw_pairs,impersonation_attack,eval,IR152,BPA_CNN,vanilla,0.0353132709860801,IR152_BPA_CNN_adv
2,ArcFace,/content/face_module/dataset_extractedfaces/celeba_pairs/107859.jpg,/content/face_module/dataset_extractedfaces/celeba_pairs/031892.jpg,celeba_pairs,impersonation_attack,eval,IR152,clean,clean,0.1105673089623451,IR152_clean
2,Facenet512,/content/face_module/dataset_extractedfaces/celeba_pairs/107859.jpg,/content/face_module/dataset_extractedfaces/celeba_pairs/031892.jpg,celeba_pairs,impersonation_attack,eval,IR152,clean,clean,0.1105673089623451,IR152_clean
2,GhostFaceNet,/content/face_module/dataset_extractedfaces/celeba_pairs/107859.jpg,/content/face_module/dataset_extractedfaces/celeba_pairs/031892.jpg,celeba_pairs,impersonation_attack,eval,IR152,clean,clean,0.1105673089623451,IR152_clean
2,VGG-Face,/content/face_module/dataset_extractedfaces/celeba_pairs/107859.jpg,/content/face_module/dataset_extractedfaces/celeba_pairs/031892.jpg,celeba_pairs,impersonation_attack,eval,IR152,clean,clean,0.1105673089623451,IR152_clean
2,ArcFace,/content/face_module/dataset_extractedfaces/celeba_pairs/107859.jpg,/content/face_module/dataset_extractedfaces/celeba_pairs/031892.jpg,celeba_pairs,impersonation_attack,eval,IR152,BPA_CNN,vanilla,0.176689326763153,IR152_BPA_CNN_adv
2,Facenet512,/content/face_module/dataset_extractedfaces/celeba_pairs/107859.jpg,/content/face_module/dataset_extractedfaces/celeba_pairs/031892.jpg,celeba_pairs,impersonation_attack,eval,IR152,BPA_CNN,vanilla,0.208155870437622,IR152_BPA_CNN_adv
2,GhostFaceNet,/content/face_module/dataset_extractedfaces/celeba_pairs/107859.jpg,/content/face_module/dataset_extractedfaces/celeba_pairs/031892.jpg,celeba_pairs,impersonation_attack,eval,IR152,BPA_CNN,vanilla,0.09396992623806,IR152_BPA_CNN_adv
2,VGG-Face,/content/face_module/dataset_extractedfaces/celeba_pairs/107859.jpg,/content/face_module/dataset_extractedfaces/celeba_pairs/031892.jpg,celeba_pairs,impersonation_attack,eval,IR152,BPA_CNN,vanilla,0.1342114508152008,IR152_BPA_CNN_adv
8,ArcFace,/content/face_module/dataset_extractedfaces/celeba_pairs/023666.jpg,/content/face_module/dataset_extractedfaces/celeba_pairs/010959.jpg,celeba_pairs,impersonation_attack,eval,IR152,clean,clean,0.0581044219434261,IR152_clean
8,Facenet512,/content/face_module/dataset_extractedfaces/celeba_pairs/023666.jpg,/content/face_module/dataset_extractedfaces/celeba_pairs/010959.jpg,celeba_pairs,impersonation_attack,eval,IR152,clean,clean,0.0581044219434261,IR152_clean
8,GhostFaceNet,/content/face_module/dataset_extractedfaces/celeba_pairs/023666.jpg,/content/face_module/dataset_extractedfaces/celeba_pairs/010959.jpg,celeba_pairs,impersonation_attack,eval,IR152,clean,clean,0.0581044219434261,IR152_clean
8,VGG-Face,/content/face_module/dataset_extractedfaces/celeba_pairs/023666.jpg,/content/face_module/dataset_extractedfaces/celeba_pairs/010959.jpg,celeba_pairs,impersonation_attack,eval,IR152,clean,clean,0.0581044219434261,IR152_clean
8,ArcFace,/content/face_module/dataset_extractedfaces/celeba_pairs/023666.jpg,/content/face_module/dataset_extractedfaces/celeba_pairs/010959.jpg,celeba_pairs,impersonation_attack,eval,IR152,BPA_CNN,vanilla,0.1289797127246856,IR152_BPA_CNN_adv
8,Facenet512,/content/face_module/dataset_extractedfaces/celeba_pairs/023666.jpg,/content/face_module/dataset_extractedfaces/celeba_pairs/010959.jpg,celeba_pairs,impersonation_attack,eval,IR152,BPA_CNN,vanilla,0.0237854216247797,IR152_BPA_CNN_adv
8,GhostFaceNet,/content/face_module/dataset_extractedfaces/celeba_pairs/023666.jpg,/content/face_module/dataset_extractedfaces/celeba_pairs/010959.jpg,celeba_pairs,impersonation_attack,eval,IR152,BPA_CNN,vanilla,0.1064985170960426,IR152_BPA_CNN_adv
8,VGG-Face,/content/face_module/dataset_extractedfaces/celeba_pairs/023666.jpg,/content/face_module/dataset_extractedfaces/celeba_pairs/010959.jpg,celeba_pairs,impersonation_attack,eval,IR152,BPA_CNN,vanilla,0.0639789104461669,IR152_BPA_CNN_adv
12,ArcFace,/content/face_module/dataset_extractedfaces/celeba_pairs/003089.jpg,/content/face_module/dataset_extractedfaces/celeba_pairs/016966.jpg,celeba_pairs,impersonation_attack,eval,IR152,clean,clean,0.0933876782655716,IR152_clean
12,Facenet512,/content/face_module/dataset_extractedfaces/celeba_pairs/003089.jpg,/content/face_module/dataset_extractedfaces/celeba_pairs/016966.jpg,celeba_pairs,impersonation_attack,eval,IR152,clean,clean,0.0933876782655716,IR152_clean
12,GhostFaceNet,/content/face_module/dataset_extractedfaces/celeba_pairs/003089.jpg,/content/face_module/dataset_extractedfaces/celeba_pairs/016966.jpg,celeba_pairs,impersonation_attack,eval,IR152,clean,clean,0.0933876782655716,IR152_clean
12,VGG-Face,/content/face_module/dataset_extractedfaces/celeba_pairs/003089.jpg,/content/face_module/dataset_extractedfaces/celeba_pairs/016966.jpg,celeba_pairs,impersonation_attack,eval,IR152,clean,clean,0.0933876782655716,IR152_clean
12,ArcFace,/content/face_module/dataset_extractedfaces/celeba_pairs/003089.jpg,/content/face_module/dataset_extractedfaces/celeba_pairs/016966.jpg,celeba_pairs,impersonation_attack,eval,IR152,BPA_CNN,vanilla,0.1216932535171508,IR152_BPA_CNN_adv
12,Facenet512,/content/face_module/dataset_extractedfaces/celeba_pairs/003089.jpg,/content/face_module/dataset_extractedfaces/celeba_pairs/016966.jpg,celeba_pairs,impersonation_attack,eval,IR152,BPA_CNN,vanilla,0.1310204416513443,IR152_BPA_CNN_adv
12,GhostFaceNet,/content/face_module/dataset_extractedfaces/celeba_pairs/003089.jpg,/content/face_module/dataset_extractedfaces/celeba_pairs/016966.jpg,celeba_pairs,impersonation_attack,eval,IR152,BPA_CNN,vanilla,0.1152148842811584,IR152_BPA_CNN_adv
12,VGG-Face,/content/face_module/dataset_extractedfaces/celeba_pairs/003089.jpg,/content/face_module/dataset_extractedfaces/celeba_pairs/016966.jpg,celeba_pairs,impersonation_attack,eval,IR152,BPA_CNN,vanilla,0.0847000926733017,IR152_BPA_CNN_adv
26,ArcFace,/content/face_module/dataset_extractedfaces/celeba_pairs/113117.jpg,/content/face_module/dataset_extractedfaces/celeba_pairs/129449.jpg,celeba_pairs,impersonation_attack,eval,IR152,clean,clean,0.077299878001213,IR152_clean
26,Facenet512,/content/face_module/dataset_extractedfaces/celeba_pairs/113117.jpg,/content/face_module/dataset_extractedfaces/celeba_pairs/129449.jpg,celeba_pairs,impersonation_attack,eval,IR152,clean,clean,0.077299878001213,IR152_clean
26,GhostFaceNet,/content/face_module/dataset_extractedfaces/celeba_pairs/113117.jpg,/content/face_module/dataset_extractedfaces/celeba_pairs/129449.jpg,celeba_pairs,impersonation_attack,eval,IR152,clean,clean,0.077299878001213,IR152_clean
26,VGG-Face,/content/face_module/dataset_extractedfaces/celeba_pairs/113117.jpg,/content/face_module/dataset_extractedfaces/celeba_pairs/129449.jpg,celeba_pairs,impersonation_attack,eval,IR152,clean,clean,0.077299878001213,IR152_clean
26,ArcFace,/content/face_module/dataset_extractedfaces/celeba_pairs/113117.jpg,/content/face_module/dataset_extractedfaces/celeba_pairs/129449.jpg,celeba_pairs,impersonation_attack,eval,IR152,BPA_CNN,vanilla,0.0761335790157318,IR152_BPA_CNN_adv
26,Facenet512,/content/face_module/dataset_extractedfaces/celeba_pairs/113117.jpg,/content/face_module/dataset_extractedfaces/celeba_pairs/129449.jpg,celeba_pairs,impersonation_attack,eval,IR152,BPA_CNN,vanilla,0.0253859795629978,IR152_BPA_CNN_adv
26,GhostFaceNet,/content/face_module/dataset_extractedfaces/celeba_pairs/113117.jpg,/content/face_module/dataset_extractedfaces/celeba_pairs/129449.jpg,celeba_pairs,impersonation_attack,eval,IR152,BPA_CNN,vanilla,0.0857383906841278,IR152_BPA_CNN_adv
26,VGG-Face,/content/face_module/dataset_extractedfaces/celeba_pairs/113117.jpg,/content/face_module/dataset_extractedfaces/celeba_pairs/129449.jpg,celeba_pairs,impersonation_attack,eval,IR152,BPA_CNN,vanilla,0.0487780980765819,IR152_BPA_CNN_adv
34,ArcFace,/content/face_module/dataset_extractedfaces/celeba_pairs/001430.jpg,/content/face_module/dataset_extractedfaces/celeba_pairs/046649.jpg,celeba_pairs,impersonation_attack,eval,IR152,clean,clean,-0.0490606576204299,IR152_clean
34,Facenet512,/content/face_module/dataset_extractedfaces/celeba_pairs/001430.jpg,/content/face_module/dataset_extractedfaces/celeba_pairs/046649.jpg,celeba_pairs,impersonation_attack,eval,IR152,clean,clean,-0.0490606576204299,IR152_clean
34,GhostFaceNet,/content/face_module/dataset_extractedfaces/celeba_pairs/001430.jpg,/content/face_module/dataset_extractedfaces/celeba_pairs/046649.jpg,celeba_pairs,impersonation_attack,eval,IR152,clean,clean,-0.0490606576204299,IR152_clean
34,VGG-Face,/content/face_module/dataset_extractedfaces/celeba_pairs/001430.jpg,/content/face_module/dataset_extractedfaces/celeba_pairs/046649.jpg,celeba_pairs,impersonation_attack,eval,IR152,clean,clean,-0.0490606576204299,IR152_clean
34,ArcFace,/content/face_module/dataset_extractedfaces/celeba_pairs/001430.jpg,/content/face_module/dataset_extractedfaces/celeba_pairs/046649.jpg,celeba_pairs,impersonation_attack,eval,IR152,BPA_CNN,vanilla,0.1152018010616302,IR152_BPA_CNN_adv
34,Facenet512,/content/face_module/dataset_extractedfaces/celeba_pairs/001430.jpg,/content/face_module/dataset_extractedfaces/celeba_pairs/046649.jpg,celeba_pairs,impersonation_attack,eval,IR152,BPA_CNN,vanilla,0.2206876724958419,IR152_BPA_CNN_adv
34,GhostFaceNet,/content/face_module/dataset_extractedfaces/celeba_pairs/001430.jpg,/content/face_module/dataset_extractedfaces/celeba_pairs/046649.jpg,celeba_pairs,impersonation_attack,eval,IR152,BPA_CNN,vanilla,0.0579704046249389,IR152_BPA_CNN_adv
34,VGG-Face,/content/face_module/dataset_extractedfaces/celeba_pairs/001430.jpg,/content/face_module/dataset_extractedfaces/celeba_pairs/046649.jpg,celeba_pairs,impersonation_attack,eval,IR152,BPA_CNN,vanilla,0.0733974799513816,IR152_BPA_CNN_adv
3,ArcFace,/content/face_module/dataset_extractedfaces/vggface2_pairs/n000007_0076_01.jpg,/content/face_module/dataset_extractedfaces/vggface2_pairs/n000005_0080_01.jpg,vggface2_pairs,impersonation_attack,eval,IR152,clean,clean,0.0970131680369377,IR152_clean
3,Facenet512,/content/face_module/dataset_extractedfaces/vggface2_pairs/n000007_0076_01.jpg,/content/face_module/dataset_extractedfaces/vggface2_pairs/n000005_0080_01.jpg,vggface2_pairs,impersonation_attack,eval,IR152,clean,clean,0.0970131680369377,IR152_clean
3,GhostFaceNet,/content/face_module/dataset_extractedfaces/vggface2_pairs/n000007_0076_01.jpg,/content/face_module/dataset_extractedfaces/vggface2_pairs/n000005_0080_01.jpg,vggface2_pairs,impersonation_attack,eval,IR152,clean,clean,0.0970131680369377,IR152_clean
3,VGG-Face,/content/face_module/dataset_extractedfaces/vggface2_pairs/n000007_0076_01.jpg,/content/face_module/dataset_extractedfaces/vggface2_pairs/n000005_0080_01.jpg,vggface2_pairs,impersonation_attack,eval,IR152,clean,clean,0.0970131680369377,IR152_clean
3,ArcFace,/content/face_module/dataset_extractedfaces/vggface2_pairs/n000007_0076_01.jpg,/content/face_module/dataset_extractedfaces/vggface2_pairs/n000005_0080_01.jpg,vggface2_pairs,impersonation_attack,eval,IR152,BPA_CNN,vanilla,0.1523554176092147,IR152_BPA_CNN_adv
3,Facenet512,/content/face_module/dataset_extractedfaces/vggface2_pairs/n000007_0076_01.jpg,/content/face_module/dataset_extractedfaces/vggface2_pairs/n000005_0080_01.jpg,vggface2_pairs,impersonation_attack,eval,IR152,BPA_CNN,vanilla,0.0944632738828659,IR152_BPA_CNN_adv
3,GhostFaceNet,/content/face_module/dataset_extractedfaces/vggface2_pairs/n000007_0076_01.jpg,/content/face_module/dataset_extractedfaces/vggface2_pairs/n000005_0080_01.jpg,vggface2_pairs,impersonation_attack,eval,IR152,BPA_CNN,vanilla,0.1185259371995925,IR152_BPA_CNN_adv
3,VGG-Face,/content/face_module/dataset_extractedfaces/vggface2_pairs/n000007_0076_01.jpg,/content/face_module/dataset_extractedfaces/vggface2_pairs/n000005_0080_01.jpg,vggface2_pairs,impersonation_attack,eval,IR152,BPA_CNN,vanilla,0.1113482266664505,IR152_BPA_CNN_adv
5,ArcFace,/content/face_module/dataset_extractedfaces/vggface2_pairs/n000004_0204_01.jpg,/content/face_module/dataset_extractedfaces/vggface2_pairs/n000002_0070_01.jpg,vggface2_pairs,impersonation_attack,eval,IR152,clean,clean,-0.0258322451263666,IR152_clean
5,Facenet512,/content/face_module/dataset_extractedfaces/vggface2_pairs/n000004_0204_01.jpg,/content/face_module/dataset_extractedfaces/vggface2_pairs/n000002_0070_01.jpg,vggface2_pairs,impersonation_attack,eval,IR152,clean,clean,-0.0258322451263666,IR152_clean
5,GhostFaceNet,/content/face_module/dataset_extractedfaces/vggface2_pairs/n000004_0204_01.jpg,/content/face_module/dataset_extractedfaces/vggface2_pairs/n000002_0070_01.jpg,vggface2_pairs,impersonation_attack,eval,IR152,clean,clean,-0.0258322451263666,IR152_clean
5,VGG-Face,/content/face_module/dataset_extractedfaces/vggface2_pairs/n000004_0204_01.jpg,/content/face_module/dataset_extractedfaces/vggface2_pairs/n000002_0070_01.jpg,vggface2_pairs,impersonation_attack,eval,IR152,clean,clean,-0.0258322451263666,IR152_clean
5,ArcFace,/content/face_module/dataset_extractedfaces/vggface2_pairs/n000004_0204_01.jpg,/content/face_module/dataset_extractedfaces/vggface2_pairs/n000002_0070_01.jpg,vggface2_pairs,impersonation_attack,eval,IR152,BPA_CNN,vanilla,0.1517353355884552,IR152_BPA_CNN_adv
5,Facenet512,/content/face_module/dataset_extractedfaces/vggface2_pairs/n000004_0204_01.jpg,/content/face_module/dataset_extractedfaces/vggface2_pairs/n000002_0070_01.jpg,vggface2_pairs,impersonation_attack,eval,IR152,BPA_CNN,vanilla,0.0623345263302326,IR152_BPA_CNN_adv
5,GhostFaceNet,/content/face_module/dataset_extractedfaces/vggface2_pairs/n000004_0204_01.jpg,/content/face_module/dataset_extractedfaces/vggface2_pairs/n000002_0070_01.jpg,vggface2_pairs,impersonation_attack,eval,IR152,BPA_CNN,vanilla,0.1408773958683014,IR152_BPA_CNN_adv
5,VGG-Face,/content/face_module/dataset_extractedfaces/vggface2_pairs/n000004_0204_01.jpg,/content/face_module/dataset_extractedfaces/vggface2_pairs/n000002_0070_01.jpg,vggface2_pairs,impersonation_attack,eval,IR152,BPA_CNN,vanilla,-0.0106520187109708,IR152_BPA_CNN_adv
17,ArcFace,/content/face_module/dataset_extractedfaces/vggface2_pairs/n000016_0036_01.jpg,/content/face_module/dataset_extractedfaces/vggface2_pairs/n000012_0087_01.jpg,vggface2_pairs,impersonation_attack,eval,IR152,clean,clean,-0.0301508568227291,IR152_clean
17,Facenet512,/content/face_module/dataset_extractedfaces/vggface2_pairs/n000016_0036_01.jpg,/content/face_module/dataset_extractedfaces/vggface2_pairs/n000012_0087_01.jpg,vggface2_pairs,impersonation_attack,eval,IR152,clean,clean,-0.0301508568227291,IR152_clean
17,GhostFaceNet,/content/face_module/dataset_extractedfaces/vggface2_pairs/n000016_0036_01.jpg,/content/face_module/dataset_extractedfaces/vggface2_pairs/n000012_0087_01.jpg,vggface2_pairs,impersonation_attack,eval,IR152,clean,clean,-0.0301508568227291,IR152_clean
17,VGG-Face,/content/face_module/dataset_extractedfaces/vggface2_pairs/n000016_0036_01.jpg,/content/face_module/dataset_extractedfaces/vggface2_pairs/n000012_0087_01.jpg,vggface2_pairs,impersonation_attack,eval,IR152,clean,clean,-0.0301508568227291,IR152_clean
17,ArcFace,/content/face_module/dataset_extractedfaces/vggface2_pairs/n000016_0036_01.jpg,/content/face_module/dataset_extractedfaces/vggface2_pairs/n000012_0087_01.jpg,vggface2_pairs,impersonation_attack,eval,IR152,BPA_CNN,vanilla,0.1295265257358551,IR152_BPA_CNN_adv
17,Facenet512,/content/face_module/dataset_extractedfaces/vggface2_pairs/n000016_0036_01.jpg,/content/face_module/dataset_extractedfaces/vggface2_pairs/n000012_0087_01.jpg,vggface2_pairs,impersonation_attack,eval,IR152,BPA_CNN,vanilla,0.1400976479053497,IR152_BPA_CNN_adv
17,GhostFaceNet,/content/face_module/dataset_extractedfaces/vggface2_pairs/n000016_0036_01.jpg,/content/face_module/dataset_extractedfaces/vggface2_pairs/n000012_0087_01.jpg,vggface2_pairs,impersonation_attack,eval,IR152,BPA_CNN,vanilla,0.0573854148387908,IR152_BPA_CNN_adv
17,VGG-Face,/content/face_module/dataset_extractedfaces/vggface2_pairs/n000016_0036_01.jpg,/content/face_module/dataset_extractedfaces/vggface2_pairs/n000012_0087_01.jpg,vggface2_pairs,impersonation_attack,eval,IR152,BPA_CNN,vanilla,0.0981872230768203,IR152_BPA_CNN_adv
19,ArcFace,/content/face_module/dataset_extractedfaces/vggface2_pairs/n000007_0012_01.jpg,/content/face_module/dataset_extractedfaces/vggface2_pairs/n000008_0101_01.jpg,vggface2_pairs,impersonation_attack,eval,IR152,clean,clean,-0.0336099937558174,IR152_clean
19,Facenet512,/content/face_module/dataset_extractedfaces/vggface2_pairs/n000007_0012_01.jpg,/content/face_module/dataset_extractedfaces/vggface2_pairs/n000008_0101_01.jpg,vggface2_pairs,impersonation_attack,eval,IR152,clean,clean,-0.0336099937558174,IR152_clean
19,GhostFaceNet,/content/face_module/dataset_extractedfaces/vggface2_pairs/n000007_0012_01.jpg,/content/face_module/dataset_extractedfaces/vggface2_pairs/n000008_0101_01.jpg,vggface2_pairs,impersonation_attack,eval,IR152,clean,clean,-0.0336099937558174,IR152_clean
19,VGG-Face,/content/face_module/dataset_extractedfaces/vggface2_pairs/n000007_0012_01.jpg,/content/face_module/dataset_extractedfaces/vggface2_pairs/n000008_0101_01.jpg,vggface2_pairs,impersonation_attack,eval,IR152,clean,clean,-0.0336099937558174,IR152_clean
19,ArcFace,/content/face_module/dataset_extractedfaces/vggface2_pairs/n000007_0012_01.jpg,/content/face_module/dataset_extractedfaces/vggface2_pairs/n000008_0101_01.jpg,vggface2_pairs,impersonation_attack,eval,IR152,BPA_CNN,vanilla,0.0113754449412226,IR152_BPA_CNN_adv
19,Facenet512,/content/face_module/dataset_extractedfaces/vggface2_pairs/n000007_0012_01.jpg,/content/face_module/dataset_extractedfaces/vggface2_pairs/n000008_0101_01.jpg,vggface2_pairs,impersonation_attack,eval,IR152,BPA_CNN,vanilla,0.015073318965733,IR152_BPA_CNN_adv
19,GhostFaceNet,/content/face_module/dataset_extractedfaces/vggface2_pairs/n000007_0012_01.jpg,/content/face_module/dataset_extractedfaces/vggface2_pairs/n000008_0101_01.jpg,vggface2_pairs,impersonation_attack,eval,IR152,BPA_CNN,vanilla,-0.0181192029267549,IR152_BPA_CNN_adv
19,VGG-Face,/content/face_module/dataset_extractedfaces/vggface2_pairs/n000007_0012_01.jpg,/content/face_module/dataset_extractedfaces/vggface2_pairs/n000008_0101_01.jpg,vggface2_pairs,impersonation_attack,eval,IR152,BPA_CNN,vanilla,0.0333544537425041,IR152_BPA_CNN_adv
21,ArcFace,/content/face_module/dataset_extractedfaces/vggface2_pairs/n000012_0183_01.jpg,/content/face_module/dataset_extractedfaces/vggface2_pairs/n000014_0113_01.jpg,vggface2_pairs,impersonation_attack,eval,IR152,clean,clean,-0.0263524763286113,IR152_clean
21,Facenet512,/content/face_module/dataset_extractedfaces/vggface2_pairs/n000012_0183_01.jpg,/content/face_module/dataset_extractedfaces/vggface2_pairs/n000014_0113_01.jpg,vggface2_pairs,impersonation_attack,eval,IR152,clean,clean,-0.0263524763286113,IR152_clean
21,GhostFaceNet,/content/face_module/dataset_extractedfaces/vggface2_pairs/n000012_0183_01.jpg,/content/face_module/dataset_extractedfaces/vggface2_pairs/n000014_0113_01.jpg,vggface2_pairs,impersonation_attack,eval,IR152,clean,clean,-0.0263524763286113,IR152_clean
21,VGG-Face,/content/face_module/dataset_extractedfaces/vggface2_pairs/n000012_0183_01.jpg,/content/face_module/dataset_extractedfaces/vggface2_pairs/n000014_0113_01.jpg,vggface2_pairs,impersonation_attack,eval,IR152,clean,clean,-0.0263524763286113,IR152_clean
21,ArcFace,/content/face_module/dataset_extractedfaces/vggface2_pairs/n000012_0183_01.jpg,/content/face_module/dataset_extractedfaces/vggface2_pairs/n000014_0113_01.jpg,vggface2_pairs,impersonation_attack,eval,IR152,BPA_CNN,vanilla,0.06925980001688,IR152_BPA_CNN_adv
21,Facenet512,/content/face_module/dataset_extractedfaces/vggface2_pairs/n000012_0183_01.jpg,/content/face_module/dataset_extractedfaces/vggface2_pairs/n000014_0113_01.jpg,vggface2_pairs,impersonation_attack,eval,IR152,BPA_CNN,vanilla,0.0183269493281841,IR152_BPA_CNN_adv
21,GhostFaceNet,/content/face_module/dataset_extractedfaces/vggface2_pairs/n000012_0183_01.jpg,/content/face_module/dataset_extractedfaces/vggface2_pairs/n000014_0113_01.jpg,vggface2_pairs,impersonation_attack,eval,IR152,BPA_CNN,vanilla,0.0452523045241832,IR152_BPA_CNN_adv
21,VGG-Face,/content/face_module/dataset_extractedfaces/vggface2_pairs/n000012_0183_01.jpg,/content/face_module/dataset_extractedfaces/vggface2_pairs/n000014_0113_01.jpg,vggface2_pairs,impersonation_attack,eval,IR152,BPA_CNN,vanilla,-0.0261349752545356,IR152_BPA_CNN_adv
6,ArcFace,/content/face_module/dataset_extractedfaces/lfw_pairs/Luiz Inacio Lula da Silva_7.jpg,/content/face_module/dataset_extractedfaces/lfw_pairs/Luiz Inacio Lula da Silva_8.jpg,lfw_pairs,dodging_attack,eval,IR152,clean,clean,0.4096411168575287,IR152_clean
6,Facenet512,/content/face_module/dataset_extractedfaces/lfw_pairs/Luiz Inacio Lula da Silva_7.jpg,/content/face_module/dataset_extractedfaces/lfw_pairs/Luiz Inacio Lula da Silva_8.jpg,lfw_pairs,dodging_attack,eval,IR152,clean,clean,0.4096411168575287,IR152_clean
6,GhostFaceNet,/content/face_module/dataset_extractedfaces/lfw_pairs/Luiz Inacio Lula da Silva_7.jpg,/content/face_module/dataset_extractedfaces/lfw_pairs/Luiz Inacio Lula da Silva_8.jpg,lfw_pairs,dodging_attack,eval,IR152,clean,clean,0.4096411168575287,IR152_clean
6,VGG-Face,/content/face_module/dataset_extractedfaces/lfw_pairs/Luiz Inacio Lula da Silva_7.jpg,/content/face_module/dataset_extractedfaces/lfw_pairs/Luiz Inacio Lula da Silva_8.jpg,lfw_pairs,dodging_attack,eval,IR152,clean,clean,0.4096411168575287,IR152_clean
6,ArcFace,/content/face_module/dataset_extractedfaces/lfw_pairs/Luiz Inacio Lula da Silva_7.jpg,/content/face_module/dataset_extractedfaces/lfw_pairs/Luiz Inacio Lula da Silva_8.jpg,lfw_pairs,dodging_attack,eval,IR152,BPA_CNN,vanilla,0.172341763973236,IR152_BPA_CNN_adv
6,Facenet512,/content/face_module/dataset_extractedfaces/lfw_pairs/Luiz Inacio Lula da Silva_7.jpg,/content/face_module/dataset_extractedfaces/lfw_pairs/Luiz Inacio Lula da Silva_8.jpg,lfw_pairs,dodging_attack,eval,IR152,BPA_CNN,vanilla,0.1434163451194763,IR152_BPA_CNN_adv
6,GhostFaceNet,/content/face_module/dataset_extractedfaces/lfw_pairs/Luiz Inacio Lula da Silva_7.jpg,/content/face_module/dataset_extractedfaces/lfw_pairs/Luiz Inacio Lula da Silva_8.jpg,lfw_pairs,dodging_attack,eval,IR152,BPA_CNN,vanilla,0.4008219838142395,IR152_BPA_CNN_adv
6,VGG-Face,/content/face_module/dataset_extractedfaces/lfw_pairs/Luiz Inacio Lula da Silva_7.jpg,/content/face_module/dataset_extractedfaces/lfw_pairs/Luiz Inacio Lula da Silva_8.jpg,lfw_pairs,dodging_attack,eval,IR152,BPA_CNN,vanilla,0.1479026973247528,IR152_BPA_CNN_adv
9,ArcFace,/content/face_module/dataset_extractedfaces/lfw_pairs/Colin Powell_75.jpg,/content/face_module/dataset_extractedfaces/lfw_pairs/Colin Powell_76.jpg,lfw_pairs,dodging_attack,eval,IR152,clean,clean,0.6754658818244934,IR152_clean
9,Facenet512,/content/face_module/dataset_extractedfaces/lfw_pairs/Colin Powell_75.jpg,/content/face_module/dataset_extractedfaces/lfw_pairs/Colin Powell_76.jpg,lfw_pairs,dodging_attack,eval,IR152,clean,clean,0.6754658818244934,IR152_clean
9,GhostFaceNet,/content/face_module/dataset_extractedfaces/lfw_pairs/Colin Powell_75.jpg,/content/face_module/dataset_extractedfaces/lfw_pairs/Colin Powell_76.jpg,lfw_pairs,dodging_attack,eval,IR152,clean,clean,0.6754658818244934,IR152_clean
9,VGG-Face,/content/face_module/dataset_extractedfaces/lfw_pairs/Colin Powell_75.jpg,/content/face_module/dataset_extractedfaces/lfw_pairs/Colin Powell_76.jpg,lfw_pairs,dodging_attack,eval,IR152,clean,clean,0.6754658818244934,IR152_clean
9,ArcFace,/content/face_module/dataset_extractedfaces/lfw_pairs/Colin Powell_75.jpg,/content/face_module/dataset_extractedfaces/lfw_pairs/Colin Powell_76.jpg,lfw_pairs,dodging_attack,eval,IR152,BPA_CNN,vanilla,0.3539734482765198,IR152_BPA_CNN_adv
9,Facenet512,/content/face_module/dataset_extractedfaces/lfw_pairs/Colin Powell_75.jpg,/content/face_module/dataset_extractedfaces/lfw_pairs/Colin Powell_76.jpg,lfw_pairs,dodging_attack,eval,IR152,BPA_CNN,vanilla,0.2716048955917358,IR152_BPA_CNN_adv
9,GhostFaceNet,/content/face_module/dataset_extractedfaces/lfw_pairs/Colin Powell_75.jpg,/content/face_module/dataset_extractedfaces/lfw_pairs/Colin Powell_76.jpg,lfw_pairs,dodging_attack,eval,IR152,BPA_CNN,vanilla,0.4816959798336029,IR152_BPA_CNN_adv
9,VGG-Face,/content/face_module/dataset_extractedfaces/lfw_pairs/Colin Powell_75.jpg,/content/face_module/dataset_extractedfaces/lfw_pairs/Colin Powell_76.jpg,lfw_pairs,dodging_attack,eval,IR152,BPA_CNN,vanilla,0.5371970534324646,IR152_BPA_CNN_adv
15,ArcFace,/content/face_module/dataset_extractedfaces/lfw_pairs/George W Bush_518.jpg,/content/face_module/dataset_extractedfaces/lfw_pairs/George W Bush_519.jpg,lfw_pairs,dodging_attack,eval,IR152,clean,clean,0.5632672309875488,IR152_clean
15,Facenet512,/content/face_module/dataset_extractedfaces/lfw_pairs/George W Bush_518.jpg,/content/face_module/dataset_extractedfaces/lfw_pairs/George W Bush_519.jpg,lfw_pairs,dodging_attack,eval,IR152,clean,clean,0.5632672309875488,IR152_clean
15,GhostFaceNet,/content/face_module/dataset_extractedfaces/lfw_pairs/George W Bush_518.jpg,/content/face_module/dataset_extractedfaces/lfw_pairs/George W Bush_519.jpg,lfw_pairs,dodging_attack,eval,IR152,clean,clean,0.5632672309875488,IR152_clean
15,VGG-Face,/content/face_module/dataset_extractedfaces/lfw_pairs/George W Bush_518.jpg,/content/face_module/dataset_extractedfaces/lfw_pairs/George W Bush_519.jpg,lfw_pairs,dodging_attack,eval,IR152,clean,clean,0.5632672309875488,IR152_clean
15,ArcFace,/content/face_module/dataset_extractedfaces/lfw_pairs/George W Bush_518.jpg,/content/face_module/dataset_extractedfaces/lfw_pairs/George W Bush_519.jpg,lfw_pairs,dodging_attack,eval,IR152,BPA_CNN,vanilla,0.0673088580369949,IR152_BPA_CNN_adv
15,Facenet512,/content/face_module/dataset_extractedfaces/lfw_pairs/George W Bush_518.jpg,/content/face_module/dataset_extractedfaces/lfw_pairs/George W Bush_519.jpg,lfw_pairs,dodging_attack,eval,IR152,BPA_CNN,vanilla,0.1958090960979461,IR152_BPA_CNN_adv
15,GhostFaceNet,/content/face_module/dataset_extractedfaces/lfw_pairs/George W Bush_518.jpg,/content/face_module/dataset_extractedfaces/lfw_pairs/George W Bush_519.jpg,lfw_pairs,dodging_attack,eval,IR152,BPA_CNN,vanilla,0.4004640281200409,IR152_BPA_CNN_adv
15,VGG-Face,/content/face_module/dataset_extractedfaces/lfw_pairs/George W Bush_518.jpg,/content/face_module/dataset_extractedfaces/lfw_pairs/George W Bush_519.jpg,lfw_pairs,dodging_attack,eval,IR152,BPA_CNN,vanilla,0.2977528572082519,IR152_BPA_CNN_adv
16,ArcFace,/content/face_module/dataset_extractedfaces/lfw_pairs/Colin Powell_24.jpg,/content/face_module/dataset_extractedfaces/lfw_pairs/Colin Powell_25.jpg,lfw_pairs,dodging_attack,eval,IR152,clean,clean,0.5704071521759033,IR152_clean
16,Facenet512,/content/face_module/dataset_extractedfaces/lfw_pairs/Colin Powell_24.jpg,/content/face_module/dataset_extractedfaces/lfw_pairs/Colin Powell_25.jpg,lfw_pairs,dodging_attack,eval,IR152,clean,clean,0.5704071521759033,IR152_clean
16,GhostFaceNet,/content/face_module/dataset_extractedfaces/lfw_pairs/Colin Powell_24.jpg,/content/face_module/dataset_extractedfaces/lfw_pairs/Colin Powell_25.jpg,lfw_pairs,dodging_attack,eval,IR152,clean,clean,0.5704071521759033,IR152_clean
16,VGG-Face,/content/face_module/dataset_extractedfaces/lfw_pairs/Colin Powell_24.jpg,/content/face_module/dataset_extractedfaces/lfw_pairs/Colin Powell_25.jpg,lfw_pairs,dodging_attack,eval,IR152,clean,clean,0.5704071521759033,IR152_clean
16,ArcFace,/content/face_module/dataset_extractedfaces/lfw_pairs/Colin Powell_24.jpg,/content/face_module/dataset_extractedfaces/lfw_pairs/Colin Powell_25.jpg,lfw_pairs,dodging_attack,eval,IR152,BPA_CNN,vanilla,0.3596872687339782,IR152_BPA_CNN_adv
16,Facenet512,/content/face_module/dataset_extractedfaces/lfw_pairs/Colin Powell_24.jpg,/content/face_module/dataset_extractedfaces/lfw_pairs/Colin Powell_25.jpg,lfw_pairs,dodging_attack,eval,IR152,BPA_CNN,vanilla,0.2363328039646148,IR152_BPA_CNN_adv
16,GhostFaceNet,/content/face_module/dataset_extractedfaces/lfw_pairs/Colin Powell_24.jpg,/content/face_module/dataset_extractedfaces/lfw_pairs/Colin Powell_25.jpg,lfw_pairs,dodging_attack,eval,IR152,BPA_CNN,vanilla,0.4010544419288635,IR152_BPA_CNN_adv
16,VGG-Face,/content/face_module/dataset_extractedfaces/lfw_pairs/Colin Powell_24.jpg,/content/face_module/dataset_extractedfaces/lfw_pairs/Colin Powell_25.jpg,lfw_pairs,dodging_attack,eval,IR152,BPA_CNN,vanilla,0.3657633364200592,IR152_BPA_CNN_adv
23,ArcFace,/content/face_module/dataset_extractedfaces/lfw_pairs/Tom Daschle_5.jpg,/content/face_module/dataset_extractedfaces/lfw_pairs/Tom Daschle_6.jpg,lfw_pairs,dodging_attack,eval,IR152,clean,clean,0.6403071284294128,IR152_clean
23,Facenet512,/content/face_module/dataset_extractedfaces/lfw_pairs/Tom Daschle_5.jpg,/content/face_module/dataset_extractedfaces/lfw_pairs/Tom Daschle_6.jpg,lfw_pairs,dodging_attack,eval,IR152,clean,clean,0.6403071284294128,IR152_clean
23,GhostFaceNet,/content/face_module/dataset_extractedfaces/lfw_pairs/Tom Daschle_5.jpg,/content/face_module/dataset_extractedfaces/lfw_pairs/Tom Daschle_6.jpg,lfw_pairs,dodging_attack,eval,IR152,clean,clean,0.6403071284294128,IR152_clean
23,VGG-Face,/content/face_module/dataset_extractedfaces/lfw_pairs/Tom Daschle_5.jpg,/content/face_module/dataset_extractedfaces/lfw_pairs/Tom Daschle_6.jpg,lfw_pairs,dodging_attack,eval,IR152,clean,clean,0.6403071284294128,IR152_clean
23,ArcFace,/content/face_module/dataset_extractedfaces/lfw_pairs/Tom Daschle_5.jpg,/content/face_module/dataset_extractedfaces/lfw_pairs/Tom Daschle_6.jpg,lfw_pairs,dodging_attack,eval,IR152,BPA_CNN,vanilla,0.4405547678470611,IR152_BPA_CNN_adv
23,Facenet512,/content/face_module/dataset_extractedfaces/lfw_pairs/Tom Daschle_5.jpg,/content/face_module/dataset_extractedfaces/lfw_pairs/Tom Daschle_6.jpg,lfw_pairs,dodging_attack,eval,IR152,BPA_CNN,vanilla,0.3919210433959961,IR152_BPA_CNN_adv
23,GhostFaceNet,/content/face_module/dataset_extractedfaces/lfw_pairs/Tom Daschle_5.jpg,/content/face_module/dataset_extractedfaces/lfw_pairs/Tom Daschle_6.jpg,lfw_pairs,dodging_attack,eval,IR152,BPA_CNN,vanilla,0.5371686220169067,IR152_BPA_CNN_adv
23,VGG-Face,/content/face_module/dataset_extractedfaces/lfw_pairs/Tom Daschle_5.jpg,/content/face_module/dataset_extractedfaces/lfw_pairs/Tom Daschle_6.jpg,lfw_pairs,dodging_attack,eval,IR152,BPA_CNN,vanilla,0.3417278528213501,IR152_BPA_CNN_adv
18,ArcFace,/content/face_module/dataset_extractedfaces/celeba_pairs/092809.jpg,/content/face_module/dataset_extractedfaces/celeba_pairs/108708.jpg,celeba_pairs,dodging_attack,eval,IR152,clean,clean,0.707098126411438,IR152_clean
18,Facenet512,/content/face_module/dataset_extractedfaces/celeba_pairs/092809.jpg,/content/face_module/dataset_extractedfaces/celeba_pairs/108708.jpg,celeba_pairs,dodging_attack,eval,IR152,clean,clean,0.707098126411438,IR152_clean
18,GhostFaceNet,/content/face_module/dataset_extractedfaces/celeba_pairs/092809.jpg,/content/face_module/dataset_extractedfaces/celeba_pairs/108708.jpg,celeba_pairs,dodging_attack,eval,IR152,clean,clean,0.707098126411438,IR152_clean
18,VGG-Face,/content/face_module/dataset_extractedfaces/celeba_pairs/092809.jpg,/content/face_module/dataset_extractedfaces/celeba_pairs/108708.jpg,celeba_pairs,dodging_attack,eval,IR152,clean,clean,0.707098126411438,IR152_clean
18,ArcFace,/content/face_module/dataset_extractedfaces/celeba_pairs/092809.jpg,/content/face_module/dataset_extractedfaces/celeba_pairs/108708.jpg,celeba_pairs,dodging_attack,eval,IR152,BPA_CNN,vanilla,0.3006746172904968,IR152_BPA_CNN_adv
18,Facenet512,/content/face_module/dataset_extractedfaces/celeba_pairs/092809.jpg,/content/face_module/dataset_extractedfaces/celeba_pairs/108708.jpg,celeba_pairs,dodging_attack,eval,IR152,BPA_CNN,vanilla,0.2911919355392456,IR152_BPA_CNN_adv
18,GhostFaceNet,/content/face_module/dataset_extractedfaces/celeba_pairs/092809.jpg,/content/face_module/dataset_extractedfaces/celeba_pairs/108708.jpg,celeba_pairs,dodging_attack,eval,IR152,BPA_CNN,vanilla,0.3065851330757141,IR152_BPA_CNN_adv
18,VGG-Face,/content/face_module/dataset_extractedfaces/celeba_pairs/092809.jpg,/content/face_module/dataset_extractedfaces/celeba_pairs/108708.jpg,celeba_pairs,dodging_attack,eval,IR152,BPA_CNN,vanilla,0.2803419828414917,IR152_BPA_CNN_adv
27,ArcFace,/content/face_module/dataset_extractedfaces/celeba_pairs/023869.jpg,/content/face_module/dataset_extractedfaces/celeba_pairs/024923.jpg,celeba_pairs,dodging_attack,eval,IR152,clean,clean,0.7295129299163818,IR152_clean
27,Facenet512,/content/face_module/dataset_extractedfaces/celeba_pairs/023869.jpg,/content/face_module/dataset_extractedfaces/celeba_pairs/024923.jpg,celeba_pairs,dodging_attack,eval,IR152,clean,clean,0.7295129299163818,IR152_clean
27,GhostFaceNet,/content/face_module/dataset_extractedfaces/celeba_pairs/023869.jpg,/content/face_module/dataset_extractedfaces/celeba_pairs/024923.jpg,celeba_pairs,dodging_attack,eval,IR152,clean,clean,0.7295129299163818,IR152_clean
27,VGG-Face,/content/face_module/dataset_extractedfaces/celeba_pairs/023869.jpg,/content/face_module/dataset_extractedfaces/celeba_pairs/024923.jpg,celeba_pairs,dodging_attack,eval,IR152,clean,clean,0.7295129299163818,IR152_clean
27,ArcFace,/content/face_module/dataset_extractedfaces/celeba_pairs/023869.jpg,/content/face_module/dataset_extractedfaces/celeba_pairs/024923.jpg,celeba_pairs,dodging_attack,eval,IR152,BPA_CNN,vanilla,0.5034191012382507,IR152_BPA_CNN_adv
27,Facenet512,/content/face_module/dataset_extractedfaces/celeba_pairs/023869.jpg,/content/face_module/dataset_extractedfaces/celeba_pairs/024923.jpg,celeba_pairs,dodging_attack,eval,IR152,BPA_CNN,vanilla,0.4567930996417999,IR152_BPA_CNN_adv
27,GhostFaceNet,/content/face_module/dataset_extractedfaces/celeba_pairs/023869.jpg,/content/face_module/dataset_extractedfaces/celeba_pairs/024923.jpg,celeba_pairs,dodging_attack,eval,IR152,BPA_CNN,vanilla,0.5917102098464966,IR152_BPA_CNN_adv
27,VGG-Face,/content/face_module/dataset_extractedfaces/celeba_pairs/023869.jpg,/content/face_module/dataset_extractedfaces/celeba_pairs/024923.jpg,celeba_pairs,dodging_attack,eval,IR152,BPA_CNN,vanilla,0.5545089244842529,IR152_BPA_CNN_adv
28,ArcFace,/content/face_module/dataset_extractedfaces/celeba_pairs/130980.jpg,/content/face_module/dataset_extractedfaces/celeba_pairs/147767.jpg,celeba_pairs,dodging_attack,eval,IR152,clean,clean,0.6864032745361328,IR152_clean
28,Facenet512,/content/face_module/dataset_extractedfaces/celeba_pairs/130980.jpg,/content/face_module/dataset_extractedfaces/celeba_pairs/147767.jpg,celeba_pairs,dodging_attack,eval,IR152,clean,clean,0.6864032745361328,IR152_clean
28,GhostFaceNet,/content/face_module/dataset_extractedfaces/celeba_pairs/130980.jpg,/content/face_module/dataset_extractedfaces/celeba_pairs/147767.jpg,celeba_pairs,dodging_attack,eval,IR152,clean,clean,0.6864032745361328,IR152_clean
28,VGG-Face,/content/face_module/dataset_extractedfaces/celeba_pairs/130980.jpg,/content/face_module/dataset_extractedfaces/celeba_pairs/147767.jpg,celeba_pairs,dodging_attack,eval,IR152,clean,clean,0.6864032745361328,IR152_clean
28,ArcFace,/content/face_module/dataset_extractedfaces/celeba_pairs/130980.jpg,/content/face_module/dataset_extractedfaces/celeba_pairs/147767.jpg,celeba_pairs,dodging_attack,eval,IR152,BPA_CNN,vanilla,0.4525898396968841,IR152_BPA_CNN_adv
28,Facenet512,/content/face_module/dataset_extractedfaces/celeba_pairs/130980.jpg,/content/face_module/dataset_extractedfaces/celeba_pairs/147767.jpg,celeba_pairs,dodging_attack,eval,IR152,BPA_CNN,vanilla,0.2111232280731201,IR152_BPA_CNN_adv
28,GhostFaceNet,/content/face_module/dataset_extractedfaces/celeba_pairs/130980.jpg,/content/face_module/dataset_extractedfaces/celeba_pairs/147767.jpg,celeba_pairs,dodging_attack,eval,IR152,BPA_CNN,vanilla,0.5568909645080566,IR152_BPA_CNN_adv
28,VGG-Face,/content/face_module/dataset_extractedfaces/celeba_pairs/130980.jpg,/content/face_module/dataset_extractedfaces/celeba_pairs/147767.jpg,celeba_pairs,dodging_attack,eval,IR152,BPA_CNN,vanilla,0.3723069429397583,IR152_BPA_CNN_adv
30,ArcFace,/content/face_module/dataset_extractedfaces/celeba_pairs/042909.jpg,/content/face_module/dataset_extractedfaces/celeba_pairs/048579.jpg,celeba_pairs,dodging_attack,eval,IR152,clean,clean,0.676694929599762,IR152_clean
30,Facenet512,/content/face_module/dataset_extractedfaces/celeba_pairs/042909.jpg,/content/face_module/dataset_extractedfaces/celeba_pairs/048579.jpg,celeba_pairs,dodging_attack,eval,IR152,clean,clean,0.676694929599762,IR152_clean
30,GhostFaceNet,/content/face_module/dataset_extractedfaces/celeba_pairs/042909.jpg,/content/face_module/dataset_extractedfaces/celeba_pairs/048579.jpg,celeba_pairs,dodging_attack,eval,IR152,clean,clean,0.676694929599762,IR152_clean
30,VGG-Face,/content/face_module/dataset_extractedfaces/celeba_pairs/042909.jpg,/content/face_module/dataset_extractedfaces/celeba_pairs/048579.jpg,celeba_pairs,dodging_attack,eval,IR152,clean,clean,0.676694929599762,IR152_clean
30,ArcFace,/content/face_module/dataset_extractedfaces/celeba_pairs/042909.jpg,/content/face_module/dataset_extractedfaces/celeba_pairs/048579.jpg,celeba_pairs,dodging_attack,eval,IR152,BPA_CNN,vanilla,0.2005079090595245,IR152_BPA_CNN_adv
30,Facenet512,/content/face_module/dataset_extractedfaces/celeba_pairs/042909.jpg,/content/face_module/dataset_extractedfaces/celeba_pairs/048579.jpg,celeba_pairs,dodging_attack,eval,IR152,BPA_CNN,vanilla,0.2305150181055069,IR152_BPA_CNN_adv
30,GhostFaceNet,/content/face_module/dataset_extractedfaces/celeba_pairs/042909.jpg,/content/face_module/dataset_extractedfaces/celeba_pairs/048579.jpg,celeba_pairs,dodging_attack,eval,IR152,BPA_CNN,vanilla,0.2156216651201248,IR152_BPA_CNN_adv
30,VGG-Face,/content/face_module/dataset_extractedfaces/celeba_pairs/042909.jpg,/content/face_module/dataset_extractedfaces/celeba_pairs/048579.jpg,celeba_pairs,dodging_attack,eval,IR152,BPA_CNN,vanilla,0.2731363177299499,IR152_BPA_CNN_adv
33,ArcFace,/content/face_module/dataset_extractedfaces/celeba_pairs/169016.jpg,/content/face_module/dataset_extractedfaces/celeba_pairs/171037.jpg,celeba_pairs,dodging_attack,eval,IR152,clean,clean,0.7868037819862366,IR152_clean
33,Facenet512,/content/face_module/dataset_extractedfaces/celeba_pairs/169016.jpg,/content/face_module/dataset_extractedfaces/celeba_pairs/171037.jpg,celeba_pairs,dodging_attack,eval,IR152,clean,clean,0.7868037819862366,IR152_clean
33,GhostFaceNet,/content/face_module/dataset_extractedfaces/celeba_pairs/169016.jpg,/content/face_module/dataset_extractedfaces/celeba_pairs/171037.jpg,celeba_pairs,dodging_attack,eval,IR152,clean,clean,0.7868037819862366,IR152_clean
33,VGG-Face,/content/face_module/dataset_extractedfaces/celeba_pairs/169016.jpg,/content/face_module/dataset_extractedfaces/celeba_pairs/171037.jpg,celeba_pairs,dodging_attack,eval,IR152,clean,clean,0.7868037819862366,IR152_clean
33,ArcFace,/content/face_module/dataset_extractedfaces/celeba_pairs/169016.jpg,/content/face_module/dataset_extractedfaces/celeba_pairs/171037.jpg,celeba_pairs,dodging_attack,eval,IR152,BPA_CNN,vanilla,0.4725439846515655,IR152_BPA_CNN_adv
33,Facenet512,/content/face_module/dataset_extractedfaces/celeba_pairs/169016.jpg,/content/face_module/dataset_extractedfaces/celeba_pairs/171037.jpg,celeba_pairs,dodging_attack,eval,IR152,BPA_CNN,vanilla,0.4101070761680603,IR152_BPA_CNN_adv
33,GhostFaceNet,/content/face_module/dataset_extractedfaces/celeba_pairs/169016.jpg,/content/face_module/dataset_extractedfaces/celeba_pairs/171037.jpg,celeba_pairs,dodging_attack,eval,IR152,BPA_CNN,vanilla,0.5918071866035461,IR152_BPA_CNN_adv
33,VGG-Face,/content/face_module/dataset_extractedfaces/celeba_pairs/169016.jpg,/content/face_module/dataset_extractedfaces/celeba_pairs/171037.jpg,celeba_pairs,dodging_attack,eval,IR152,BPA_CNN,vanilla,0.4410700798034668,IR152_BPA_CNN_adv
1,ArcFace,/content/face_module/dataset_extractedfaces/vggface2_pairs/n000007_0113_01.jpg,/content/face_module/dataset_extractedfaces/vggface2_pairs/n000007_0122_01.jpg,vggface2_pairs,dodging_attack,eval,IR152,clean,clean,0.634651780128479,IR152_clean
1,Facenet512,/content/face_module/dataset_extractedfaces/vggface2_pairs/n000007_0113_01.jpg,/content/face_module/dataset_extractedfaces/vggface2_pairs/n000007_0122_01.jpg,vggface2_pairs,dodging_attack,eval,IR152,clean,clean,0.634651780128479,IR152_clean
1,GhostFaceNet,/content/face_module/dataset_extractedfaces/vggface2_pairs/n000007_0113_01.jpg,/content/face_module/dataset_extractedfaces/vggface2_pairs/n000007_0122_01.jpg,vggface2_pairs,dodging_attack,eval,IR152,clean,clean,0.634651780128479,IR152_clean
1,VGG-Face,/content/face_module/dataset_extractedfaces/vggface2_pairs/n000007_0113_01.jpg,/content/face_module/dataset_extractedfaces/vggface2_pairs/n000007_0122_01.jpg,vggface2_pairs,dodging_attack,eval,IR152,clean,clean,0.634651780128479,IR152_clean
1,ArcFace,/content/face_module/dataset_extractedfaces/vggface2_pairs/n000007_0113_01.jpg,/content/face_module/dataset_extractedfaces/vggface2_pairs/n000007_0122_01.jpg,vggface2_pairs,dodging_attack,eval,IR152,BPA_CNN,vanilla,0.4421494603157043,IR152_BPA_CNN_adv
1,Facenet512,/content/face_module/dataset_extractedfaces/vggface2_pairs/n000007_0113_01.jpg,/content/face_module/dataset_extractedfaces/vggface2_pairs/n000007_0122_01.jpg,vggface2_pairs,dodging_attack,eval,IR152,BPA_CNN,vanilla,0.3291327357292175,IR152_BPA_CNN_adv
1,GhostFaceNet,/content/face_module/dataset_extractedfaces/vggface2_pairs/n000007_0113_01.jpg,/content/face_module/dataset_extractedfaces/vggface2_pairs/n000007_0122_01.jpg,vggface2_pairs,dodging_attack,eval,IR152,BPA_CNN,vanilla,0.5707467794418335,IR152_BPA_CNN_adv
1,VGG-Face,/content/face_module/dataset_extractedfaces/vggface2_pairs/n000007_0113_01.jpg,/content/face_module/dataset_extractedfaces/vggface2_pairs/n000007_0122_01.jpg,vggface2_pairs,dodging_attack,eval,IR152,BPA_CNN,vanilla,0.2550911605358124,IR152_BPA_CNN_adv
4,ArcFace,/content/face_module/dataset_extractedfaces/vggface2_pairs/n000008_0256_01.jpg,/content/face_module/dataset_extractedfaces/vggface2_pairs/n000008_0348_01.jpg,vggface2_pairs,dodging_attack,eval,IR152,clean,clean,0.3233876526355743,IR152_clean
4,Facenet512,/content/face_module/dataset_extractedfaces/vggface2_pairs/n000008_0256_01.jpg,/content/face_module/dataset_extractedfaces/vggface2_pairs/n000008_0348_01.jpg,vggface2_pairs,dodging_attack,eval,IR152,clean,clean,0.3233876526355743,IR152_clean
4,GhostFaceNet,/content/face_module/dataset_extractedfaces/vggface2_pairs/n000008_0256_01.jpg,/content/face_module/dataset_extractedfaces/vggface2_pairs/n000008_0348_01.jpg,vggface2_pairs,dodging_attack,eval,IR152,clean,clean,0.3233876526355743,IR152_clean
4,VGG-Face,/content/face_module/dataset_extractedfaces/vggface2_pairs/n000008_0256_01.jpg,/content/face_module/dataset_extractedfaces/vggface2_pairs/n000008_0348_01.jpg,vggface2_pairs,dodging_attack,eval,IR152,clean,clean,0.3233876526355743,IR152_clean
4,ArcFace,/content/face_module/dataset_extractedfaces/vggface2_pairs/n000008_0256_01.jpg,/content/face_module/dataset_extractedfaces/vggface2_pairs/n000008_0348_01.jpg,vggface2_pairs,dodging_attack,eval,IR152,BPA_CNN,vanilla,0.2367883920669555,IR152_BPA_CNN_adv
4,Facenet512,/content/face_module/dataset_extractedfaces/vggface2_pairs/n000008_0256_01.jpg,/content/face_module/dataset_extractedfaces/vggface2_pairs/n000008_0348_01.jpg,vggface2_pairs,dodging_attack,eval,IR152,BPA_CNN,vanilla,0.1767919957637787,IR152_BPA_CNN_adv
4,GhostFaceNet,/content/face_module/dataset_extractedfaces/vggface2_pairs/n000008_0256_01.jpg,/content/face_module/dataset_extractedfaces/vggface2_pairs/n000008_0348_01.jpg,vggface2_pairs,dodging_attack,eval,IR152,BPA_CNN,vanilla,0.1798068583011627,IR152_BPA_CNN_adv
4,VGG-Face,/content/face_module/dataset_extractedfaces/vggface2_pairs/n000008_0256_01.jpg,/content/face_module/dataset_extractedfaces/vggface2_pairs/n000008_0348_01.jpg,vggface2_pairs,dodging_attack,eval,IR152,BPA_CNN,vanilla,0.1623741388320922,IR152_BPA_CNN_adv
7,ArcFace,/content/face_module/dataset_extractedfaces/vggface2_pairs/n000010_0058_01.jpg,/content/face_module/dataset_extractedfaces/vggface2_pairs/n000010_0081_01.jpg,vggface2_pairs,dodging_attack,eval,IR152,clean,clean,0.6537523865699768,IR152_clean
7,Facenet512,/content/face_module/dataset_extractedfaces/vggface2_pairs/n000010_0058_01.jpg,/content/face_module/dataset_extractedfaces/vggface2_pairs/n000010_0081_01.jpg,vggface2_pairs,dodging_attack,eval,IR152,clean,clean,0.6537523865699768,IR152_clean
7,GhostFaceNet,/content/face_module/dataset_extractedfaces/vggface2_pairs/n000010_0058_01.jpg,/content/face_module/dataset_extractedfaces/vggface2_pairs/n000010_0081_01.jpg,vggface2_pairs,dodging_attack,eval,IR152,clean,clean,0.6537523865699768,IR152_clean
7,VGG-Face,/content/face_module/dataset_extractedfaces/vggface2_pairs/n000010_0058_01.jpg,/content/face_module/dataset_extractedfaces/vggface2_pairs/n000010_0081_01.jpg,vggface2_pairs,dodging_attack,eval,IR152,clean,clean,0.6537523865699768,IR152_clean
7,ArcFace,/content/face_module/dataset_extractedfaces/vggface2_pairs/n000010_0058_01.jpg,/content/face_module/dataset_extractedfaces/vggface2_pairs/n000010_0081_01.jpg,vggface2_pairs,dodging_attack,eval,IR152,BPA_CNN,vanilla,0.3336290121078491,IR152_BPA_CNN_adv
7,Facenet512,/content/face_module/dataset_extractedfaces/vggface2_pairs/n000010_0058_01.jpg,/content/face_module/dataset_extractedfaces/vggface2_pairs/n000010_0081_01.jpg,vggface2_pairs,dodging_attack,eval,IR152,BPA_CNN,vanilla,0.2345876693725586,IR152_BPA_CNN_adv
7,GhostFaceNet,/content/face_module/dataset_extractedfaces/vggface2_pairs/n000010_0058_01.jpg,/content/face_module/dataset_extractedfaces/vggface2_pairs/n000010_0081_01.jpg,vggface2_pairs,dodging_attack,eval,IR152,BPA_CNN,vanilla,0.3365915417671203,IR152_BPA_CNN_adv
7,VGG-Face,/content/face_module/dataset_extractedfaces/vggface2_pairs/n000010_0058_01.jpg,/content/face_module/dataset_extractedfaces/vggface2_pairs/n000010_0081_01.jpg,vggface2_pairs,dodging_attack,eval,IR152,BPA_CNN,vanilla,0.1840811669826507,IR152_BPA_CNN_adv
10,ArcFace,/content/face_module/dataset_extractedfaces/vggface2_pairs/n000005_0022_01.jpg,/content/face_module/dataset_extractedfaces/vggface2_pairs/n000005_0076_01.jpg,vggface2_pairs,dodging_attack,eval,IR152,clean,clean,0.7079440355300903,IR152_clean
10,Facenet512,/content/face_module/dataset_extractedfaces/vggface2_pairs/n000005_0022_01.jpg,/content/face_module/dataset_extractedfaces/vggface2_pairs/n000005_0076_01.jpg,vggface2_pairs,dodging_attack,eval,IR152,clean,clean,0.7079440355300903,IR152_clean
10,GhostFaceNet,/content/face_module/dataset_extractedfaces/vggface2_pairs/n000005_0022_01.jpg,/content/face_module/dataset_extractedfaces/vggface2_pairs/n000005_0076_01.jpg,vggface2_pairs,dodging_attack,eval,IR152,clean,clean,0.7079440355300903,IR152_clean
10,VGG-Face,/content/face_module/dataset_extractedfaces/vggface2_pairs/n000005_0022_01.jpg,/content/face_module/dataset_extractedfaces/vggface2_pairs/n000005_0076_01.jpg,vggface2_pairs,dodging_attack,eval,IR152,clean,clean,0.7079440355300903,IR152_clean
10,ArcFace,/content/face_module/dataset_extractedfaces/vggface2_pairs/n000005_0022_01.jpg,/content/face_module/dataset_extractedfaces/vggface2_pairs/n000005_0076_01.jpg,vggface2_pairs,dodging_attack,eval,IR152,BPA_CNN,vanilla,0.519762396812439,IR152_BPA_CNN_adv
10,Facenet512,/content/face_module/dataset_extractedfaces/vggface2_pairs/n000005_0022_01.jpg,/content/face_module/dataset_extractedfaces/vggface2_pairs/n000005_0076_01.jpg,vggface2_pairs,dodging_attack,eval,IR152,BPA_CNN,vanilla,0.3723384737968445,IR152_BPA_CNN_adv
10,GhostFaceNet,/content/face_module/dataset_extractedfaces/vggface2_pairs/n000005_0022_01.jpg,/content/face_module/dataset_extractedfaces/vggface2_pairs/n000005_0076_01.jpg,vggface2_pairs,dodging_attack,eval,IR152,BPA_CNN,vanilla,0.5224802494049072,IR152_BPA_CNN_adv
10,VGG-Face,/content/face_module/dataset_extractedfaces/vggface2_pairs/n000005_0022_01.jpg,/content/face_module/dataset_extractedfaces/vggface2_pairs/n000005_0076_01.jpg,vggface2_pairs,dodging_attack,eval,IR152,BPA_CNN,vanilla,0.4404688775539398,IR152_BPA_CNN_adv
11,ArcFace,/content/face_module/dataset_extractedfaces/vggface2_pairs/n000007_0176_01.jpg,/content/face_module/dataset_extractedfaces/vggface2_pairs/n000007_0335_03.jpg,vggface2_pairs,dodging_attack,eval,IR152,clean,clean,0.476504236459732,IR152_clean
11,Facenet512,/content/face_module/dataset_extractedfaces/vggface2_pairs/n000007_0176_01.jpg,/content/face_module/dataset_extractedfaces/vggface2_pairs/n000007_0335_03.jpg,vggface2_pairs,dodging_attack,eval,IR152,clean,clean,0.476504236459732,IR152_clean
11,GhostFaceNet,/content/face_module/dataset_extractedfaces/vggface2_pairs/n000007_0176_01.jpg,/content/face_module/dataset_extractedfaces/vggface2_pairs/n000007_0335_03.jpg,vggface2_pairs,dodging_attack,eval,IR152,clean,clean,0.476504236459732,IR152_clean
11,VGG-Face,/content/face_module/dataset_extractedfaces/vggface2_pairs/n000007_0176_01.jpg,/content/face_module/dataset_extractedfaces/vggface2_pairs/n000007_0335_03.jpg,vggface2_pairs,dodging_attack,eval,IR152,clean,clean,0.476504236459732,IR152_clean
11,ArcFace,/content/face_module/dataset_extractedfaces/vggface2_pairs/n000007_0176_01.jpg,/content/face_module/dataset_extractedfaces/vggface2_pairs/n000007_0335_03.jpg,vggface2_pairs,dodging_attack,eval,IR152,BPA_CNN,vanilla,0.2522050738334656,IR152_BPA_CNN_adv
11,Facenet512,/content/face_module/dataset_extractedfaces/vggface2_pairs/n000007_0176_01.jpg,/content/face_module/dataset_extractedfaces/vggface2_pairs/n000007_0335_03.jpg,vggface2_pairs,dodging_attack,eval,IR152,BPA_CNN,vanilla,0.1492338478565216,IR152_BPA_CNN_adv
11,GhostFaceNet,/content/face_module/dataset_extractedfaces/vggface2_pairs/n000007_0176_01.jpg,/content/face_module/dataset_extractedfaces/vggface2_pairs/n000007_0335_03.jpg,vggface2_pairs,dodging_attack,eval,IR152,BPA_CNN,vanilla,0.3296907544136047,IR152_BPA_CNN_adv
11,VGG-Face,/content/face_module/dataset_extractedfaces/vggface2_pairs/n000007_0176_01.jpg,/content/face_module/dataset_extractedfaces/vggface2_pairs/n000007_0335_03.jpg,vggface2_pairs,dodging_attack,eval,IR152,BPA_CNN,vanilla,0.2504879832267761,IR152_BPA_CNN_adv
