row_id,attacker_model,img1,img2,dataset,attack_type,source_csv,victim_model,attack_method,variant,similarity,source_column
0,ArcFace,/content/face_module/dataset_extractedfaces/lfw_pairs/Renee Zellweger_1.jpg,/content/face_module/dataset_extractedfaces/lfw_pairs/Catherine Deneuve_2.jpg,lfw_pairs,impersonation_attack,eval,Facenet512,clean,clean,0.203782856464386,Facenet512_clean
0,Facenet512,/content/face_module/dataset_extractedfaces/lfw_pairs/Renee Zellweger_1.jpg,/content/face_module/dataset_extractedfaces/lfw_pairs/Catherine Deneuve_2.jpg,lfw_pairs,impersonation_attack,eval,Facenet512,clean,clean,0.203782856464386,Facenet512_clean
0,GhostFaceNet,/content/face_module/dataset_extractedfaces/lfw_pairs/Renee Zellweger_1.jpg,/content/face_module/dataset_extractedfaces/lfw_pairs/Catherine Deneuve_2.jpg,lfw_pairs,impersonation_attack,eval,Facenet512,clean,clean,0.203782856464386,Facenet512_clean
0,VGG-Face,/content/face_module/dataset_extractedfaces/lfw_pairs/Renee Zellweger_1.jpg,/content/face_module/dataset_extractedfaces/lfw_pairs/Catherine Deneuve_2.jpg,lfw_pairs,impersonation_attack,eval,Facenet512,clean,clean,0.203782856464386,Facenet512_clean
0,ArcFace,/content/face_module/dataset_extractedfaces/lfw_pairs/Renee Zellweger_1.jpg,/content/face_module/dataset_extractedfaces/lfw_pairs/Catherine Deneuve_2.jpg,lfw_pairs,impersonation_attack,eval,Facenet512,PGD,vanilla,0.4942782819271087,Facenet512_PGD_adv
0,ArcFace,/content/face_module/dataset_extractedfaces/lfw_pairs/Renee Zellweger_1.jpg,/content/face_module/dataset_extractedfaces/lfw_pairs/Catherine Deneuve_2.jpg,lfw_pairs,impersonation_attack,eval,Facenet512,MI_FGSM,vanilla,0.7072520852088928,Facenet512_MI_FGSM_adv
0,ArcFace,/content/face_module/dataset_extractedfaces/lfw_pairs/Renee Zellweger_1.jpg,/content/face_module/dataset_extractedfaces/lfw_pairs/Catherine Deneuve_2.jpg,lfw_pairs,impersonation_attack,eval,Facenet512,TI_FGSM,vanilla,0.6047835946083069,Facenet512_TI_FGSM_adv
0,ArcFace,/content/face_module/dataset_extractedfaces/lfw_pairs/Renee Zellweger_1.jpg,/content/face_module/dataset_extractedfaces/lfw_pairs/Catherine Deneuve_2.jpg,lfw_pairs,impersonation_attack,eval,Facenet512,SI_NI_FGSM,vanilla,0.664053201675415,Facenet512_SI_NI_FGSM_adv
0,ArcFace,/content/face_module/dataset_extractedfaces/lfw_pairs/Renee Zellweger_1.jpg,/content/face_module/dataset_extractedfaces/lfw_pairs/Catherine Deneuve_2.jpg,lfw_pairs,impersonation_attack,eval,Facenet512,MI_ADMIX_DI_TI,vanilla,0.5582962036132812,Facenet512_MI_ADMIX_DI_TI_adv
0,GhostFaceNet,/content/face_module/dataset_extractedfaces/lfw_pairs/Renee Zellweger_1.jpg,/content/face_module/dataset_extractedfaces/lfw_pairs/Catherine Deneuve_2.jpg,lfw_pairs,impersonation_attack,eval,Facenet512,PGD,vanilla,0.2904832661151886,Facenet512_PGD_adv
0,GhostFaceNet,/content/face_module/dataset_extractedfaces/lfw_pairs/Renee Zellweger_1.jpg,/content/face_module/dataset_extractedfaces/lfw_pairs/Catherine Deneuve_2.jpg,lfw_pairs,impersonation_attack,eval,Facenet512,MI_FGSM,vanilla,0.2587789297103882,Facenet512_MI_FGSM_adv
0,GhostFaceNet,/content/face_module/dataset_extractedfaces/lfw_pairs/Renee Zellweger_1.jpg,/content/face_module/dataset_extractedfaces/lfw_pairs/Catherine Deneuve_2.jpg,lfw_pairs,impersonation_attack,eval,Facenet512,TI_FGSM,vanilla,0.2494884133338928,Facenet512_TI_FGSM_adv
0,GhostFaceNet,/content/face_module/dataset_extractedfaces/lfw_pairs/Renee Zellweger_1.jpg,/content/face_module/dataset_extractedfaces/lfw_pairs/Catherine Deneuve_2.jpg,lfw_pairs,impersonation_attack,eval,Facenet512,SI_NI_FGSM,vanilla,0.2760870158672333,Facenet512_SI_NI_FGSM_adv
0,GhostFaceNet,/content/face_module/dataset_extractedfaces/lfw_pairs/Renee Zellweger_1.jpg,/content/face_module/dataset_extractedfaces/lfw_pairs/Catherine Deneuve_2.jpg,lfw_pairs,impersonation_attack,eval,Facenet512,MI_ADMIX_DI_TI,vanilla,0.2673319280147552,Facenet512_MI_ADMIX_DI_TI_adv
0,VGG-Face,/content/face_module/dataset_extractedfaces/lfw_pairs/Renee Zellweger_1.jpg,/content/face_module/dataset_extractedfaces/lfw_pairs/Catherine Deneuve_2.jpg,lfw_pairs,impersonation_attack,eval,Facenet512,PGD,vanilla,0.5822709798812866,Facenet512_PGD_adv
0,VGG-Face,/content/face_module/dataset_extractedfaces/lfw_pairs/Renee Zellweger_1.jpg,/content/face_module/dataset_extractedfaces/lfw_pairs/Catherine Deneuve_2.jpg,lfw_pairs,impersonation_attack,eval,Facenet512,MI_FGSM,vanilla,0.6922020316123962,Facenet512_MI_FGSM_adv
0,VGG-Face,/content/face_module/dataset_extractedfaces/lfw_pairs/Renee Zellweger_1.jpg,/content/face_module/dataset_extractedfaces/lfw_pairs/Catherine Deneuve_2.jpg,lfw_pairs,impersonation_attack,eval,Facenet512,TI_FGSM,vanilla,0.7006357312202454,Facenet512_TI_FGSM_adv
0,VGG-Face,/content/face_module/dataset_extractedfaces/lfw_pairs/Renee Zellweger_1.jpg,/content/face_module/dataset_extractedfaces/lfw_pairs/Catherine Deneuve_2.jpg,lfw_pairs,impersonation_attack,eval,Facenet512,SI_NI_FGSM,vanilla,0.6806488633155823,Facenet512_SI_NI_FGSM_adv
0,VGG-Face,/content/face_module/dataset_extractedfaces/lfw_pairs/Renee Zellweger_1.jpg,/content/face_module/dataset_extractedfaces/lfw_pairs/Catherine Deneuve_2.jpg,lfw_pairs,impersonation_attack,eval,Facenet512,MI_ADMIX_DI_TI,vanilla,0.7143954634666443,Facenet512_MI_ADMIX_DI_TI_adv
32,ArcFace,/content/face_module/dataset_extractedfaces/lfw_pairs/Donald Rumsfeld_105.jpg,/content/face_module/dataset_extractedfaces/lfw_pairs/Paul Burrell_11.jpg,lfw_pairs,impersonation_attack,eval,Facenet512,clean,clean,0.0512039475142955,Facenet512_clean
32,Facenet512,/content/face_module/dataset_extractedfaces/lfw_pairs/Donald Rumsfeld_105.jpg,/content/face_module/dataset_extractedfaces/lfw_pairs/Paul Burrell_11.jpg,lfw_pairs,impersonation_attack,eval,Facenet512,clean,clean,0.0512039475142955,Facenet512_clean
32,GhostFaceNet,/content/face_module/dataset_extractedfaces/lfw_pairs/Donald Rumsfeld_105.jpg,/content/face_module/dataset_extractedfaces/lfw_pairs/Paul Burrell_11.jpg,lfw_pairs,impersonation_attack,eval,Facenet512,clean,clean,0.0512039475142955,Facenet512_clean
32,VGG-Face,/content/face_module/dataset_extractedfaces/lfw_pairs/Donald Rumsfeld_105.jpg,/content/face_module/dataset_extractedfaces/lfw_pairs/Paul Burrell_11.jpg,lfw_pairs,impersonation_attack,eval,Facenet512,clean,clean,0.0512039475142955,Facenet512_clean
32,ArcFace,/content/face_module/dataset_extractedfaces/lfw_pairs/Donald Rumsfeld_105.jpg,/content/face_module/dataset_extractedfaces/lfw_pairs/Paul Burrell_11.jpg,lfw_pairs,impersonation_attack,eval,Facenet512,PGD,vanilla,0.2577483355998993,Facenet512_PGD_adv
32,ArcFace,/content/face_module/dataset_extractedfaces/lfw_pairs/Donald Rumsfeld_105.jpg,/content/face_module/dataset_extractedfaces/lfw_pairs/Paul Burrell_11.jpg,lfw_pairs,impersonation_attack,eval,Facenet512,MI_FGSM,vanilla,0.4561870694160461,Facenet512_MI_FGSM_adv
32,ArcFace,/content/face_module/dataset_extractedfaces/lfw_pairs/Donald Rumsfeld_105.jpg,/content/face_module/dataset_extractedfaces/lfw_pairs/Paul Burrell_11.jpg,lfw_pairs,impersonation_attack,eval,Facenet512,TI_FGSM,vanilla,0.366553395986557,Facenet512_TI_FGSM_adv
32,ArcFace,/content/face_module/dataset_extractedfaces/lfw_pairs/Donald Rumsfeld_105.jpg,/content/face_module/dataset_extractedfaces/lfw_pairs/Paul Burrell_11.jpg,lfw_pairs,impersonation_attack,eval,Facenet512,SI_NI_FGSM,vanilla,0.474687784910202,Facenet512_SI_NI_FGSM_adv
32,ArcFace,/content/face_module/dataset_extractedfaces/lfw_pairs/Donald Rumsfeld_105.jpg,/content/face_module/dataset_extractedfaces/lfw_pairs/Paul Burrell_11.jpg,lfw_pairs,impersonation_attack,eval,Facenet512,MI_ADMIX_DI_TI,vanilla,0.4592261910438537,Facenet512_MI_ADMIX_DI_TI_adv
32,GhostFaceNet,/content/face_module/dataset_extractedfaces/lfw_pairs/Donald Rumsfeld_105.jpg,/content/face_module/dataset_extractedfaces/lfw_pairs/Paul Burrell_11.jpg,lfw_pairs,impersonation_attack,eval,Facenet512,PGD,vanilla,0.1563951224088668,Facenet512_PGD_adv
32,GhostFaceNet,/content/face_module/dataset_extractedfaces/lfw_pairs/Donald Rumsfeld_105.jpg,/content/face_module/dataset_extractedfaces/lfw_pairs/Paul Burrell_11.jpg,lfw_pairs,impersonation_attack,eval,Facenet512,MI_FGSM,vanilla,0.2525214552879333,Facenet512_MI_FGSM_adv
32,GhostFaceNet,/content/face_module/dataset_extractedfaces/lfw_pairs/Donald Rumsfeld_105.jpg,/content/face_module/dataset_extractedfaces/lfw_pairs/Paul Burrell_11.jpg,lfw_pairs,impersonation_attack,eval,Facenet512,TI_FGSM,vanilla,0.1976511180400848,Facenet512_TI_FGSM_adv
32,GhostFaceNet,/content/face_module/dataset_extractedfaces/lfw_pairs/Donald Rumsfeld_105.jpg,/content/face_module/dataset_extractedfaces/lfw_pairs/Paul Burrell_11.jpg,lfw_pairs,impersonation_attack,eval,Facenet512,SI_NI_FGSM,vanilla,0.2703319191932678,Facenet512_SI_NI_FGSM_adv
32,GhostFaceNet,/content/face_module/dataset_extractedfaces/lfw_pairs/Donald Rumsfeld_105.jpg,/content/face_module/dataset_extractedfaces/lfw_pairs/Paul Burrell_11.jpg,lfw_pairs,impersonation_attack,eval,Facenet512,MI_ADMIX_DI_TI,vanilla,0.2236122190952301,Facenet512_MI_ADMIX_DI_TI_adv
32,VGG-Face,/content/face_module/dataset_extractedfaces/lfw_pairs/Donald Rumsfeld_105.jpg,/content/face_module/dataset_extractedfaces/lfw_pairs/Paul Burrell_11.jpg,lfw_pairs,impersonation_attack,eval,Facenet512,PGD,vanilla,0.2931715548038482,Facenet512_PGD_adv
32,VGG-Face,/content/face_module/dataset_extractedfaces/lfw_pairs/Donald Rumsfeld_105.jpg,/content/face_module/dataset_extractedfaces/lfw_pairs/Paul Burrell_11.jpg,lfw_pairs,impersonation_attack,eval,Facenet512,MI_FGSM,vanilla,0.4741781949996948,Facenet512_MI_FGSM_adv
32,VGG-Face,/content/face_module/dataset_extractedfaces/lfw_pairs/Donald Rumsfeld_105.jpg,/content/face_module/dataset_extractedfaces/lfw_pairs/Paul Burrell_11.jpg,lfw_pairs,impersonation_attack,eval,Facenet512,TI_FGSM,vanilla,0.3520598709583282,Facenet512_TI_FGSM_adv
32,VGG-Face,/content/face_module/dataset_extractedfaces/lfw_pairs/Donald Rumsfeld_105.jpg,/content/face_module/dataset_extractedfaces/lfw_pairs/Paul Burrell_11.jpg,lfw_pairs,impersonation_attack,eval,Facenet512,SI_NI_FGSM,vanilla,0.4598251283168793,Facenet512_SI_NI_FGSM_adv
32,VGG-Face,/content/face_module/dataset_extractedfaces/lfw_pairs/Donald Rumsfeld_105.jpg,/content/face_module/dataset_extractedfaces/lfw_pairs/Paul Burrell_11.jpg,lfw_pairs,impersonation_attack,eval,Facenet512,MI_ADMIX_DI_TI,vanilla,0.5599310398101807,Facenet512_MI_ADMIX_DI_TI_adv
48,ArcFace,/content/face_module/dataset_extractedfaces/lfw_pairs/Renee Zellweger_14.jpg,/content/face_module/dataset_extractedfaces/lfw_pairs/Venus Williams_9.jpg,lfw_pairs,impersonation_attack,eval,Facenet512,clean,clean,-0.15889273583889,Facenet512_clean
48,Facenet512,/content/face_module/dataset_extractedfaces/lfw_pairs/Renee Zellweger_14.jpg,/content/face_module/dataset_extractedfaces/lfw_pairs/Venus Williams_9.jpg,lfw_pairs,impersonation_attack,eval,Facenet512,clean,clean,-0.15889273583889,Facenet512_clean
48,GhostFaceNet,/content/face_module/dataset_extractedfaces/lfw_pairs/Renee Zellweger_14.jpg,/content/face_module/dataset_extractedfaces/lfw_pairs/Venus Williams_9.jpg,lfw_pairs,impersonation_attack,eval,Facenet512,clean,clean,-0.15889273583889,Facenet512_clean
48,VGG-Face,/content/face_module/dataset_extractedfaces/lfw_pairs/Renee Zellweger_14.jpg,/content/face_module/dataset_extractedfaces/lfw_pairs/Venus Williams_9.jpg,lfw_pairs,impersonation_attack,eval,Facenet512,clean,clean,-0.15889273583889,Facenet512_clean
48,ArcFace,/content/face_module/dataset_extractedfaces/lfw_pairs/Renee Zellweger_14.jpg,/content/face_module/dataset_extractedfaces/lfw_pairs/Venus Williams_9.jpg,lfw_pairs,impersonation_attack,eval,Facenet512,PGD,vanilla,-0.0667568445205688,Facenet512_PGD_adv
48,ArcFace,/content/face_module/dataset_extractedfaces/lfw_pairs/Renee Zellweger_14.jpg,/content/face_module/dataset_extractedfaces/lfw_pairs/Venus Williams_9.jpg,lfw_pairs,impersonation_attack,eval,Facenet512,MI_FGSM,vanilla,0.0080317938700318,Facenet512_MI_FGSM_adv
48,ArcFace,/content/face_module/dataset_extractedfaces/lfw_pairs/Renee Zellweger_14.jpg,/content/face_module/dataset_extractedfaces/lfw_pairs/Venus Williams_9.jpg,lfw_pairs,impersonation_attack,eval,Facenet512,TI_FGSM,vanilla,0.0764321461319923,Facenet512_TI_FGSM_adv
48,ArcFace,/content/face_module/dataset_extractedfaces/lfw_pairs/Renee Zellweger_14.jpg,/content/face_module/dataset_extractedfaces/lfw_pairs/Venus Williams_9.jpg,lfw_pairs,impersonation_attack,eval,Facenet512,SI_NI_FGSM,vanilla,0.0814985036849975,Facenet512_SI_NI_FGSM_adv
48,ArcFace,/content/face_module/dataset_extractedfaces/lfw_pairs/Renee Zellweger_14.jpg,/content/face_module/dataset_extractedfaces/lfw_pairs/Venus Williams_9.jpg,lfw_pairs,impersonation_attack,eval,Facenet512,MI_ADMIX_DI_TI,vanilla,0.2122926414012909,Facenet512_MI_ADMIX_DI_TI_adv
48,GhostFaceNet,/content/face_module/dataset_extractedfaces/lfw_pairs/Renee Zellweger_14.jpg,/content/face_module/dataset_extractedfaces/lfw_pairs/Venus Williams_9.jpg,lfw_pairs,impersonation_attack,eval,Facenet512,PGD,vanilla,-0.1161764189600944,Facenet512_PGD_adv
48,GhostFaceNet,/content/face_module/dataset_extractedfaces/lfw_pairs/Renee Zellweger_14.jpg,/content/face_module/dataset_extractedfaces/lfw_pairs/Venus Williams_9.jpg,lfw_pairs,impersonation_attack,eval,Facenet512,MI_FGSM,vanilla,-0.1624847799539566,Facenet512_MI_FGSM_adv
48,GhostFaceNet,/content/face_module/dataset_extractedfaces/lfw_pairs/Renee Zellweger_14.jpg,/content/face_module/dataset_extractedfaces/lfw_pairs/Venus Williams_9.jpg,lfw_pairs,impersonation_attack,eval,Facenet512,TI_FGSM,vanilla,-0.089884266257286,Facenet512_TI_FGSM_adv
48,GhostFaceNet,/content/face_module/dataset_extractedfaces/lfw_pairs/Renee Zellweger_14.jpg,/content/face_module/dataset_extractedfaces/lfw_pairs/Venus Williams_9.jpg,lfw_pairs,impersonation_attack,eval,Facenet512,SI_NI_FGSM,vanilla,-0.1215186938643455,Facenet512_SI_NI_FGSM_adv
48,GhostFaceNet,/content/face_module/dataset_extractedfaces/lfw_pairs/Renee Zellweger_14.jpg,/content/face_module/dataset_extractedfaces/lfw_pairs/Venus Williams_9.jpg,lfw_pairs,impersonation_attack,eval,Facenet512,MI_ADMIX_DI_TI,vanilla,-0.130698874592781,Facenet512_MI_ADMIX_DI_TI_adv
48,VGG-Face,/content/face_module/dataset_extractedfaces/lfw_pairs/Renee Zellweger_14.jpg,/content/face_module/dataset_extractedfaces/lfw_pairs/Venus Williams_9.jpg,lfw_pairs,impersonation_attack,eval,Facenet512,PGD,vanilla,-0.0181005578488111,Facenet512_PGD_adv
48,VGG-Face,/content/face_module/dataset_extractedfaces/lfw_pairs/Renee Zellweger_14.jpg,/content/face_module/dataset_extractedfaces/lfw_pairs/Venus Williams_9.jpg,lfw_pairs,impersonation_attack,eval,Facenet512,MI_FGSM,vanilla,0.1287943124771118,Facenet512_MI_FGSM_adv
48,VGG-Face,/content/face_module/dataset_extractedfaces/lfw_pairs/Renee Zellweger_14.jpg,/content/face_module/dataset_extractedfaces/lfw_pairs/Venus Williams_9.jpg,lfw_pairs,impersonation_attack,eval,Facenet512,TI_FGSM,vanilla,0.0795605182647705,Facenet512_TI_FGSM_adv
48,VGG-Face,/content/face_module/dataset_extractedfaces/lfw_pairs/Renee Zellweger_14.jpg,/content/face_module/dataset_extractedfaces/lfw_pairs/Venus Williams_9.jpg,lfw_pairs,impersonation_attack,eval,Facenet512,SI_NI_FGSM,vanilla,0.1261983662843704,Facenet512_SI_NI_FGSM_adv
48,VGG-Face,/content/face_module/dataset_extractedfaces/lfw_pairs/Renee Zellweger_14.jpg,/content/face_module/dataset_extractedfaces/lfw_pairs/Venus Williams_9.jpg,lfw_pairs,impersonation_attack,eval,Facenet512,MI_ADMIX_DI_TI,vanilla,0.1702583879232406,Facenet512_MI_ADMIX_DI_TI_adv
57,ArcFace,/content/face_module/dataset_extractedfaces/lfw_pairs/Mike Weir_10.jpg,/content/face_module/dataset_extractedfaces/lfw_pairs/Luis Horna_2.jpg,lfw_pairs,impersonation_attack,eval,Facenet512,clean,clean,0.1256767809391021,Facenet512_clean
57,Facenet512,/content/face_module/dataset_extractedfaces/lfw_pairs/Mike Weir_10.jpg,/content/face_module/dataset_extractedfaces/lfw_pairs/Luis Horna_2.jpg,lfw_pairs,impersonation_attack,eval,Facenet512,clean,clean,0.1256767809391021,Facenet512_clean
57,GhostFaceNet,/content/face_module/dataset_extractedfaces/lfw_pairs/Mike Weir_10.jpg,/content/face_module/dataset_extractedfaces/lfw_pairs/Luis Horna_2.jpg,lfw_pairs,impersonation_attack,eval,Facenet512,clean,clean,0.1256767809391021,Facenet512_clean
57,VGG-Face,/content/face_module/dataset_extractedfaces/lfw_pairs/Mike Weir_10.jpg,/content/face_module/dataset_extractedfaces/lfw_pairs/Luis Horna_2.jpg,lfw_pairs,impersonation_attack,eval,Facenet512,clean,clean,0.1256767809391021,Facenet512_clean
57,ArcFace,/content/face_module/dataset_extractedfaces/lfw_pairs/Mike Weir_10.jpg,/content/face_module/dataset_extractedfaces/lfw_pairs/Luis Horna_2.jpg,lfw_pairs,impersonation_attack,eval,Facenet512,PGD,vanilla,0.2290067821741104,Facenet512_PGD_adv
57,ArcFace,/content/face_module/dataset_extractedfaces/lfw_pairs/Mike Weir_10.jpg,/content/face_module/dataset_extractedfaces/lfw_pairs/Luis Horna_2.jpg,lfw_pairs,impersonation_attack,eval,Facenet512,MI_FGSM,vanilla,0.3935655355453491,Facenet512_MI_FGSM_adv
57,ArcFace,/content/face_module/dataset_extractedfaces/lfw_pairs/Mike Weir_10.jpg,/content/face_module/dataset_extractedfaces/lfw_pairs/Luis Horna_2.jpg,lfw_pairs,impersonation_attack,eval,Facenet512,TI_FGSM,vanilla,0.2201057374477386,Facenet512_TI_FGSM_adv
57,ArcFace,/content/face_module/dataset_extractedfaces/lfw_pairs/Mike Weir_10.jpg,/content/face_module/dataset_extractedfaces/lfw_pairs/Luis Horna_2.jpg,lfw_pairs,impersonation_attack,eval,Facenet512,SI_NI_FGSM,vanilla,0.4016419351100921,Facenet512_SI_NI_FGSM_adv
57,ArcFace,/content/face_module/dataset_extractedfaces/lfw_pairs/Mike Weir_10.jpg,/content/face_module/dataset_extractedfaces/lfw_pairs/Luis Horna_2.jpg,lfw_pairs,impersonation_attack,eval,Facenet512,MI_ADMIX_DI_TI,vanilla,0.1942750960588455,Facenet512_MI_ADMIX_DI_TI_adv
57,GhostFaceNet,/content/face_module/dataset_extractedfaces/lfw_pairs/Mike Weir_10.jpg,/content/face_module/dataset_extractedfaces/lfw_pairs/Luis Horna_2.jpg,lfw_pairs,impersonation_attack,eval,Facenet512,PGD,vanilla,0.184244692325592,Facenet512_PGD_adv
57,GhostFaceNet,/content/face_module/dataset_extractedfaces/lfw_pairs/Mike Weir_10.jpg,/content/face_module/dataset_extractedfaces/lfw_pairs/Luis Horna_2.jpg,lfw_pairs,impersonation_attack,eval,Facenet512,MI_FGSM,vanilla,0.3402514159679413,Facenet512_MI_FGSM_adv
57,GhostFaceNet,/content/face_module/dataset_extractedfaces/lfw_pairs/Mike Weir_10.jpg,/content/face_module/dataset_extractedfaces/lfw_pairs/Luis Horna_2.jpg,lfw_pairs,impersonation_attack,eval,Facenet512,TI_FGSM,vanilla,0.1558576673269271,Facenet512_TI_FGSM_adv
57,GhostFaceNet,/content/face_module/dataset_extractedfaces/lfw_pairs/Mike Weir_10.jpg,/content/face_module/dataset_extractedfaces/lfw_pairs/Luis Horna_2.jpg,lfw_pairs,impersonation_attack,eval,Facenet512,SI_NI_FGSM,vanilla,0.342704564332962,Facenet512_SI_NI_FGSM_adv
57,GhostFaceNet,/content/face_module/dataset_extractedfaces/lfw_pairs/Mike Weir_10.jpg,/content/face_module/dataset_extractedfaces/lfw_pairs/Luis Horna_2.jpg,lfw_pairs,impersonation_attack,eval,Facenet512,MI_ADMIX_DI_TI,vanilla,0.1481968462467193,Facenet512_MI_ADMIX_DI_TI_adv
57,VGG-Face,/content/face_module/dataset_extractedfaces/lfw_pairs/Mike Weir_10.jpg,/content/face_module/dataset_extractedfaces/lfw_pairs/Luis Horna_2.jpg,lfw_pairs,impersonation_attack,eval,Facenet512,PGD,vanilla,0.4132400155067444,Facenet512_PGD_adv
57,VGG-Face,/content/face_module/dataset_extractedfaces/lfw_pairs/Mike Weir_10.jpg,/content/face_module/dataset_extractedfaces/lfw_pairs/Luis Horna_2.jpg,lfw_pairs,impersonation_attack,eval,Facenet512,MI_FGSM,vanilla,0.5416526794433594,Facenet512_MI_FGSM_adv
57,VGG-Face,/content/face_module/dataset_extractedfaces/lfw_pairs/Mike Weir_10.jpg,/content/face_module/dataset_extractedfaces/lfw_pairs/Luis Horna_2.jpg,lfw_pairs,impersonation_attack,eval,Facenet512,TI_FGSM,vanilla,0.4676402509212494,Facenet512_TI_FGSM_adv
57,VGG-Face,/content/face_module/dataset_extractedfaces/lfw_pairs/Mike Weir_10.jpg,/content/face_module/dataset_extractedfaces/lfw_pairs/Luis Horna_2.jpg,lfw_pairs,impersonation_attack,eval,Facenet512,SI_NI_FGSM,vanilla,0.4539422392845154,Facenet512_SI_NI_FGSM_adv
57,VGG-Face,/content/face_module/dataset_extractedfaces/lfw_pairs/Mike Weir_10.jpg,/content/face_module/dataset_extractedfaces/lfw_pairs/Luis Horna_2.jpg,lfw_pairs,impersonation_attack,eval,Facenet512,MI_ADMIX_DI_TI,vanilla,0.5175713300704956,Facenet512_MI_ADMIX_DI_TI_adv
60,ArcFace,/content/face_module/dataset_extractedfaces/lfw_pairs/Jason Kidd_9.jpg,/content/face_module/dataset_extractedfaces/lfw_pairs/Luiz Inacio Lula da Silva_22.jpg,lfw_pairs,impersonation_attack,eval,Facenet512,clean,clean,0.1686833798885345,Facenet512_clean
60,Facenet512,/content/face_module/dataset_extractedfaces/lfw_pairs/Jason Kidd_9.jpg,/content/face_module/dataset_extractedfaces/lfw_pairs/Luiz Inacio Lula da Silva_22.jpg,lfw_pairs,impersonation_attack,eval,Facenet512,clean,clean,0.1686833798885345,Facenet512_clean
60,GhostFaceNet,/content/face_module/dataset_extractedfaces/lfw_pairs/Jason Kidd_9.jpg,/content/face_module/dataset_extractedfaces/lfw_pairs/Luiz Inacio Lula da Silva_22.jpg,lfw_pairs,impersonation_attack,eval,Facenet512,clean,clean,0.1686833798885345,Facenet512_clean
60,VGG-Face,/content/face_module/dataset_extractedfaces/lfw_pairs/Jason Kidd_9.jpg,/content/face_module/dataset_extractedfaces/lfw_pairs/Luiz Inacio Lula da Silva_22.jpg,lfw_pairs,impersonation_attack,eval,Facenet512,clean,clean,0.1686833798885345,Facenet512_clean
60,ArcFace,/content/face_module/dataset_extractedfaces/lfw_pairs/Jason Kidd_9.jpg,/content/face_module/dataset_extractedfaces/lfw_pairs/Luiz Inacio Lula da Silva_22.jpg,lfw_pairs,impersonation_attack,eval,Facenet512,PGD,vanilla,0.3394195139408111,Facenet512_PGD_adv
60,ArcFace,/content/face_module/dataset_extractedfaces/lfw_pairs/Jason Kidd_9.jpg,/content/face_module/dataset_extractedfaces/lfw_pairs/Luiz Inacio Lula da Silva_22.jpg,lfw_pairs,impersonation_attack,eval,Facenet512,MI_FGSM,vanilla,0.4549794197082519,Facenet512_MI_FGSM_adv
60,ArcFace,/content/face_module/dataset_extractedfaces/lfw_pairs/Jason Kidd_9.jpg,/content/face_module/dataset_extractedfaces/lfw_pairs/Luiz Inacio Lula da Silva_22.jpg,lfw_pairs,impersonation_attack,eval,Facenet512,TI_FGSM,vanilla,0.3110024034976959,Facenet512_TI_FGSM_adv
60,ArcFace,/content/face_module/dataset_extractedfaces/lfw_pairs/Jason Kidd_9.jpg,/content/face_module/dataset_extractedfaces/lfw_pairs/Luiz Inacio Lula da Silva_22.jpg,lfw_pairs,impersonation_attack,eval,Facenet512,SI_NI_FGSM,vanilla,0.4870750904083252,Facenet512_SI_NI_FGSM_adv
60,ArcFace,/content/face_module/dataset_extractedfaces/lfw_pairs/Jason Kidd_9.jpg,/content/face_module/dataset_extractedfaces/lfw_pairs/Luiz Inacio Lula da Silva_22.jpg,lfw_pairs,impersonation_attack,eval,Facenet512,MI_ADMIX_DI_TI,vanilla,0.3537880182266235,Facenet512_MI_ADMIX_DI_TI_adv
60,GhostFaceNet,/content/face_module/dataset_extractedfaces/lfw_pairs/Jason Kidd_9.jpg,/content/face_module/dataset_extractedfaces/lfw_pairs/Luiz Inacio Lula da Silva_22.jpg,lfw_pairs,impersonation_attack,eval,Facenet512,PGD,vanilla,0.2310141026973724,Facenet512_PGD_adv
60,GhostFaceNet,/content/face_module/dataset_extractedfaces/lfw_pairs/Jason Kidd_9.jpg,/content/face_module/dataset_extractedfaces/lfw_pairs/Luiz Inacio Lula da Silva_22.jpg,lfw_pairs,impersonation_attack,eval,Facenet512,MI_FGSM,vanilla,0.2667233943939209,Facenet512_MI_FGSM_adv
60,GhostFaceNet,/content/face_module/dataset_extractedfaces/lfw_pairs/Jason Kidd_9.jpg,/content/face_module/dataset_extractedfaces/lfw_pairs/Luiz Inacio Lula da Silva_22.jpg,lfw_pairs,impersonation_attack,eval,Facenet512,TI_FGSM,vanilla,0.1545828431844711,Facenet512_TI_FGSM_adv
60,GhostFaceNet,/content/face_module/dataset_extractedfaces/lfw_pairs/Jason Kidd_9.jpg,/content/face_module/dataset_extractedfaces/lfw_pairs/Luiz Inacio Lula da Silva_22.jpg,lfw_pairs,impersonation_attack,eval,Facenet512,SI_NI_FGSM,vanilla,0.2996508181095123,Facenet512_SI_NI_FGSM_adv
60,GhostFaceNet,/content/face_module/dataset_extractedfaces/lfw_pairs/Jason Kidd_9.jpg,/content/face_module/dataset_extractedfaces/lfw_pairs/Luiz Inacio Lula da Silva_22.jpg,lfw_pairs,impersonation_attack,eval,Facenet512,MI_ADMIX_DI_TI,vanilla,0.1196883395314216,Facenet512_MI_ADMIX_DI_TI_adv
60,VGG-Face,/content/face_module/dataset_extractedfaces/lfw_pairs/Jason Kidd_9.jpg,/content/face_module/dataset_extractedfaces/lfw_pairs/Luiz Inacio Lula da Silva_22.jpg,lfw_pairs,impersonation_attack,eval,Facenet512,PGD,vanilla,0.4978998005390167,Facenet512_PGD_adv
60,VGG-Face,/content/face_module/dataset_extractedfaces/lfw_pairs/Jason Kidd_9.jpg,/content/face_module/dataset_extractedfaces/lfw_pairs/Luiz Inacio Lula da Silva_22.jpg,lfw_pairs,impersonation_attack,eval,Facenet512,MI_FGSM,vanilla,0.6709112524986267,Facenet512_MI_FGSM_adv
60,VGG-Face,/content/face_module/dataset_extractedfaces/lfw_pairs/Jason Kidd_9.jpg,/content/face_module/dataset_extractedfaces/lfw_pairs/Luiz Inacio Lula da Silva_22.jpg,lfw_pairs,impersonation_attack,eval,Facenet512,TI_FGSM,vanilla,0.6083288788795471,Facenet512_TI_FGSM_adv
60,VGG-Face,/content/face_module/dataset_extractedfaces/lfw_pairs/Jason Kidd_9.jpg,/content/face_module/dataset_extractedfaces/lfw_pairs/Luiz Inacio Lula da Silva_22.jpg,lfw_pairs,impersonation_attack,eval,Facenet512,SI_NI_FGSM,vanilla,0.6676020622253418,Facenet512_SI_NI_FGSM_adv
60,VGG-Face,/content/face_module/dataset_extractedfaces/lfw_pairs/Jason Kidd_9.jpg,/content/face_module/dataset_extractedfaces/lfw_pairs/Luiz Inacio Lula da Silva_22.jpg,lfw_pairs,impersonation_attack,eval,Facenet512,MI_ADMIX_DI_TI,vanilla,0.6682364344596863,Facenet512_MI_ADMIX_DI_TI_adv
2,ArcFace,/content/face_module/dataset_extractedfaces/celeba_pairs/107859.jpg,/content/face_module/dataset_extractedfaces/celeba_pairs/031892.jpg,celeba_pairs,impersonation_attack,eval,Facenet512,clean,clean,0.0810721218585968,Facenet512_clean
2,Facenet512,/content/face_module/dataset_extractedfaces/celeba_pairs/107859.jpg,/content/face_module/dataset_extractedfaces/celeba_pairs/031892.jpg,celeba_pairs,impersonation_attack,eval,Facenet512,clean,clean,0.0810721218585968,Facenet512_clean
2,GhostFaceNet,/content/face_module/dataset_extractedfaces/celeba_pairs/107859.jpg,/content/face_module/dataset_extractedfaces/celeba_pairs/031892.jpg,celeba_pairs,impersonation_attack,eval,Facenet512,clean,clean,0.0810721218585968,Facenet512_clean
2,VGG-Face,/content/face_module/dataset_extractedfaces/celeba_pairs/107859.jpg,/content/face_module/dataset_extractedfaces/celeba_pairs/031892.jpg,celeba_pairs,impersonation_attack,eval,Facenet512,clean,clean,0.0810721218585968,Facenet512_clean
2,ArcFace,/content/face_module/dataset_extractedfaces/celeba_pairs/107859.jpg,/content/face_module/dataset_extractedfaces/celeba_pairs/031892.jpg,celeba_pairs,impersonation_attack,eval,Facenet512,PGD,vanilla,0.227551132440567,Facenet512_PGD_adv
2,ArcFace,/content/face_module/dataset_extractedfaces/celeba_pairs/107859.jpg,/content/face_module/dataset_extractedfaces/celeba_pairs/031892.jpg,celeba_pairs,impersonation_attack,eval,Facenet512,MI_FGSM,vanilla,0.4182010293006897,Facenet512_MI_FGSM_adv
2,ArcFace,/content/face_module/dataset_extractedfaces/celeba_pairs/107859.jpg,/content/face_module/dataset_extractedfaces/celeba_pairs/031892.jpg,celeba_pairs,impersonation_attack,eval,Facenet512,TI_FGSM,vanilla,0.3117941915988922,Facenet512_TI_FGSM_adv
2,ArcFace,/content/face_module/dataset_extractedfaces/celeba_pairs/107859.jpg,/content/face_module/dataset_extractedfaces/celeba_pairs/031892.jpg,celeba_pairs,impersonation_attack,eval,Facenet512,SI_NI_FGSM,vanilla,0.4787992238998413,Facenet512_SI_NI_FGSM_adv
2,ArcFace,/content/face_module/dataset_extractedfaces/celeba_pairs/107859.jpg,/content/face_module/dataset_extractedfaces/celeba_pairs/031892.jpg,celeba_pairs,impersonation_attack,eval,Facenet512,MI_ADMIX_DI_TI,vanilla,0.306584358215332,Facenet512_MI_ADMIX_DI_TI_adv
2,GhostFaceNet,/content/face_module/dataset_extractedfaces/celeba_pairs/107859.jpg,/content/face_module/dataset_extractedfaces/celeba_pairs/031892.jpg,celeba_pairs,impersonation_attack,eval,Facenet512,PGD,vanilla,0.0957641005516052,Facenet512_PGD_adv
2,GhostFaceNet,/content/face_module/dataset_extractedfaces/celeba_pairs/107859.jpg,/content/face_module/dataset_extractedfaces/celeba_pairs/031892.jpg,celeba_pairs,impersonation_attack,eval,Facenet512,MI_FGSM,vanilla,0.1790744513273239,Facenet512_MI_FGSM_adv
2,GhostFaceNet,/content/face_module/dataset_extractedfaces/celeba_pairs/107859.jpg,/content/face_module/dataset_extractedfaces/celeba_pairs/031892.jpg,celeba_pairs,impersonation_attack,eval,Facenet512,TI_FGSM,vanilla,0.1595000475645065,Facenet512_TI_FGSM_adv
2,GhostFaceNet,/content/face_module/dataset_extractedfaces/celeba_pairs/107859.jpg,/content/face_module/dataset_extractedfaces/celeba_pairs/031892.jpg,celeba_pairs,impersonation_attack,eval,Facenet512,SI_NI_FGSM,vanilla,0.2289906591176986,Facenet512_SI_NI_FGSM_adv
2,GhostFaceNet,/content/face_module/dataset_extractedfaces/celeba_pairs/107859.jpg,/content/face_module/dataset_extractedfaces/celeba_pairs/031892.jpg,celeba_pairs,impersonation_attack,eval,Facenet512,MI_ADMIX_DI_TI,vanilla,0.2369223684072494,Facenet512_MI_ADMIX_DI_TI_adv
2,VGG-Face,/content/face_module/dataset_extractedfaces/celeba_pairs/107859.jpg,/content/face_module/dataset_extractedfaces/celeba_pairs/031892.jpg,celeba_pairs,impersonation_attack,eval,Facenet512,PGD,vanilla,0.376444935798645,Facenet512_PGD_adv
2,VGG-Face,/content/face_module/dataset_extractedfaces/celeba_pairs/107859.jpg,/content/face_module/dataset_extractedfaces/celeba_pairs/031892.jpg,celeba_pairs,impersonation_attack,eval,Facenet512,MI_FGSM,vanilla,0.5892279148101807,Facenet512_MI_FGSM_adv
2,VGG-Face,/content/face_module/dataset_extractedfaces/celeba_pairs/107859.jpg,/content/face_module/dataset_extractedfaces/celeba_pairs/031892.jpg,celeba_pairs,impersonation_attack,eval,Facenet512,TI_FGSM,vanilla,0.4584244191646576,Facenet512_TI_FGSM_adv
2,VGG-Face,/content/face_module/dataset_extractedfaces/celeba_pairs/107859.jpg,/content/face_module/dataset_extractedfaces/celeba_pairs/031892.jpg,celeba_pairs,impersonation_attack,eval,Facenet512,SI_NI_FGSM,vanilla,0.507402241230011,Facenet512_SI_NI_FGSM_adv
2,VGG-Face,/content/face_module/dataset_extractedfaces/celeba_pairs/107859.jpg,/content/face_module/dataset_extractedfaces/celeba_pairs/031892.jpg,celeba_pairs,impersonation_attack,eval,Facenet512,MI_ADMIX_DI_TI,vanilla,0.4855123162269592,Facenet512_MI_ADMIX_DI_TI_adv
8,ArcFace,/content/face_module/dataset_extractedfaces/celeba_pairs/023666.jpg,/content/face_module/dataset_extractedfaces/celeba_pairs/010959.jpg,celeba_pairs,impersonation_attack,eval,Facenet512,clean,clean,-0.2507399916648865,Facenet512_clean
8,Facenet512,/content/face_module/dataset_extractedfaces/celeba_pairs/023666.jpg,/content/face_module/dataset_extractedfaces/celeba_pairs/010959.jpg,celeba_pairs,impersonation_attack,eval,Facenet512,clean,clean,-0.2507399916648865,Facenet512_clean
8,GhostFaceNet,/content/face_module/dataset_extractedfaces/celeba_pairs/023666.jpg,/content/face_module/dataset_extractedfaces/celeba_pairs/010959.jpg,celeba_pairs,impersonation_attack,eval,Facenet512,clean,clean,-0.2507399916648865,Facenet512_clean
8,VGG-Face,/content/face_module/dataset_extractedfaces/celeba_pairs/023666.jpg,/content/face_module/dataset_extractedfaces/celeba_pairs/010959.jpg,celeba_pairs,impersonation_attack,eval,Facenet512,clean,clean,-0.2507399916648865,Facenet512_clean
8,ArcFace,/content/face_module/dataset_extractedfaces/celeba_pairs/023666.jpg,/content/face_module/dataset_extractedfaces/celeba_pairs/010959.jpg,celeba_pairs,impersonation_attack,eval,Facenet512,PGD,vanilla,-0.0762747526168823,Facenet512_PGD_adv
8,ArcFace,/content/face_module/dataset_extractedfaces/celeba_pairs/023666.jpg,/content/face_module/dataset_extractedfaces/celeba_pairs/010959.jpg,celeba_pairs,impersonation_attack,eval,Facenet512,MI_FGSM,vanilla,0.0465324185788631,Facenet512_MI_FGSM_adv
8,ArcFace,/content/face_module/dataset_extractedfaces/celeba_pairs/023666.jpg,/content/face_module/dataset_extractedfaces/celeba_pairs/010959.jpg,celeba_pairs,impersonation_attack,eval,Facenet512,TI_FGSM,vanilla,-0.079793557524681,Facenet512_TI_FGSM_adv
8,ArcFace,/content/face_module/dataset_extractedfaces/celeba_pairs/023666.jpg,/content/face_module/dataset_extractedfaces/celeba_pairs/010959.jpg,celeba_pairs,impersonation_attack,eval,Facenet512,SI_NI_FGSM,vanilla,0.0631490275263786,Facenet512_SI_NI_FGSM_adv
8,ArcFace,/content/face_module/dataset_extractedfaces/celeba_pairs/023666.jpg,/content/face_module/dataset_extractedfaces/celeba_pairs/010959.jpg,celeba_pairs,impersonation_attack,eval,Facenet512,MI_ADMIX_DI_TI,vanilla,0.0159420128911733,Facenet512_MI_ADMIX_DI_TI_adv
8,GhostFaceNet,/content/face_module/dataset_extractedfaces/celeba_pairs/023666.jpg,/content/face_module/dataset_extractedfaces/celeba_pairs/010959.jpg,celeba_pairs,impersonation_attack,eval,Facenet512,PGD,vanilla,0.0146398618817329,Facenet512_PGD_adv
8,GhostFaceNet,/content/face_module/dataset_extractedfaces/celeba_pairs/023666.jpg,/content/face_module/dataset_extractedfaces/celeba_pairs/010959.jpg,celeba_pairs,impersonation_attack,eval,Facenet512,MI_FGSM,vanilla,0.1413168460130691,Facenet512_MI_FGSM_adv
8,GhostFaceNet,/content/face_module/dataset_extractedfaces/celeba_pairs/023666.jpg,/content/face_module/dataset_extractedfaces/celeba_pairs/010959.jpg,celeba_pairs,impersonation_attack,eval,Facenet512,TI_FGSM,vanilla,0.1361674517393112,Facenet512_TI_FGSM_adv
8,GhostFaceNet,/content/face_module/dataset_extractedfaces/celeba_pairs/023666.jpg,/content/face_module/dataset_extractedfaces/celeba_pairs/010959.jpg,celeba_pairs,impersonation_attack,eval,Facenet512,SI_NI_FGSM,vanilla,0.2054976373910904,Facenet512_SI_NI_FGSM_adv
8,GhostFaceNet,/content/face_module/dataset_extractedfaces/celeba_pairs/023666.jpg,/content/face_module/dataset_extractedfaces/celeba_pairs/010959.jpg,celeba_pairs,impersonation_attack,eval,Facenet512,MI_ADMIX_DI_TI,vanilla,0.1492371261119842,Facenet512_MI_ADMIX_DI_TI_adv
8,VGG-Face,/content/face_module/dataset_extractedfaces/celeba_pairs/023666.jpg,/content/face_module/dataset_extractedfaces/celeba_pairs/010959.jpg,celeba_pairs,impersonation_attack,eval,Facenet512,PGD,vanilla,0.0723117440938949,Facenet512_PGD_adv
8,VGG-Face,/content/face_module/dataset_extractedfaces/celeba_pairs/023666.jpg,/content/face_module/dataset_extractedfaces/celeba_pairs/010959.jpg,celeba_pairs,impersonation_attack,eval,Facenet512,MI_FGSM,vanilla,0.2032893598079681,Facenet512_MI_FGSM_adv
8,VGG-Face,/content/face_module/dataset_extractedfaces/celeba_pairs/023666.jpg,/content/face_module/dataset_extractedfaces/celeba_pairs/010959.jpg,celeba_pairs,impersonation_attack,eval,Facenet512,TI_FGSM,vanilla,0.1855748146772384,Facenet512_TI_FGSM_adv
8,VGG-Face,/content/face_module/dataset_extractedfaces/celeba_pairs/023666.jpg,/content/face_module/dataset_extractedfaces/celeba_pairs/010959.jpg,celeba_pairs,impersonation_attack,eval,Facenet512,SI_NI_FGSM,vanilla,0.1795002520084381,Facenet512_SI_NI_FGSM_adv
8,VGG-Face,/content/face_module/dataset_extractedfaces/celeba_pairs/023666.jpg,/content/face_module/dataset_extractedfaces/celeba_pairs/010959.jpg,celeba_pairs,impersonation_attack,eval,Facenet512,MI_ADMIX_DI_TI,vanilla,0.2007632553577423,Facenet512_MI_ADMIX_DI_TI_adv
12,ArcFace,/content/face_module/dataset_extractedfaces/celeba_pairs/003089.jpg,/content/face_module/dataset_extractedfaces/celeba_pairs/016966.jpg,celeba_pairs,impersonation_attack,eval,Facenet512,clean,clean,0.0975425988435745,Facenet512_clean
12,Facenet512,/content/face_module/dataset_extractedfaces/celeba_pairs/003089.jpg,/content/face_module/dataset_extractedfaces/celeba_pairs/016966.jpg,celeba_pairs,impersonation_attack,eval,Facenet512,clean,clean,0.0975425988435745,Facenet512_clean
12,GhostFaceNet,/content/face_module/dataset_extractedfaces/celeba_pairs/003089.jpg,/content/face_module/dataset_extractedfaces/celeba_pairs/016966.jpg,celeba_pairs,impersonation_attack,eval,Facenet512,clean,clean,0.0975425988435745,Facenet512_clean
12,VGG-Face,/content/face_module/dataset_extractedfaces/celeba_pairs/003089.jpg,/content/face_module/dataset_extractedfaces/celeba_pairs/016966.jpg,celeba_pairs,impersonation_attack,eval,Facenet512,clean,clean,0.0975425988435745,Facenet512_clean
12,ArcFace,/content/face_module/dataset_extractedfaces/celeba_pairs/003089.jpg,/content/face_module/dataset_extractedfaces/celeba_pairs/016966.jpg,celeba_pairs,impersonation_attack,eval,Facenet512,PGD,vanilla,0.1255263388156891,Facenet512_PGD_adv
12,ArcFace,/content/face_module/dataset_extractedfaces/celeba_pairs/003089.jpg,/content/face_module/dataset_extractedfaces/celeba_pairs/016966.jpg,celeba_pairs,impersonation_attack,eval,Facenet512,MI_FGSM,vanilla,0.1823492348194122,Facenet512_MI_FGSM_adv
12,ArcFace,/content/face_module/dataset_extractedfaces/celeba_pairs/003089.jpg,/content/face_module/dataset_extractedfaces/celeba_pairs/016966.jpg,celeba_pairs,impersonation_attack,eval,Facenet512,TI_FGSM,vanilla,0.1634848564863205,Facenet512_TI_FGSM_adv
12,ArcFace,/content/face_module/dataset_extractedfaces/celeba_pairs/003089.jpg,/content/face_module/dataset_extractedfaces/celeba_pairs/016966.jpg,celeba_pairs,impersonation_attack,eval,Facenet512,SI_NI_FGSM,vanilla,0.1674865335226059,Facenet512_SI_NI_FGSM_adv
12,ArcFace,/content/face_module/dataset_extractedfaces/celeba_pairs/003089.jpg,/content/face_module/dataset_extractedfaces/celeba_pairs/016966.jpg,celeba_pairs,impersonation_attack,eval,Facenet512,MI_ADMIX_DI_TI,vanilla,0.1595963984727859,Facenet512_MI_ADMIX_DI_TI_adv
12,GhostFaceNet,/content/face_module/dataset_extractedfaces/celeba_pairs/003089.jpg,/content/face_module/dataset_extractedfaces/celeba_pairs/016966.jpg,celeba_pairs,impersonation_attack,eval,Facenet512,PGD,vanilla,0.1450786590576172,Facenet512_PGD_adv
12,GhostFaceNet,/content/face_module/dataset_extractedfaces/celeba_pairs/003089.jpg,/content/face_module/dataset_extractedfaces/celeba_pairs/016966.jpg,celeba_pairs,impersonation_attack,eval,Facenet512,MI_FGSM,vanilla,0.200127512216568,Facenet512_MI_FGSM_adv
12,GhostFaceNet,/content/face_module/dataset_extractedfaces/celeba_pairs/003089.jpg,/content/face_module/dataset_extractedfaces/celeba_pairs/016966.jpg,celeba_pairs,impersonation_attack,eval,Facenet512,TI_FGSM,vanilla,0.1714118123054504,Facenet512_TI_FGSM_adv
12,GhostFaceNet,/content/face_module/dataset_extractedfaces/celeba_pairs/003089.jpg,/content/face_module/dataset_extractedfaces/celeba_pairs/016966.jpg,celeba_pairs,impersonation_attack,eval,Facenet512,SI_NI_FGSM,vanilla,0.2052076309919357,Facenet512_SI_NI_FGSM_adv
12,GhostFaceNet,/content/face_module/dataset_extractedfaces/celeba_pairs/003089.jpg,/content/face_module/dataset_extractedfaces/celeba_pairs/016966.jpg,celeba_pairs,impersonation_attack,eval,Facenet512,MI_ADMIX_DI_TI,vanilla,0.1577419489622116,Facenet512_MI_ADMIX_DI_TI_adv
12,VGG-Face,/content/face_module/dataset_extractedfaces/celeba_pairs/003089.jpg,/content/face_module/dataset_extractedfaces/celeba_pairs/016966.jpg,celeba_pairs,impersonation_attack,eval,Facenet512,PGD,vanilla,0.3452620804309845,Facenet512_PGD_adv
12,VGG-Face,/content/face_module/dataset_extractedfaces/celeba_pairs/003089.jpg,/content/face_module/dataset_extractedfaces/celeba_pairs/016966.jpg,celeba_pairs,impersonation_attack,eval,Facenet512,MI_FGSM,vanilla,0.3662143647670746,Facenet512_MI_FGSM_adv
12,VGG-Face,/content/face_module/dataset_extractedfaces/celeba_pairs/003089.jpg,/content/face_module/dataset_extractedfaces/celeba_pairs/016966.jpg,celeba_pairs,impersonation_attack,eval,Facenet512,TI_FGSM,vanilla,0.3852614164352417,Facenet512_TI_FGSM_adv
12,VGG-Face,/content/face_module/dataset_extractedfaces/celeba_pairs/003089.jpg,/content/face_module/dataset_extractedfaces/celeba_pairs/016966.jpg,celeba_pairs,impersonation_attack,eval,Facenet512,SI_NI_FGSM,vanilla,0.3542862236499786,Facenet512_SI_NI_FGSM_adv
12,VGG-Face,/content/face_module/dataset_extractedfaces/celeba_pairs/003089.jpg,/content/face_module/dataset_extractedfaces/celeba_pairs/016966.jpg,celeba_pairs,impersonation_attack,eval,Facenet512,MI_ADMIX_DI_TI,vanilla,0.3415317237377167,Facenet512_MI_ADMIX_DI_TI_adv
26,ArcFace,/content/face_module/dataset_extractedfaces/celeba_pairs/113117.jpg,/content/face_module/dataset_extractedfaces/celeba_pairs/129449.jpg,celeba_pairs,impersonation_attack,eval,Facenet512,clean,clean,-0.2090156823396682,Facenet512_clean
26,Facenet512,/content/face_module/dataset_extractedfaces/celeba_pairs/113117.jpg,/content/face_module/dataset_extractedfaces/celeba_pairs/129449.jpg,celeba_pairs,impersonation_attack,eval,Facenet512,clean,clean,-0.2090156823396682,Facenet512_clean
26,GhostFaceNet,/content/face_module/dataset_extractedfaces/celeba_pairs/113117.jpg,/content/face_module/dataset_extractedfaces/celeba_pairs/129449.jpg,celeba_pairs,impersonation_attack,eval,Facenet512,clean,clean,-0.2090156823396682,Facenet512_clean
26,VGG-Face,/content/face_module/dataset_extractedfaces/celeba_pairs/113117.jpg,/content/face_module/dataset_extractedfaces/celeba_pairs/129449.jpg,celeba_pairs,impersonation_attack,eval,Facenet512,clean,clean,-0.2090156823396682,Facenet512_clean
26,ArcFace,/content/face_module/dataset_extractedfaces/celeba_pairs/113117.jpg,/content/face_module/dataset_extractedfaces/celeba_pairs/129449.jpg,celeba_pairs,impersonation_attack,eval,Facenet512,PGD,vanilla,-0.1102819070219993,Facenet512_PGD_adv
26,ArcFace,/content/face_module/dataset_extractedfaces/celeba_pairs/113117.jpg,/content/face_module/dataset_extractedfaces/celeba_pairs/129449.jpg,celeba_pairs,impersonation_attack,eval,Facenet512,MI_FGSM,vanilla,-0.0603262968361377,Facenet512_MI_FGSM_adv
26,ArcFace,/content/face_module/dataset_extractedfaces/celeba_pairs/113117.jpg,/content/face_module/dataset_extractedfaces/celeba_pairs/129449.jpg,celeba_pairs,impersonation_attack,eval,Facenet512,TI_FGSM,vanilla,-0.0674785152077674,Facenet512_TI_FGSM_adv
26,ArcFace,/content/face_module/dataset_extractedfaces/celeba_pairs/113117.jpg,/content/face_module/dataset_extractedfaces/celeba_pairs/129449.jpg,celeba_pairs,impersonation_attack,eval,Facenet512,SI_NI_FGSM,vanilla,0.0157942008227109,Facenet512_SI_NI_FGSM_adv
26,ArcFace,/content/face_module/dataset_extractedfaces/celeba_pairs/113117.jpg,/content/face_module/dataset_extractedfaces/celeba_pairs/129449.jpg,celeba_pairs,impersonation_attack,eval,Facenet512,MI_ADMIX_DI_TI,vanilla,-0.0932536795735359,Facenet512_MI_ADMIX_DI_TI_adv
26,GhostFaceNet,/content/face_module/dataset_extractedfaces/celeba_pairs/113117.jpg,/content/face_module/dataset_extractedfaces/celeba_pairs/129449.jpg,celeba_pairs,impersonation_attack,eval,Facenet512,PGD,vanilla,-0.2412648051977157,Facenet512_PGD_adv
26,GhostFaceNet,/content/face_module/dataset_extractedfaces/celeba_pairs/113117.jpg,/content/face_module/dataset_extractedfaces/celeba_pairs/129449.jpg,celeba_pairs,impersonation_attack,eval,Facenet512,MI_FGSM,vanilla,-0.2272526025772094,Facenet512_MI_FGSM_adv
26,GhostFaceNet,/content/face_module/dataset_extractedfaces/celeba_pairs/113117.jpg,/content/face_module/dataset_extractedfaces/celeba_pairs/129449.jpg,celeba_pairs,impersonation_attack,eval,Facenet512,TI_FGSM,vanilla,-0.2292961627244949,Facenet512_TI_FGSM_adv
26,GhostFaceNet,/content/face_module/dataset_extractedfaces/celeba_pairs/113117.jpg,/content/face_module/dataset_extractedfaces/celeba_pairs/129449.jpg,celeba_pairs,impersonation_attack,eval,Facenet512,SI_NI_FGSM,vanilla,-0.2069727033376693,Facenet512_SI_NI_FGSM_adv
26,GhostFaceNet,/content/face_module/dataset_extractedfaces/celeba_pairs/113117.jpg,/content/face_module/dataset_extractedfaces/celeba_pairs/129449.jpg,celeba_pairs,impersonation_attack,eval,Facenet512,MI_ADMIX_DI_TI,vanilla,-0.1976018846035003,Facenet512_MI_ADMIX_DI_TI_adv
26,VGG-Face,/content/face_module/dataset_extractedfaces/celeba_pairs/113117.jpg,/content/face_module/dataset_extractedfaces/celeba_pairs/129449.jpg,celeba_pairs,impersonation_attack,eval,Facenet512,PGD,vanilla,0.0018751213792711,Facenet512_PGD_adv
26,VGG-Face,/content/face_module/dataset_extractedfaces/celeba_pairs/113117.jpg,/content/face_module/dataset_extractedfaces/celeba_pairs/129449.jpg,celeba_pairs,impersonation_attack,eval,Facenet512,MI_FGSM,vanilla,0.0556614585220813,Facenet512_MI_FGSM_adv
26,VGG-Face,/content/face_module/dataset_extractedfaces/celeba_pairs/113117.jpg,/content/face_module/dataset_extractedfaces/celeba_pairs/129449.jpg,celeba_pairs,impersonation_attack,eval,Facenet512,TI_FGSM,vanilla,0.0248264446854591,Facenet512_TI_FGSM_adv
26,VGG-Face,/content/face_module/dataset_extractedfaces/celeba_pairs/113117.jpg,/content/face_module/dataset_extractedfaces/celeba_pairs/129449.jpg,celeba_pairs,impersonation_attack,eval,Facenet512,SI_NI_FGSM,vanilla,0.0806812345981597,Facenet512_SI_NI_FGSM_adv
26,VGG-Face,/content/face_module/dataset_extractedfaces/celeba_pairs/113117.jpg,/content/face_module/dataset_extractedfaces/celeba_pairs/129449.jpg,celeba_pairs,impersonation_attack,eval,Facenet512,MI_ADMIX_DI_TI,vanilla,0.0282873343676328,Facenet512_MI_ADMIX_DI_TI_adv
34,ArcFace,/content/face_module/dataset_extractedfaces/celeba_pairs/001430.jpg,/content/face_module/dataset_extractedfaces/celeba_pairs/046649.jpg,celeba_pairs,impersonation_attack,eval,Facenet512,clean,clean,0.0368541441857814,Facenet512_clean
34,Facenet512,/content/face_module/dataset_extractedfaces/celeba_pairs/001430.jpg,/content/face_module/dataset_extractedfaces/celeba_pairs/046649.jpg,celeba_pairs,impersonation_attack,eval,Facenet512,clean,clean,0.0368541441857814,Facenet512_clean
34,GhostFaceNet,/content/face_module/dataset_extractedfaces/celeba_pairs/001430.jpg,/content/face_module/dataset_extractedfaces/celeba_pairs/046649.jpg,celeba_pairs,impersonation_attack,eval,Facenet512,clean,clean,0.0368541441857814,Facenet512_clean
34,VGG-Face,/content/face_module/dataset_extractedfaces/celeba_pairs/001430.jpg,/content/face_module/dataset_extractedfaces/celeba_pairs/046649.jpg,celeba_pairs,impersonation_attack,eval,Facenet512,clean,clean,0.0368541441857814,Facenet512_clean
34,ArcFace,/content/face_module/dataset_extractedfaces/celeba_pairs/001430.jpg,/content/face_module/dataset_extractedfaces/celeba_pairs/046649.jpg,celeba_pairs,impersonation_attack,eval,Facenet512,PGD,vanilla,0.1625007838010788,Facenet512_PGD_adv
34,ArcFace,/content/face_module/dataset_extractedfaces/celeba_pairs/001430.jpg,/content/face_module/dataset_extractedfaces/celeba_pairs/046649.jpg,celeba_pairs,impersonation_attack,eval,Facenet512,MI_FGSM,vanilla,0.4143625497817993,Facenet512_MI_FGSM_adv
34,ArcFace,/content/face_module/dataset_extractedfaces/celeba_pairs/001430.jpg,/content/face_module/dataset_extractedfaces/celeba_pairs/046649.jpg,celeba_pairs,impersonation_attack,eval,Facenet512,TI_FGSM,vanilla,0.2560829222202301,Facenet512_TI_FGSM_adv
34,ArcFace,/content/face_module/dataset_extractedfaces/celeba_pairs/001430.jpg,/content/face_module/dataset_extractedfaces/celeba_pairs/046649.jpg,celeba_pairs,impersonation_attack,eval,Facenet512,SI_NI_FGSM,vanilla,0.3720022141933441,Facenet512_SI_NI_FGSM_adv
34,ArcFace,/content/face_module/dataset_extractedfaces/celeba_pairs/001430.jpg,/content/face_module/dataset_extractedfaces/celeba_pairs/046649.jpg,celeba_pairs,impersonation_attack,eval,Facenet512,MI_ADMIX_DI_TI,vanilla,0.3050847947597503,Facenet512_MI_ADMIX_DI_TI_adv
34,GhostFaceNet,/content/face_module/dataset_extractedfaces/celeba_pairs/001430.jpg,/content/face_module/dataset_extractedfaces/celeba_pairs/046649.jpg,celeba_pairs,impersonation_attack,eval,Facenet512,PGD,vanilla,0.1251114010810852,Facenet512_PGD_adv
34,GhostFaceNet,/content/face_module/dataset_extractedfaces/celeba_pairs/001430.jpg,/content/face_module/dataset_extractedfaces/celeba_pairs/046649.jpg,celeba_pairs,impersonation_attack,eval,Facenet512,MI_FGSM,vanilla,0.175237700343132,Facenet512_MI_FGSM_adv
34,GhostFaceNet,/content/face_module/dataset_extractedfaces/celeba_pairs/001430.jpg,/content/face_module/dataset_extractedfaces/celeba_pairs/046649.jpg,celeba_pairs,impersonation_attack,eval,Facenet512,TI_FGSM,vanilla,0.1286025792360305,Facenet512_TI_FGSM_adv
34,GhostFaceNet,/content/face_module/dataset_extractedfaces/celeba_pairs/001430.jpg,/content/face_module/dataset_extractedfaces/celeba_pairs/046649.jpg,celeba_pairs,impersonation_attack,eval,Facenet512,SI_NI_FGSM,vanilla,0.0923612490296363,Facenet512_SI_NI_FGSM_adv
34,GhostFaceNet,/content/face_module/dataset_extractedfaces/celeba_pairs/001430.jpg,/content/face_module/dataset_extractedfaces/celeba_pairs/046649.jpg,celeba_pairs,impersonation_attack,eval,Facenet512,MI_ADMIX_DI_TI,vanilla,0.2129975706338882,Facenet512_MI_ADMIX_DI_TI_adv
34,VGG-Face,/content/face_module/dataset_extractedfaces/celeba_pairs/001430.jpg,/content/face_module/dataset_extractedfaces/celeba_pairs/046649.jpg,celeba_pairs,impersonation_attack,eval,Facenet512,PGD,vanilla,0.4878853261470794,Facenet512_PGD_adv
34,VGG-Face,/content/face_module/dataset_extractedfaces/celeba_pairs/001430.jpg,/content/face_module/dataset_extractedfaces/celeba_pairs/046649.jpg,celeba_pairs,impersonation_attack,eval,Facenet512,MI_FGSM,vanilla,0.5465592741966248,Facenet512_MI_FGSM_adv
34,VGG-Face,/content/face_module/dataset_extractedfaces/celeba_pairs/001430.jpg,/content/face_module/dataset_extractedfaces/celeba_pairs/046649.jpg,celeba_pairs,impersonation_attack,eval,Facenet512,TI_FGSM,vanilla,0.5612489581108093,Facenet512_TI_FGSM_adv
34,VGG-Face,/content/face_module/dataset_extractedfaces/celeba_pairs/001430.jpg,/content/face_module/dataset_extractedfaces/celeba_pairs/046649.jpg,celeba_pairs,impersonation_attack,eval,Facenet512,SI_NI_FGSM,vanilla,0.5085799694061279,Facenet512_SI_NI_FGSM_adv
34,VGG-Face,/content/face_module/dataset_extractedfaces/celeba_pairs/001430.jpg,/content/face_module/dataset_extractedfaces/celeba_pairs/046649.jpg,celeba_pairs,impersonation_attack,eval,Facenet512,MI_ADMIX_DI_TI,vanilla,0.6076993346214294,Facenet512_MI_ADMIX_DI_TI_adv
3,ArcFace,/content/face_module/dataset_extractedfaces/vggface2_pairs/n000007_0076_01.jpg,/content/face_module/dataset_extractedfaces/vggface2_pairs/n000005_0080_01.jpg,vggface2_pairs,impersonation_attack,eval,Facenet512,clean,clean,0.0153019521385431,Facenet512_clean
3,Facenet512,/content/face_module/dataset_extractedfaces/vggface2_pairs/n000007_0076_01.jpg,/content/face_module/dataset_extractedfaces/vggface2_pairs/n000005_0080_01.jpg,vggface2_pairs,impersonation_attack,eval,Facenet512,clean,clean,0.0153019521385431,Facenet512_clean
3,GhostFaceNet,/content/face_module/dataset_extractedfaces/vggface2_pairs/n000007_0076_01.jpg,/content/face_module/dataset_extractedfaces/vggface2_pairs/n000005_0080_01.jpg,vggface2_pairs,impersonation_attack,eval,Facenet512,clean,clean,0.0153019521385431,Facenet512_clean
3,VGG-Face,/content/face_module/dataset_extractedfaces/vggface2_pairs/n000007_0076_01.jpg,/content/face_module/dataset_extractedfaces/vggface2_pairs/n000005_0080_01.jpg,vggface2_pairs,impersonation_attack,eval,Facenet512,clean,clean,0.0153019521385431,Facenet512_clean
3,ArcFace,/content/face_module/dataset_extractedfaces/vggface2_pairs/n000007_0076_01.jpg,/content/face_module/dataset_extractedfaces/vggface2_pairs/n000005_0080_01.jpg,vggface2_pairs,impersonation_attack,eval,Facenet512,PGD,vanilla,0.0548090152442455,Facenet512_PGD_adv
3,ArcFace,/content/face_module/dataset_extractedfaces/vggface2_pairs/n000007_0076_01.jpg,/content/face_module/dataset_extractedfaces/vggface2_pairs/n000005_0080_01.jpg,vggface2_pairs,impersonation_attack,eval,Facenet512,MI_FGSM,vanilla,0.145241767168045,Facenet512_MI_FGSM_adv
3,ArcFace,/content/face_module/dataset_extractedfaces/vggface2_pairs/n000007_0076_01.jpg,/content/face_module/dataset_extractedfaces/vggface2_pairs/n000005_0080_01.jpg,vggface2_pairs,impersonation_attack,eval,Facenet512,TI_FGSM,vanilla,0.1957107633352279,Facenet512_TI_FGSM_adv
3,ArcFace,/content/face_module/dataset_extractedfaces/vggface2_pairs/n000007_0076_01.jpg,/content/face_module/dataset_extractedfaces/vggface2_pairs/n000005_0080_01.jpg,vggface2_pairs,impersonation_attack,eval,Facenet512,SI_NI_FGSM,vanilla,0.1837084889411926,Facenet512_SI_NI_FGSM_adv
3,ArcFace,/content/face_module/dataset_extractedfaces/vggface2_pairs/n000007_0076_01.jpg,/content/face_module/dataset_extractedfaces/vggface2_pairs/n000005_0080_01.jpg,vggface2_pairs,impersonation_attack,eval,Facenet512,MI_ADMIX_DI_TI,vanilla,0.160467654466629,Facenet512_MI_ADMIX_DI_TI_adv
3,GhostFaceNet,/content/face_module/dataset_extractedfaces/vggface2_pairs/n000007_0076_01.jpg,/content/face_module/dataset_extractedfaces/vggface2_pairs/n000005_0080_01.jpg,vggface2_pairs,impersonation_attack,eval,Facenet512,PGD,vanilla,0.0059910584241151,Facenet512_PGD_adv
3,GhostFaceNet,/content/face_module/dataset_extractedfaces/vggface2_pairs/n000007_0076_01.jpg,/content/face_module/dataset_extractedfaces/vggface2_pairs/n000005_0080_01.jpg,vggface2_pairs,impersonation_attack,eval,Facenet512,MI_FGSM,vanilla,0.0111488616093993,Facenet512_MI_FGSM_adv
3,GhostFaceNet,/content/face_module/dataset_extractedfaces/vggface2_pairs/n000007_0076_01.jpg,/content/face_module/dataset_extractedfaces/vggface2_pairs/n000005_0080_01.jpg,vggface2_pairs,impersonation_attack,eval,Facenet512,TI_FGSM,vanilla,0.0632441118359565,Facenet512_TI_FGSM_adv
3,GhostFaceNet,/content/face_module/dataset_extractedfaces/vggface2_pairs/n000007_0076_01.jpg,/content/face_module/dataset_extractedfaces/vggface2_pairs/n000005_0080_01.jpg,vggface2_pairs,impersonation_attack,eval,Facenet512,SI_NI_FGSM,vanilla,0.0159654580056667,Facenet512_SI_NI_FGSM_adv
3,GhostFaceNet,/content/face_module/dataset_extractedfaces/vggface2_pairs/n000007_0076_01.jpg,/content/face_module/dataset_extractedfaces/vggface2_pairs/n000005_0080_01.jpg,vggface2_pairs,impersonation_attack,eval,Facenet512,MI_ADMIX_DI_TI,vanilla,0.0966108962893486,Facenet512_MI_ADMIX_DI_TI_adv
3,VGG-Face,/content/face_module/dataset_extractedfaces/vggface2_pairs/n000007_0076_01.jpg,/content/face_module/dataset_extractedfaces/vggface2_pairs/n000005_0080_01.jpg,vggface2_pairs,impersonation_attack,eval,Facenet512,PGD,vanilla,0.0852957740426063,Facenet512_PGD_adv
3,VGG-Face,/content/face_module/dataset_extractedfaces/vggface2_pairs/n000007_0076_01.jpg,/content/face_module/dataset_extractedfaces/vggface2_pairs/n000005_0080_01.jpg,vggface2_pairs,impersonation_attack,eval,Facenet512,MI_FGSM,vanilla,0.1352361589670181,Facenet512_MI_FGSM_adv
3,VGG-Face,/content/face_module/dataset_extractedfaces/vggface2_pairs/n000007_0076_01.jpg,/content/face_module/dataset_extractedfaces/vggface2_pairs/n000005_0080_01.jpg,vggface2_pairs,impersonation_attack,eval,Facenet512,TI_FGSM,vanilla,0.1481025367975235,Facenet512_TI_FGSM_adv
3,VGG-Face,/content/face_module/dataset_extractedfaces/vggface2_pairs/n000007_0076_01.jpg,/content/face_module/dataset_extractedfaces/vggface2_pairs/n000005_0080_01.jpg,vggface2_pairs,impersonation_attack,eval,Facenet512,SI_NI_FGSM,vanilla,0.1056293100118637,Facenet512_SI_NI_FGSM_adv
3,VGG-Face,/content/face_module/dataset_extractedfaces/vggface2_pairs/n000007_0076_01.jpg,/content/face_module/dataset_extractedfaces/vggface2_pairs/n000005_0080_01.jpg,vggface2_pairs,impersonation_attack,eval,Facenet512,MI_ADMIX_DI_TI,vanilla,0.1716962307691574,Facenet512_MI_ADMIX_DI_TI_adv
5,ArcFace,/content/face_module/dataset_extractedfaces/vggface2_pairs/n000004_0204_01.jpg,/content/face_module/dataset_extractedfaces/vggface2_pairs/n000002_0070_01.jpg,vggface2_pairs,impersonation_attack,eval,Facenet512,clean,clean,-0.0816234424710273,Facenet512_clean
5,Facenet512,/content/face_module/dataset_extractedfaces/vggface2_pairs/n000004_0204_01.jpg,/content/face_module/dataset_extractedfaces/vggface2_pairs/n000002_0070_01.jpg,vggface2_pairs,impersonation_attack,eval,Facenet512,clean,clean,-0.0816234424710273,Facenet512_clean
5,GhostFaceNet,/content/face_module/dataset_extractedfaces/vggface2_pairs/n000004_0204_01.jpg,/content/face_module/dataset_extractedfaces/vggface2_pairs/n000002_0070_01.jpg,vggface2_pairs,impersonation_attack,eval,Facenet512,clean,clean,-0.0816234424710273,Facenet512_clean
5,VGG-Face,/content/face_module/dataset_extractedfaces/vggface2_pairs/n000004_0204_01.jpg,/content/face_module/dataset_extractedfaces/vggface2_pairs/n000002_0070_01.jpg,vggface2_pairs,impersonation_attack,eval,Facenet512,clean,clean,-0.0816234424710273,Facenet512_clean
5,ArcFace,/content/face_module/dataset_extractedfaces/vggface2_pairs/n000004_0204_01.jpg,/content/face_module/dataset_extractedfaces/vggface2_pairs/n000002_0070_01.jpg,vggface2_pairs,impersonation_attack,eval,Facenet512,PGD,vanilla,-0.0200349614024162,Facenet512_PGD_adv
5,ArcFace,/content/face_module/dataset_extractedfaces/vggface2_pairs/n000004_0204_01.jpg,/content/face_module/dataset_extractedfaces/vggface2_pairs/n000002_0070_01.jpg,vggface2_pairs,impersonation_attack,eval,Facenet512,MI_FGSM,vanilla,-0.059516716748476,Facenet512_MI_FGSM_adv
5,ArcFace,/content/face_module/dataset_extractedfaces/vggface2_pairs/n000004_0204_01.jpg,/content/face_module/dataset_extractedfaces/vggface2_pairs/n000002_0070_01.jpg,vggface2_pairs,impersonation_attack,eval,Facenet512,TI_FGSM,vanilla,0.0018458199920132,Facenet512_TI_FGSM_adv
5,ArcFace,/content/face_module/dataset_extractedfaces/vggface2_pairs/n000004_0204_01.jpg,/content/face_module/dataset_extractedfaces/vggface2_pairs/n000002_0070_01.jpg,vggface2_pairs,impersonation_attack,eval,Facenet512,SI_NI_FGSM,vanilla,-0.0278908368200063,Facenet512_SI_NI_FGSM_adv
5,ArcFace,/content/face_module/dataset_extractedfaces/vggface2_pairs/n000004_0204_01.jpg,/content/face_module/dataset_extractedfaces/vggface2_pairs/n000002_0070_01.jpg,vggface2_pairs,impersonation_attack,eval,Facenet512,MI_ADMIX_DI_TI,vanilla,-0.0053830677643418,Facenet512_MI_ADMIX_DI_TI_adv
5,GhostFaceNet,/content/face_module/dataset_extractedfaces/vggface2_pairs/n000004_0204_01.jpg,/content/face_module/dataset_extractedfaces/vggface2_pairs/n000002_0070_01.jpg,vggface2_pairs,impersonation_attack,eval,Facenet512,PGD,vanilla,-0.0252447016537189,Facenet512_PGD_adv
5,GhostFaceNet,/content/face_module/dataset_extractedfaces/vggface2_pairs/n000004_0204_01.jpg,/content/face_module/dataset_extractedfaces/vggface2_pairs/n000002_0070_01.jpg,vggface2_pairs,impersonation_attack,eval,Facenet512,MI_FGSM,vanilla,0.0057722148485481,Facenet512_MI_FGSM_adv
5,GhostFaceNet,/content/face_module/dataset_extractedfaces/vggface2_pairs/n000004_0204_01.jpg,/content/face_module/dataset_extractedfaces/vggface2_pairs/n000002_0070_01.jpg,vggface2_pairs,impersonation_attack,eval,Facenet512,TI_FGSM,vanilla,-0.0141170034185051,Facenet512_TI_FGSM_adv
5,GhostFaceNet,/content/face_module/dataset_extractedfaces/vggface2_pairs/n000004_0204_01.jpg,/content/face_module/dataset_extractedfaces/vggface2_pairs/n000002_0070_01.jpg,vggface2_pairs,impersonation_attack,eval,Facenet512,SI_NI_FGSM,vanilla,0.0353974066674709,Facenet512_SI_NI_FGSM_adv
5,GhostFaceNet,/content/face_module/dataset_extractedfaces/vggface2_pairs/n000004_0204_01.jpg,/content/face_module/dataset_extractedfaces/vggface2_pairs/n000002_0070_01.jpg,vggface2_pairs,impersonation_attack,eval,Facenet512,MI_ADMIX_DI_TI,vanilla,0.0699561014771461,Facenet512_MI_ADMIX_DI_TI_adv
5,VGG-Face,/content/face_module/dataset_extractedfaces/vggface2_pairs/n000004_0204_01.jpg,/content/face_module/dataset_extractedfaces/vggface2_pairs/n000002_0070_01.jpg,vggface2_pairs,impersonation_attack,eval,Facenet512,PGD,vanilla,0.1431727260351181,Facenet512_PGD_adv
5,VGG-Face,/content/face_module/dataset_extractedfaces/vggface2_pairs/n000004_0204_01.jpg,/content/face_module/dataset_extractedfaces/vggface2_pairs/n000002_0070_01.jpg,vggface2_pairs,impersonation_attack,eval,Facenet512,MI_FGSM,vanilla,0.1557164788246154,Facenet512_MI_FGSM_adv
5,VGG-Face,/content/face_module/dataset_extractedfaces/vggface2_pairs/n000004_0204_01.jpg,/content/face_module/dataset_extractedfaces/vggface2_pairs/n000002_0070_01.jpg,vggface2_pairs,impersonation_attack,eval,Facenet512,TI_FGSM,vanilla,0.1738771647214889,Facenet512_TI_FGSM_adv
5,VGG-Face,/content/face_module/dataset_extractedfaces/vggface2_pairs/n000004_0204_01.jpg,/content/face_module/dataset_extractedfaces/vggface2_pairs/n000002_0070_01.jpg,vggface2_pairs,impersonation_attack,eval,Facenet512,SI_NI_FGSM,vanilla,0.1116409078240394,Facenet512_SI_NI_FGSM_adv
5,VGG-Face,/content/face_module/dataset_extractedfaces/vggface2_pairs/n000004_0204_01.jpg,/content/face_module/dataset_extractedfaces/vggface2_pairs/n000002_0070_01.jpg,vggface2_pairs,impersonation_attack,eval,Facenet512,MI_ADMIX_DI_TI,vanilla,0.1336732655763626,Facenet512_MI_ADMIX_DI_TI_adv
17,ArcFace,/content/face_module/dataset_extractedfaces/vggface2_pairs/n000016_0036_01.jpg,/content/face_module/dataset_extractedfaces/vggface2_pairs/n000012_0087_01.jpg,vggface2_pairs,impersonation_attack,eval,Facenet512,clean,clean,-0.0131816715002059,Facenet512_clean
17,Facenet512,/content/face_module/dataset_extractedfaces/vggface2_pairs/n000016_0036_01.jpg,/content/face_module/dataset_extractedfaces/vggface2_pairs/n000012_0087_01.jpg,vggface2_pairs,impersonation_attack,eval,Facenet512,clean,clean,-0.0131816715002059,Facenet512_clean
17,GhostFaceNet,/content/face_module/dataset_extractedfaces/vggface2_pairs/n000016_0036_01.jpg,/content/face_module/dataset_extractedfaces/vggface2_pairs/n000012_0087_01.jpg,vggface2_pairs,impersonation_attack,eval,Facenet512,clean,clean,-0.0131816715002059,Facenet512_clean
17,VGG-Face,/content/face_module/dataset_extractedfaces/vggface2_pairs/n000016_0036_01.jpg,/content/face_module/dataset_extractedfaces/vggface2_pairs/n000012_0087_01.jpg,vggface2_pairs,impersonation_attack,eval,Facenet512,clean,clean,-0.0131816715002059,Facenet512_clean
17,ArcFace,/content/face_module/dataset_extractedfaces/vggface2_pairs/n000016_0036_01.jpg,/content/face_module/dataset_extractedfaces/vggface2_pairs/n000012_0087_01.jpg,vggface2_pairs,impersonation_attack,eval,Facenet512,PGD,vanilla,0.1842978298664093,Facenet512_PGD_adv
17,ArcFace,/content/face_module/dataset_extractedfaces/vggface2_pairs/n000016_0036_01.jpg,/content/face_module/dataset_extractedfaces/vggface2_pairs/n000012_0087_01.jpg,vggface2_pairs,impersonation_attack,eval,Facenet512,MI_FGSM,vanilla,0.4278884828090668,Facenet512_MI_FGSM_adv
17,ArcFace,/content/face_module/dataset_extractedfaces/vggface2_pairs/n000016_0036_01.jpg,/content/face_module/dataset_extractedfaces/vggface2_pairs/n000012_0087_01.jpg,vggface2_pairs,impersonation_attack,eval,Facenet512,TI_FGSM,vanilla,0.3228334486484527,Facenet512_TI_FGSM_adv
17,ArcFace,/content/face_module/dataset_extractedfaces/vggface2_pairs/n000016_0036_01.jpg,/content/face_module/dataset_extractedfaces/vggface2_pairs/n000012_0087_01.jpg,vggface2_pairs,impersonation_attack,eval,Facenet512,SI_NI_FGSM,vanilla,0.3886896669864654,Facenet512_SI_NI_FGSM_adv
17,ArcFace,/content/face_module/dataset_extractedfaces/vggface2_pairs/n000016_0036_01.jpg,/content/face_module/dataset_extractedfaces/vggface2_pairs/n000012_0087_01.jpg,vggface2_pairs,impersonation_attack,eval,Facenet512,MI_ADMIX_DI_TI,vanilla,0.3243204355239868,Facenet512_MI_ADMIX_DI_TI_adv
17,GhostFaceNet,/content/face_module/dataset_extractedfaces/vggface2_pairs/n000016_0036_01.jpg,/content/face_module/dataset_extractedfaces/vggface2_pairs/n000012_0087_01.jpg,vggface2_pairs,impersonation_attack,eval,Facenet512,PGD,vanilla,0.0499021038413047,Facenet512_PGD_adv
17,GhostFaceNet,/content/face_module/dataset_extractedfaces/vggface2_pairs/n000016_0036_01.jpg,/content/face_module/dataset_extractedfaces/vggface2_pairs/n000012_0087_01.jpg,vggface2_pairs,impersonation_attack,eval,Facenet512,MI_FGSM,vanilla,0.1890757530927658,Facenet512_MI_FGSM_adv
17,GhostFaceNet,/content/face_module/dataset_extractedfaces/vggface2_pairs/n000016_0036_01.jpg,/content/face_module/dataset_extractedfaces/vggface2_pairs/n000012_0087_01.jpg,vggface2_pairs,impersonation_attack,eval,Facenet512,TI_FGSM,vanilla,0.1012229323387146,Facenet512_TI_FGSM_adv
17,GhostFaceNet,/content/face_module/dataset_extractedfaces/vggface2_pairs/n000016_0036_01.jpg,/content/face_module/dataset_extractedfaces/vggface2_pairs/n000012_0087_01.jpg,vggface2_pairs,impersonation_attack,eval,Facenet512,SI_NI_FGSM,vanilla,0.2223986983299255,Facenet512_SI_NI_FGSM_adv
17,GhostFaceNet,/content/face_module/dataset_extractedfaces/vggface2_pairs/n000016_0036_01.jpg,/content/face_module/dataset_extractedfaces/vggface2_pairs/n000012_0087_01.jpg,vggface2_pairs,impersonation_attack,eval,Facenet512,MI_ADMIX_DI_TI,vanilla,0.1532509475946426,Facenet512_MI_ADMIX_DI_TI_adv
17,VGG-Face,/content/face_module/dataset_extractedfaces/vggface2_pairs/n000016_0036_01.jpg,/content/face_module/dataset_extractedfaces/vggface2_pairs/n000012_0087_01.jpg,vggface2_pairs,impersonation_attack,eval,Facenet512,PGD,vanilla,0.2341723144054412,Facenet512_PGD_adv
17,VGG-Face,/content/face_module/dataset_extractedfaces/vggface2_pairs/n000016_0036_01.jpg,/content/face_module/dataset_extractedfaces/vggface2_pairs/n000012_0087_01.jpg,vggface2_pairs,impersonation_attack,eval,Facenet512,MI_FGSM,vanilla,0.5575532913208008,Facenet512_MI_FGSM_adv
17,VGG-Face,/content/face_module/dataset_extractedfaces/vggface2_pairs/n000016_0036_01.jpg,/content/face_module/dataset_extractedfaces/vggface2_pairs/n000012_0087_01.jpg,vggface2_pairs,impersonation_attack,eval,Facenet512,TI_FGSM,vanilla,0.3999586105346679,Facenet512_TI_FGSM_adv
17,VGG-Face,/content/face_module/dataset_extractedfaces/vggface2_pairs/n000016_0036_01.jpg,/content/face_module/dataset_extractedfaces/vggface2_pairs/n000012_0087_01.jpg,vggface2_pairs,impersonation_attack,eval,Facenet512,SI_NI_FGSM,vanilla,0.5337426662445068,Facenet512_SI_NI_FGSM_adv
17,VGG-Face,/content/face_module/dataset_extractedfaces/vggface2_pairs/n000016_0036_01.jpg,/content/face_module/dataset_extractedfaces/vggface2_pairs/n000012_0087_01.jpg,vggface2_pairs,impersonation_attack,eval,Facenet512,MI_ADMIX_DI_TI,vanilla,0.5781652927398682,Facenet512_MI_ADMIX_DI_TI_adv
19,ArcFace,/content/face_module/dataset_extractedfaces/vggface2_pairs/n000007_0012_01.jpg,/content/face_module/dataset_extractedfaces/vggface2_pairs/n000008_0101_01.jpg,vggface2_pairs,impersonation_attack,eval,Facenet512,clean,clean,0.0531450435519218,Facenet512_clean
19,Facenet512,/content/face_module/dataset_extractedfaces/vggface2_pairs/n000007_0012_01.jpg,/content/face_module/dataset_extractedfaces/vggface2_pairs/n000008_0101_01.jpg,vggface2_pairs,impersonation_attack,eval,Facenet512,clean,clean,0.0531450435519218,Facenet512_clean
19,GhostFaceNet,/content/face_module/dataset_extractedfaces/vggface2_pairs/n000007_0012_01.jpg,/content/face_module/dataset_extractedfaces/vggface2_pairs/n000008_0101_01.jpg,vggface2_pairs,impersonation_attack,eval,Facenet512,clean,clean,0.0531450435519218,Facenet512_clean
19,VGG-Face,/content/face_module/dataset_extractedfaces/vggface2_pairs/n000007_0012_01.jpg,/content/face_module/dataset_extractedfaces/vggface2_pairs/n000008_0101_01.jpg,vggface2_pairs,impersonation_attack,eval,Facenet512,clean,clean,0.0531450435519218,Facenet512_clean
19,ArcFace,/content/face_module/dataset_extractedfaces/vggface2_pairs/n000007_0012_01.jpg,/content/face_module/dataset_extractedfaces/vggface2_pairs/n000008_0101_01.jpg,vggface2_pairs,impersonation_attack,eval,Facenet512,PGD,vanilla,0.1035641282796859,Facenet512_PGD_adv
19,ArcFace,/content/face_module/dataset_extractedfaces/vggface2_pairs/n000007_0012_01.jpg,/content/face_module/dataset_extractedfaces/vggface2_pairs/n000008_0101_01.jpg,vggface2_pairs,impersonation_attack,eval,Facenet512,MI_FGSM,vanilla,0.1346093118190765,Facenet512_MI_FGSM_adv
19,ArcFace,/content/face_module/dataset_extractedfaces/vggface2_pairs/n000007_0012_01.jpg,/content/face_module/dataset_extractedfaces/vggface2_pairs/n000008_0101_01.jpg,vggface2_pairs,impersonation_attack,eval,Facenet512,TI_FGSM,vanilla,0.0766682624816894,Facenet512_TI_FGSM_adv
19,ArcFace,/content/face_module/dataset_extractedfaces/vggface2_pairs/n000007_0012_01.jpg,/content/face_module/dataset_extractedfaces/vggface2_pairs/n000008_0101_01.jpg,vggface2_pairs,impersonation_attack,eval,Facenet512,SI_NI_FGSM,vanilla,0.1546565741300583,Facenet512_SI_NI_FGSM_adv
19,ArcFace,/content/face_module/dataset_extractedfaces/vggface2_pairs/n000007_0012_01.jpg,/content/face_module/dataset_extractedfaces/vggface2_pairs/n000008_0101_01.jpg,vggface2_pairs,impersonation_attack,eval,Facenet512,MI_ADMIX_DI_TI,vanilla,0.0904659852385521,Facenet512_MI_ADMIX_DI_TI_adv
19,GhostFaceNet,/content/face_module/dataset_extractedfaces/vggface2_pairs/n000007_0012_01.jpg,/content/face_module/dataset_extractedfaces/vggface2_pairs/n000008_0101_01.jpg,vggface2_pairs,impersonation_attack,eval,Facenet512,PGD,vanilla,0.0638786926865577,Facenet512_PGD_adv
19,GhostFaceNet,/content/face_module/dataset_extractedfaces/vggface2_pairs/n000007_0012_01.jpg,/content/face_module/dataset_extractedfaces/vggface2_pairs/n000008_0101_01.jpg,vggface2_pairs,impersonation_attack,eval,Facenet512,MI_FGSM,vanilla,0.1327978670597076,Facenet512_MI_FGSM_adv
19,GhostFaceNet,/content/face_module/dataset_extractedfaces/vggface2_pairs/n000007_0012_01.jpg,/content/face_module/dataset_extractedfaces/vggface2_pairs/n000008_0101_01.jpg,vggface2_pairs,impersonation_attack,eval,Facenet512,TI_FGSM,vanilla,0.0851926729083061,Facenet512_TI_FGSM_adv
19,GhostFaceNet,/content/face_module/dataset_extractedfaces/vggface2_pairs/n000007_0012_01.jpg,/content/face_module/dataset_extractedfaces/vggface2_pairs/n000008_0101_01.jpg,vggface2_pairs,impersonation_attack,eval,Facenet512,SI_NI_FGSM,vanilla,0.1406249403953552,Facenet512_SI_NI_FGSM_adv
19,GhostFaceNet,/content/face_module/dataset_extractedfaces/vggface2_pairs/n000007_0012_01.jpg,/content/face_module/dataset_extractedfaces/vggface2_pairs/n000008_0101_01.jpg,vggface2_pairs,impersonation_attack,eval,Facenet512,MI_ADMIX_DI_TI,vanilla,0.1038261651992797,Facenet512_MI_ADMIX_DI_TI_adv
19,VGG-Face,/content/face_module/dataset_extractedfaces/vggface2_pairs/n000007_0012_01.jpg,/content/face_module/dataset_extractedfaces/vggface2_pairs/n000008_0101_01.jpg,vggface2_pairs,impersonation_attack,eval,Facenet512,PGD,vanilla,0.1254978030920028,Facenet512_PGD_adv
19,VGG-Face,/content/face_module/dataset_extractedfaces/vggface2_pairs/n000007_0012_01.jpg,/content/face_module/dataset_extractedfaces/vggface2_pairs/n000008_0101_01.jpg,vggface2_pairs,impersonation_attack,eval,Facenet512,MI_FGSM,vanilla,0.1619134992361068,Facenet512_MI_FGSM_adv
19,VGG-Face,/content/face_module/dataset_extractedfaces/vggface2_pairs/n000007_0012_01.jpg,/content/face_module/dataset_extractedfaces/vggface2_pairs/n000008_0101_01.jpg,vggface2_pairs,impersonation_attack,eval,Facenet512,TI_FGSM,vanilla,0.1232804954051971,Facenet512_TI_FGSM_adv
19,VGG-Face,/content/face_module/dataset_extractedfaces/vggface2_pairs/n000007_0012_01.jpg,/content/face_module/dataset_extractedfaces/vggface2_pairs/n000008_0101_01.jpg,vggface2_pairs,impersonation_attack,eval,Facenet512,SI_NI_FGSM,vanilla,0.1444660127162933,Facenet512_SI_NI_FGSM_adv
19,VGG-Face,/content/face_module/dataset_extractedfaces/vggface2_pairs/n000007_0012_01.jpg,/content/face_module/dataset_extractedfaces/vggface2_pairs/n000008_0101_01.jpg,vggface2_pairs,impersonation_attack,eval,Facenet512,MI_ADMIX_DI_TI,vanilla,0.120764784514904,Facenet512_MI_ADMIX_DI_TI_adv
21,ArcFace,/content/face_module/dataset_extractedfaces/vggface2_pairs/n000012_0183_01.jpg,/content/face_module/dataset_extractedfaces/vggface2_pairs/n000014_0113_01.jpg,vggface2_pairs,impersonation_attack,eval,Facenet512,clean,clean,-0.202360600233078,Facenet512_clean
21,Facenet512,/content/face_module/dataset_extractedfaces/vggface2_pairs/n000012_0183_01.jpg,/content/face_module/dataset_extractedfaces/vggface2_pairs/n000014_0113_01.jpg,vggface2_pairs,impersonation_attack,eval,Facenet512,clean,clean,-0.202360600233078,Facenet512_clean
21,GhostFaceNet,/content/face_module/dataset_extractedfaces/vggface2_pairs/n000012_0183_01.jpg,/content/face_module/dataset_extractedfaces/vggface2_pairs/n000014_0113_01.jpg,vggface2_pairs,impersonation_attack,eval,Facenet512,clean,clean,-0.202360600233078,Facenet512_clean
21,VGG-Face,/content/face_module/dataset_extractedfaces/vggface2_pairs/n000012_0183_01.jpg,/content/face_module/dataset_extractedfaces/vggface2_pairs/n000014_0113_01.jpg,vggface2_pairs,impersonation_attack,eval,Facenet512,clean,clean,-0.202360600233078,Facenet512_clean
21,ArcFace,/content/face_module/dataset_extractedfaces/vggface2_pairs/n000012_0183_01.jpg,/content/face_module/dataset_extractedfaces/vggface2_pairs/n000014_0113_01.jpg,vggface2_pairs,impersonation_attack,eval,Facenet512,PGD,vanilla,-0.0984488874673843,Facenet512_PGD_adv
21,ArcFace,/content/face_module/dataset_extractedfaces/vggface2_pairs/n000012_0183_01.jpg,/content/face_module/dataset_extractedfaces/vggface2_pairs/n000014_0113_01.jpg,vggface2_pairs,impersonation_attack,eval,Facenet512,MI_FGSM,vanilla,-0.0056336573325097,Facenet512_MI_FGSM_adv
21,ArcFace,/content/face_module/dataset_extractedfaces/vggface2_pairs/n000012_0183_01.jpg,/content/face_module/dataset_extractedfaces/vggface2_pairs/n000014_0113_01.jpg,vggface2_pairs,impersonation_attack,eval,Facenet512,TI_FGSM,vanilla,-0.0081916321069002,Facenet512_TI_FGSM_adv
21,ArcFace,/content/face_module/dataset_extractedfaces/vggface2_pairs/n000012_0183_01.jpg,/content/face_module/dataset_extractedfaces/vggface2_pairs/n000014_0113_01.jpg,vggface2_pairs,impersonation_attack,eval,Facenet512,SI_NI_FGSM,vanilla,0.0376694165170192,Facenet512_SI_NI_FGSM_adv
21,ArcFace,/content/face_module/dataset_extractedfaces/vggface2_pairs/n000012_0183_01.jpg,/content/face_module/dataset_extractedfaces/vggface2_pairs/n000014_0113_01.jpg,vggface2_pairs,impersonation_attack,eval,Facenet512,MI_ADMIX_DI_TI,vanilla,-0.0003476161509752,Facenet512_MI_ADMIX_DI_TI_adv
21,GhostFaceNet,/content/face_module/dataset_extractedfaces/vggface2_pairs/n000012_0183_01.jpg,/content/face_module/dataset_extractedfaces/vggface2_pairs/n000014_0113_01.jpg,vggface2_pairs,impersonation_attack,eval,Facenet512,PGD,vanilla,-0.1636003851890564,Facenet512_PGD_adv
21,GhostFaceNet,/content/face_module/dataset_extractedfaces/vggface2_pairs/n000012_0183_01.jpg,/content/face_module/dataset_extractedfaces/vggface2_pairs/n000014_0113_01.jpg,vggface2_pairs,impersonation_attack,eval,Facenet512,MI_FGSM,vanilla,-0.1264074146747589,Facenet512_MI_FGSM_adv
21,GhostFaceNet,/content/face_module/dataset_extractedfaces/vggface2_pairs/n000012_0183_01.jpg,/content/face_module/dataset_extractedfaces/vggface2_pairs/n000014_0113_01.jpg,vggface2_pairs,impersonation_attack,eval,Facenet512,TI_FGSM,vanilla,-0.1237618848681449,Facenet512_TI_FGSM_adv
21,GhostFaceNet,/content/face_module/dataset_extractedfaces/vggface2_pairs/n000012_0183_01.jpg,/content/face_module/dataset_extractedfaces/vggface2_pairs/n000014_0113_01.jpg,vggface2_pairs,impersonation_attack,eval,Facenet512,SI_NI_FGSM,vanilla,-0.154398500919342,Facenet512_SI_NI_FGSM_adv
21,GhostFaceNet,/content/face_module/dataset_extractedfaces/vggface2_pairs/n000012_0183_01.jpg,/content/face_module/dataset_extractedfaces/vggface2_pairs/n000014_0113_01.jpg,vggface2_pairs,impersonation_attack,eval,Facenet512,MI_ADMIX_DI_TI,vanilla,-0.1152904629707336,Facenet512_MI_ADMIX_DI_TI_adv
21,VGG-Face,/content/face_module/dataset_extractedfaces/vggface2_pairs/n000012_0183_01.jpg,/content/face_module/dataset_extractedfaces/vggface2_pairs/n000014_0113_01.jpg,vggface2_pairs,impersonation_attack,eval,Facenet512,PGD,vanilla,-0.1460307240486145,Facenet512_PGD_adv
21,VGG-Face,/content/face_module/dataset_extractedfaces/vggface2_pairs/n000012_0183_01.jpg,/content/face_module/dataset_extractedfaces/vggface2_pairs/n000014_0113_01.jpg,vggface2_pairs,impersonation_attack,eval,Facenet512,MI_FGSM,vanilla,-0.0163439493626356,Facenet512_MI_FGSM_adv
21,VGG-Face,/content/face_module/dataset_extractedfaces/vggface2_pairs/n000012_0183_01.jpg,/content/face_module/dataset_extractedfaces/vggface2_pairs/n000014_0113_01.jpg,vggface2_pairs,impersonation_attack,eval,Facenet512,TI_FGSM,vanilla,-0.0329263098537921,Facenet512_TI_FGSM_adv
21,VGG-Face,/content/face_module/dataset_extractedfaces/vggface2_pairs/n000012_0183_01.jpg,/content/face_module/dataset_extractedfaces/vggface2_pairs/n000014_0113_01.jpg,vggface2_pairs,impersonation_attack,eval,Facenet512,SI_NI_FGSM,vanilla,-0.029898265376687,Facenet512_SI_NI_FGSM_adv
21,VGG-Face,/content/face_module/dataset_extractedfaces/vggface2_pairs/n000012_0183_01.jpg,/content/face_module/dataset_extractedfaces/vggface2_pairs/n000014_0113_01.jpg,vggface2_pairs,impersonation_attack,eval,Facenet512,MI_ADMIX_DI_TI,vanilla,0.0092773810029029,Facenet512_MI_ADMIX_DI_TI_adv
6,ArcFace,/content/face_module/dataset_extractedfaces/lfw_pairs/Luiz Inacio Lula da Silva_7.jpg,/content/face_module/dataset_extractedfaces/lfw_pairs/Luiz Inacio Lula da Silva_8.jpg,lfw_pairs,dodging_attack,eval,Facenet512,clean,clean,0.7516777515411377,Facenet512_clean
6,Facenet512,/content/face_module/dataset_extractedfaces/lfw_pairs/Luiz Inacio Lula da Silva_7.jpg,/content/face_module/dataset_extractedfaces/lfw_pairs/Luiz Inacio Lula da Silva_8.jpg,lfw_pairs,dodging_attack,eval,Facenet512,clean,clean,0.7516777515411377,Facenet512_clean
6,GhostFaceNet,/content/face_module/dataset_extractedfaces/lfw_pairs/Luiz Inacio Lula da Silva_7.jpg,/content/face_module/dataset_extractedfaces/lfw_pairs/Luiz Inacio Lula da Silva_8.jpg,lfw_pairs,dodging_attack,eval,Facenet512,clean,clean,0.7516777515411377,Facenet512_clean
6,VGG-Face,/content/face_module/dataset_extractedfaces/lfw_pairs/Luiz Inacio Lula da Silva_7.jpg,/content/face_module/dataset_extractedfaces/lfw_pairs/Luiz Inacio Lula da Silva_8.jpg,lfw_pairs,dodging_attack,eval,Facenet512,clean,clean,0.7516777515411377,Facenet512_clean
6,ArcFace,/content/face_module/dataset_extractedfaces/lfw_pairs/Luiz Inacio Lula da Silva_7.jpg,/content/face_module/dataset_extractedfaces/lfw_pairs/Luiz Inacio Lula da Silva_8.jpg,lfw_pairs,dodging_attack,eval,Facenet512,PGD,vanilla,0.5625064373016357,Facenet512_PGD_adv
6,ArcFace,/content/face_module/dataset_extractedfaces/lfw_pairs/Luiz Inacio Lula da Silva_7.jpg,/content/face_module/dataset_extractedfaces/lfw_pairs/Luiz Inacio Lula da Silva_8.jpg,lfw_pairs,dodging_attack,eval,Facenet512,MI_FGSM,vanilla,0.3551593124866485,Facenet512_MI_FGSM_adv
6,ArcFace,/content/face_module/dataset_extractedfaces/lfw_pairs/Luiz Inacio Lula da Silva_7.jpg,/content/face_module/dataset_extractedfaces/lfw_pairs/Luiz Inacio Lula da Silva_8.jpg,lfw_pairs,dodging_attack,eval,Facenet512,TI_FGSM,vanilla,0.5557596683502197,Facenet512_TI_FGSM_adv
6,ArcFace,/content/face_module/dataset_extractedfaces/lfw_pairs/Luiz Inacio Lula da Silva_7.jpg,/content/face_module/dataset_extractedfaces/lfw_pairs/Luiz Inacio Lula da Silva_8.jpg,lfw_pairs,dodging_attack,eval,Facenet512,SI_NI_FGSM,vanilla,0.3470732867717743,Facenet512_SI_NI_FGSM_adv
6,ArcFace,/content/face_module/dataset_extractedfaces/lfw_pairs/Luiz Inacio Lula da Silva_7.jpg,/content/face_module/dataset_extractedfaces/lfw_pairs/Luiz Inacio Lula da Silva_8.jpg,lfw_pairs,dodging_attack,eval,Facenet512,MI_ADMIX_DI_TI,vanilla,0.5381124019622803,Facenet512_MI_ADMIX_DI_TI_adv
6,GhostFaceNet,/content/face_module/dataset_extractedfaces/lfw_pairs/Luiz Inacio Lula da Silva_7.jpg,/content/face_module/dataset_extractedfaces/lfw_pairs/Luiz Inacio Lula da Silva_8.jpg,lfw_pairs,dodging_attack,eval,Facenet512,PGD,vanilla,0.7578441500663757,Facenet512_PGD_adv
6,GhostFaceNet,/content/face_module/dataset_extractedfaces/lfw_pairs/Luiz Inacio Lula da Silva_7.jpg,/content/face_module/dataset_extractedfaces/lfw_pairs/Luiz Inacio Lula da Silva_8.jpg,lfw_pairs,dodging_attack,eval,Facenet512,MI_FGSM,vanilla,0.6479810476303101,Facenet512_MI_FGSM_adv
6,GhostFaceNet,/content/face_module/dataset_extractedfaces/lfw_pairs/Luiz Inacio Lula da Silva_7.jpg,/content/face_module/dataset_extractedfaces/lfw_pairs/Luiz Inacio Lula da Silva_8.jpg,lfw_pairs,dodging_attack,eval,Facenet512,TI_FGSM,vanilla,0.6836531162261963,Facenet512_TI_FGSM_adv
6,GhostFaceNet,/content/face_module/dataset_extractedfaces/lfw_pairs/Luiz Inacio Lula da Silva_7.jpg,/content/face_module/dataset_extractedfaces/lfw_pairs/Luiz Inacio Lula da Silva_8.jpg,lfw_pairs,dodging_attack,eval,Facenet512,SI_NI_FGSM,vanilla,0.6039933562278748,Facenet512_SI_NI_FGSM_adv
6,GhostFaceNet,/content/face_module/dataset_extractedfaces/lfw_pairs/Luiz Inacio Lula da Silva_7.jpg,/content/face_module/dataset_extractedfaces/lfw_pairs/Luiz Inacio Lula da Silva_8.jpg,lfw_pairs,dodging_attack,eval,Facenet512,MI_ADMIX_DI_TI,vanilla,0.6506736278533936,Facenet512_MI_ADMIX_DI_TI_adv
6,VGG-Face,/content/face_module/dataset_extractedfaces/lfw_pairs/Luiz Inacio Lula da Silva_7.jpg,/content/face_module/dataset_extractedfaces/lfw_pairs/Luiz Inacio Lula da Silva_8.jpg,lfw_pairs,dodging_attack,eval,Facenet512,PGD,vanilla,0.3610481321811676,Facenet512_PGD_adv
6,VGG-Face,/content/face_module/dataset_extractedfaces/lfw_pairs/Luiz Inacio Lula da Silva_7.jpg,/content/face_module/dataset_extractedfaces/lfw_pairs/Luiz Inacio Lula da Silva_8.jpg,lfw_pairs,dodging_attack,eval,Facenet512,MI_FGSM,vanilla,0.2631124258041382,Facenet512_MI_FGSM_adv
6,VGG-Face,/content/face_module/dataset_extractedfaces/lfw_pairs/Luiz Inacio Lula da Silva_7.jpg,/content/face_module/dataset_extractedfaces/lfw_pairs/Luiz Inacio Lula da Silva_8.jpg,lfw_pairs,dodging_attack,eval,Facenet512,TI_FGSM,vanilla,0.3159459829330444,Facenet512_TI_FGSM_adv
6,VGG-Face,/content/face_module/dataset_extractedfaces/lfw_pairs/Luiz Inacio Lula da Silva_7.jpg,/content/face_module/dataset_extractedfaces/lfw_pairs/Luiz Inacio Lula da Silva_8.jpg,lfw_pairs,dodging_attack,eval,Facenet512,SI_NI_FGSM,vanilla,0.2540223598480224,Facenet512_SI_NI_FGSM_adv
6,VGG-Face,/content/face_module/dataset_extractedfaces/lfw_pairs/Luiz Inacio Lula da Silva_7.jpg,/content/face_module/dataset_extractedfaces/lfw_pairs/Luiz Inacio Lula da Silva_8.jpg,lfw_pairs,dodging_attack,eval,Facenet512,MI_ADMIX_DI_TI,vanilla,0.3124861419200897,Facenet512_MI_ADMIX_DI_TI_adv
9,ArcFace,/content/face_module/dataset_extractedfaces/lfw_pairs/Colin Powell_75.jpg,/content/face_module/dataset_extractedfaces/lfw_pairs/Colin Powell_76.jpg,lfw_pairs,dodging_attack,eval,Facenet512,clean,clean,0.821812093257904,Facenet512_clean
9,Facenet512,/content/face_module/dataset_extractedfaces/lfw_pairs/Colin Powell_75.jpg,/content/face_module/dataset_extractedfaces/lfw_pairs/Colin Powell_76.jpg,lfw_pairs,dodging_attack,eval,Facenet512,clean,clean,0.821812093257904,Facenet512_clean
9,GhostFaceNet,/content/face_module/dataset_extractedfaces/lfw_pairs/Colin Powell_75.jpg,/content/face_module/dataset_extractedfaces/lfw_pairs/Colin Powell_76.jpg,lfw_pairs,dodging_attack,eval,Facenet512,clean,clean,0.821812093257904,Facenet512_clean
9,VGG-Face,/content/face_module/dataset_extractedfaces/lfw_pairs/Colin Powell_75.jpg,/content/face_module/dataset_extractedfaces/lfw_pairs/Colin Powell_76.jpg,lfw_pairs,dodging_attack,eval,Facenet512,clean,clean,0.821812093257904,Facenet512_clean
9,ArcFace,/content/face_module/dataset_extractedfaces/lfw_pairs/Colin Powell_75.jpg,/content/face_module/dataset_extractedfaces/lfw_pairs/Colin Powell_76.jpg,lfw_pairs,dodging_attack,eval,Facenet512,PGD,vanilla,0.7831688523292542,Facenet512_PGD_adv
9,ArcFace,/content/face_module/dataset_extractedfaces/lfw_pairs/Colin Powell_75.jpg,/content/face_module/dataset_extractedfaces/lfw_pairs/Colin Powell_76.jpg,lfw_pairs,dodging_attack,eval,Facenet512,MI_FGSM,vanilla,0.7355303168296814,Facenet512_MI_FGSM_adv
9,ArcFace,/content/face_module/dataset_extractedfaces/lfw_pairs/Colin Powell_75.jpg,/content/face_module/dataset_extractedfaces/lfw_pairs/Colin Powell_76.jpg,lfw_pairs,dodging_attack,eval,Facenet512,TI_FGSM,vanilla,0.7161980271339417,Facenet512_TI_FGSM_adv
9,ArcFace,/content/face_module/dataset_extractedfaces/lfw_pairs/Colin Powell_75.jpg,/content/face_module/dataset_extractedfaces/lfw_pairs/Colin Powell_76.jpg,lfw_pairs,dodging_attack,eval,Facenet512,SI_NI_FGSM,vanilla,0.6683305501937866,Facenet512_SI_NI_FGSM_adv
9,ArcFace,/content/face_module/dataset_extractedfaces/lfw_pairs/Colin Powell_75.jpg,/content/face_module/dataset_extractedfaces/lfw_pairs/Colin Powell_76.jpg,lfw_pairs,dodging_attack,eval,Facenet512,MI_ADMIX_DI_TI,vanilla,0.6863075494766235,Facenet512_MI_ADMIX_DI_TI_adv
9,GhostFaceNet,/content/face_module/dataset_extractedfaces/lfw_pairs/Colin Powell_75.jpg,/content/face_module/dataset_extractedfaces/lfw_pairs/Colin Powell_76.jpg,lfw_pairs,dodging_attack,eval,Facenet512,PGD,vanilla,0.8075089454650879,Facenet512_PGD_adv
9,GhostFaceNet,/content/face_module/dataset_extractedfaces/lfw_pairs/Colin Powell_75.jpg,/content/face_module/dataset_extractedfaces/lfw_pairs/Colin Powell_76.jpg,lfw_pairs,dodging_attack,eval,Facenet512,MI_FGSM,vanilla,0.7788585424423218,Facenet512_MI_FGSM_adv
9,GhostFaceNet,/content/face_module/dataset_extractedfaces/lfw_pairs/Colin Powell_75.jpg,/content/face_module/dataset_extractedfaces/lfw_pairs/Colin Powell_76.jpg,lfw_pairs,dodging_attack,eval,Facenet512,TI_FGSM,vanilla,0.754043698310852,Facenet512_TI_FGSM_adv
9,GhostFaceNet,/content/face_module/dataset_extractedfaces/lfw_pairs/Colin Powell_75.jpg,/content/face_module/dataset_extractedfaces/lfw_pairs/Colin Powell_76.jpg,lfw_pairs,dodging_attack,eval,Facenet512,SI_NI_FGSM,vanilla,0.7112022042274475,Facenet512_SI_NI_FGSM_adv
9,GhostFaceNet,/content/face_module/dataset_extractedfaces/lfw_pairs/Colin Powell_75.jpg,/content/face_module/dataset_extractedfaces/lfw_pairs/Colin Powell_76.jpg,lfw_pairs,dodging_attack,eval,Facenet512,MI_ADMIX_DI_TI,vanilla,0.7734634280204773,Facenet512_MI_ADMIX_DI_TI_adv
9,VGG-Face,/content/face_module/dataset_extractedfaces/lfw_pairs/Colin Powell_75.jpg,/content/face_module/dataset_extractedfaces/lfw_pairs/Colin Powell_76.jpg,lfw_pairs,dodging_attack,eval,Facenet512,PGD,vanilla,0.6580066680908203,Facenet512_PGD_adv
9,VGG-Face,/content/face_module/dataset_extractedfaces/lfw_pairs/Colin Powell_75.jpg,/content/face_module/dataset_extractedfaces/lfw_pairs/Colin Powell_76.jpg,lfw_pairs,dodging_attack,eval,Facenet512,MI_FGSM,vanilla,0.5483629107475281,Facenet512_MI_FGSM_adv
9,VGG-Face,/content/face_module/dataset_extractedfaces/lfw_pairs/Colin Powell_75.jpg,/content/face_module/dataset_extractedfaces/lfw_pairs/Colin Powell_76.jpg,lfw_pairs,dodging_attack,eval,Facenet512,TI_FGSM,vanilla,0.6016122698783875,Facenet512_TI_FGSM_adv
9,VGG-Face,/content/face_module/dataset_extractedfaces/lfw_pairs/Colin Powell_75.jpg,/content/face_module/dataset_extractedfaces/lfw_pairs/Colin Powell_76.jpg,lfw_pairs,dodging_attack,eval,Facenet512,SI_NI_FGSM,vanilla,0.577950119972229,Facenet512_SI_NI_FGSM_adv
9,VGG-Face,/content/face_module/dataset_extractedfaces/lfw_pairs/Colin Powell_75.jpg,/content/face_module/dataset_extractedfaces/lfw_pairs/Colin Powell_76.jpg,lfw_pairs,dodging_attack,eval,Facenet512,MI_ADMIX_DI_TI,vanilla,0.5229973196983337,Facenet512_MI_ADMIX_DI_TI_adv
15,ArcFace,/content/face_module/dataset_extractedfaces/lfw_pairs/George W Bush_518.jpg,/content/face_module/dataset_extractedfaces/lfw_pairs/George W Bush_519.jpg,lfw_pairs,dodging_attack,eval,Facenet512,clean,clean,0.6876074075698853,Facenet512_clean
15,Facenet512,/content/face_module/dataset_extractedfaces/lfw_pairs/George W Bush_518.jpg,/content/face_module/dataset_extractedfaces/lfw_pairs/George W Bush_519.jpg,lfw_pairs,dodging_attack,eval,Facenet512,clean,clean,0.6876074075698853,Facenet512_clean
15,GhostFaceNet,/content/face_module/dataset_extractedfaces/lfw_pairs/George W Bush_518.jpg,/content/face_module/dataset_extractedfaces/lfw_pairs/George W Bush_519.jpg,lfw_pairs,dodging_attack,eval,Facenet512,clean,clean,0.6876074075698853,Facenet512_clean
15,VGG-Face,/content/face_module/dataset_extractedfaces/lfw_pairs/George W Bush_518.jpg,/content/face_module/dataset_extractedfaces/lfw_pairs/George W Bush_519.jpg,lfw_pairs,dodging_attack,eval,Facenet512,clean,clean,0.6876074075698853,Facenet512_clean
15,ArcFace,/content/face_module/dataset_extractedfaces/lfw_pairs/George W Bush_518.jpg,/content/face_module/dataset_extractedfaces/lfw_pairs/George W Bush_519.jpg,lfw_pairs,dodging_attack,eval,Facenet512,PGD,vanilla,0.5580369234085083,Facenet512_PGD_adv
15,ArcFace,/content/face_module/dataset_extractedfaces/lfw_pairs/George W Bush_518.jpg,/content/face_module/dataset_extractedfaces/lfw_pairs/George W Bush_519.jpg,lfw_pairs,dodging_attack,eval,Facenet512,MI_FGSM,vanilla,0.3963751494884491,Facenet512_MI_FGSM_adv
15,ArcFace,/content/face_module/dataset_extractedfaces/lfw_pairs/George W Bush_518.jpg,/content/face_module/dataset_extractedfaces/lfw_pairs/George W Bush_519.jpg,lfw_pairs,dodging_attack,eval,Facenet512,TI_FGSM,vanilla,0.4246216118335724,Facenet512_TI_FGSM_adv
15,ArcFace,/content/face_module/dataset_extractedfaces/lfw_pairs/George W Bush_518.jpg,/content/face_module/dataset_extractedfaces/lfw_pairs/George W Bush_519.jpg,lfw_pairs,dodging_attack,eval,Facenet512,SI_NI_FGSM,vanilla,0.3637896180152893,Facenet512_SI_NI_FGSM_adv
15,ArcFace,/content/face_module/dataset_extractedfaces/lfw_pairs/George W Bush_518.jpg,/content/face_module/dataset_extractedfaces/lfw_pairs/George W Bush_519.jpg,lfw_pairs,dodging_attack,eval,Facenet512,MI_ADMIX_DI_TI,vanilla,0.4381180703639984,Facenet512_MI_ADMIX_DI_TI_adv
15,GhostFaceNet,/content/face_module/dataset_extractedfaces/lfw_pairs/George W Bush_518.jpg,/content/face_module/dataset_extractedfaces/lfw_pairs/George W Bush_519.jpg,lfw_pairs,dodging_attack,eval,Facenet512,PGD,vanilla,0.6213297843933105,Facenet512_PGD_adv
15,GhostFaceNet,/content/face_module/dataset_extractedfaces/lfw_pairs/George W Bush_518.jpg,/content/face_module/dataset_extractedfaces/lfw_pairs/George W Bush_519.jpg,lfw_pairs,dodging_attack,eval,Facenet512,MI_FGSM,vanilla,0.4836922287940979,Facenet512_MI_FGSM_adv
15,GhostFaceNet,/content/face_module/dataset_extractedfaces/lfw_pairs/George W Bush_518.jpg,/content/face_module/dataset_extractedfaces/lfw_pairs/George W Bush_519.jpg,lfw_pairs,dodging_attack,eval,Facenet512,TI_FGSM,vanilla,0.548022449016571,Facenet512_TI_FGSM_adv
15,GhostFaceNet,/content/face_module/dataset_extractedfaces/lfw_pairs/George W Bush_518.jpg,/content/face_module/dataset_extractedfaces/lfw_pairs/George W Bush_519.jpg,lfw_pairs,dodging_attack,eval,Facenet512,SI_NI_FGSM,vanilla,0.5157928466796875,Facenet512_SI_NI_FGSM_adv
15,GhostFaceNet,/content/face_module/dataset_extractedfaces/lfw_pairs/George W Bush_518.jpg,/content/face_module/dataset_extractedfaces/lfw_pairs/George W Bush_519.jpg,lfw_pairs,dodging_attack,eval,Facenet512,MI_ADMIX_DI_TI,vanilla,0.5302621126174927,Facenet512_MI_ADMIX_DI_TI_adv
15,VGG-Face,/content/face_module/dataset_extractedfaces/lfw_pairs/George W Bush_518.jpg,/content/face_module/dataset_extractedfaces/lfw_pairs/George W Bush_519.jpg,lfw_pairs,dodging_attack,eval,Facenet512,PGD,vanilla,0.2413500547409057,Facenet512_PGD_adv
15,VGG-Face,/content/face_module/dataset_extractedfaces/lfw_pairs/George W Bush_518.jpg,/content/face_module/dataset_extractedfaces/lfw_pairs/George W Bush_519.jpg,lfw_pairs,dodging_attack,eval,Facenet512,MI_FGSM,vanilla,0.0857262462377548,Facenet512_MI_FGSM_adv
15,VGG-Face,/content/face_module/dataset_extractedfaces/lfw_pairs/George W Bush_518.jpg,/content/face_module/dataset_extractedfaces/lfw_pairs/George W Bush_519.jpg,lfw_pairs,dodging_attack,eval,Facenet512,TI_FGSM,vanilla,0.186915248632431,Facenet512_TI_FGSM_adv
15,VGG-Face,/content/face_module/dataset_extractedfaces/lfw_pairs/George W Bush_518.jpg,/content/face_module/dataset_extractedfaces/lfw_pairs/George W Bush_519.jpg,lfw_pairs,dodging_attack,eval,Facenet512,SI_NI_FGSM,vanilla,0.1019181609153747,Facenet512_SI_NI_FGSM_adv
15,VGG-Face,/content/face_module/dataset_extractedfaces/lfw_pairs/George W Bush_518.jpg,/content/face_module/dataset_extractedfaces/lfw_pairs/George W Bush_519.jpg,lfw_pairs,dodging_attack,eval,Facenet512,MI_ADMIX_DI_TI,vanilla,0.1323574632406234,Facenet512_MI_ADMIX_DI_TI_adv
16,ArcFace,/content/face_module/dataset_extractedfaces/lfw_pairs/Colin Powell_24.jpg,/content/face_module/dataset_extractedfaces/lfw_pairs/Colin Powell_25.jpg,lfw_pairs,dodging_attack,eval,Facenet512,clean,clean,0.7765311598777771,Facenet512_clean
16,Facenet512,/content/face_module/dataset_extractedfaces/lfw_pairs/Colin Powell_24.jpg,/content/face_module/dataset_extractedfaces/lfw_pairs/Colin Powell_25.jpg,lfw_pairs,dodging_attack,eval,Facenet512,clean,clean,0.7765311598777771,Facenet512_clean
16,GhostFaceNet,/content/face_module/dataset_extractedfaces/lfw_pairs/Colin Powell_24.jpg,/content/face_module/dataset_extractedfaces/lfw_pairs/Colin Powell_25.jpg,lfw_pairs,dodging_attack,eval,Facenet512,clean,clean,0.7765311598777771,Facenet512_clean
16,VGG-Face,/content/face_module/dataset_extractedfaces/lfw_pairs/Colin Powell_24.jpg,/content/face_module/dataset_extractedfaces/lfw_pairs/Colin Powell_25.jpg,lfw_pairs,dodging_attack,eval,Facenet512,clean,clean,0.7765311598777771,Facenet512_clean
16,ArcFace,/content/face_module/dataset_extractedfaces/lfw_pairs/Colin Powell_24.jpg,/content/face_module/dataset_extractedfaces/lfw_pairs/Colin Powell_25.jpg,lfw_pairs,dodging_attack,eval,Facenet512,PGD,vanilla,0.7129225730895996,Facenet512_PGD_adv
16,ArcFace,/content/face_module/dataset_extractedfaces/lfw_pairs/Colin Powell_24.jpg,/content/face_module/dataset_extractedfaces/lfw_pairs/Colin Powell_25.jpg,lfw_pairs,dodging_attack,eval,Facenet512,MI_FGSM,vanilla,0.6439745426177979,Facenet512_MI_FGSM_adv
16,ArcFace,/content/face_module/dataset_extractedfaces/lfw_pairs/Colin Powell_24.jpg,/content/face_module/dataset_extractedfaces/lfw_pairs/Colin Powell_25.jpg,lfw_pairs,dodging_attack,eval,Facenet512,TI_FGSM,vanilla,0.6846820712089539,Facenet512_TI_FGSM_adv
16,ArcFace,/content/face_module/dataset_extractedfaces/lfw_pairs/Colin Powell_24.jpg,/content/face_module/dataset_extractedfaces/lfw_pairs/Colin Powell_25.jpg,lfw_pairs,dodging_attack,eval,Facenet512,SI_NI_FGSM,vanilla,0.5923160910606384,Facenet512_SI_NI_FGSM_adv
16,ArcFace,/content/face_module/dataset_extractedfaces/lfw_pairs/Colin Powell_24.jpg,/content/face_module/dataset_extractedfaces/lfw_pairs/Colin Powell_25.jpg,lfw_pairs,dodging_attack,eval,Facenet512,MI_ADMIX_DI_TI,vanilla,0.6579257845878601,Facenet512_MI_ADMIX_DI_TI_adv
16,GhostFaceNet,/content/face_module/dataset_extractedfaces/lfw_pairs/Colin Powell_24.jpg,/content/face_module/dataset_extractedfaces/lfw_pairs/Colin Powell_25.jpg,lfw_pairs,dodging_attack,eval,Facenet512,PGD,vanilla,0.7135716676712036,Facenet512_PGD_adv
16,GhostFaceNet,/content/face_module/dataset_extractedfaces/lfw_pairs/Colin Powell_24.jpg,/content/face_module/dataset_extractedfaces/lfw_pairs/Colin Powell_25.jpg,lfw_pairs,dodging_attack,eval,Facenet512,MI_FGSM,vanilla,0.6787070035934448,Facenet512_MI_FGSM_adv
16,GhostFaceNet,/content/face_module/dataset_extractedfaces/lfw_pairs/Colin Powell_24.jpg,/content/face_module/dataset_extractedfaces/lfw_pairs/Colin Powell_25.jpg,lfw_pairs,dodging_attack,eval,Facenet512,TI_FGSM,vanilla,0.757311224937439,Facenet512_TI_FGSM_adv
16,GhostFaceNet,/content/face_module/dataset_extractedfaces/lfw_pairs/Colin Powell_24.jpg,/content/face_module/dataset_extractedfaces/lfw_pairs/Colin Powell_25.jpg,lfw_pairs,dodging_attack,eval,Facenet512,SI_NI_FGSM,vanilla,0.6784096956253052,Facenet512_SI_NI_FGSM_adv
16,GhostFaceNet,/content/face_module/dataset_extractedfaces/lfw_pairs/Colin Powell_24.jpg,/content/face_module/dataset_extractedfaces/lfw_pairs/Colin Powell_25.jpg,lfw_pairs,dodging_attack,eval,Facenet512,MI_ADMIX_DI_TI,vanilla,0.7607946395874023,Facenet512_MI_ADMIX_DI_TI_adv
16,VGG-Face,/content/face_module/dataset_extractedfaces/lfw_pairs/Colin Powell_24.jpg,/content/face_module/dataset_extractedfaces/lfw_pairs/Colin Powell_25.jpg,lfw_pairs,dodging_attack,eval,Facenet512,PGD,vanilla,0.550506591796875,Facenet512_PGD_adv
16,VGG-Face,/content/face_module/dataset_extractedfaces/lfw_pairs/Colin Powell_24.jpg,/content/face_module/dataset_extractedfaces/lfw_pairs/Colin Powell_25.jpg,lfw_pairs,dodging_attack,eval,Facenet512,MI_FGSM,vanilla,0.441440999507904,Facenet512_MI_FGSM_adv
16,VGG-Face,/content/face_module/dataset_extractedfaces/lfw_pairs/Colin Powell_24.jpg,/content/face_module/dataset_extractedfaces/lfw_pairs/Colin Powell_25.jpg,lfw_pairs,dodging_attack,eval,Facenet512,TI_FGSM,vanilla,0.5043237209320068,Facenet512_TI_FGSM_adv
16,VGG-Face,/content/face_module/dataset_extractedfaces/lfw_pairs/Colin Powell_24.jpg,/content/face_module/dataset_extractedfaces/lfw_pairs/Colin Powell_25.jpg,lfw_pairs,dodging_attack,eval,Facenet512,SI_NI_FGSM,vanilla,0.1857815831899643,Facenet512_SI_NI_FGSM_adv
16,VGG-Face,/content/face_module/dataset_extractedfaces/lfw_pairs/Colin Powell_24.jpg,/content/face_module/dataset_extractedfaces/lfw_pairs/Colin Powell_25.jpg,lfw_pairs,dodging_attack,eval,Facenet512,MI_ADMIX_DI_TI,vanilla,0.4157890677452087,Facenet512_MI_ADMIX_DI_TI_adv
23,ArcFace,/content/face_module/dataset_extractedfaces/lfw_pairs/Tom Daschle_5.jpg,/content/face_module/dataset_extractedfaces/lfw_pairs/Tom Daschle_6.jpg,lfw_pairs,dodging_attack,eval,Facenet512,clean,clean,0.7583966255187988,Facenet512_clean
23,Facenet512,/content/face_module/dataset_extractedfaces/lfw_pairs/Tom Daschle_5.jpg,/content/face_module/dataset_extractedfaces/lfw_pairs/Tom Daschle_6.jpg,lfw_pairs,dodging_attack,eval,Facenet512,clean,clean,0.7583966255187988,Facenet512_clean
23,GhostFaceNet,/content/face_module/dataset_extractedfaces/lfw_pairs/Tom Daschle_5.jpg,/content/face_module/dataset_extractedfaces/lfw_pairs/Tom Daschle_6.jpg,lfw_pairs,dodging_attack,eval,Facenet512,clean,clean,0.7583966255187988,Facenet512_clean
23,VGG-Face,/content/face_module/dataset_extractedfaces/lfw_pairs/Tom Daschle_5.jpg,/content/face_module/dataset_extractedfaces/lfw_pairs/Tom Daschle_6.jpg,lfw_pairs,dodging_attack,eval,Facenet512,clean,clean,0.7583966255187988,Facenet512_clean
23,ArcFace,/content/face_module/dataset_extractedfaces/lfw_pairs/Tom Daschle_5.jpg,/content/face_module/dataset_extractedfaces/lfw_pairs/Tom Daschle_6.jpg,lfw_pairs,dodging_attack,eval,Facenet512,PGD,vanilla,0.6655325889587402,Facenet512_PGD_adv
23,ArcFace,/content/face_module/dataset_extractedfaces/lfw_pairs/Tom Daschle_5.jpg,/content/face_module/dataset_extractedfaces/lfw_pairs/Tom Daschle_6.jpg,lfw_pairs,dodging_attack,eval,Facenet512,MI_FGSM,vanilla,0.6330423355102539,Facenet512_MI_FGSM_adv
23,ArcFace,/content/face_module/dataset_extractedfaces/lfw_pairs/Tom Daschle_5.jpg,/content/face_module/dataset_extractedfaces/lfw_pairs/Tom Daschle_6.jpg,lfw_pairs,dodging_attack,eval,Facenet512,TI_FGSM,vanilla,0.6769260764122009,Facenet512_TI_FGSM_adv
23,ArcFace,/content/face_module/dataset_extractedfaces/lfw_pairs/Tom Daschle_5.jpg,/content/face_module/dataset_extractedfaces/lfw_pairs/Tom Daschle_6.jpg,lfw_pairs,dodging_attack,eval,Facenet512,SI_NI_FGSM,vanilla,0.559643566608429,Facenet512_SI_NI_FGSM_adv
23,ArcFace,/content/face_module/dataset_extractedfaces/lfw_pairs/Tom Daschle_5.jpg,/content/face_module/dataset_extractedfaces/lfw_pairs/Tom Daschle_6.jpg,lfw_pairs,dodging_attack,eval,Facenet512,MI_ADMIX_DI_TI,vanilla,0.6183025240898132,Facenet512_MI_ADMIX_DI_TI_adv
23,GhostFaceNet,/content/face_module/dataset_extractedfaces/lfw_pairs/Tom Daschle_5.jpg,/content/face_module/dataset_extractedfaces/lfw_pairs/Tom Daschle_6.jpg,lfw_pairs,dodging_attack,eval,Facenet512,PGD,vanilla,0.7457517385482788,Facenet512_PGD_adv
23,GhostFaceNet,/content/face_module/dataset_extractedfaces/lfw_pairs/Tom Daschle_5.jpg,/content/face_module/dataset_extractedfaces/lfw_pairs/Tom Daschle_6.jpg,lfw_pairs,dodging_attack,eval,Facenet512,MI_FGSM,vanilla,0.6668772101402283,Facenet512_MI_FGSM_adv
23,GhostFaceNet,/content/face_module/dataset_extractedfaces/lfw_pairs/Tom Daschle_5.jpg,/content/face_module/dataset_extractedfaces/lfw_pairs/Tom Daschle_6.jpg,lfw_pairs,dodging_attack,eval,Facenet512,TI_FGSM,vanilla,0.7545267343521118,Facenet512_TI_FGSM_adv
23,GhostFaceNet,/content/face_module/dataset_extractedfaces/lfw_pairs/Tom Daschle_5.jpg,/content/face_module/dataset_extractedfaces/lfw_pairs/Tom Daschle_6.jpg,lfw_pairs,dodging_attack,eval,Facenet512,SI_NI_FGSM,vanilla,0.6864140629768372,Facenet512_SI_NI_FGSM_adv
23,GhostFaceNet,/content/face_module/dataset_extractedfaces/lfw_pairs/Tom Daschle_5.jpg,/content/face_module/dataset_extractedfaces/lfw_pairs/Tom Daschle_6.jpg,lfw_pairs,dodging_attack,eval,Facenet512,MI_ADMIX_DI_TI,vanilla,0.7286391258239746,Facenet512_MI_ADMIX_DI_TI_adv
23,VGG-Face,/content/face_module/dataset_extractedfaces/lfw_pairs/Tom Daschle_5.jpg,/content/face_module/dataset_extractedfaces/lfw_pairs/Tom Daschle_6.jpg,lfw_pairs,dodging_attack,eval,Facenet512,PGD,vanilla,0.4334112107753753,Facenet512_PGD_adv
23,VGG-Face,/content/face_module/dataset_extractedfaces/lfw_pairs/Tom Daschle_5.jpg,/content/face_module/dataset_extractedfaces/lfw_pairs/Tom Daschle_6.jpg,lfw_pairs,dodging_attack,eval,Facenet512,MI_FGSM,vanilla,0.2762689590454101,Facenet512_MI_FGSM_adv
23,VGG-Face,/content/face_module/dataset_extractedfaces/lfw_pairs/Tom Daschle_5.jpg,/content/face_module/dataset_extractedfaces/lfw_pairs/Tom Daschle_6.jpg,lfw_pairs,dodging_attack,eval,Facenet512,TI_FGSM,vanilla,0.3554027378559112,Facenet512_TI_FGSM_adv
23,VGG-Face,/content/face_module/dataset_extractedfaces/lfw_pairs/Tom Daschle_5.jpg,/content/face_module/dataset_extractedfaces/lfw_pairs/Tom Daschle_6.jpg,lfw_pairs,dodging_attack,eval,Facenet512,SI_NI_FGSM,vanilla,0.3302588760852813,Facenet512_SI_NI_FGSM_adv
23,VGG-Face,/content/face_module/dataset_extractedfaces/lfw_pairs/Tom Daschle_5.jpg,/content/face_module/dataset_extractedfaces/lfw_pairs/Tom Daschle_6.jpg,lfw_pairs,dodging_attack,eval,Facenet512,MI_ADMIX_DI_TI,vanilla,0.2363724261522293,Facenet512_MI_ADMIX_DI_TI_adv
18,ArcFace,/content/face_module/dataset_extractedfaces/celeba_pairs/092809.jpg,/content/face_module/dataset_extractedfaces/celeba_pairs/108708.jpg,celeba_pairs,dodging_attack,eval,Facenet512,clean,clean,0.7128066420555115,Facenet512_clean
18,Facenet512,/content/face_module/dataset_extractedfaces/celeba_pairs/092809.jpg,/content/face_module/dataset_extractedfaces/celeba_pairs/108708.jpg,celeba_pairs,dodging_attack,eval,Facenet512,clean,clean,0.7128066420555115,Facenet512_clean
18,GhostFaceNet,/content/face_module/dataset_extractedfaces/celeba_pairs/092809.jpg,/content/face_module/dataset_extractedfaces/celeba_pairs/108708.jpg,celeba_pairs,dodging_attack,eval,Facenet512,clean,clean,0.7128066420555115,Facenet512_clean
18,VGG-Face,/content/face_module/dataset_extractedfaces/celeba_pairs/092809.jpg,/content/face_module/dataset_extractedfaces/celeba_pairs/108708.jpg,celeba_pairs,dodging_attack,eval,Facenet512,clean,clean,0.7128066420555115,Facenet512_clean
18,ArcFace,/content/face_module/dataset_extractedfaces/celeba_pairs/092809.jpg,/content/face_module/dataset_extractedfaces/celeba_pairs/108708.jpg,celeba_pairs,dodging_attack,eval,Facenet512,PGD,vanilla,0.578941822052002,Facenet512_PGD_adv
18,ArcFace,/content/face_module/dataset_extractedfaces/celeba_pairs/092809.jpg,/content/face_module/dataset_extractedfaces/celeba_pairs/108708.jpg,celeba_pairs,dodging_attack,eval,Facenet512,MI_FGSM,vanilla,0.4526786506175995,Facenet512_MI_FGSM_adv
18,ArcFace,/content/face_module/dataset_extractedfaces/celeba_pairs/092809.jpg,/content/face_module/dataset_extractedfaces/celeba_pairs/108708.jpg,celeba_pairs,dodging_attack,eval,Facenet512,TI_FGSM,vanilla,0.5662528276443481,Facenet512_TI_FGSM_adv
18,ArcFace,/content/face_module/dataset_extractedfaces/celeba_pairs/092809.jpg,/content/face_module/dataset_extractedfaces/celeba_pairs/108708.jpg,celeba_pairs,dodging_attack,eval,Facenet512,SI_NI_FGSM,vanilla,0.3770679235458374,Facenet512_SI_NI_FGSM_adv
18,ArcFace,/content/face_module/dataset_extractedfaces/celeba_pairs/092809.jpg,/content/face_module/dataset_extractedfaces/celeba_pairs/108708.jpg,celeba_pairs,dodging_attack,eval,Facenet512,MI_ADMIX_DI_TI,vanilla,0.5231997966766357,Facenet512_MI_ADMIX_DI_TI_adv
18,GhostFaceNet,/content/face_module/dataset_extractedfaces/celeba_pairs/092809.jpg,/content/face_module/dataset_extractedfaces/celeba_pairs/108708.jpg,celeba_pairs,dodging_attack,eval,Facenet512,PGD,vanilla,0.6458636522293091,Facenet512_PGD_adv
18,GhostFaceNet,/content/face_module/dataset_extractedfaces/celeba_pairs/092809.jpg,/content/face_module/dataset_extractedfaces/celeba_pairs/108708.jpg,celeba_pairs,dodging_attack,eval,Facenet512,MI_FGSM,vanilla,0.5523669719696045,Facenet512_MI_FGSM_adv
18,GhostFaceNet,/content/face_module/dataset_extractedfaces/celeba_pairs/092809.jpg,/content/face_module/dataset_extractedfaces/celeba_pairs/108708.jpg,celeba_pairs,dodging_attack,eval,Facenet512,TI_FGSM,vanilla,0.6939904689788818,Facenet512_TI_FGSM_adv
18,GhostFaceNet,/content/face_module/dataset_extractedfaces/celeba_pairs/092809.jpg,/content/face_module/dataset_extractedfaces/celeba_pairs/108708.jpg,celeba_pairs,dodging_attack,eval,Facenet512,SI_NI_FGSM,vanilla,0.5227014422416687,Facenet512_SI_NI_FGSM_adv
18,GhostFaceNet,/content/face_module/dataset_extractedfaces/celeba_pairs/092809.jpg,/content/face_module/dataset_extractedfaces/celeba_pairs/108708.jpg,celeba_pairs,dodging_attack,eval,Facenet512,MI_ADMIX_DI_TI,vanilla,0.6572440266609192,Facenet512_MI_ADMIX_DI_TI_adv
18,VGG-Face,/content/face_module/dataset_extractedfaces/celeba_pairs/092809.jpg,/content/face_module/dataset_extractedfaces/celeba_pairs/108708.jpg,celeba_pairs,dodging_attack,eval,Facenet512,PGD,vanilla,0.4342109858989715,Facenet512_PGD_adv
18,VGG-Face,/content/face_module/dataset_extractedfaces/celeba_pairs/092809.jpg,/content/face_module/dataset_extractedfaces/celeba_pairs/108708.jpg,celeba_pairs,dodging_attack,eval,Facenet512,MI_FGSM,vanilla,0.3005001246929168,Facenet512_MI_FGSM_adv
18,VGG-Face,/content/face_module/dataset_extractedfaces/celeba_pairs/092809.jpg,/content/face_module/dataset_extractedfaces/celeba_pairs/108708.jpg,celeba_pairs,dodging_attack,eval,Facenet512,TI_FGSM,vanilla,0.4264601767063141,Facenet512_TI_FGSM_adv
18,VGG-Face,/content/face_module/dataset_extractedfaces/celeba_pairs/092809.jpg,/content/face_module/dataset_extractedfaces/celeba_pairs/108708.jpg,celeba_pairs,dodging_attack,eval,Facenet512,SI_NI_FGSM,vanilla,0.3891676962375641,Facenet512_SI_NI_FGSM_adv
18,VGG-Face,/content/face_module/dataset_extractedfaces/celeba_pairs/092809.jpg,/content/face_module/dataset_extractedfaces/celeba_pairs/108708.jpg,celeba_pairs,dodging_attack,eval,Facenet512,MI_ADMIX_DI_TI,vanilla,0.3591690063476562,Facenet512_MI_ADMIX_DI_TI_adv
27,ArcFace,/content/face_module/dataset_extractedfaces/celeba_pairs/023869.jpg,/content/face_module/dataset_extractedfaces/celeba_pairs/024923.jpg,celeba_pairs,dodging_attack,eval,Facenet512,clean,clean,0.8734110593795776,Facenet512_clean
27,Facenet512,/content/face_module/dataset_extractedfaces/celeba_pairs/023869.jpg,/content/face_module/dataset_extractedfaces/celeba_pairs/024923.jpg,celeba_pairs,dodging_attack,eval,Facenet512,clean,clean,0.8734110593795776,Facenet512_clean
27,GhostFaceNet,/content/face_module/dataset_extractedfaces/celeba_pairs/023869.jpg,/content/face_module/dataset_extractedfaces/celeba_pairs/024923.jpg,celeba_pairs,dodging_attack,eval,Facenet512,clean,clean,0.8734110593795776,Facenet512_clean
27,VGG-Face,/content/face_module/dataset_extractedfaces/celeba_pairs/023869.jpg,/content/face_module/dataset_extractedfaces/celeba_pairs/024923.jpg,celeba_pairs,dodging_attack,eval,Facenet512,clean,clean,0.8734110593795776,Facenet512_clean
27,ArcFace,/content/face_module/dataset_extractedfaces/celeba_pairs/023869.jpg,/content/face_module/dataset_extractedfaces/celeba_pairs/024923.jpg,celeba_pairs,dodging_attack,eval,Facenet512,PGD,vanilla,0.7860827445983887,Facenet512_PGD_adv
27,ArcFace,/content/face_module/dataset_extractedfaces/celeba_pairs/023869.jpg,/content/face_module/dataset_extractedfaces/celeba_pairs/024923.jpg,celeba_pairs,dodging_attack,eval,Facenet512,MI_FGSM,vanilla,0.6690019369125366,Facenet512_MI_FGSM_adv
27,ArcFace,/content/face_module/dataset_extractedfaces/celeba_pairs/023869.jpg,/content/face_module/dataset_extractedfaces/celeba_pairs/024923.jpg,celeba_pairs,dodging_attack,eval,Facenet512,TI_FGSM,vanilla,0.7230775356292725,Facenet512_TI_FGSM_adv
27,ArcFace,/content/face_module/dataset_extractedfaces/celeba_pairs/023869.jpg,/content/face_module/dataset_extractedfaces/celeba_pairs/024923.jpg,celeba_pairs,dodging_attack,eval,Facenet512,SI_NI_FGSM,vanilla,0.5621873736381531,Facenet512_SI_NI_FGSM_adv
27,ArcFace,/content/face_module/dataset_extractedfaces/celeba_pairs/023869.jpg,/content/face_module/dataset_extractedfaces/celeba_pairs/024923.jpg,celeba_pairs,dodging_attack,eval,Facenet512,MI_ADMIX_DI_TI,vanilla,0.7342842221260071,Facenet512_MI_ADMIX_DI_TI_adv
27,GhostFaceNet,/content/face_module/dataset_extractedfaces/celeba_pairs/023869.jpg,/content/face_module/dataset_extractedfaces/celeba_pairs/024923.jpg,celeba_pairs,dodging_attack,eval,Facenet512,PGD,vanilla,0.7961462736129761,Facenet512_PGD_adv
27,GhostFaceNet,/content/face_module/dataset_extractedfaces/celeba_pairs/023869.jpg,/content/face_module/dataset_extractedfaces/celeba_pairs/024923.jpg,celeba_pairs,dodging_attack,eval,Facenet512,MI_FGSM,vanilla,0.7038120031356812,Facenet512_MI_FGSM_adv
27,GhostFaceNet,/content/face_module/dataset_extractedfaces/celeba_pairs/023869.jpg,/content/face_module/dataset_extractedfaces/celeba_pairs/024923.jpg,celeba_pairs,dodging_attack,eval,Facenet512,TI_FGSM,vanilla,0.7936536073684692,Facenet512_TI_FGSM_adv
27,GhostFaceNet,/content/face_module/dataset_extractedfaces/celeba_pairs/023869.jpg,/content/face_module/dataset_extractedfaces/celeba_pairs/024923.jpg,celeba_pairs,dodging_attack,eval,Facenet512,SI_NI_FGSM,vanilla,0.6795517206192017,Facenet512_SI_NI_FGSM_adv
27,GhostFaceNet,/content/face_module/dataset_extractedfaces/celeba_pairs/023869.jpg,/content/face_module/dataset_extractedfaces/celeba_pairs/024923.jpg,celeba_pairs,dodging_attack,eval,Facenet512,MI_ADMIX_DI_TI,vanilla,0.7565267086029053,Facenet512_MI_ADMIX_DI_TI_adv
27,VGG-Face,/content/face_module/dataset_extractedfaces/celeba_pairs/023869.jpg,/content/face_module/dataset_extractedfaces/celeba_pairs/024923.jpg,celeba_pairs,dodging_attack,eval,Facenet512,PGD,vanilla,0.577644944190979,Facenet512_PGD_adv
27,VGG-Face,/content/face_module/dataset_extractedfaces/celeba_pairs/023869.jpg,/content/face_module/dataset_extractedfaces/celeba_pairs/024923.jpg,celeba_pairs,dodging_attack,eval,Facenet512,MI_FGSM,vanilla,0.3790850639343261,Facenet512_MI_FGSM_adv
27,VGG-Face,/content/face_module/dataset_extractedfaces/celeba_pairs/023869.jpg,/content/face_module/dataset_extractedfaces/celeba_pairs/024923.jpg,celeba_pairs,dodging_attack,eval,Facenet512,TI_FGSM,vanilla,0.5146422982215881,Facenet512_TI_FGSM_adv
27,VGG-Face,/content/face_module/dataset_extractedfaces/celeba_pairs/023869.jpg,/content/face_module/dataset_extractedfaces/celeba_pairs/024923.jpg,celeba_pairs,dodging_attack,eval,Facenet512,SI_NI_FGSM,vanilla,0.4130319654941559,Facenet512_SI_NI_FGSM_adv
27,VGG-Face,/content/face_module/dataset_extractedfaces/celeba_pairs/023869.jpg,/content/face_module/dataset_extractedfaces/celeba_pairs/024923.jpg,celeba_pairs,dodging_attack,eval,Facenet512,MI_ADMIX_DI_TI,vanilla,0.381844699382782,Facenet512_MI_ADMIX_DI_TI_adv
28,ArcFace,/content/face_module/dataset_extractedfaces/celeba_pairs/130980.jpg,/content/face_module/dataset_extractedfaces/celeba_pairs/147767.jpg,celeba_pairs,dodging_attack,eval,Facenet512,clean,clean,0.7959234118461609,Facenet512_clean
28,Facenet512,/content/face_module/dataset_extractedfaces/celeba_pairs/130980.jpg,/content/face_module/dataset_extractedfaces/celeba_pairs/147767.jpg,celeba_pairs,dodging_attack,eval,Facenet512,clean,clean,0.7959234118461609,Facenet512_clean
28,GhostFaceNet,/content/face_module/dataset_extractedfaces/celeba_pairs/130980.jpg,/content/face_module/dataset_extractedfaces/celeba_pairs/147767.jpg,celeba_pairs,dodging_attack,eval,Facenet512,clean,clean,0.7959234118461609,Facenet512_clean
28,VGG-Face,/content/face_module/dataset_extractedfaces/celeba_pairs/130980.jpg,/content/face_module/dataset_extractedfaces/celeba_pairs/147767.jpg,celeba_pairs,dodging_attack,eval,Facenet512,clean,clean,0.7959234118461609,Facenet512_clean
28,ArcFace,/content/face_module/dataset_extractedfaces/celeba_pairs/130980.jpg,/content/face_module/dataset_extractedfaces/celeba_pairs/147767.jpg,celeba_pairs,dodging_attack,eval,Facenet512,PGD,vanilla,0.6343903541564941,Facenet512_PGD_adv
28,ArcFace,/content/face_module/dataset_extractedfaces/celeba_pairs/130980.jpg,/content/face_module/dataset_extractedfaces/celeba_pairs/147767.jpg,celeba_pairs,dodging_attack,eval,Facenet512,MI_FGSM,vanilla,0.5238559246063232,Facenet512_MI_FGSM_adv
28,ArcFace,/content/face_module/dataset_extractedfaces/celeba_pairs/130980.jpg,/content/face_module/dataset_extractedfaces/celeba_pairs/147767.jpg,celeba_pairs,dodging_attack,eval,Facenet512,TI_FGSM,vanilla,0.560240626335144,Facenet512_TI_FGSM_adv
28,ArcFace,/content/face_module/dataset_extractedfaces/celeba_pairs/130980.jpg,/content/face_module/dataset_extractedfaces/celeba_pairs/147767.jpg,celeba_pairs,dodging_attack,eval,Facenet512,SI_NI_FGSM,vanilla,0.5348840355873108,Facenet512_SI_NI_FGSM_adv
28,ArcFace,/content/face_module/dataset_extractedfaces/celeba_pairs/130980.jpg,/content/face_module/dataset_extractedfaces/celeba_pairs/147767.jpg,celeba_pairs,dodging_attack,eval,Facenet512,MI_ADMIX_DI_TI,vanilla,0.5703782439231873,Facenet512_MI_ADMIX_DI_TI_adv
28,GhostFaceNet,/content/face_module/dataset_extractedfaces/celeba_pairs/130980.jpg,/content/face_module/dataset_extractedfaces/celeba_pairs/147767.jpg,celeba_pairs,dodging_attack,eval,Facenet512,PGD,vanilla,0.7017340660095215,Facenet512_PGD_adv
28,GhostFaceNet,/content/face_module/dataset_extractedfaces/celeba_pairs/130980.jpg,/content/face_module/dataset_extractedfaces/celeba_pairs/147767.jpg,celeba_pairs,dodging_attack,eval,Facenet512,MI_FGSM,vanilla,0.6500526666641235,Facenet512_MI_FGSM_adv
28,GhostFaceNet,/content/face_module/dataset_extractedfaces/celeba_pairs/130980.jpg,/content/face_module/dataset_extractedfaces/celeba_pairs/147767.jpg,celeba_pairs,dodging_attack,eval,Facenet512,TI_FGSM,vanilla,0.6827877163887024,Facenet512_TI_FGSM_adv
28,GhostFaceNet,/content/face_module/dataset_extractedfaces/celeba_pairs/130980.jpg,/content/face_module/dataset_extractedfaces/celeba_pairs/147767.jpg,celeba_pairs,dodging_attack,eval,Facenet512,SI_NI_FGSM,vanilla,0.7032153010368347,Facenet512_SI_NI_FGSM_adv
28,GhostFaceNet,/content/face_module/dataset_extractedfaces/celeba_pairs/130980.jpg,/content/face_module/dataset_extractedfaces/celeba_pairs/147767.jpg,celeba_pairs,dodging_attack,eval,Facenet512,MI_ADMIX_DI_TI,vanilla,0.6835556626319885,Facenet512_MI_ADMIX_DI_TI_adv
28,VGG-Face,/content/face_module/dataset_extractedfaces/celeba_pairs/130980.jpg,/content/face_module/dataset_extractedfaces/celeba_pairs/147767.jpg,celeba_pairs,dodging_attack,eval,Facenet512,PGD,vanilla,0.60382479429245,Facenet512_PGD_adv
28,VGG-Face,/content/face_module/dataset_extractedfaces/celeba_pairs/130980.jpg,/content/face_module/dataset_extractedfaces/celeba_pairs/147767.jpg,celeba_pairs,dodging_attack,eval,Facenet512,MI_FGSM,vanilla,0.5166338086128235,Facenet512_MI_FGSM_adv
28,VGG-Face,/content/face_module/dataset_extractedfaces/celeba_pairs/130980.jpg,/content/face_module/dataset_extractedfaces/celeba_pairs/147767.jpg,celeba_pairs,dodging_attack,eval,Facenet512,TI_FGSM,vanilla,0.5267332196235657,Facenet512_TI_FGSM_adv
28,VGG-Face,/content/face_module/dataset_extractedfaces/celeba_pairs/130980.jpg,/content/face_module/dataset_extractedfaces/celeba_pairs/147767.jpg,celeba_pairs,dodging_attack,eval,Facenet512,SI_NI_FGSM,vanilla,0.5128903388977051,Facenet512_SI_NI_FGSM_adv
28,VGG-Face,/content/face_module/dataset_extractedfaces/celeba_pairs/130980.jpg,/content/face_module/dataset_extractedfaces/celeba_pairs/147767.jpg,celeba_pairs,dodging_attack,eval,Facenet512,MI_ADMIX_DI_TI,vanilla,0.5355859994888306,Facenet512_MI_ADMIX_DI_TI_adv
30,ArcFace,/content/face_module/dataset_extractedfaces/celeba_pairs/042909.jpg,/content/face_module/dataset_extractedfaces/celeba_pairs/048579.jpg,celeba_pairs,dodging_attack,eval,Facenet512,clean,clean,0.7042644619941711,Facenet512_clean
30,Facenet512,/content/face_module/dataset_extractedfaces/celeba_pairs/042909.jpg,/content/face_module/dataset_extractedfaces/celeba_pairs/048579.jpg,celeba_pairs,dodging_attack,eval,Facenet512,clean,clean,0.7042644619941711,Facenet512_clean
30,GhostFaceNet,/content/face_module/dataset_extractedfaces/celeba_pairs/042909.jpg,/content/face_module/dataset_extractedfaces/celeba_pairs/048579.jpg,celeba_pairs,dodging_attack,eval,Facenet512,clean,clean,0.7042644619941711,Facenet512_clean
30,VGG-Face,/content/face_module/dataset_extractedfaces/celeba_pairs/042909.jpg,/content/face_module/dataset_extractedfaces/celeba_pairs/048579.jpg,celeba_pairs,dodging_attack,eval,Facenet512,clean,clean,0.7042644619941711,Facenet512_clean
30,ArcFace,/content/face_module/dataset_extractedfaces/celeba_pairs/042909.jpg,/content/face_module/dataset_extractedfaces/celeba_pairs/048579.jpg,celeba_pairs,dodging_attack,eval,Facenet512,PGD,vanilla,0.4643411636352539,Facenet512_PGD_adv
30,ArcFace,/content/face_module/dataset_extractedfaces/celeba_pairs/042909.jpg,/content/face_module/dataset_extractedfaces/celeba_pairs/048579.jpg,celeba_pairs,dodging_attack,eval,Facenet512,MI_FGSM,vanilla,0.2888720035552978,Facenet512_MI_FGSM_adv
30,ArcFace,/content/face_module/dataset_extractedfaces/celeba_pairs/042909.jpg,/content/face_module/dataset_extractedfaces/celeba_pairs/048579.jpg,celeba_pairs,dodging_attack,eval,Facenet512,TI_FGSM,vanilla,0.2373688817024231,Facenet512_TI_FGSM_adv
30,ArcFace,/content/face_module/dataset_extractedfaces/celeba_pairs/042909.jpg,/content/face_module/dataset_extractedfaces/celeba_pairs/048579.jpg,celeba_pairs,dodging_attack,eval,Facenet512,SI_NI_FGSM,vanilla,0.2453473657369613,Facenet512_SI_NI_FGSM_adv
30,ArcFace,/content/face_module/dataset_extractedfaces/celeba_pairs/042909.jpg,/content/face_module/dataset_extractedfaces/celeba_pairs/048579.jpg,celeba_pairs,dodging_attack,eval,Facenet512,MI_ADMIX_DI_TI,vanilla,0.204532116651535,Facenet512_MI_ADMIX_DI_TI_adv
30,GhostFaceNet,/content/face_module/dataset_extractedfaces/celeba_pairs/042909.jpg,/content/face_module/dataset_extractedfaces/celeba_pairs/048579.jpg,celeba_pairs,dodging_attack,eval,Facenet512,PGD,vanilla,0.5197448134422302,Facenet512_PGD_adv
30,GhostFaceNet,/content/face_module/dataset_extractedfaces/celeba_pairs/042909.jpg,/content/face_module/dataset_extractedfaces/celeba_pairs/048579.jpg,celeba_pairs,dodging_attack,eval,Facenet512,MI_FGSM,vanilla,0.3171525001525879,Facenet512_MI_FGSM_adv
30,GhostFaceNet,/content/face_module/dataset_extractedfaces/celeba_pairs/042909.jpg,/content/face_module/dataset_extractedfaces/celeba_pairs/048579.jpg,celeba_pairs,dodging_attack,eval,Facenet512,TI_FGSM,vanilla,0.5286684632301331,Facenet512_TI_FGSM_adv
30,GhostFaceNet,/content/face_module/dataset_extractedfaces/celeba_pairs/042909.jpg,/content/face_module/dataset_extractedfaces/celeba_pairs/048579.jpg,celeba_pairs,dodging_attack,eval,Facenet512,SI_NI_FGSM,vanilla,0.2819050252437591,Facenet512_SI_NI_FGSM_adv
30,GhostFaceNet,/content/face_module/dataset_extractedfaces/celeba_pairs/042909.jpg,/content/face_module/dataset_extractedfaces/celeba_pairs/048579.jpg,celeba_pairs,dodging_attack,eval,Facenet512,MI_ADMIX_DI_TI,vanilla,0.5096101760864258,Facenet512_MI_ADMIX_DI_TI_adv
30,VGG-Face,/content/face_module/dataset_extractedfaces/celeba_pairs/042909.jpg,/content/face_module/dataset_extractedfaces/celeba_pairs/048579.jpg,celeba_pairs,dodging_attack,eval,Facenet512,PGD,vanilla,0.1967838853597641,Facenet512_PGD_adv
30,VGG-Face,/content/face_module/dataset_extractedfaces/celeba_pairs/042909.jpg,/content/face_module/dataset_extractedfaces/celeba_pairs/048579.jpg,celeba_pairs,dodging_attack,eval,Facenet512,MI_FGSM,vanilla,-0.1046905443072319,Facenet512_MI_FGSM_adv
30,VGG-Face,/content/face_module/dataset_extractedfaces/celeba_pairs/042909.jpg,/content/face_module/dataset_extractedfaces/celeba_pairs/048579.jpg,celeba_pairs,dodging_attack,eval,Facenet512,TI_FGSM,vanilla,0.116697758436203,Facenet512_TI_FGSM_adv
30,VGG-Face,/content/face_module/dataset_extractedfaces/celeba_pairs/042909.jpg,/content/face_module/dataset_extractedfaces/celeba_pairs/048579.jpg,celeba_pairs,dodging_attack,eval,Facenet512,SI_NI_FGSM,vanilla,0.0131130069494247,Facenet512_SI_NI_FGSM_adv
30,VGG-Face,/content/face_module/dataset_extractedfaces/celeba_pairs/042909.jpg,/content/face_module/dataset_extractedfaces/celeba_pairs/048579.jpg,celeba_pairs,dodging_attack,eval,Facenet512,MI_ADMIX_DI_TI,vanilla,-0.0573386363685131,Facenet512_MI_ADMIX_DI_TI_adv
33,ArcFace,/content/face_module/dataset_extractedfaces/celeba_pairs/169016.jpg,/content/face_module/dataset_extractedfaces/celeba_pairs/171037.jpg,celeba_pairs,dodging_attack,eval,Facenet512,clean,clean,0.9276920557022096,Facenet512_clean
33,Facenet512,/content/face_module/dataset_extractedfaces/celeba_pairs/169016.jpg,/content/face_module/dataset_extractedfaces/celeba_pairs/171037.jpg,celeba_pairs,dodging_attack,eval,Facenet512,clean,clean,0.9276920557022096,Facenet512_clean
33,GhostFaceNet,/content/face_module/dataset_extractedfaces/celeba_pairs/169016.jpg,/content/face_module/dataset_extractedfaces/celeba_pairs/171037.jpg,celeba_pairs,dodging_attack,eval,Facenet512,clean,clean,0.9276920557022096,Facenet512_clean
33,VGG-Face,/content/face_module/dataset_extractedfaces/celeba_pairs/169016.jpg,/content/face_module/dataset_extractedfaces/celeba_pairs/171037.jpg,celeba_pairs,dodging_attack,eval,Facenet512,clean,clean,0.9276920557022096,Facenet512_clean
33,ArcFace,/content/face_module/dataset_extractedfaces/celeba_pairs/169016.jpg,/content/face_module/dataset_extractedfaces/celeba_pairs/171037.jpg,celeba_pairs,dodging_attack,eval,Facenet512,PGD,vanilla,0.87325519323349,Facenet512_PGD_adv
33,ArcFace,/content/face_module/dataset_extractedfaces/celeba_pairs/169016.jpg,/content/face_module/dataset_extractedfaces/celeba_pairs/171037.jpg,celeba_pairs,dodging_attack,eval,Facenet512,MI_FGSM,vanilla,0.8145871758460999,Facenet512_MI_FGSM_adv
33,ArcFace,/content/face_module/dataset_extractedfaces/celeba_pairs/169016.jpg,/content/face_module/dataset_extractedfaces/celeba_pairs/171037.jpg,celeba_pairs,dodging_attack,eval,Facenet512,TI_FGSM,vanilla,0.8725516200065613,Facenet512_TI_FGSM_adv
33,ArcFace,/content/face_module/dataset_extractedfaces/celeba_pairs/169016.jpg,/content/face_module/dataset_extractedfaces/celeba_pairs/171037.jpg,celeba_pairs,dodging_attack,eval,Facenet512,SI_NI_FGSM,vanilla,0.8170089721679688,Facenet512_SI_NI_FGSM_adv
33,ArcFace,/content/face_module/dataset_extractedfaces/celeba_pairs/169016.jpg,/content/face_module/dataset_extractedfaces/celeba_pairs/171037.jpg,celeba_pairs,dodging_attack,eval,Facenet512,MI_ADMIX_DI_TI,vanilla,0.8553394079208374,Facenet512_MI_ADMIX_DI_TI_adv
33,GhostFaceNet,/content/face_module/dataset_extractedfaces/celeba_pairs/169016.jpg,/content/face_module/dataset_extractedfaces/celeba_pairs/171037.jpg,celeba_pairs,dodging_attack,eval,Facenet512,PGD,vanilla,0.8905317187309265,Facenet512_PGD_adv
33,GhostFaceNet,/content/face_module/dataset_extractedfaces/celeba_pairs/169016.jpg,/content/face_module/dataset_extractedfaces/celeba_pairs/171037.jpg,celeba_pairs,dodging_attack,eval,Facenet512,MI_FGSM,vanilla,0.8390013575553894,Facenet512_MI_FGSM_adv
33,GhostFaceNet,/content/face_module/dataset_extractedfaces/celeba_pairs/169016.jpg,/content/face_module/dataset_extractedfaces/celeba_pairs/171037.jpg,celeba_pairs,dodging_attack,eval,Facenet512,TI_FGSM,vanilla,0.8968012928962708,Facenet512_TI_FGSM_adv
33,GhostFaceNet,/content/face_module/dataset_extractedfaces/celeba_pairs/169016.jpg,/content/face_module/dataset_extractedfaces/celeba_pairs/171037.jpg,celeba_pairs,dodging_attack,eval,Facenet512,SI_NI_FGSM,vanilla,0.8329920172691345,Facenet512_SI_NI_FGSM_adv
33,GhostFaceNet,/content/face_module/dataset_extractedfaces/celeba_pairs/169016.jpg,/content/face_module/dataset_extractedfaces/celeba_pairs/171037.jpg,celeba_pairs,dodging_attack,eval,Facenet512,MI_ADMIX_DI_TI,vanilla,0.9038109183311462,Facenet512_MI_ADMIX_DI_TI_adv
33,VGG-Face,/content/face_module/dataset_extractedfaces/celeba_pairs/169016.jpg,/content/face_module/dataset_extractedfaces/celeba_pairs/171037.jpg,celeba_pairs,dodging_attack,eval,Facenet512,PGD,vanilla,0.7877874970436096,Facenet512_PGD_adv
33,VGG-Face,/content/face_module/dataset_extractedfaces/celeba_pairs/169016.jpg,/content/face_module/dataset_extractedfaces/celeba_pairs/171037.jpg,celeba_pairs,dodging_attack,eval,Facenet512,MI_FGSM,vanilla,0.6865164041519165,Facenet512_MI_FGSM_adv
33,VGG-Face,/content/face_module/dataset_extractedfaces/celeba_pairs/169016.jpg,/content/face_module/dataset_extractedfaces/celeba_pairs/171037.jpg,celeba_pairs,dodging_attack,eval,Facenet512,TI_FGSM,vanilla,0.775494396686554,Facenet512_TI_FGSM_adv
33,VGG-Face,/content/face_module/dataset_extractedfaces/celeba_pairs/169016.jpg,/content/face_module/dataset_extractedfaces/celeba_pairs/171037.jpg,celeba_pairs,dodging_attack,eval,Facenet512,SI_NI_FGSM,vanilla,0.7253683805465698,Facenet512_SI_NI_FGSM_adv
33,VGG-Face,/content/face_module/dataset_extractedfaces/celeba_pairs/169016.jpg,/content/face_module/dataset_extractedfaces/celeba_pairs/171037.jpg,celeba_pairs,dodging_attack,eval,Facenet512,MI_ADMIX_DI_TI,vanilla,0.76671302318573,Facenet512_MI_ADMIX_DI_TI_adv
1,ArcFace,/content/face_module/dataset_extractedfaces/vggface2_pairs/n000007_0113_01.jpg,/content/face_module/dataset_extractedfaces/vggface2_pairs/n000007_0122_01.jpg,vggface2_pairs,dodging_attack,eval,Facenet512,clean,clean,0.8227946758270264,Facenet512_clean
1,Facenet512,/content/face_module/dataset_extractedfaces/vggface2_pairs/n000007_0113_01.jpg,/content/face_module/dataset_extractedfaces/vggface2_pairs/n000007_0122_01.jpg,vggface2_pairs,dodging_attack,eval,Facenet512,clean,clean,0.8227946758270264,Facenet512_clean
1,GhostFaceNet,/content/face_module/dataset_extractedfaces/vggface2_pairs/n000007_0113_01.jpg,/content/face_module/dataset_extractedfaces/vggface2_pairs/n000007_0122_01.jpg,vggface2_pairs,dodging_attack,eval,Facenet512,clean,clean,0.8227946758270264,Facenet512_clean
1,VGG-Face,/content/face_module/dataset_extractedfaces/vggface2_pairs/n000007_0113_01.jpg,/content/face_module/dataset_extractedfaces/vggface2_pairs/n000007_0122_01.jpg,vggface2_pairs,dodging_attack,eval,Facenet512,clean,clean,0.8227946758270264,Facenet512_clean
1,ArcFace,/content/face_module/dataset_extractedfaces/vggface2_pairs/n000007_0113_01.jpg,/content/face_module/dataset_extractedfaces/vggface2_pairs/n000007_0122_01.jpg,vggface2_pairs,dodging_attack,eval,Facenet512,PGD,vanilla,0.7971355319023132,Facenet512_PGD_adv
1,ArcFace,/content/face_module/dataset_extractedfaces/vggface2_pairs/n000007_0113_01.jpg,/content/face_module/dataset_extractedfaces/vggface2_pairs/n000007_0122_01.jpg,vggface2_pairs,dodging_attack,eval,Facenet512,MI_FGSM,vanilla,0.6515635251998901,Facenet512_MI_FGSM_adv
1,ArcFace,/content/face_module/dataset_extractedfaces/vggface2_pairs/n000007_0113_01.jpg,/content/face_module/dataset_extractedfaces/vggface2_pairs/n000007_0122_01.jpg,vggface2_pairs,dodging_attack,eval,Facenet512,TI_FGSM,vanilla,0.7135008573532104,Facenet512_TI_FGSM_adv
1,ArcFace,/content/face_module/dataset_extractedfaces/vggface2_pairs/n000007_0113_01.jpg,/content/face_module/dataset_extractedfaces/vggface2_pairs/n000007_0122_01.jpg,vggface2_pairs,dodging_attack,eval,Facenet512,SI_NI_FGSM,vanilla,0.6261703968048096,Facenet512_SI_NI_FGSM_adv
1,ArcFace,/content/face_module/dataset_extractedfaces/vggface2_pairs/n000007_0113_01.jpg,/content/face_module/dataset_extractedfaces/vggface2_pairs/n000007_0122_01.jpg,vggface2_pairs,dodging_attack,eval,Facenet512,MI_ADMIX_DI_TI,vanilla,0.6713559031486511,Facenet512_MI_ADMIX_DI_TI_adv
1,GhostFaceNet,/content/face_module/dataset_extractedfaces/vggface2_pairs/n000007_0113_01.jpg,/content/face_module/dataset_extractedfaces/vggface2_pairs/n000007_0122_01.jpg,vggface2_pairs,dodging_attack,eval,Facenet512,PGD,vanilla,0.8337666988372803,Facenet512_PGD_adv
1,GhostFaceNet,/content/face_module/dataset_extractedfaces/vggface2_pairs/n000007_0113_01.jpg,/content/face_module/dataset_extractedfaces/vggface2_pairs/n000007_0122_01.jpg,vggface2_pairs,dodging_attack,eval,Facenet512,MI_FGSM,vanilla,0.8197677135467529,Facenet512_MI_FGSM_adv
1,GhostFaceNet,/content/face_module/dataset_extractedfaces/vggface2_pairs/n000007_0113_01.jpg,/content/face_module/dataset_extractedfaces/vggface2_pairs/n000007_0122_01.jpg,vggface2_pairs,dodging_attack,eval,Facenet512,TI_FGSM,vanilla,0.8033825159072876,Facenet512_TI_FGSM_adv
1,GhostFaceNet,/content/face_module/dataset_extractedfaces/vggface2_pairs/n000007_0113_01.jpg,/content/face_module/dataset_extractedfaces/vggface2_pairs/n000007_0122_01.jpg,vggface2_pairs,dodging_attack,eval,Facenet512,SI_NI_FGSM,vanilla,0.8065989017486572,Facenet512_SI_NI_FGSM_adv
1,GhostFaceNet,/content/face_module/dataset_extractedfaces/vggface2_pairs/n000007_0113_01.jpg,/content/face_module/dataset_extractedfaces/vggface2_pairs/n000007_0122_01.jpg,vggface2_pairs,dodging_attack,eval,Facenet512,MI_ADMIX_DI_TI,vanilla,0.7695255279541016,Facenet512_MI_ADMIX_DI_TI_adv
1,VGG-Face,/content/face_module/dataset_extractedfaces/vggface2_pairs/n000007_0113_01.jpg,/content/face_module/dataset_extractedfaces/vggface2_pairs/n000007_0122_01.jpg,vggface2_pairs,dodging_attack,eval,Facenet512,PGD,vanilla,0.3431460857391357,Facenet512_PGD_adv
1,VGG-Face,/content/face_module/dataset_extractedfaces/vggface2_pairs/n000007_0113_01.jpg,/content/face_module/dataset_extractedfaces/vggface2_pairs/n000007_0122_01.jpg,vggface2_pairs,dodging_attack,eval,Facenet512,MI_FGSM,vanilla,0.0113218957558274,Facenet512_MI_FGSM_adv
1,VGG-Face,/content/face_module/dataset_extractedfaces/vggface2_pairs/n000007_0113_01.jpg,/content/face_module/dataset_extractedfaces/vggface2_pairs/n000007_0122_01.jpg,vggface2_pairs,dodging_attack,eval,Facenet512,TI_FGSM,vanilla,0.1532421112060547,Facenet512_TI_FGSM_adv
1,VGG-Face,/content/face_module/dataset_extractedfaces/vggface2_pairs/n000007_0113_01.jpg,/content/face_module/dataset_extractedfaces/vggface2_pairs/n000007_0122_01.jpg,vggface2_pairs,dodging_attack,eval,Facenet512,SI_NI_FGSM,vanilla,0.0873023867607116,Facenet512_SI_NI_FGSM_adv
1,VGG-Face,/content/face_module/dataset_extractedfaces/vggface2_pairs/n000007_0113_01.jpg,/content/face_module/dataset_extractedfaces/vggface2_pairs/n000007_0122_01.jpg,vggface2_pairs,dodging_attack,eval,Facenet512,MI_ADMIX_DI_TI,vanilla,0.0602670907974243,Facenet512_MI_ADMIX_DI_TI_adv
4,ArcFace,/content/face_module/dataset_extractedfaces/vggface2_pairs/n000008_0256_01.jpg,/content/face_module/dataset_extractedfaces/vggface2_pairs/n000008_0348_01.jpg,vggface2_pairs,dodging_attack,eval,Facenet512,clean,clean,0.5209457278251648,Facenet512_clean
4,Facenet512,/content/face_module/dataset_extractedfaces/vggface2_pairs/n000008_0256_01.jpg,/content/face_module/dataset_extractedfaces/vggface2_pairs/n000008_0348_01.jpg,vggface2_pairs,dodging_attack,eval,Facenet512,clean,clean,0.5209457278251648,Facenet512_clean
4,GhostFaceNet,/content/face_module/dataset_extractedfaces/vggface2_pairs/n000008_0256_01.jpg,/content/face_module/dataset_extractedfaces/vggface2_pairs/n000008_0348_01.jpg,vggface2_pairs,dodging_attack,eval,Facenet512,clean,clean,0.5209457278251648,Facenet512_clean
4,VGG-Face,/content/face_module/dataset_extractedfaces/vggface2_pairs/n000008_0256_01.jpg,/content/face_module/dataset_extractedfaces/vggface2_pairs/n000008_0348_01.jpg,vggface2_pairs,dodging_attack,eval,Facenet512,clean,clean,0.5209457278251648,Facenet512_clean
4,ArcFace,/content/face_module/dataset_extractedfaces/vggface2_pairs/n000008_0256_01.jpg,/content/face_module/dataset_extractedfaces/vggface2_pairs/n000008_0348_01.jpg,vggface2_pairs,dodging_attack,eval,Facenet512,PGD,vanilla,0.4727292060852051,Facenet512_PGD_adv
4,ArcFace,/content/face_module/dataset_extractedfaces/vggface2_pairs/n000008_0256_01.jpg,/content/face_module/dataset_extractedfaces/vggface2_pairs/n000008_0348_01.jpg,vggface2_pairs,dodging_attack,eval,Facenet512,MI_FGSM,vanilla,0.4340252876281738,Facenet512_MI_FGSM_adv
4,ArcFace,/content/face_module/dataset_extractedfaces/vggface2_pairs/n000008_0256_01.jpg,/content/face_module/dataset_extractedfaces/vggface2_pairs/n000008_0348_01.jpg,vggface2_pairs,dodging_attack,eval,Facenet512,TI_FGSM,vanilla,0.4852324724197387,Facenet512_TI_FGSM_adv
4,ArcFace,/content/face_module/dataset_extractedfaces/vggface2_pairs/n000008_0256_01.jpg,/content/face_module/dataset_extractedfaces/vggface2_pairs/n000008_0348_01.jpg,vggface2_pairs,dodging_attack,eval,Facenet512,SI_NI_FGSM,vanilla,0.3451116383075714,Facenet512_SI_NI_FGSM_adv
4,ArcFace,/content/face_module/dataset_extractedfaces/vggface2_pairs/n000008_0256_01.jpg,/content/face_module/dataset_extractedfaces/vggface2_pairs/n000008_0348_01.jpg,vggface2_pairs,dodging_attack,eval,Facenet512,MI_ADMIX_DI_TI,vanilla,0.4644294381141662,Facenet512_MI_ADMIX_DI_TI_adv
4,GhostFaceNet,/content/face_module/dataset_extractedfaces/vggface2_pairs/n000008_0256_01.jpg,/content/face_module/dataset_extractedfaces/vggface2_pairs/n000008_0348_01.jpg,vggface2_pairs,dodging_attack,eval,Facenet512,PGD,vanilla,0.5324804186820984,Facenet512_PGD_adv
4,GhostFaceNet,/content/face_module/dataset_extractedfaces/vggface2_pairs/n000008_0256_01.jpg,/content/face_module/dataset_extractedfaces/vggface2_pairs/n000008_0348_01.jpg,vggface2_pairs,dodging_attack,eval,Facenet512,MI_FGSM,vanilla,0.5487431883811951,Facenet512_MI_FGSM_adv
4,GhostFaceNet,/content/face_module/dataset_extractedfaces/vggface2_pairs/n000008_0256_01.jpg,/content/face_module/dataset_extractedfaces/vggface2_pairs/n000008_0348_01.jpg,vggface2_pairs,dodging_attack,eval,Facenet512,TI_FGSM,vanilla,0.5278714895248413,Facenet512_TI_FGSM_adv
4,GhostFaceNet,/content/face_module/dataset_extractedfaces/vggface2_pairs/n000008_0256_01.jpg,/content/face_module/dataset_extractedfaces/vggface2_pairs/n000008_0348_01.jpg,vggface2_pairs,dodging_attack,eval,Facenet512,SI_NI_FGSM,vanilla,0.4876998662948608,Facenet512_SI_NI_FGSM_adv
4,GhostFaceNet,/content/face_module/dataset_extractedfaces/vggface2_pairs/n000008_0256_01.jpg,/content/face_module/dataset_extractedfaces/vggface2_pairs/n000008_0348_01.jpg,vggface2_pairs,dodging_attack,eval,Facenet512,MI_ADMIX_DI_TI,vanilla,0.5226455926895142,Facenet512_MI_ADMIX_DI_TI_adv
4,VGG-Face,/content/face_module/dataset_extractedfaces/vggface2_pairs/n000008_0256_01.jpg,/content/face_module/dataset_extractedfaces/vggface2_pairs/n000008_0348_01.jpg,vggface2_pairs,dodging_attack,eval,Facenet512,PGD,vanilla,0.2999935448169708,Facenet512_PGD_adv
4,VGG-Face,/content/face_module/dataset_extractedfaces/vggface2_pairs/n000008_0256_01.jpg,/content/face_module/dataset_extractedfaces/vggface2_pairs/n000008_0348_01.jpg,vggface2_pairs,dodging_attack,eval,Facenet512,MI_FGSM,vanilla,0.2209138125181198,Facenet512_MI_FGSM_adv
4,VGG-Face,/content/face_module/dataset_extractedfaces/vggface2_pairs/n000008_0256_01.jpg,/content/face_module/dataset_extractedfaces/vggface2_pairs/n000008_0348_01.jpg,vggface2_pairs,dodging_attack,eval,Facenet512,TI_FGSM,vanilla,0.3137438893318176,Facenet512_TI_FGSM_adv
4,VGG-Face,/content/face_module/dataset_extractedfaces/vggface2_pairs/n000008_0256_01.jpg,/content/face_module/dataset_extractedfaces/vggface2_pairs/n000008_0348_01.jpg,vggface2_pairs,dodging_attack,eval,Facenet512,SI_NI_FGSM,vanilla,0.1813040971755981,Facenet512_SI_NI_FGSM_adv
4,VGG-Face,/content/face_module/dataset_extractedfaces/vggface2_pairs/n000008_0256_01.jpg,/content/face_module/dataset_extractedfaces/vggface2_pairs/n000008_0348_01.jpg,vggface2_pairs,dodging_attack,eval,Facenet512,MI_ADMIX_DI_TI,vanilla,0.3054353892803192,Facenet512_MI_ADMIX_DI_TI_adv
7,ArcFace,/content/face_module/dataset_extractedfaces/vggface2_pairs/n000010_0058_01.jpg,/content/face_module/dataset_extractedfaces/vggface2_pairs/n000010_0081_01.jpg,vggface2_pairs,dodging_attack,eval,Facenet512,clean,clean,0.6818406581878662,Facenet512_clean
7,Facenet512,/content/face_module/dataset_extractedfaces/vggface2_pairs/n000010_0058_01.jpg,/content/face_module/dataset_extractedfaces/vggface2_pairs/n000010_0081_01.jpg,vggface2_pairs,dodging_attack,eval,Facenet512,clean,clean,0.6818406581878662,Facenet512_clean
7,GhostFaceNet,/content/face_module/dataset_extractedfaces/vggface2_pairs/n000010_0058_01.jpg,/content/face_module/dataset_extractedfaces/vggface2_pairs/n000010_0081_01.jpg,vggface2_pairs,dodging_attack,eval,Facenet512,clean,clean,0.6818406581878662,Facenet512_clean
7,VGG-Face,/content/face_module/dataset_extractedfaces/vggface2_pairs/n000010_0058_01.jpg,/content/face_module/dataset_extractedfaces/vggface2_pairs/n000010_0081_01.jpg,vggface2_pairs,dodging_attack,eval,Facenet512,clean,clean,0.6818406581878662,Facenet512_clean
7,ArcFace,/content/face_module/dataset_extractedfaces/vggface2_pairs/n000010_0058_01.jpg,/content/face_module/dataset_extractedfaces/vggface2_pairs/n000010_0081_01.jpg,vggface2_pairs,dodging_attack,eval,Facenet512,PGD,vanilla,0.552449107170105,Facenet512_PGD_adv
7,ArcFace,/content/face_module/dataset_extractedfaces/vggface2_pairs/n000010_0058_01.jpg,/content/face_module/dataset_extractedfaces/vggface2_pairs/n000010_0081_01.jpg,vggface2_pairs,dodging_attack,eval,Facenet512,MI_FGSM,vanilla,0.3876470327377319,Facenet512_MI_FGSM_adv
7,ArcFace,/content/face_module/dataset_extractedfaces/vggface2_pairs/n000010_0058_01.jpg,/content/face_module/dataset_extractedfaces/vggface2_pairs/n000010_0081_01.jpg,vggface2_pairs,dodging_attack,eval,Facenet512,TI_FGSM,vanilla,0.5006320476531982,Facenet512_TI_FGSM_adv
7,ArcFace,/content/face_module/dataset_extractedfaces/vggface2_pairs/n000010_0058_01.jpg,/content/face_module/dataset_extractedfaces/vggface2_pairs/n000010_0081_01.jpg,vggface2_pairs,dodging_attack,eval,Facenet512,SI_NI_FGSM,vanilla,0.2853899598121643,Facenet512_SI_NI_FGSM_adv
7,ArcFace,/content/face_module/dataset_extractedfaces/vggface2_pairs/n000010_0058_01.jpg,/content/face_module/dataset_extractedfaces/vggface2_pairs/n000010_0081_01.jpg,vggface2_pairs,dodging_attack,eval,Facenet512,MI_ADMIX_DI_TI,vanilla,0.5374045968055725,Facenet512_MI_ADMIX_DI_TI_adv
7,GhostFaceNet,/content/face_module/dataset_extractedfaces/vggface2_pairs/n000010_0058_01.jpg,/content/face_module/dataset_extractedfaces/vggface2_pairs/n000010_0081_01.jpg,vggface2_pairs,dodging_attack,eval,Facenet512,PGD,vanilla,0.568286657333374,Facenet512_PGD_adv
7,GhostFaceNet,/content/face_module/dataset_extractedfaces/vggface2_pairs/n000010_0058_01.jpg,/content/face_module/dataset_extractedfaces/vggface2_pairs/n000010_0081_01.jpg,vggface2_pairs,dodging_attack,eval,Facenet512,MI_FGSM,vanilla,0.5205790996551514,Facenet512_MI_FGSM_adv
7,GhostFaceNet,/content/face_module/dataset_extractedfaces/vggface2_pairs/n000010_0058_01.jpg,/content/face_module/dataset_extractedfaces/vggface2_pairs/n000010_0081_01.jpg,vggface2_pairs,dodging_attack,eval,Facenet512,TI_FGSM,vanilla,0.5915415287017822,Facenet512_TI_FGSM_adv
7,GhostFaceNet,/content/face_module/dataset_extractedfaces/vggface2_pairs/n000010_0058_01.jpg,/content/face_module/dataset_extractedfaces/vggface2_pairs/n000010_0081_01.jpg,vggface2_pairs,dodging_attack,eval,Facenet512,SI_NI_FGSM,vanilla,0.4713245034217834,Facenet512_SI_NI_FGSM_adv
7,GhostFaceNet,/content/face_module/dataset_extractedfaces/vggface2_pairs/n000010_0058_01.jpg,/content/face_module/dataset_extractedfaces/vggface2_pairs/n000010_0081_01.jpg,vggface2_pairs,dodging_attack,eval,Facenet512,MI_ADMIX_DI_TI,vanilla,0.5374237298965454,Facenet512_MI_ADMIX_DI_TI_adv
7,VGG-Face,/content/face_module/dataset_extractedfaces/vggface2_pairs/n000010_0058_01.jpg,/content/face_module/dataset_extractedfaces/vggface2_pairs/n000010_0081_01.jpg,vggface2_pairs,dodging_attack,eval,Facenet512,PGD,vanilla,0.3566412925720215,Facenet512_PGD_adv
7,VGG-Face,/content/face_module/dataset_extractedfaces/vggface2_pairs/n000010_0058_01.jpg,/content/face_module/dataset_extractedfaces/vggface2_pairs/n000010_0081_01.jpg,vggface2_pairs,dodging_attack,eval,Facenet512,MI_FGSM,vanilla,0.1946173906326294,Facenet512_MI_FGSM_adv
7,VGG-Face,/content/face_module/dataset_extractedfaces/vggface2_pairs/n000010_0058_01.jpg,/content/face_module/dataset_extractedfaces/vggface2_pairs/n000010_0081_01.jpg,vggface2_pairs,dodging_attack,eval,Facenet512,TI_FGSM,vanilla,0.3775590658187866,Facenet512_TI_FGSM_adv
7,VGG-Face,/content/face_module/dataset_extractedfaces/vggface2_pairs/n000010_0058_01.jpg,/content/face_module/dataset_extractedfaces/vggface2_pairs/n000010_0081_01.jpg,vggface2_pairs,dodging_attack,eval,Facenet512,SI_NI_FGSM,vanilla,0.2051380723714828,Facenet512_SI_NI_FGSM_adv
7,VGG-Face,/content/face_module/dataset_extractedfaces/vggface2_pairs/n000010_0058_01.jpg,/content/face_module/dataset_extractedfaces/vggface2_pairs/n000010_0081_01.jpg,vggface2_pairs,dodging_attack,eval,Facenet512,MI_ADMIX_DI_TI,vanilla,0.3488801121711731,Facenet512_MI_ADMIX_DI_TI_adv
10,ArcFace,/content/face_module/dataset_extractedfaces/vggface2_pairs/n000005_0022_01.jpg,/content/face_module/dataset_extractedfaces/vggface2_pairs/n000005_0076_01.jpg,vggface2_pairs,dodging_attack,eval,Facenet512,clean,clean,0.7888361811637878,Facenet512_clean
10,Facenet512,/content/face_module/dataset_extractedfaces/vggface2_pairs/n000005_0022_01.jpg,/content/face_module/dataset_extractedfaces/vggface2_pairs/n000005_0076_01.jpg,vggface2_pairs,dodging_attack,eval,Facenet512,clean,clean,0.7888361811637878,Facenet512_clean
10,GhostFaceNet,/content/face_module/dataset_extractedfaces/vggface2_pairs/n000005_0022_01.jpg,/content/face_module/dataset_extractedfaces/vggface2_pairs/n000005_0076_01.jpg,vggface2_pairs,dodging_attack,eval,Facenet512,clean,clean,0.7888361811637878,Facenet512_clean
10,VGG-Face,/content/face_module/dataset_extractedfaces/vggface2_pairs/n000005_0022_01.jpg,/content/face_module/dataset_extractedfaces/vggface2_pairs/n000005_0076_01.jpg,vggface2_pairs,dodging_attack,eval,Facenet512,clean,clean,0.7888361811637878,Facenet512_clean
10,ArcFace,/content/face_module/dataset_extractedfaces/vggface2_pairs/n000005_0022_01.jpg,/content/face_module/dataset_extractedfaces/vggface2_pairs/n000005_0076_01.jpg,vggface2_pairs,dodging_attack,eval,Facenet512,PGD,vanilla,0.7578111886978149,Facenet512_PGD_adv
10,ArcFace,/content/face_module/dataset_extractedfaces/vggface2_pairs/n000005_0022_01.jpg,/content/face_module/dataset_extractedfaces/vggface2_pairs/n000005_0076_01.jpg,vggface2_pairs,dodging_attack,eval,Facenet512,MI_FGSM,vanilla,0.6285651922225952,Facenet512_MI_FGSM_adv
10,ArcFace,/content/face_module/dataset_extractedfaces/vggface2_pairs/n000005_0022_01.jpg,/content/face_module/dataset_extractedfaces/vggface2_pairs/n000005_0076_01.jpg,vggface2_pairs,dodging_attack,eval,Facenet512,TI_FGSM,vanilla,0.6707668304443359,Facenet512_TI_FGSM_adv
10,ArcFace,/content/face_module/dataset_extractedfaces/vggface2_pairs/n000005_0022_01.jpg,/content/face_module/dataset_extractedfaces/vggface2_pairs/n000005_0076_01.jpg,vggface2_pairs,dodging_attack,eval,Facenet512,SI_NI_FGSM,vanilla,0.6116865277290344,Facenet512_SI_NI_FGSM_adv
10,ArcFace,/content/face_module/dataset_extractedfaces/vggface2_pairs/n000005_0022_01.jpg,/content/face_module/dataset_extractedfaces/vggface2_pairs/n000005_0076_01.jpg,vggface2_pairs,dodging_attack,eval,Facenet512,MI_ADMIX_DI_TI,vanilla,0.666039228439331,Facenet512_MI_ADMIX_DI_TI_adv
10,GhostFaceNet,/content/face_module/dataset_extractedfaces/vggface2_pairs/n000005_0022_01.jpg,/content/face_module/dataset_extractedfaces/vggface2_pairs/n000005_0076_01.jpg,vggface2_pairs,dodging_attack,eval,Facenet512,PGD,vanilla,0.7370193600654602,Facenet512_PGD_adv
10,GhostFaceNet,/content/face_module/dataset_extractedfaces/vggface2_pairs/n000005_0022_01.jpg,/content/face_module/dataset_extractedfaces/vggface2_pairs/n000005_0076_01.jpg,vggface2_pairs,dodging_attack,eval,Facenet512,MI_FGSM,vanilla,0.7073033452033997,Facenet512_MI_FGSM_adv
10,GhostFaceNet,/content/face_module/dataset_extractedfaces/vggface2_pairs/n000005_0022_01.jpg,/content/face_module/dataset_extractedfaces/vggface2_pairs/n000005_0076_01.jpg,vggface2_pairs,dodging_attack,eval,Facenet512,TI_FGSM,vanilla,0.7416203618049622,Facenet512_TI_FGSM_adv
10,GhostFaceNet,/content/face_module/dataset_extractedfaces/vggface2_pairs/n000005_0022_01.jpg,/content/face_module/dataset_extractedfaces/vggface2_pairs/n000005_0076_01.jpg,vggface2_pairs,dodging_attack,eval,Facenet512,SI_NI_FGSM,vanilla,0.7298866510391235,Facenet512_SI_NI_FGSM_adv
10,GhostFaceNet,/content/face_module/dataset_extractedfaces/vggface2_pairs/n000005_0022_01.jpg,/content/face_module/dataset_extractedfaces/vggface2_pairs/n000005_0076_01.jpg,vggface2_pairs,dodging_attack,eval,Facenet512,MI_ADMIX_DI_TI,vanilla,0.7642654776573181,Facenet512_MI_ADMIX_DI_TI_adv
10,VGG-Face,/content/face_module/dataset_extractedfaces/vggface2_pairs/n000005_0022_01.jpg,/content/face_module/dataset_extractedfaces/vggface2_pairs/n000005_0076_01.jpg,vggface2_pairs,dodging_attack,eval,Facenet512,PGD,vanilla,0.5954593420028687,Facenet512_PGD_adv
10,VGG-Face,/content/face_module/dataset_extractedfaces/vggface2_pairs/n000005_0022_01.jpg,/content/face_module/dataset_extractedfaces/vggface2_pairs/n000005_0076_01.jpg,vggface2_pairs,dodging_attack,eval,Facenet512,MI_FGSM,vanilla,0.447934091091156,Facenet512_MI_FGSM_adv
10,VGG-Face,/content/face_module/dataset_extractedfaces/vggface2_pairs/n000005_0022_01.jpg,/content/face_module/dataset_extractedfaces/vggface2_pairs/n000005_0076_01.jpg,vggface2_pairs,dodging_attack,eval,Facenet512,TI_FGSM,vanilla,0.5561636090278625,Facenet512_TI_FGSM_adv
10,VGG-Face,/content/face_module/dataset_extractedfaces/vggface2_pairs/n000005_0022_01.jpg,/content/face_module/dataset_extractedfaces/vggface2_pairs/n000005_0076_01.jpg,vggface2_pairs,dodging_attack,eval,Facenet512,SI_NI_FGSM,vanilla,0.4662754237651825,Facenet512_SI_NI_FGSM_adv
10,VGG-Face,/content/face_module/dataset_extractedfaces/vggface2_pairs/n000005_0022_01.jpg,/content/face_module/dataset_extractedfaces/vggface2_pairs/n000005_0076_01.jpg,vggface2_pairs,dodging_attack,eval,Facenet512,MI_ADMIX_DI_TI,vanilla,0.4792373478412628,Facenet512_MI_ADMIX_DI_TI_adv
11,ArcFace,/content/face_module/dataset_extractedfaces/vggface2_pairs/n000007_0176_01.jpg,/content/face_module/dataset_extractedfaces/vggface2_pairs/n000007_0335_03.jpg,vggface2_pairs,dodging_attack,eval,Facenet512,clean,clean,0.7133799195289612,Facenet512_clean
11,Facenet512,/content/face_module/dataset_extractedfaces/vggface2_pairs/n000007_0176_01.jpg,/content/face_module/dataset_extractedfaces/vggface2_pairs/n000007_0335_03.jpg,vggface2_pairs,dodging_attack,eval,Facenet512,clean,clean,0.7133799195289612,Facenet512_clean
11,GhostFaceNet,/content/face_module/dataset_extractedfaces/vggface2_pairs/n000007_0176_01.jpg,/content/face_module/dataset_extractedfaces/vggface2_pairs/n000007_0335_03.jpg,vggface2_pairs,dodging_attack,eval,Facenet512,clean,clean,0.7133799195289612,Facenet512_clean
11,VGG-Face,/content/face_module/dataset_extractedfaces/vggface2_pairs/n000007_0176_01.jpg,/content/face_module/dataset_extractedfaces/vggface2_pairs/n000007_0335_03.jpg,vggface2_pairs,dodging_attack,eval,Facenet512,clean,clean,0.7133799195289612,Facenet512_clean
11,ArcFace,/content/face_module/dataset_extractedfaces/vggface2_pairs/n000007_0176_01.jpg,/content/face_module/dataset_extractedfaces/vggface2_pairs/n000007_0335_03.jpg,vggface2_pairs,dodging_attack,eval,Facenet512,PGD,vanilla,0.6797031164169312,Facenet512_PGD_adv
11,ArcFace,/content/face_module/dataset_extractedfaces/vggface2_pairs/n000007_0176_01.jpg,/content/face_module/dataset_extractedfaces/vggface2_pairs/n000007_0335_03.jpg,vggface2_pairs,dodging_attack,eval,Facenet512,MI_FGSM,vanilla,0.6402269601821899,Facenet512_MI_FGSM_adv
11,ArcFace,/content/face_module/dataset_extractedfaces/vggface2_pairs/n000007_0176_01.jpg,/content/face_module/dataset_extractedfaces/vggface2_pairs/n000007_0335_03.jpg,vggface2_pairs,dodging_attack,eval,Facenet512,TI_FGSM,vanilla,0.6762506365776062,Facenet512_TI_FGSM_adv
11,ArcFace,/content/face_module/dataset_extractedfaces/vggface2_pairs/n000007_0176_01.jpg,/content/face_module/dataset_extractedfaces/vggface2_pairs/n000007_0335_03.jpg,vggface2_pairs,dodging_attack,eval,Facenet512,SI_NI_FGSM,vanilla,0.583692193031311,Facenet512_SI_NI_FGSM_adv
11,ArcFace,/content/face_module/dataset_extractedfaces/vggface2_pairs/n000007_0176_01.jpg,/content/face_module/dataset_extractedfaces/vggface2_pairs/n000007_0335_03.jpg,vggface2_pairs,dodging_attack,eval,Facenet512,MI_ADMIX_DI_TI,vanilla,0.636083722114563,Facenet512_MI_ADMIX_DI_TI_adv
11,GhostFaceNet,/content/face_module/dataset_extractedfaces/vggface2_pairs/n000007_0176_01.jpg,/content/face_module/dataset_extractedfaces/vggface2_pairs/n000007_0335_03.jpg,vggface2_pairs,dodging_attack,eval,Facenet512,PGD,vanilla,0.6562700867652893,Facenet512_PGD_adv
11,GhostFaceNet,/content/face_module/dataset_extractedfaces/vggface2_pairs/n000007_0176_01.jpg,/content/face_module/dataset_extractedfaces/vggface2_pairs/n000007_0335_03.jpg,vggface2_pairs,dodging_attack,eval,Facenet512,MI_FGSM,vanilla,0.5834689140319824,Facenet512_MI_FGSM_adv
11,GhostFaceNet,/content/face_module/dataset_extractedfaces/vggface2_pairs/n000007_0176_01.jpg,/content/face_module/dataset_extractedfaces/vggface2_pairs/n000007_0335_03.jpg,vggface2_pairs,dodging_attack,eval,Facenet512,TI_FGSM,vanilla,0.6847004294395447,Facenet512_TI_FGSM_adv
11,GhostFaceNet,/content/face_module/dataset_extractedfaces/vggface2_pairs/n000007_0176_01.jpg,/content/face_module/dataset_extractedfaces/vggface2_pairs/n000007_0335_03.jpg,vggface2_pairs,dodging_attack,eval,Facenet512,SI_NI_FGSM,vanilla,0.5503435134887695,Facenet512_SI_NI_FGSM_adv
11,GhostFaceNet,/content/face_module/dataset_extractedfaces/vggface2_pairs/n000007_0176_01.jpg,/content/face_module/dataset_extractedfaces/vggface2_pairs/n000007_0335_03.jpg,vggface2_pairs,dodging_attack,eval,Facenet512,MI_ADMIX_DI_TI,vanilla,0.701234757900238,Facenet512_MI_ADMIX_DI_TI_adv
11,VGG-Face,/content/face_module/dataset_extractedfaces/vggface2_pairs/n000007_0176_01.jpg,/content/face_module/dataset_extractedfaces/vggface2_pairs/n000007_0335_03.jpg,vggface2_pairs,dodging_attack,eval,Facenet512,PGD,vanilla,0.4605824947357178,Facenet512_PGD_adv
11,VGG-Face,/content/face_module/dataset_extractedfaces/vggface2_pairs/n000007_0176_01.jpg,/content/face_module/dataset_extractedfaces/vggface2_pairs/n000007_0335_03.jpg,vggface2_pairs,dodging_attack,eval,Facenet512,MI_FGSM,vanilla,0.1515706330537796,Facenet512_MI_FGSM_adv
11,VGG-Face,/content/face_module/dataset_extractedfaces/vggface2_pairs/n000007_0176_01.jpg,/content/face_module/dataset_extractedfaces/vggface2_pairs/n000007_0335_03.jpg,vggface2_pairs,dodging_attack,eval,Facenet512,TI_FGSM,vanilla,0.3678088784217834,Facenet512_TI_FGSM_adv
11,VGG-Face,/content/face_module/dataset_extractedfaces/vggface2_pairs/n000007_0176_01.jpg,/content/face_module/dataset_extractedfaces/vggface2_pairs/n000007_0335_03.jpg,vggface2_pairs,dodging_attack,eval,Facenet512,SI_NI_FGSM,vanilla,0.2820460796356201,Facenet512_SI_NI_FGSM_adv
11,VGG-Face,/content/face_module/dataset_extractedfaces/vggface2_pairs/n000007_0176_01.jpg,/content/face_module/dataset_extractedfaces/vggface2_pairs/n000007_0335_03.jpg,vggface2_pairs,dodging_attack,eval,Facenet512,MI_ADMIX_DI_TI,vanilla,0.2241022735834121,Facenet512_MI_ADMIX_DI_TI_adv
0,ArcFace,/content/face_module/dataset_extractedfaces/lfw_pairs/Renee Zellweger_1.jpg,/content/face_module/dataset_extractedfaces/lfw_pairs/Catherine Deneuve_2.jpg,lfw_pairs,impersonation_attack,eval,ArcFace,clean,clean,0.211386889219284,ArcFace_clean
0,Facenet512,/content/face_module/dataset_extractedfaces/lfw_pairs/Renee Zellweger_1.jpg,/content/face_module/dataset_extractedfaces/lfw_pairs/Catherine Deneuve_2.jpg,lfw_pairs,impersonation_attack,eval,ArcFace,clean,clean,0.211386889219284,ArcFace_clean
0,GhostFaceNet,/content/face_module/dataset_extractedfaces/lfw_pairs/Renee Zellweger_1.jpg,/content/face_module/dataset_extractedfaces/lfw_pairs/Catherine Deneuve_2.jpg,lfw_pairs,impersonation_attack,eval,ArcFace,clean,clean,0.211386889219284,ArcFace_clean
0,VGG-Face,/content/face_module/dataset_extractedfaces/lfw_pairs/Renee Zellweger_1.jpg,/content/face_module/dataset_extractedfaces/lfw_pairs/Catherine Deneuve_2.jpg,lfw_pairs,impersonation_attack,eval,ArcFace,clean,clean,0.211386889219284,ArcFace_clean
0,Facenet512,/content/face_module/dataset_extractedfaces/lfw_pairs/Renee Zellweger_1.jpg,/content/face_module/dataset_extractedfaces/lfw_pairs/Catherine Deneuve_2.jpg,lfw_pairs,impersonation_attack,eval,ArcFace,PGD,vanilla,0.4731300473213196,ArcFace_PGD_adv
0,Facenet512,/content/face_module/dataset_extractedfaces/lfw_pairs/Renee Zellweger_1.jpg,/content/face_module/dataset_extractedfaces/lfw_pairs/Catherine Deneuve_2.jpg,lfw_pairs,impersonation_attack,eval,ArcFace,MI_FGSM,vanilla,0.4877825677394867,ArcFace_MI_FGSM_adv
0,Facenet512,/content/face_module/dataset_extractedfaces/lfw_pairs/Renee Zellweger_1.jpg,/content/face_module/dataset_extractedfaces/lfw_pairs/Catherine Deneuve_2.jpg,lfw_pairs,impersonation_attack,eval,ArcFace,TI_FGSM,vanilla,0.4242787957191467,ArcFace_TI_FGSM_adv
0,Facenet512,/content/face_module/dataset_extractedfaces/lfw_pairs/Renee Zellweger_1.jpg,/content/face_module/dataset_extractedfaces/lfw_pairs/Catherine Deneuve_2.jpg,lfw_pairs,impersonation_attack,eval,ArcFace,SI_NI_FGSM,vanilla,0.5298627018928528,ArcFace_SI_NI_FGSM_adv
0,Facenet512,/content/face_module/dataset_extractedfaces/lfw_pairs/Renee Zellweger_1.jpg,/content/face_module/dataset_extractedfaces/lfw_pairs/Catherine Deneuve_2.jpg,lfw_pairs,impersonation_attack,eval,ArcFace,MI_ADMIX_DI_TI,vanilla,0.5123964548110962,ArcFace_MI_ADMIX_DI_TI_adv
0,GhostFaceNet,/content/face_module/dataset_extractedfaces/lfw_pairs/Renee Zellweger_1.jpg,/content/face_module/dataset_extractedfaces/lfw_pairs/Catherine Deneuve_2.jpg,lfw_pairs,impersonation_attack,eval,ArcFace,PGD,vanilla,0.2361951917409896,ArcFace_PGD_adv
0,GhostFaceNet,/content/face_module/dataset_extractedfaces/lfw_pairs/Renee Zellweger_1.jpg,/content/face_module/dataset_extractedfaces/lfw_pairs/Catherine Deneuve_2.jpg,lfw_pairs,impersonation_attack,eval,ArcFace,MI_FGSM,vanilla,0.2944851517677307,ArcFace_MI_FGSM_adv
0,GhostFaceNet,/content/face_module/dataset_extractedfaces/lfw_pairs/Renee Zellweger_1.jpg,/content/face_module/dataset_extractedfaces/lfw_pairs/Catherine Deneuve_2.jpg,lfw_pairs,impersonation_attack,eval,ArcFace,TI_FGSM,vanilla,0.2905876636505127,ArcFace_TI_FGSM_adv
0,GhostFaceNet,/content/face_module/dataset_extractedfaces/lfw_pairs/Renee Zellweger_1.jpg,/content/face_module/dataset_extractedfaces/lfw_pairs/Catherine Deneuve_2.jpg,lfw_pairs,impersonation_attack,eval,ArcFace,SI_NI_FGSM,vanilla,0.3268567621707916,ArcFace_SI_NI_FGSM_adv
0,GhostFaceNet,/content/face_module/dataset_extractedfaces/lfw_pairs/Renee Zellweger_1.jpg,/content/face_module/dataset_extractedfaces/lfw_pairs/Catherine Deneuve_2.jpg,lfw_pairs,impersonation_attack,eval,ArcFace,MI_ADMIX_DI_TI,vanilla,0.2229238301515579,ArcFace_MI_ADMIX_DI_TI_adv
0,VGG-Face,/content/face_module/dataset_extractedfaces/lfw_pairs/Renee Zellweger_1.jpg,/content/face_module/dataset_extractedfaces/lfw_pairs/Catherine Deneuve_2.jpg,lfw_pairs,impersonation_attack,eval,ArcFace,PGD,vanilla,0.430417001247406,ArcFace_PGD_adv
0,VGG-Face,/content/face_module/dataset_extractedfaces/lfw_pairs/Renee Zellweger_1.jpg,/content/face_module/dataset_extractedfaces/lfw_pairs/Catherine Deneuve_2.jpg,lfw_pairs,impersonation_attack,eval,ArcFace,MI_FGSM,vanilla,0.5089429020881653,ArcFace_MI_FGSM_adv
0,VGG-Face,/content/face_module/dataset_extractedfaces/lfw_pairs/Renee Zellweger_1.jpg,/content/face_module/dataset_extractedfaces/lfw_pairs/Catherine Deneuve_2.jpg,lfw_pairs,impersonation_attack,eval,ArcFace,TI_FGSM,vanilla,0.4770940840244293,ArcFace_TI_FGSM_adv
0,VGG-Face,/content/face_module/dataset_extractedfaces/lfw_pairs/Renee Zellweger_1.jpg,/content/face_module/dataset_extractedfaces/lfw_pairs/Catherine Deneuve_2.jpg,lfw_pairs,impersonation_attack,eval,ArcFace,SI_NI_FGSM,vanilla,0.4841453731060028,ArcFace_SI_NI_FGSM_adv
0,VGG-Face,/content/face_module/dataset_extractedfaces/lfw_pairs/Renee Zellweger_1.jpg,/content/face_module/dataset_extractedfaces/lfw_pairs/Catherine Deneuve_2.jpg,lfw_pairs,impersonation_attack,eval,ArcFace,MI_ADMIX_DI_TI,vanilla,0.5151962041854858,ArcFace_MI_ADMIX_DI_TI_adv
32,ArcFace,/content/face_module/dataset_extractedfaces/lfw_pairs/Donald Rumsfeld_105.jpg,/content/face_module/dataset_extractedfaces/lfw_pairs/Paul Burrell_11.jpg,lfw_pairs,impersonation_attack,eval,ArcFace,clean,clean,0.0229565761983394,ArcFace_clean
32,Facenet512,/content/face_module/dataset_extractedfaces/lfw_pairs/Donald Rumsfeld_105.jpg,/content/face_module/dataset_extractedfaces/lfw_pairs/Paul Burrell_11.jpg,lfw_pairs,impersonation_attack,eval,ArcFace,clean,clean,0.0229565761983394,ArcFace_clean
32,GhostFaceNet,/content/face_module/dataset_extractedfaces/lfw_pairs/Donald Rumsfeld_105.jpg,/content/face_module/dataset_extractedfaces/lfw_pairs/Paul Burrell_11.jpg,lfw_pairs,impersonation_attack,eval,ArcFace,clean,clean,0.0229565761983394,ArcFace_clean
32,VGG-Face,/content/face_module/dataset_extractedfaces/lfw_pairs/Donald Rumsfeld_105.jpg,/content/face_module/dataset_extractedfaces/lfw_pairs/Paul Burrell_11.jpg,lfw_pairs,impersonation_attack,eval,ArcFace,clean,clean,0.0229565761983394,ArcFace_clean
32,Facenet512,/content/face_module/dataset_extractedfaces/lfw_pairs/Donald Rumsfeld_105.jpg,/content/face_module/dataset_extractedfaces/lfw_pairs/Paul Burrell_11.jpg,lfw_pairs,impersonation_attack,eval,ArcFace,PGD,vanilla,0.1615359932184219,ArcFace_PGD_adv
32,Facenet512,/content/face_module/dataset_extractedfaces/lfw_pairs/Donald Rumsfeld_105.jpg,/content/face_module/dataset_extractedfaces/lfw_pairs/Paul Burrell_11.jpg,lfw_pairs,impersonation_attack,eval,ArcFace,MI_FGSM,vanilla,0.283612310886383,ArcFace_MI_FGSM_adv
32,Facenet512,/content/face_module/dataset_extractedfaces/lfw_pairs/Donald Rumsfeld_105.jpg,/content/face_module/dataset_extractedfaces/lfw_pairs/Paul Burrell_11.jpg,lfw_pairs,impersonation_attack,eval,ArcFace,TI_FGSM,vanilla,0.2956925332546234,ArcFace_TI_FGSM_adv
32,Facenet512,/content/face_module/dataset_extractedfaces/lfw_pairs/Donald Rumsfeld_105.jpg,/content/face_module/dataset_extractedfaces/lfw_pairs/Paul Burrell_11.jpg,lfw_pairs,impersonation_attack,eval,ArcFace,SI_NI_FGSM,vanilla,0.265236347913742,ArcFace_SI_NI_FGSM_adv
32,Facenet512,/content/face_module/dataset_extractedfaces/lfw_pairs/Donald Rumsfeld_105.jpg,/content/face_module/dataset_extractedfaces/lfw_pairs/Paul Burrell_11.jpg,lfw_pairs,impersonation_attack,eval,ArcFace,MI_ADMIX_DI_TI,vanilla,0.358475387096405,ArcFace_MI_ADMIX_DI_TI_adv
32,GhostFaceNet,/content/face_module/dataset_extractedfaces/lfw_pairs/Donald Rumsfeld_105.jpg,/content/face_module/dataset_extractedfaces/lfw_pairs/Paul Burrell_11.jpg,lfw_pairs,impersonation_attack,eval,ArcFace,PGD,vanilla,0.0194712672382593,ArcFace_PGD_adv
32,GhostFaceNet,/content/face_module/dataset_extractedfaces/lfw_pairs/Donald Rumsfeld_105.jpg,/content/face_module/dataset_extractedfaces/lfw_pairs/Paul Burrell_11.jpg,lfw_pairs,impersonation_attack,eval,ArcFace,MI_FGSM,vanilla,0.1139392480254173,ArcFace_MI_FGSM_adv
32,GhostFaceNet,/content/face_module/dataset_extractedfaces/lfw_pairs/Donald Rumsfeld_105.jpg,/content/face_module/dataset_extractedfaces/lfw_pairs/Paul Burrell_11.jpg,lfw_pairs,impersonation_attack,eval,ArcFace,TI_FGSM,vanilla,0.128688782453537,ArcFace_TI_FGSM_adv
32,GhostFaceNet,/content/face_module/dataset_extractedfaces/lfw_pairs/Donald Rumsfeld_105.jpg,/content/face_module/dataset_extractedfaces/lfw_pairs/Paul Burrell_11.jpg,lfw_pairs,impersonation_attack,eval,ArcFace,SI_NI_FGSM,vanilla,0.0998586192727088,ArcFace_SI_NI_FGSM_adv
32,GhostFaceNet,/content/face_module/dataset_extractedfaces/lfw_pairs/Donald Rumsfeld_105.jpg,/content/face_module/dataset_extractedfaces/lfw_pairs/Paul Burrell_11.jpg,lfw_pairs,impersonation_attack,eval,ArcFace,MI_ADMIX_DI_TI,vanilla,0.1277571767568588,ArcFace_MI_ADMIX_DI_TI_adv
32,VGG-Face,/content/face_module/dataset_extractedfaces/lfw_pairs/Donald Rumsfeld_105.jpg,/content/face_module/dataset_extractedfaces/lfw_pairs/Paul Burrell_11.jpg,lfw_pairs,impersonation_attack,eval,ArcFace,PGD,vanilla,0.2363224774599075,ArcFace_PGD_adv
32,VGG-Face,/content/face_module/dataset_extractedfaces/lfw_pairs/Donald Rumsfeld_105.jpg,/content/face_module/dataset_extractedfaces/lfw_pairs/Paul Burrell_11.jpg,lfw_pairs,impersonation_attack,eval,ArcFace,MI_FGSM,vanilla,0.2943587601184845,ArcFace_MI_FGSM_adv
32,VGG-Face,/content/face_module/dataset_extractedfaces/lfw_pairs/Donald Rumsfeld_105.jpg,/content/face_module/dataset_extractedfaces/lfw_pairs/Paul Burrell_11.jpg,lfw_pairs,impersonation_attack,eval,ArcFace,TI_FGSM,vanilla,0.2810840010643005,ArcFace_TI_FGSM_adv
32,VGG-Face,/content/face_module/dataset_extractedfaces/lfw_pairs/Donald Rumsfeld_105.jpg,/content/face_module/dataset_extractedfaces/lfw_pairs/Paul Burrell_11.jpg,lfw_pairs,impersonation_attack,eval,ArcFace,SI_NI_FGSM,vanilla,0.2538019716739654,ArcFace_SI_NI_FGSM_adv
32,VGG-Face,/content/face_module/dataset_extractedfaces/lfw_pairs/Donald Rumsfeld_105.jpg,/content/face_module/dataset_extractedfaces/lfw_pairs/Paul Burrell_11.jpg,lfw_pairs,impersonation_attack,eval,ArcFace,MI_ADMIX_DI_TI,vanilla,0.3627150952816009,ArcFace_MI_ADMIX_DI_TI_adv
48,ArcFace,/content/face_module/dataset_extractedfaces/lfw_pairs/Renee Zellweger_14.jpg,/content/face_module/dataset_extractedfaces/lfw_pairs/Venus Williams_9.jpg,lfw_pairs,impersonation_attack,eval,ArcFace,clean,clean,0.1083590984344482,ArcFace_clean
48,Facenet512,/content/face_module/dataset_extractedfaces/lfw_pairs/Renee Zellweger_14.jpg,/content/face_module/dataset_extractedfaces/lfw_pairs/Venus Williams_9.jpg,lfw_pairs,impersonation_attack,eval,ArcFace,clean,clean,0.1083590984344482,ArcFace_clean
48,GhostFaceNet,/content/face_module/dataset_extractedfaces/lfw_pairs/Renee Zellweger_14.jpg,/content/face_module/dataset_extractedfaces/lfw_pairs/Venus Williams_9.jpg,lfw_pairs,impersonation_attack,eval,ArcFace,clean,clean,0.1083590984344482,ArcFace_clean
48,VGG-Face,/content/face_module/dataset_extractedfaces/lfw_pairs/Renee Zellweger_14.jpg,/content/face_module/dataset_extractedfaces/lfw_pairs/Venus Williams_9.jpg,lfw_pairs,impersonation_attack,eval,ArcFace,clean,clean,0.1083590984344482,ArcFace_clean
48,Facenet512,/content/face_module/dataset_extractedfaces/lfw_pairs/Renee Zellweger_14.jpg,/content/face_module/dataset_extractedfaces/lfw_pairs/Venus Williams_9.jpg,lfw_pairs,impersonation_attack,eval,ArcFace,PGD,vanilla,0.2079863250255584,ArcFace_PGD_adv
48,Facenet512,/content/face_module/dataset_extractedfaces/lfw_pairs/Renee Zellweger_14.jpg,/content/face_module/dataset_extractedfaces/lfw_pairs/Venus Williams_9.jpg,lfw_pairs,impersonation_attack,eval,ArcFace,MI_FGSM,vanilla,0.255749762058258,ArcFace_MI_FGSM_adv
48,Facenet512,/content/face_module/dataset_extractedfaces/lfw_pairs/Renee Zellweger_14.jpg,/content/face_module/dataset_extractedfaces/lfw_pairs/Venus Williams_9.jpg,lfw_pairs,impersonation_attack,eval,ArcFace,TI_FGSM,vanilla,0.2772824466228485,ArcFace_TI_FGSM_adv
48,Facenet512,/content/face_module/dataset_extractedfaces/lfw_pairs/Renee Zellweger_14.jpg,/content/face_module/dataset_extractedfaces/lfw_pairs/Venus Williams_9.jpg,lfw_pairs,impersonation_attack,eval,ArcFace,SI_NI_FGSM,vanilla,0.2889515161514282,ArcFace_SI_NI_FGSM_adv
48,Facenet512,/content/face_module/dataset_extractedfaces/lfw_pairs/Renee Zellweger_14.jpg,/content/face_module/dataset_extractedfaces/lfw_pairs/Venus Williams_9.jpg,lfw_pairs,impersonation_attack,eval,ArcFace,MI_ADMIX_DI_TI,vanilla,0.3008841276168823,ArcFace_MI_ADMIX_DI_TI_adv
48,GhostFaceNet,/content/face_module/dataset_extractedfaces/lfw_pairs/Renee Zellweger_14.jpg,/content/face_module/dataset_extractedfaces/lfw_pairs/Venus Williams_9.jpg,lfw_pairs,impersonation_attack,eval,ArcFace,PGD,vanilla,0.1780970692634582,ArcFace_PGD_adv
48,GhostFaceNet,/content/face_module/dataset_extractedfaces/lfw_pairs/Renee Zellweger_14.jpg,/content/face_module/dataset_extractedfaces/lfw_pairs/Venus Williams_9.jpg,lfw_pairs,impersonation_attack,eval,ArcFace,MI_FGSM,vanilla,0.1491180211305618,ArcFace_MI_FGSM_adv
48,GhostFaceNet,/content/face_module/dataset_extractedfaces/lfw_pairs/Renee Zellweger_14.jpg,/content/face_module/dataset_extractedfaces/lfw_pairs/Venus Williams_9.jpg,lfw_pairs,impersonation_attack,eval,ArcFace,TI_FGSM,vanilla,0.1572974622249603,ArcFace_TI_FGSM_adv
48,GhostFaceNet,/content/face_module/dataset_extractedfaces/lfw_pairs/Renee Zellweger_14.jpg,/content/face_module/dataset_extractedfaces/lfw_pairs/Venus Williams_9.jpg,lfw_pairs,impersonation_attack,eval,ArcFace,SI_NI_FGSM,vanilla,0.194016546010971,ArcFace_SI_NI_FGSM_adv
48,GhostFaceNet,/content/face_module/dataset_extractedfaces/lfw_pairs/Renee Zellweger_14.jpg,/content/face_module/dataset_extractedfaces/lfw_pairs/Venus Williams_9.jpg,lfw_pairs,impersonation_attack,eval,ArcFace,MI_ADMIX_DI_TI,vanilla,0.1411007046699524,ArcFace_MI_ADMIX_DI_TI_adv
48,VGG-Face,/content/face_module/dataset_extractedfaces/lfw_pairs/Renee Zellweger_14.jpg,/content/face_module/dataset_extractedfaces/lfw_pairs/Venus Williams_9.jpg,lfw_pairs,impersonation_attack,eval,ArcFace,PGD,vanilla,0.2143919169902801,ArcFace_PGD_adv
48,VGG-Face,/content/face_module/dataset_extractedfaces/lfw_pairs/Renee Zellweger_14.jpg,/content/face_module/dataset_extractedfaces/lfw_pairs/Venus Williams_9.jpg,lfw_pairs,impersonation_attack,eval,ArcFace,MI_FGSM,vanilla,0.2413083463907241,ArcFace_MI_FGSM_adv
48,VGG-Face,/content/face_module/dataset_extractedfaces/lfw_pairs/Renee Zellweger_14.jpg,/content/face_module/dataset_extractedfaces/lfw_pairs/Venus Williams_9.jpg,lfw_pairs,impersonation_attack,eval,ArcFace,TI_FGSM,vanilla,0.2238521873950958,ArcFace_TI_FGSM_adv
48,VGG-Face,/content/face_module/dataset_extractedfaces/lfw_pairs/Renee Zellweger_14.jpg,/content/face_module/dataset_extractedfaces/lfw_pairs/Venus Williams_9.jpg,lfw_pairs,impersonation_attack,eval,ArcFace,SI_NI_FGSM,vanilla,0.2596140503883362,ArcFace_SI_NI_FGSM_adv
48,VGG-Face,/content/face_module/dataset_extractedfaces/lfw_pairs/Renee Zellweger_14.jpg,/content/face_module/dataset_extractedfaces/lfw_pairs/Venus Williams_9.jpg,lfw_pairs,impersonation_attack,eval,ArcFace,MI_ADMIX_DI_TI,vanilla,0.3130152821540832,ArcFace_MI_ADMIX_DI_TI_adv
57,ArcFace,/content/face_module/dataset_extractedfaces/lfw_pairs/Mike Weir_10.jpg,/content/face_module/dataset_extractedfaces/lfw_pairs/Luis Horna_2.jpg,lfw_pairs,impersonation_attack,eval,ArcFace,clean,clean,0.2939318716526031,ArcFace_clean
57,Facenet512,/content/face_module/dataset_extractedfaces/lfw_pairs/Mike Weir_10.jpg,/content/face_module/dataset_extractedfaces/lfw_pairs/Luis Horna_2.jpg,lfw_pairs,impersonation_attack,eval,ArcFace,clean,clean,0.2939318716526031,ArcFace_clean
57,GhostFaceNet,/content/face_module/dataset_extractedfaces/lfw_pairs/Mike Weir_10.jpg,/content/face_module/dataset_extractedfaces/lfw_pairs/Luis Horna_2.jpg,lfw_pairs,impersonation_attack,eval,ArcFace,clean,clean,0.2939318716526031,ArcFace_clean
57,VGG-Face,/content/face_module/dataset_extractedfaces/lfw_pairs/Mike Weir_10.jpg,/content/face_module/dataset_extractedfaces/lfw_pairs/Luis Horna_2.jpg,lfw_pairs,impersonation_attack,eval,ArcFace,clean,clean,0.2939318716526031,ArcFace_clean
57,Facenet512,/content/face_module/dataset_extractedfaces/lfw_pairs/Mike Weir_10.jpg,/content/face_module/dataset_extractedfaces/lfw_pairs/Luis Horna_2.jpg,lfw_pairs,impersonation_attack,eval,ArcFace,PGD,vanilla,0.3319967985153198,ArcFace_PGD_adv
57,Facenet512,/content/face_module/dataset_extractedfaces/lfw_pairs/Mike Weir_10.jpg,/content/face_module/dataset_extractedfaces/lfw_pairs/Luis Horna_2.jpg,lfw_pairs,impersonation_attack,eval,ArcFace,MI_FGSM,vanilla,0.3577035367488861,ArcFace_MI_FGSM_adv
57,Facenet512,/content/face_module/dataset_extractedfaces/lfw_pairs/Mike Weir_10.jpg,/content/face_module/dataset_extractedfaces/lfw_pairs/Luis Horna_2.jpg,lfw_pairs,impersonation_attack,eval,ArcFace,TI_FGSM,vanilla,0.3057874739170074,ArcFace_TI_FGSM_adv
57,Facenet512,/content/face_module/dataset_extractedfaces/lfw_pairs/Mike Weir_10.jpg,/content/face_module/dataset_extractedfaces/lfw_pairs/Luis Horna_2.jpg,lfw_pairs,impersonation_attack,eval,ArcFace,SI_NI_FGSM,vanilla,0.354470819234848,ArcFace_SI_NI_FGSM_adv
57,Facenet512,/content/face_module/dataset_extractedfaces/lfw_pairs/Mike Weir_10.jpg,/content/face_module/dataset_extractedfaces/lfw_pairs/Luis Horna_2.jpg,lfw_pairs,impersonation_attack,eval,ArcFace,MI_ADMIX_DI_TI,vanilla,0.2791332900524139,ArcFace_MI_ADMIX_DI_TI_adv
57,GhostFaceNet,/content/face_module/dataset_extractedfaces/lfw_pairs/Mike Weir_10.jpg,/content/face_module/dataset_extractedfaces/lfw_pairs/Luis Horna_2.jpg,lfw_pairs,impersonation_attack,eval,ArcFace,PGD,vanilla,0.3371086418628692,ArcFace_PGD_adv
57,GhostFaceNet,/content/face_module/dataset_extractedfaces/lfw_pairs/Mike Weir_10.jpg,/content/face_module/dataset_extractedfaces/lfw_pairs/Luis Horna_2.jpg,lfw_pairs,impersonation_attack,eval,ArcFace,MI_FGSM,vanilla,0.3783763349056244,ArcFace_MI_FGSM_adv
57,GhostFaceNet,/content/face_module/dataset_extractedfaces/lfw_pairs/Mike Weir_10.jpg,/content/face_module/dataset_extractedfaces/lfw_pairs/Luis Horna_2.jpg,lfw_pairs,impersonation_attack,eval,ArcFace,TI_FGSM,vanilla,0.3230848908424377,ArcFace_TI_FGSM_adv
57,GhostFaceNet,/content/face_module/dataset_extractedfaces/lfw_pairs/Mike Weir_10.jpg,/content/face_module/dataset_extractedfaces/lfw_pairs/Luis Horna_2.jpg,lfw_pairs,impersonation_attack,eval,ArcFace,SI_NI_FGSM,vanilla,0.336551696062088,ArcFace_SI_NI_FGSM_adv
57,GhostFaceNet,/content/face_module/dataset_extractedfaces/lfw_pairs/Mike Weir_10.jpg,/content/face_module/dataset_extractedfaces/lfw_pairs/Luis Horna_2.jpg,lfw_pairs,impersonation_attack,eval,ArcFace,MI_ADMIX_DI_TI,vanilla,0.2944169342517853,ArcFace_MI_ADMIX_DI_TI_adv
57,VGG-Face,/content/face_module/dataset_extractedfaces/lfw_pairs/Mike Weir_10.jpg,/content/face_module/dataset_extractedfaces/lfw_pairs/Luis Horna_2.jpg,lfw_pairs,impersonation_attack,eval,ArcFace,PGD,vanilla,0.3365054726600647,ArcFace_PGD_adv
57,VGG-Face,/content/face_module/dataset_extractedfaces/lfw_pairs/Mike Weir_10.jpg,/content/face_module/dataset_extractedfaces/lfw_pairs/Luis Horna_2.jpg,lfw_pairs,impersonation_attack,eval,ArcFace,MI_FGSM,vanilla,0.3896487951278686,ArcFace_MI_FGSM_adv
57,VGG-Face,/content/face_module/dataset_extractedfaces/lfw_pairs/Mike Weir_10.jpg,/content/face_module/dataset_extractedfaces/lfw_pairs/Luis Horna_2.jpg,lfw_pairs,impersonation_attack,eval,ArcFace,TI_FGSM,vanilla,0.3920149505138397,ArcFace_TI_FGSM_adv
57,VGG-Face,/content/face_module/dataset_extractedfaces/lfw_pairs/Mike Weir_10.jpg,/content/face_module/dataset_extractedfaces/lfw_pairs/Luis Horna_2.jpg,lfw_pairs,impersonation_attack,eval,ArcFace,SI_NI_FGSM,vanilla,0.4510166943073272,ArcFace_SI_NI_FGSM_adv
57,VGG-Face,/content/face_module/dataset_extractedfaces/lfw_pairs/Mike Weir_10.jpg,/content/face_module/dataset_extractedfaces/lfw_pairs/Luis Horna_2.jpg,lfw_pairs,impersonation_attack,eval,ArcFace,MI_ADMIX_DI_TI,vanilla,0.3821273744106293,ArcFace_MI_ADMIX_DI_TI_adv
60,ArcFace,/content/face_module/dataset_extractedfaces/lfw_pairs/Jason Kidd_9.jpg,/content/face_module/dataset_extractedfaces/lfw_pairs/Luiz Inacio Lula da Silva_22.jpg,lfw_pairs,impersonation_attack,eval,ArcFace,clean,clean,0.0810949504375457,ArcFace_clean
60,Facenet512,/content/face_module/dataset_extractedfaces/lfw_pairs/Jason Kidd_9.jpg,/content/face_module/dataset_extractedfaces/lfw_pairs/Luiz Inacio Lula da Silva_22.jpg,lfw_pairs,impersonation_attack,eval,ArcFace,clean,clean,0.0810949504375457,ArcFace_clean
60,GhostFaceNet,/content/face_module/dataset_extractedfaces/lfw_pairs/Jason Kidd_9.jpg,/content/face_module/dataset_extractedfaces/lfw_pairs/Luiz Inacio Lula da Silva_22.jpg,lfw_pairs,impersonation_attack,eval,ArcFace,clean,clean,0.0810949504375457,ArcFace_clean
60,VGG-Face,/content/face_module/dataset_extractedfaces/lfw_pairs/Jason Kidd_9.jpg,/content/face_module/dataset_extractedfaces/lfw_pairs/Luiz Inacio Lula da Silva_22.jpg,lfw_pairs,impersonation_attack,eval,ArcFace,clean,clean,0.0810949504375457,ArcFace_clean
60,Facenet512,/content/face_module/dataset_extractedfaces/lfw_pairs/Jason Kidd_9.jpg,/content/face_module/dataset_extractedfaces/lfw_pairs/Luiz Inacio Lula da Silva_22.jpg,lfw_pairs,impersonation_attack,eval,ArcFace,PGD,vanilla,0.2604486048221588,ArcFace_PGD_adv
60,Facenet512,/content/face_module/dataset_extractedfaces/lfw_pairs/Jason Kidd_9.jpg,/content/face_module/dataset_extractedfaces/lfw_pairs/Luiz Inacio Lula da Silva_22.jpg,lfw_pairs,impersonation_attack,eval,ArcFace,MI_FGSM,vanilla,0.3479527533054352,ArcFace_MI_FGSM_adv
60,Facenet512,/content/face_module/dataset_extractedfaces/lfw_pairs/Jason Kidd_9.jpg,/content/face_module/dataset_extractedfaces/lfw_pairs/Luiz Inacio Lula da Silva_22.jpg,lfw_pairs,impersonation_attack,eval,ArcFace,TI_FGSM,vanilla,0.3444232642650604,ArcFace_TI_FGSM_adv
60,Facenet512,/content/face_module/dataset_extractedfaces/lfw_pairs/Jason Kidd_9.jpg,/content/face_module/dataset_extractedfaces/lfw_pairs/Luiz Inacio Lula da Silva_22.jpg,lfw_pairs,impersonation_attack,eval,ArcFace,SI_NI_FGSM,vanilla,0.42916339635849,ArcFace_SI_NI_FGSM_adv
60,Facenet512,/content/face_module/dataset_extractedfaces/lfw_pairs/Jason Kidd_9.jpg,/content/face_module/dataset_extractedfaces/lfw_pairs/Luiz Inacio Lula da Silva_22.jpg,lfw_pairs,impersonation_attack,eval,ArcFace,MI_ADMIX_DI_TI,vanilla,0.3102502822875976,ArcFace_MI_ADMIX_DI_TI_adv
60,GhostFaceNet,/content/face_module/dataset_extractedfaces/lfw_pairs/Jason Kidd_9.jpg,/content/face_module/dataset_extractedfaces/lfw_pairs/Luiz Inacio Lula da Silva_22.jpg,lfw_pairs,impersonation_attack,eval,ArcFace,PGD,vanilla,0.0950569063425064,ArcFace_PGD_adv
60,GhostFaceNet,/content/face_module/dataset_extractedfaces/lfw_pairs/Jason Kidd_9.jpg,/content/face_module/dataset_extractedfaces/lfw_pairs/Luiz Inacio Lula da Silva_22.jpg,lfw_pairs,impersonation_attack,eval,ArcFace,MI_FGSM,vanilla,0.0758110508322715,ArcFace_MI_FGSM_adv
60,GhostFaceNet,/content/face_module/dataset_extractedfaces/lfw_pairs/Jason Kidd_9.jpg,/content/face_module/dataset_extractedfaces/lfw_pairs/Luiz Inacio Lula da Silva_22.jpg,lfw_pairs,impersonation_attack,eval,ArcFace,TI_FGSM,vanilla,0.0996504351496696,ArcFace_TI_FGSM_adv
60,GhostFaceNet,/content/face_module/dataset_extractedfaces/lfw_pairs/Jason Kidd_9.jpg,/content/face_module/dataset_extractedfaces/lfw_pairs/Luiz Inacio Lula da Silva_22.jpg,lfw_pairs,impersonation_attack,eval,ArcFace,SI_NI_FGSM,vanilla,0.2005613595247268,ArcFace_SI_NI_FGSM_adv
60,GhostFaceNet,/content/face_module/dataset_extractedfaces/lfw_pairs/Jason Kidd_9.jpg,/content/face_module/dataset_extractedfaces/lfw_pairs/Luiz Inacio Lula da Silva_22.jpg,lfw_pairs,impersonation_attack,eval,ArcFace,MI_ADMIX_DI_TI,vanilla,0.0401731096208095,ArcFace_MI_ADMIX_DI_TI_adv
60,VGG-Face,/content/face_module/dataset_extractedfaces/lfw_pairs/Jason Kidd_9.jpg,/content/face_module/dataset_extractedfaces/lfw_pairs/Luiz Inacio Lula da Silva_22.jpg,lfw_pairs,impersonation_attack,eval,ArcFace,PGD,vanilla,0.4413855373859405,ArcFace_PGD_adv
60,VGG-Face,/content/face_module/dataset_extractedfaces/lfw_pairs/Jason Kidd_9.jpg,/content/face_module/dataset_extractedfaces/lfw_pairs/Luiz Inacio Lula da Silva_22.jpg,lfw_pairs,impersonation_attack,eval,ArcFace,MI_FGSM,vanilla,0.4955231249332428,ArcFace_MI_FGSM_adv
60,VGG-Face,/content/face_module/dataset_extractedfaces/lfw_pairs/Jason Kidd_9.jpg,/content/face_module/dataset_extractedfaces/lfw_pairs/Luiz Inacio Lula da Silva_22.jpg,lfw_pairs,impersonation_attack,eval,ArcFace,TI_FGSM,vanilla,0.4467546045780182,ArcFace_TI_FGSM_adv
60,VGG-Face,/content/face_module/dataset_extractedfaces/lfw_pairs/Jason Kidd_9.jpg,/content/face_module/dataset_extractedfaces/lfw_pairs/Luiz Inacio Lula da Silva_22.jpg,lfw_pairs,impersonation_attack,eval,ArcFace,SI_NI_FGSM,vanilla,0.5014387965202332,ArcFace_SI_NI_FGSM_adv
60,VGG-Face,/content/face_module/dataset_extractedfaces/lfw_pairs/Jason Kidd_9.jpg,/content/face_module/dataset_extractedfaces/lfw_pairs/Luiz Inacio Lula da Silva_22.jpg,lfw_pairs,impersonation_attack,eval,ArcFace,MI_ADMIX_DI_TI,vanilla,0.4549501240253448,ArcFace_MI_ADMIX_DI_TI_adv
2,ArcFace,/content/face_module/dataset_extractedfaces/celeba_pairs/107859.jpg,/content/face_module/dataset_extractedfaces/celeba_pairs/031892.jpg,celeba_pairs,impersonation_attack,eval,ArcFace,clean,clean,0.2291036993265152,ArcFace_clean
2,Facenet512,/content/face_module/dataset_extractedfaces/celeba_pairs/107859.jpg,/content/face_module/dataset_extractedfaces/celeba_pairs/031892.jpg,celeba_pairs,impersonation_attack,eval,ArcFace,clean,clean,0.2291036993265152,ArcFace_clean
2,GhostFaceNet,/content/face_module/dataset_extractedfaces/celeba_pairs/107859.jpg,/content/face_module/dataset_extractedfaces/celeba_pairs/031892.jpg,celeba_pairs,impersonation_attack,eval,ArcFace,clean,clean,0.2291036993265152,ArcFace_clean
2,VGG-Face,/content/face_module/dataset_extractedfaces/celeba_pairs/107859.jpg,/content/face_module/dataset_extractedfaces/celeba_pairs/031892.jpg,celeba_pairs,impersonation_attack,eval,ArcFace,clean,clean,0.2291036993265152,ArcFace_clean
2,Facenet512,/content/face_module/dataset_extractedfaces/celeba_pairs/107859.jpg,/content/face_module/dataset_extractedfaces/celeba_pairs/031892.jpg,celeba_pairs,impersonation_attack,eval,ArcFace,PGD,vanilla,0.4290940165519714,ArcFace_PGD_adv
2,Facenet512,/content/face_module/dataset_extractedfaces/celeba_pairs/107859.jpg,/content/face_module/dataset_extractedfaces/celeba_pairs/031892.jpg,celeba_pairs,impersonation_attack,eval,ArcFace,MI_FGSM,vanilla,0.3414511382579803,ArcFace_MI_FGSM_adv
2,Facenet512,/content/face_module/dataset_extractedfaces/celeba_pairs/107859.jpg,/content/face_module/dataset_extractedfaces/celeba_pairs/031892.jpg,celeba_pairs,impersonation_attack,eval,ArcFace,TI_FGSM,vanilla,0.3217344880104065,ArcFace_TI_FGSM_adv
2,Facenet512,/content/face_module/dataset_extractedfaces/celeba_pairs/107859.jpg,/content/face_module/dataset_extractedfaces/celeba_pairs/031892.jpg,celeba_pairs,impersonation_attack,eval,ArcFace,SI_NI_FGSM,vanilla,0.2799090445041656,ArcFace_SI_NI_FGSM_adv
2,Facenet512,/content/face_module/dataset_extractedfaces/celeba_pairs/107859.jpg,/content/face_module/dataset_extractedfaces/celeba_pairs/031892.jpg,celeba_pairs,impersonation_attack,eval,ArcFace,MI_ADMIX_DI_TI,vanilla,0.2061428129673004,ArcFace_MI_ADMIX_DI_TI_adv
2,GhostFaceNet,/content/face_module/dataset_extractedfaces/celeba_pairs/107859.jpg,/content/face_module/dataset_extractedfaces/celeba_pairs/031892.jpg,celeba_pairs,impersonation_attack,eval,ArcFace,PGD,vanilla,0.2369593679904937,ArcFace_PGD_adv
2,GhostFaceNet,/content/face_module/dataset_extractedfaces/celeba_pairs/107859.jpg,/content/face_module/dataset_extractedfaces/celeba_pairs/031892.jpg,celeba_pairs,impersonation_attack,eval,ArcFace,MI_FGSM,vanilla,0.199272483587265,ArcFace_MI_FGSM_adv
2,GhostFaceNet,/content/face_module/dataset_extractedfaces/celeba_pairs/107859.jpg,/content/face_module/dataset_extractedfaces/celeba_pairs/031892.jpg,celeba_pairs,impersonation_attack,eval,ArcFace,TI_FGSM,vanilla,0.2486708909273147,ArcFace_TI_FGSM_adv
2,GhostFaceNet,/content/face_module/dataset_extractedfaces/celeba_pairs/107859.jpg,/content/face_module/dataset_extractedfaces/celeba_pairs/031892.jpg,celeba_pairs,impersonation_attack,eval,ArcFace,SI_NI_FGSM,vanilla,0.1608167737722396,ArcFace_SI_NI_FGSM_adv
2,GhostFaceNet,/content/face_module/dataset_extractedfaces/celeba_pairs/107859.jpg,/content/face_module/dataset_extractedfaces/celeba_pairs/031892.jpg,celeba_pairs,impersonation_attack,eval,ArcFace,MI_ADMIX_DI_TI,vanilla,0.171372503042221,ArcFace_MI_ADMIX_DI_TI_adv
2,VGG-Face,/content/face_module/dataset_extractedfaces/celeba_pairs/107859.jpg,/content/face_module/dataset_extractedfaces/celeba_pairs/031892.jpg,celeba_pairs,impersonation_attack,eval,ArcFace,PGD,vanilla,0.3463079631328583,ArcFace_PGD_adv
2,VGG-Face,/content/face_module/dataset_extractedfaces/celeba_pairs/107859.jpg,/content/face_module/dataset_extractedfaces/celeba_pairs/031892.jpg,celeba_pairs,impersonation_attack,eval,ArcFace,MI_FGSM,vanilla,0.2843014299869537,ArcFace_MI_FGSM_adv
2,VGG-Face,/content/face_module/dataset_extractedfaces/celeba_pairs/107859.jpg,/content/face_module/dataset_extractedfaces/celeba_pairs/031892.jpg,celeba_pairs,impersonation_attack,eval,ArcFace,TI_FGSM,vanilla,0.3869014084339142,ArcFace_TI_FGSM_adv
2,VGG-Face,/content/face_module/dataset_extractedfaces/celeba_pairs/107859.jpg,/content/face_module/dataset_extractedfaces/celeba_pairs/031892.jpg,celeba_pairs,impersonation_attack,eval,ArcFace,SI_NI_FGSM,vanilla,0.3451544046401977,ArcFace_SI_NI_FGSM_adv
2,VGG-Face,/content/face_module/dataset_extractedfaces/celeba_pairs/107859.jpg,/content/face_module/dataset_extractedfaces/celeba_pairs/031892.jpg,celeba_pairs,impersonation_attack,eval,ArcFace,MI_ADMIX_DI_TI,vanilla,0.3676972985267639,ArcFace_MI_ADMIX_DI_TI_adv
8,ArcFace,/content/face_module/dataset_extractedfaces/celeba_pairs/023666.jpg,/content/face_module/dataset_extractedfaces/celeba_pairs/010959.jpg,celeba_pairs,impersonation_attack,eval,ArcFace,clean,clean,0.1708461046218872,ArcFace_clean
8,Facenet512,/content/face_module/dataset_extractedfaces/celeba_pairs/023666.jpg,/content/face_module/dataset_extractedfaces/celeba_pairs/010959.jpg,celeba_pairs,impersonation_attack,eval,ArcFace,clean,clean,0.1708461046218872,ArcFace_clean
8,GhostFaceNet,/content/face_module/dataset_extractedfaces/celeba_pairs/023666.jpg,/content/face_module/dataset_extractedfaces/celeba_pairs/010959.jpg,celeba_pairs,impersonation_attack,eval,ArcFace,clean,clean,0.1708461046218872,ArcFace_clean
8,VGG-Face,/content/face_module/dataset_extractedfaces/celeba_pairs/023666.jpg,/content/face_module/dataset_extractedfaces/celeba_pairs/010959.jpg,celeba_pairs,impersonation_attack,eval,ArcFace,clean,clean,0.1708461046218872,ArcFace_clean
8,Facenet512,/content/face_module/dataset_extractedfaces/celeba_pairs/023666.jpg,/content/face_module/dataset_extractedfaces/celeba_pairs/010959.jpg,celeba_pairs,impersonation_attack,eval,ArcFace,PGD,vanilla,0.3432739675045013,ArcFace_PGD_adv
8,Facenet512,/content/face_module/dataset_extractedfaces/celeba_pairs/023666.jpg,/content/face_module/dataset_extractedfaces/celeba_pairs/010959.jpg,celeba_pairs,impersonation_attack,eval,ArcFace,MI_FGSM,vanilla,0.3119485378265381,ArcFace_MI_FGSM_adv
8,Facenet512,/content/face_module/dataset_extractedfaces/celeba_pairs/023666.jpg,/content/face_module/dataset_extractedfaces/celeba_pairs/010959.jpg,celeba_pairs,impersonation_attack,eval,ArcFace,TI_FGSM,vanilla,0.3208623826503753,ArcFace_TI_FGSM_adv
8,Facenet512,/content/face_module/dataset_extractedfaces/celeba_pairs/023666.jpg,/content/face_module/dataset_extractedfaces/celeba_pairs/010959.jpg,celeba_pairs,impersonation_attack,eval,ArcFace,SI_NI_FGSM,vanilla,0.426537424325943,ArcFace_SI_NI_FGSM_adv
8,Facenet512,/content/face_module/dataset_extractedfaces/celeba_pairs/023666.jpg,/content/face_module/dataset_extractedfaces/celeba_pairs/010959.jpg,celeba_pairs,impersonation_attack,eval,ArcFace,MI_ADMIX_DI_TI,vanilla,0.3053140640258789,ArcFace_MI_ADMIX_DI_TI_adv
8,GhostFaceNet,/content/face_module/dataset_extractedfaces/celeba_pairs/023666.jpg,/content/face_module/dataset_extractedfaces/celeba_pairs/010959.jpg,celeba_pairs,impersonation_attack,eval,ArcFace,PGD,vanilla,0.2406999468803405,ArcFace_PGD_adv
8,GhostFaceNet,/content/face_module/dataset_extractedfaces/celeba_pairs/023666.jpg,/content/face_module/dataset_extractedfaces/celeba_pairs/010959.jpg,celeba_pairs,impersonation_attack,eval,ArcFace,MI_FGSM,vanilla,0.2622721493244171,ArcFace_MI_FGSM_adv
8,GhostFaceNet,/content/face_module/dataset_extractedfaces/celeba_pairs/023666.jpg,/content/face_module/dataset_extractedfaces/celeba_pairs/010959.jpg,celeba_pairs,impersonation_attack,eval,ArcFace,TI_FGSM,vanilla,0.3109537065029144,ArcFace_TI_FGSM_adv
8,GhostFaceNet,/content/face_module/dataset_extractedfaces/celeba_pairs/023666.jpg,/content/face_module/dataset_extractedfaces/celeba_pairs/010959.jpg,celeba_pairs,impersonation_attack,eval,ArcFace,SI_NI_FGSM,vanilla,0.3281557559967041,ArcFace_SI_NI_FGSM_adv
8,GhostFaceNet,/content/face_module/dataset_extractedfaces/celeba_pairs/023666.jpg,/content/face_module/dataset_extractedfaces/celeba_pairs/010959.jpg,celeba_pairs,impersonation_attack,eval,ArcFace,MI_ADMIX_DI_TI,vanilla,0.3185352087020874,ArcFace_MI_ADMIX_DI_TI_adv
8,VGG-Face,/content/face_module/dataset_extractedfaces/celeba_pairs/023666.jpg,/content/face_module/dataset_extractedfaces/celeba_pairs/010959.jpg,celeba_pairs,impersonation_attack,eval,ArcFace,PGD,vanilla,0.397672027349472,ArcFace_PGD_adv
8,VGG-Face,/content/face_module/dataset_extractedfaces/celeba_pairs/023666.jpg,/content/face_module/dataset_extractedfaces/celeba_pairs/010959.jpg,celeba_pairs,impersonation_attack,eval,ArcFace,MI_FGSM,vanilla,0.3751890361309051,ArcFace_MI_FGSM_adv
8,VGG-Face,/content/face_module/dataset_extractedfaces/celeba_pairs/023666.jpg,/content/face_module/dataset_extractedfaces/celeba_pairs/010959.jpg,celeba_pairs,impersonation_attack,eval,ArcFace,TI_FGSM,vanilla,0.4356875717639923,ArcFace_TI_FGSM_adv
8,VGG-Face,/content/face_module/dataset_extractedfaces/celeba_pairs/023666.jpg,/content/face_module/dataset_extractedfaces/celeba_pairs/010959.jpg,celeba_pairs,impersonation_attack,eval,ArcFace,SI_NI_FGSM,vanilla,0.3683380484580993,ArcFace_SI_NI_FGSM_adv
8,VGG-Face,/content/face_module/dataset_extractedfaces/celeba_pairs/023666.jpg,/content/face_module/dataset_extractedfaces/celeba_pairs/010959.jpg,celeba_pairs,impersonation_attack,eval,ArcFace,MI_ADMIX_DI_TI,vanilla,0.3643329441547394,ArcFace_MI_ADMIX_DI_TI_adv
12,ArcFace,/content/face_module/dataset_extractedfaces/celeba_pairs/003089.jpg,/content/face_module/dataset_extractedfaces/celeba_pairs/016966.jpg,celeba_pairs,impersonation_attack,eval,ArcFace,clean,clean,0.207217201590538,ArcFace_clean
12,Facenet512,/content/face_module/dataset_extractedfaces/celeba_pairs/003089.jpg,/content/face_module/dataset_extractedfaces/celeba_pairs/016966.jpg,celeba_pairs,impersonation_attack,eval,ArcFace,clean,clean,0.207217201590538,ArcFace_clean
12,GhostFaceNet,/content/face_module/dataset_extractedfaces/celeba_pairs/003089.jpg,/content/face_module/dataset_extractedfaces/celeba_pairs/016966.jpg,celeba_pairs,impersonation_attack,eval,ArcFace,clean,clean,0.207217201590538,ArcFace_clean
12,VGG-Face,/content/face_module/dataset_extractedfaces/celeba_pairs/003089.jpg,/content/face_module/dataset_extractedfaces/celeba_pairs/016966.jpg,celeba_pairs,impersonation_attack,eval,ArcFace,clean,clean,0.207217201590538,ArcFace_clean
12,Facenet512,/content/face_module/dataset_extractedfaces/celeba_pairs/003089.jpg,/content/face_module/dataset_extractedfaces/celeba_pairs/016966.jpg,celeba_pairs,impersonation_attack,eval,ArcFace,PGD,vanilla,0.2843486368656158,ArcFace_PGD_adv
12,Facenet512,/content/face_module/dataset_extractedfaces/celeba_pairs/003089.jpg,/content/face_module/dataset_extractedfaces/celeba_pairs/016966.jpg,celeba_pairs,impersonation_attack,eval,ArcFace,MI_FGSM,vanilla,0.2761316299438476,ArcFace_MI_FGSM_adv
12,Facenet512,/content/face_module/dataset_extractedfaces/celeba_pairs/003089.jpg,/content/face_module/dataset_extractedfaces/celeba_pairs/016966.jpg,celeba_pairs,impersonation_attack,eval,ArcFace,TI_FGSM,vanilla,0.2857397496700287,ArcFace_TI_FGSM_adv
12,Facenet512,/content/face_module/dataset_extractedfaces/celeba_pairs/003089.jpg,/content/face_module/dataset_extractedfaces/celeba_pairs/016966.jpg,celeba_pairs,impersonation_attack,eval,ArcFace,SI_NI_FGSM,vanilla,0.2434909641742706,ArcFace_SI_NI_FGSM_adv
12,Facenet512,/content/face_module/dataset_extractedfaces/celeba_pairs/003089.jpg,/content/face_module/dataset_extractedfaces/celeba_pairs/016966.jpg,celeba_pairs,impersonation_attack,eval,ArcFace,MI_ADMIX_DI_TI,vanilla,0.2623609900474548,ArcFace_MI_ADMIX_DI_TI_adv
12,GhostFaceNet,/content/face_module/dataset_extractedfaces/celeba_pairs/003089.jpg,/content/face_module/dataset_extractedfaces/celeba_pairs/016966.jpg,celeba_pairs,impersonation_attack,eval,ArcFace,PGD,vanilla,0.2529961764812469,ArcFace_PGD_adv
12,GhostFaceNet,/content/face_module/dataset_extractedfaces/celeba_pairs/003089.jpg,/content/face_module/dataset_extractedfaces/celeba_pairs/016966.jpg,celeba_pairs,impersonation_attack,eval,ArcFace,MI_FGSM,vanilla,0.2551171481609344,ArcFace_MI_FGSM_adv
12,GhostFaceNet,/content/face_module/dataset_extractedfaces/celeba_pairs/003089.jpg,/content/face_module/dataset_extractedfaces/celeba_pairs/016966.jpg,celeba_pairs,impersonation_attack,eval,ArcFace,TI_FGSM,vanilla,0.3156277537345886,ArcFace_TI_FGSM_adv
12,GhostFaceNet,/content/face_module/dataset_extractedfaces/celeba_pairs/003089.jpg,/content/face_module/dataset_extractedfaces/celeba_pairs/016966.jpg,celeba_pairs,impersonation_attack,eval,ArcFace,SI_NI_FGSM,vanilla,0.2732946574687958,ArcFace_SI_NI_FGSM_adv
12,GhostFaceNet,/content/face_module/dataset_extractedfaces/celeba_pairs/003089.jpg,/content/face_module/dataset_extractedfaces/celeba_pairs/016966.jpg,celeba_pairs,impersonation_attack,eval,ArcFace,MI_ADMIX_DI_TI,vanilla,0.2705199718475342,ArcFace_MI_ADMIX_DI_TI_adv
12,VGG-Face,/content/face_module/dataset_extractedfaces/celeba_pairs/003089.jpg,/content/face_module/dataset_extractedfaces/celeba_pairs/016966.jpg,celeba_pairs,impersonation_attack,eval,ArcFace,PGD,vanilla,0.2893069386482239,ArcFace_PGD_adv
12,VGG-Face,/content/face_module/dataset_extractedfaces/celeba_pairs/003089.jpg,/content/face_module/dataset_extractedfaces/celeba_pairs/016966.jpg,celeba_pairs,impersonation_attack,eval,ArcFace,MI_FGSM,vanilla,0.2667088210582733,ArcFace_MI_FGSM_adv
12,VGG-Face,/content/face_module/dataset_extractedfaces/celeba_pairs/003089.jpg,/content/face_module/dataset_extractedfaces/celeba_pairs/016966.jpg,celeba_pairs,impersonation_attack,eval,ArcFace,TI_FGSM,vanilla,0.2935548722743988,ArcFace_TI_FGSM_adv
12,VGG-Face,/content/face_module/dataset_extractedfaces/celeba_pairs/003089.jpg,/content/face_module/dataset_extractedfaces/celeba_pairs/016966.jpg,celeba_pairs,impersonation_attack,eval,ArcFace,SI_NI_FGSM,vanilla,0.299704909324646,ArcFace_SI_NI_FGSM_adv
12,VGG-Face,/content/face_module/dataset_extractedfaces/celeba_pairs/003089.jpg,/content/face_module/dataset_extractedfaces/celeba_pairs/016966.jpg,celeba_pairs,impersonation_attack,eval,ArcFace,MI_ADMIX_DI_TI,vanilla,0.2885414063930511,ArcFace_MI_ADMIX_DI_TI_adv
26,ArcFace,/content/face_module/dataset_extractedfaces/celeba_pairs/113117.jpg,/content/face_module/dataset_extractedfaces/celeba_pairs/129449.jpg,celeba_pairs,impersonation_attack,eval,ArcFace,clean,clean,0.0089562684297561,ArcFace_clean
26,Facenet512,/content/face_module/dataset_extractedfaces/celeba_pairs/113117.jpg,/content/face_module/dataset_extractedfaces/celeba_pairs/129449.jpg,celeba_pairs,impersonation_attack,eval,ArcFace,clean,clean,0.0089562684297561,ArcFace_clean
26,GhostFaceNet,/content/face_module/dataset_extractedfaces/celeba_pairs/113117.jpg,/content/face_module/dataset_extractedfaces/celeba_pairs/129449.jpg,celeba_pairs,impersonation_attack,eval,ArcFace,clean,clean,0.0089562684297561,ArcFace_clean
26,VGG-Face,/content/face_module/dataset_extractedfaces/celeba_pairs/113117.jpg,/content/face_module/dataset_extractedfaces/celeba_pairs/129449.jpg,celeba_pairs,impersonation_attack,eval,ArcFace,clean,clean,0.0089562684297561,ArcFace_clean
26,Facenet512,/content/face_module/dataset_extractedfaces/celeba_pairs/113117.jpg,/content/face_module/dataset_extractedfaces/celeba_pairs/129449.jpg,celeba_pairs,impersonation_attack,eval,ArcFace,PGD,vanilla,0.0684318095445633,ArcFace_PGD_adv
26,Facenet512,/content/face_module/dataset_extractedfaces/celeba_pairs/113117.jpg,/content/face_module/dataset_extractedfaces/celeba_pairs/129449.jpg,celeba_pairs,impersonation_attack,eval,ArcFace,MI_FGSM,vanilla,0.0880553424358367,ArcFace_MI_FGSM_adv
26,Facenet512,/content/face_module/dataset_extractedfaces/celeba_pairs/113117.jpg,/content/face_module/dataset_extractedfaces/celeba_pairs/129449.jpg,celeba_pairs,impersonation_attack,eval,ArcFace,TI_FGSM,vanilla,0.0807575806975364,ArcFace_TI_FGSM_adv
26,Facenet512,/content/face_module/dataset_extractedfaces/celeba_pairs/113117.jpg,/content/face_module/dataset_extractedfaces/celeba_pairs/129449.jpg,celeba_pairs,impersonation_attack,eval,ArcFace,SI_NI_FGSM,vanilla,0.1477135717868805,ArcFace_SI_NI_FGSM_adv
26,Facenet512,/content/face_module/dataset_extractedfaces/celeba_pairs/113117.jpg,/content/face_module/dataset_extractedfaces/celeba_pairs/129449.jpg,celeba_pairs,impersonation_attack,eval,ArcFace,MI_ADMIX_DI_TI,vanilla,0.0755962505936622,ArcFace_MI_ADMIX_DI_TI_adv
26,GhostFaceNet,/content/face_module/dataset_extractedfaces/celeba_pairs/113117.jpg,/content/face_module/dataset_extractedfaces/celeba_pairs/129449.jpg,celeba_pairs,impersonation_attack,eval,ArcFace,PGD,vanilla,0.0265723690390586,ArcFace_PGD_adv
26,GhostFaceNet,/content/face_module/dataset_extractedfaces/celeba_pairs/113117.jpg,/content/face_module/dataset_extractedfaces/celeba_pairs/129449.jpg,celeba_pairs,impersonation_attack,eval,ArcFace,MI_FGSM,vanilla,0.0117637384682893,ArcFace_MI_FGSM_adv
26,GhostFaceNet,/content/face_module/dataset_extractedfaces/celeba_pairs/113117.jpg,/content/face_module/dataset_extractedfaces/celeba_pairs/129449.jpg,celeba_pairs,impersonation_attack,eval,ArcFace,TI_FGSM,vanilla,0.0198072120547294,ArcFace_TI_FGSM_adv
26,GhostFaceNet,/content/face_module/dataset_extractedfaces/celeba_pairs/113117.jpg,/content/face_module/dataset_extractedfaces/celeba_pairs/129449.jpg,celeba_pairs,impersonation_attack,eval,ArcFace,SI_NI_FGSM,vanilla,0.0140036661177873,ArcFace_SI_NI_FGSM_adv
26,GhostFaceNet,/content/face_module/dataset_extractedfaces/celeba_pairs/113117.jpg,/content/face_module/dataset_extractedfaces/celeba_pairs/129449.jpg,celeba_pairs,impersonation_attack,eval,ArcFace,MI_ADMIX_DI_TI,vanilla,0.0123308356851339,ArcFace_MI_ADMIX_DI_TI_adv
26,VGG-Face,/content/face_module/dataset_extractedfaces/celeba_pairs/113117.jpg,/content/face_module/dataset_extractedfaces/celeba_pairs/129449.jpg,celeba_pairs,impersonation_attack,eval,ArcFace,PGD,vanilla,0.1604167222976684,ArcFace_PGD_adv
26,VGG-Face,/content/face_module/dataset_extractedfaces/celeba_pairs/113117.jpg,/content/face_module/dataset_extractedfaces/celeba_pairs/129449.jpg,celeba_pairs,impersonation_attack,eval,ArcFace,MI_FGSM,vanilla,0.1973726898431778,ArcFace_MI_FGSM_adv
26,VGG-Face,/content/face_module/dataset_extractedfaces/celeba_pairs/113117.jpg,/content/face_module/dataset_extractedfaces/celeba_pairs/129449.jpg,celeba_pairs,impersonation_attack,eval,ArcFace,TI_FGSM,vanilla,0.2058782428503036,ArcFace_TI_FGSM_adv
26,VGG-Face,/content/face_module/dataset_extractedfaces/celeba_pairs/113117.jpg,/content/face_module/dataset_extractedfaces/celeba_pairs/129449.jpg,celeba_pairs,impersonation_attack,eval,ArcFace,SI_NI_FGSM,vanilla,0.197374016046524,ArcFace_SI_NI_FGSM_adv
26,VGG-Face,/content/face_module/dataset_extractedfaces/celeba_pairs/113117.jpg,/content/face_module/dataset_extractedfaces/celeba_pairs/129449.jpg,celeba_pairs,impersonation_attack,eval,ArcFace,MI_ADMIX_DI_TI,vanilla,0.1638082265853881,ArcFace_MI_ADMIX_DI_TI_adv
34,ArcFace,/content/face_module/dataset_extractedfaces/celeba_pairs/001430.jpg,/content/face_module/dataset_extractedfaces/celeba_pairs/046649.jpg,celeba_pairs,impersonation_attack,eval,ArcFace,clean,clean,0.1476317346096038,ArcFace_clean
34,Facenet512,/content/face_module/dataset_extractedfaces/celeba_pairs/001430.jpg,/content/face_module/dataset_extractedfaces/celeba_pairs/046649.jpg,celeba_pairs,impersonation_attack,eval,ArcFace,clean,clean,0.1476317346096038,ArcFace_clean
34,GhostFaceNet,/content/face_module/dataset_extractedfaces/celeba_pairs/001430.jpg,/content/face_module/dataset_extractedfaces/celeba_pairs/046649.jpg,celeba_pairs,impersonation_attack,eval,ArcFace,clean,clean,0.1476317346096038,ArcFace_clean
34,VGG-Face,/content/face_module/dataset_extractedfaces/celeba_pairs/001430.jpg,/content/face_module/dataset_extractedfaces/celeba_pairs/046649.jpg,celeba_pairs,impersonation_attack,eval,ArcFace,clean,clean,0.1476317346096038,ArcFace_clean
34,Facenet512,/content/face_module/dataset_extractedfaces/celeba_pairs/001430.jpg,/content/face_module/dataset_extractedfaces/celeba_pairs/046649.jpg,celeba_pairs,impersonation_attack,eval,ArcFace,PGD,vanilla,0.2822242677211761,ArcFace_PGD_adv
34,Facenet512,/content/face_module/dataset_extractedfaces/celeba_pairs/001430.jpg,/content/face_module/dataset_extractedfaces/celeba_pairs/046649.jpg,celeba_pairs,impersonation_attack,eval,ArcFace,MI_FGSM,vanilla,0.3224303126335144,ArcFace_MI_FGSM_adv
34,Facenet512,/content/face_module/dataset_extractedfaces/celeba_pairs/001430.jpg,/content/face_module/dataset_extractedfaces/celeba_pairs/046649.jpg,celeba_pairs,impersonation_attack,eval,ArcFace,TI_FGSM,vanilla,0.34650918841362,ArcFace_TI_FGSM_adv
34,Facenet512,/content/face_module/dataset_extractedfaces/celeba_pairs/001430.jpg,/content/face_module/dataset_extractedfaces/celeba_pairs/046649.jpg,celeba_pairs,impersonation_attack,eval,ArcFace,SI_NI_FGSM,vanilla,0.3503451943397522,ArcFace_SI_NI_FGSM_adv
34,Facenet512,/content/face_module/dataset_extractedfaces/celeba_pairs/001430.jpg,/content/face_module/dataset_extractedfaces/celeba_pairs/046649.jpg,celeba_pairs,impersonation_attack,eval,ArcFace,MI_ADMIX_DI_TI,vanilla,0.3137792944908142,ArcFace_MI_ADMIX_DI_TI_adv
34,GhostFaceNet,/content/face_module/dataset_extractedfaces/celeba_pairs/001430.jpg,/content/face_module/dataset_extractedfaces/celeba_pairs/046649.jpg,celeba_pairs,impersonation_attack,eval,ArcFace,PGD,vanilla,0.2004034519195556,ArcFace_PGD_adv
34,GhostFaceNet,/content/face_module/dataset_extractedfaces/celeba_pairs/001430.jpg,/content/face_module/dataset_extractedfaces/celeba_pairs/046649.jpg,celeba_pairs,impersonation_attack,eval,ArcFace,MI_FGSM,vanilla,0.2084031999111175,ArcFace_MI_FGSM_adv
34,GhostFaceNet,/content/face_module/dataset_extractedfaces/celeba_pairs/001430.jpg,/content/face_module/dataset_extractedfaces/celeba_pairs/046649.jpg,celeba_pairs,impersonation_attack,eval,ArcFace,TI_FGSM,vanilla,0.1531478464603424,ArcFace_TI_FGSM_adv
34,GhostFaceNet,/content/face_module/dataset_extractedfaces/celeba_pairs/001430.jpg,/content/face_module/dataset_extractedfaces/celeba_pairs/046649.jpg,celeba_pairs,impersonation_attack,eval,ArcFace,SI_NI_FGSM,vanilla,0.1642473638057708,ArcFace_SI_NI_FGSM_adv
34,GhostFaceNet,/content/face_module/dataset_extractedfaces/celeba_pairs/001430.jpg,/content/face_module/dataset_extractedfaces/celeba_pairs/046649.jpg,celeba_pairs,impersonation_attack,eval,ArcFace,MI_ADMIX_DI_TI,vanilla,0.1707542687654495,ArcFace_MI_ADMIX_DI_TI_adv
34,VGG-Face,/content/face_module/dataset_extractedfaces/celeba_pairs/001430.jpg,/content/face_module/dataset_extractedfaces/celeba_pairs/046649.jpg,celeba_pairs,impersonation_attack,eval,ArcFace,PGD,vanilla,0.312816858291626,ArcFace_PGD_adv
34,VGG-Face,/content/face_module/dataset_extractedfaces/celeba_pairs/001430.jpg,/content/face_module/dataset_extractedfaces/celeba_pairs/046649.jpg,celeba_pairs,impersonation_attack,eval,ArcFace,MI_FGSM,vanilla,0.2259292602539062,ArcFace_MI_FGSM_adv
34,VGG-Face,/content/face_module/dataset_extractedfaces/celeba_pairs/001430.jpg,/content/face_module/dataset_extractedfaces/celeba_pairs/046649.jpg,celeba_pairs,impersonation_attack,eval,ArcFace,TI_FGSM,vanilla,0.3440480828285217,ArcFace_TI_FGSM_adv
34,VGG-Face,/content/face_module/dataset_extractedfaces/celeba_pairs/001430.jpg,/content/face_module/dataset_extractedfaces/celeba_pairs/046649.jpg,celeba_pairs,impersonation_attack,eval,ArcFace,SI_NI_FGSM,vanilla,0.1834068447351455,ArcFace_SI_NI_FGSM_adv
34,VGG-Face,/content/face_module/dataset_extractedfaces/celeba_pairs/001430.jpg,/content/face_module/dataset_extractedfaces/celeba_pairs/046649.jpg,celeba_pairs,impersonation_attack,eval,ArcFace,MI_ADMIX_DI_TI,vanilla,0.2901040315628052,ArcFace_MI_ADMIX_DI_TI_adv
3,ArcFace,/content/face_module/dataset_extractedfaces/vggface2_pairs/n000007_0076_01.jpg,/content/face_module/dataset_extractedfaces/vggface2_pairs/n000005_0080_01.jpg,vggface2_pairs,impersonation_attack,eval,ArcFace,clean,clean,0.0339484401047229,ArcFace_clean
3,Facenet512,/content/face_module/dataset_extractedfaces/vggface2_pairs/n000007_0076_01.jpg,/content/face_module/dataset_extractedfaces/vggface2_pairs/n000005_0080_01.jpg,vggface2_pairs,impersonation_attack,eval,ArcFace,clean,clean,0.0339484401047229,ArcFace_clean
3,GhostFaceNet,/content/face_module/dataset_extractedfaces/vggface2_pairs/n000007_0076_01.jpg,/content/face_module/dataset_extractedfaces/vggface2_pairs/n000005_0080_01.jpg,vggface2_pairs,impersonation_attack,eval,ArcFace,clean,clean,0.0339484401047229,ArcFace_clean
3,VGG-Face,/content/face_module/dataset_extractedfaces/vggface2_pairs/n000007_0076_01.jpg,/content/face_module/dataset_extractedfaces/vggface2_pairs/n000005_0080_01.jpg,vggface2_pairs,impersonation_attack,eval,ArcFace,clean,clean,0.0339484401047229,ArcFace_clean
3,Facenet512,/content/face_module/dataset_extractedfaces/vggface2_pairs/n000007_0076_01.jpg,/content/face_module/dataset_extractedfaces/vggface2_pairs/n000005_0080_01.jpg,vggface2_pairs,impersonation_attack,eval,ArcFace,PGD,vanilla,0.146999254822731,ArcFace_PGD_adv
3,Facenet512,/content/face_module/dataset_extractedfaces/vggface2_pairs/n000007_0076_01.jpg,/content/face_module/dataset_extractedfaces/vggface2_pairs/n000005_0080_01.jpg,vggface2_pairs,impersonation_attack,eval,ArcFace,MI_FGSM,vanilla,0.1795031875371933,ArcFace_MI_FGSM_adv
3,Facenet512,/content/face_module/dataset_extractedfaces/vggface2_pairs/n000007_0076_01.jpg,/content/face_module/dataset_extractedfaces/vggface2_pairs/n000005_0080_01.jpg,vggface2_pairs,impersonation_attack,eval,ArcFace,TI_FGSM,vanilla,0.2175856828689575,ArcFace_TI_FGSM_adv
3,Facenet512,/content/face_module/dataset_extractedfaces/vggface2_pairs/n000007_0076_01.jpg,/content/face_module/dataset_extractedfaces/vggface2_pairs/n000005_0080_01.jpg,vggface2_pairs,impersonation_attack,eval,ArcFace,SI_NI_FGSM,vanilla,0.2447042614221573,ArcFace_SI_NI_FGSM_adv
3,Facenet512,/content/face_module/dataset_extractedfaces/vggface2_pairs/n000007_0076_01.jpg,/content/face_module/dataset_extractedfaces/vggface2_pairs/n000005_0080_01.jpg,vggface2_pairs,impersonation_attack,eval,ArcFace,MI_ADMIX_DI_TI,vanilla,0.2399225234985351,ArcFace_MI_ADMIX_DI_TI_adv
3,GhostFaceNet,/content/face_module/dataset_extractedfaces/vggface2_pairs/n000007_0076_01.jpg,/content/face_module/dataset_extractedfaces/vggface2_pairs/n000005_0080_01.jpg,vggface2_pairs,impersonation_attack,eval,ArcFace,PGD,vanilla,0.0884664878249168,ArcFace_PGD_adv
3,GhostFaceNet,/content/face_module/dataset_extractedfaces/vggface2_pairs/n000007_0076_01.jpg,/content/face_module/dataset_extractedfaces/vggface2_pairs/n000005_0080_01.jpg,vggface2_pairs,impersonation_attack,eval,ArcFace,MI_FGSM,vanilla,0.1153359487652778,ArcFace_MI_FGSM_adv
3,GhostFaceNet,/content/face_module/dataset_extractedfaces/vggface2_pairs/n000007_0076_01.jpg,/content/face_module/dataset_extractedfaces/vggface2_pairs/n000005_0080_01.jpg,vggface2_pairs,impersonation_attack,eval,ArcFace,TI_FGSM,vanilla,0.1038357764482498,ArcFace_TI_FGSM_adv
3,GhostFaceNet,/content/face_module/dataset_extractedfaces/vggface2_pairs/n000007_0076_01.jpg,/content/face_module/dataset_extractedfaces/vggface2_pairs/n000005_0080_01.jpg,vggface2_pairs,impersonation_attack,eval,ArcFace,SI_NI_FGSM,vanilla,0.0765489488840103,ArcFace_SI_NI_FGSM_adv
3,GhostFaceNet,/content/face_module/dataset_extractedfaces/vggface2_pairs/n000007_0076_01.jpg,/content/face_module/dataset_extractedfaces/vggface2_pairs/n000005_0080_01.jpg,vggface2_pairs,impersonation_attack,eval,ArcFace,MI_ADMIX_DI_TI,vanilla,0.1320536583662033,ArcFace_MI_ADMIX_DI_TI_adv
3,VGG-Face,/content/face_module/dataset_extractedfaces/vggface2_pairs/n000007_0076_01.jpg,/content/face_module/dataset_extractedfaces/vggface2_pairs/n000005_0080_01.jpg,vggface2_pairs,impersonation_attack,eval,ArcFace,PGD,vanilla,0.3189053535461426,ArcFace_PGD_adv
3,VGG-Face,/content/face_module/dataset_extractedfaces/vggface2_pairs/n000007_0076_01.jpg,/content/face_module/dataset_extractedfaces/vggface2_pairs/n000005_0080_01.jpg,vggface2_pairs,impersonation_attack,eval,ArcFace,MI_FGSM,vanilla,0.4164182245731354,ArcFace_MI_FGSM_adv
3,VGG-Face,/content/face_module/dataset_extractedfaces/vggface2_pairs/n000007_0076_01.jpg,/content/face_module/dataset_extractedfaces/vggface2_pairs/n000005_0080_01.jpg,vggface2_pairs,impersonation_attack,eval,ArcFace,TI_FGSM,vanilla,0.3132845759391784,ArcFace_TI_FGSM_adv
3,VGG-Face,/content/face_module/dataset_extractedfaces/vggface2_pairs/n000007_0076_01.jpg,/content/face_module/dataset_extractedfaces/vggface2_pairs/n000005_0080_01.jpg,vggface2_pairs,impersonation_attack,eval,ArcFace,SI_NI_FGSM,vanilla,0.3844180405139923,ArcFace_SI_NI_FGSM_adv
3,VGG-Face,/content/face_module/dataset_extractedfaces/vggface2_pairs/n000007_0076_01.jpg,/content/face_module/dataset_extractedfaces/vggface2_pairs/n000005_0080_01.jpg,vggface2_pairs,impersonation_attack,eval,ArcFace,MI_ADMIX_DI_TI,vanilla,0.3326604962348938,ArcFace_MI_ADMIX_DI_TI_adv
5,ArcFace,/content/face_module/dataset_extractedfaces/vggface2_pairs/n000004_0204_01.jpg,/content/face_module/dataset_extractedfaces/vggface2_pairs/n000002_0070_01.jpg,vggface2_pairs,impersonation_attack,eval,ArcFace,clean,clean,0.0034879823215305,ArcFace_clean
5,Facenet512,/content/face_module/dataset_extractedfaces/vggface2_pairs/n000004_0204_01.jpg,/content/face_module/dataset_extractedfaces/vggface2_pairs/n000002_0070_01.jpg,vggface2_pairs,impersonation_attack,eval,ArcFace,clean,clean,0.0034879823215305,ArcFace_clean
5,GhostFaceNet,/content/face_module/dataset_extractedfaces/vggface2_pairs/n000004_0204_01.jpg,/content/face_module/dataset_extractedfaces/vggface2_pairs/n000002_0070_01.jpg,vggface2_pairs,impersonation_attack,eval,ArcFace,clean,clean,0.0034879823215305,ArcFace_clean
5,VGG-Face,/content/face_module/dataset_extractedfaces/vggface2_pairs/n000004_0204_01.jpg,/content/face_module/dataset_extractedfaces/vggface2_pairs/n000002_0070_01.jpg,vggface2_pairs,impersonation_attack,eval,ArcFace,clean,clean,0.0034879823215305,ArcFace_clean
5,Facenet512,/content/face_module/dataset_extractedfaces/vggface2_pairs/n000004_0204_01.jpg,/content/face_module/dataset_extractedfaces/vggface2_pairs/n000002_0070_01.jpg,vggface2_pairs,impersonation_attack,eval,ArcFace,PGD,vanilla,0.0791315212845802,ArcFace_PGD_adv
5,Facenet512,/content/face_module/dataset_extractedfaces/vggface2_pairs/n000004_0204_01.jpg,/content/face_module/dataset_extractedfaces/vggface2_pairs/n000002_0070_01.jpg,vggface2_pairs,impersonation_attack,eval,ArcFace,MI_FGSM,vanilla,0.0974238291382789,ArcFace_MI_FGSM_adv
5,Facenet512,/content/face_module/dataset_extractedfaces/vggface2_pairs/n000004_0204_01.jpg,/content/face_module/dataset_extractedfaces/vggface2_pairs/n000002_0070_01.jpg,vggface2_pairs,impersonation_attack,eval,ArcFace,TI_FGSM,vanilla,0.0881457701325416,ArcFace_TI_FGSM_adv
5,Facenet512,/content/face_module/dataset_extractedfaces/vggface2_pairs/n000004_0204_01.jpg,/content/face_module/dataset_extractedfaces/vggface2_pairs/n000002_0070_01.jpg,vggface2_pairs,impersonation_attack,eval,ArcFace,SI_NI_FGSM,vanilla,0.0619946494698524,ArcFace_SI_NI_FGSM_adv
5,Facenet512,/content/face_module/dataset_extractedfaces/vggface2_pairs/n000004_0204_01.jpg,/content/face_module/dataset_extractedfaces/vggface2_pairs/n000002_0070_01.jpg,vggface2_pairs,impersonation_attack,eval,ArcFace,MI_ADMIX_DI_TI,vanilla,0.0991605296730995,ArcFace_MI_ADMIX_DI_TI_adv
5,GhostFaceNet,/content/face_module/dataset_extractedfaces/vggface2_pairs/n000004_0204_01.jpg,/content/face_module/dataset_extractedfaces/vggface2_pairs/n000002_0070_01.jpg,vggface2_pairs,impersonation_attack,eval,ArcFace,PGD,vanilla,0.0506809204816818,ArcFace_PGD_adv
5,GhostFaceNet,/content/face_module/dataset_extractedfaces/vggface2_pairs/n000004_0204_01.jpg,/content/face_module/dataset_extractedfaces/vggface2_pairs/n000002_0070_01.jpg,vggface2_pairs,impersonation_attack,eval,ArcFace,MI_FGSM,vanilla,0.0808021277189254,ArcFace_MI_FGSM_adv
5,GhostFaceNet,/content/face_module/dataset_extractedfaces/vggface2_pairs/n000004_0204_01.jpg,/content/face_module/dataset_extractedfaces/vggface2_pairs/n000002_0070_01.jpg,vggface2_pairs,impersonation_attack,eval,ArcFace,TI_FGSM,vanilla,0.0073568713851273,ArcFace_TI_FGSM_adv
5,GhostFaceNet,/content/face_module/dataset_extractedfaces/vggface2_pairs/n000004_0204_01.jpg,/content/face_module/dataset_extractedfaces/vggface2_pairs/n000002_0070_01.jpg,vggface2_pairs,impersonation_attack,eval,ArcFace,SI_NI_FGSM,vanilla,0.1035536155104637,ArcFace_SI_NI_FGSM_adv
5,GhostFaceNet,/content/face_module/dataset_extractedfaces/vggface2_pairs/n000004_0204_01.jpg,/content/face_module/dataset_extractedfaces/vggface2_pairs/n000002_0070_01.jpg,vggface2_pairs,impersonation_attack,eval,ArcFace,MI_ADMIX_DI_TI,vanilla,0.0103701530024409,ArcFace_MI_ADMIX_DI_TI_adv
5,VGG-Face,/content/face_module/dataset_extractedfaces/vggface2_pairs/n000004_0204_01.jpg,/content/face_module/dataset_extractedfaces/vggface2_pairs/n000002_0070_01.jpg,vggface2_pairs,impersonation_attack,eval,ArcFace,PGD,vanilla,-0.0076453536748886,ArcFace_PGD_adv
5,VGG-Face,/content/face_module/dataset_extractedfaces/vggface2_pairs/n000004_0204_01.jpg,/content/face_module/dataset_extractedfaces/vggface2_pairs/n000002_0070_01.jpg,vggface2_pairs,impersonation_attack,eval,ArcFace,MI_FGSM,vanilla,0.0395873822271823,ArcFace_MI_FGSM_adv
5,VGG-Face,/content/face_module/dataset_extractedfaces/vggface2_pairs/n000004_0204_01.jpg,/content/face_module/dataset_extractedfaces/vggface2_pairs/n000002_0070_01.jpg,vggface2_pairs,impersonation_attack,eval,ArcFace,TI_FGSM,vanilla,0.0009763678535819,ArcFace_TI_FGSM_adv
5,VGG-Face,/content/face_module/dataset_extractedfaces/vggface2_pairs/n000004_0204_01.jpg,/content/face_module/dataset_extractedfaces/vggface2_pairs/n000002_0070_01.jpg,vggface2_pairs,impersonation_attack,eval,ArcFace,SI_NI_FGSM,vanilla,0.0341239795088768,ArcFace_SI_NI_FGSM_adv
5,VGG-Face,/content/face_module/dataset_extractedfaces/vggface2_pairs/n000004_0204_01.jpg,/content/face_module/dataset_extractedfaces/vggface2_pairs/n000002_0070_01.jpg,vggface2_pairs,impersonation_attack,eval,ArcFace,MI_ADMIX_DI_TI,vanilla,0.0722821503877639,ArcFace_MI_ADMIX_DI_TI_adv
17,ArcFace,/content/face_module/dataset_extractedfaces/vggface2_pairs/n000016_0036_01.jpg,/content/face_module/dataset_extractedfaces/vggface2_pairs/n000012_0087_01.jpg,vggface2_pairs,impersonation_attack,eval,ArcFace,clean,clean,0.3356751501560211,ArcFace_clean
17,Facenet512,/content/face_module/dataset_extractedfaces/vggface2_pairs/n000016_0036_01.jpg,/content/face_module/dataset_extractedfaces/vggface2_pairs/n000012_0087_01.jpg,vggface2_pairs,impersonation_attack,eval,ArcFace,clean,clean,0.3356751501560211,ArcFace_clean
17,GhostFaceNet,/content/face_module/dataset_extractedfaces/vggface2_pairs/n000016_0036_01.jpg,/content/face_module/dataset_extractedfaces/vggface2_pairs/n000012_0087_01.jpg,vggface2_pairs,impersonation_attack,eval,ArcFace,clean,clean,0.3356751501560211,ArcFace_clean
17,VGG-Face,/content/face_module/dataset_extractedfaces/vggface2_pairs/n000016_0036_01.jpg,/content/face_module/dataset_extractedfaces/vggface2_pairs/n000012_0087_01.jpg,vggface2_pairs,impersonation_attack,eval,ArcFace,clean,clean,0.3356751501560211,ArcFace_clean
17,Facenet512,/content/face_module/dataset_extractedfaces/vggface2_pairs/n000016_0036_01.jpg,/content/face_module/dataset_extractedfaces/vggface2_pairs/n000012_0087_01.jpg,vggface2_pairs,impersonation_attack,eval,ArcFace,PGD,vanilla,0.5142999887466431,ArcFace_PGD_adv
17,Facenet512,/content/face_module/dataset_extractedfaces/vggface2_pairs/n000016_0036_01.jpg,/content/face_module/dataset_extractedfaces/vggface2_pairs/n000012_0087_01.jpg,vggface2_pairs,impersonation_attack,eval,ArcFace,MI_FGSM,vanilla,0.5796257853507996,ArcFace_MI_FGSM_adv
17,Facenet512,/content/face_module/dataset_extractedfaces/vggface2_pairs/n000016_0036_01.jpg,/content/face_module/dataset_extractedfaces/vggface2_pairs/n000012_0087_01.jpg,vggface2_pairs,impersonation_attack,eval,ArcFace,TI_FGSM,vanilla,0.5693302154541016,ArcFace_TI_FGSM_adv
17,Facenet512,/content/face_module/dataset_extractedfaces/vggface2_pairs/n000016_0036_01.jpg,/content/face_module/dataset_extractedfaces/vggface2_pairs/n000012_0087_01.jpg,vggface2_pairs,impersonation_attack,eval,ArcFace,SI_NI_FGSM,vanilla,0.6233353614807129,ArcFace_SI_NI_FGSM_adv
17,Facenet512,/content/face_module/dataset_extractedfaces/vggface2_pairs/n000016_0036_01.jpg,/content/face_module/dataset_extractedfaces/vggface2_pairs/n000012_0087_01.jpg,vggface2_pairs,impersonation_attack,eval,ArcFace,MI_ADMIX_DI_TI,vanilla,0.5579574108123779,ArcFace_MI_ADMIX_DI_TI_adv
17,GhostFaceNet,/content/face_module/dataset_extractedfaces/vggface2_pairs/n000016_0036_01.jpg,/content/face_module/dataset_extractedfaces/vggface2_pairs/n000012_0087_01.jpg,vggface2_pairs,impersonation_attack,eval,ArcFace,PGD,vanilla,0.3077961206436157,ArcFace_PGD_adv
17,GhostFaceNet,/content/face_module/dataset_extractedfaces/vggface2_pairs/n000016_0036_01.jpg,/content/face_module/dataset_extractedfaces/vggface2_pairs/n000012_0087_01.jpg,vggface2_pairs,impersonation_attack,eval,ArcFace,MI_FGSM,vanilla,0.3255126476287842,ArcFace_MI_FGSM_adv
17,GhostFaceNet,/content/face_module/dataset_extractedfaces/vggface2_pairs/n000016_0036_01.jpg,/content/face_module/dataset_extractedfaces/vggface2_pairs/n000012_0087_01.jpg,vggface2_pairs,impersonation_attack,eval,ArcFace,TI_FGSM,vanilla,0.3989043235778808,ArcFace_TI_FGSM_adv
17,GhostFaceNet,/content/face_module/dataset_extractedfaces/vggface2_pairs/n000016_0036_01.jpg,/content/face_module/dataset_extractedfaces/vggface2_pairs/n000012_0087_01.jpg,vggface2_pairs,impersonation_attack,eval,ArcFace,SI_NI_FGSM,vanilla,0.3118336200714111,ArcFace_SI_NI_FGSM_adv
17,GhostFaceNet,/content/face_module/dataset_extractedfaces/vggface2_pairs/n000016_0036_01.jpg,/content/face_module/dataset_extractedfaces/vggface2_pairs/n000012_0087_01.jpg,vggface2_pairs,impersonation_attack,eval,ArcFace,MI_ADMIX_DI_TI,vanilla,0.3420614898204803,ArcFace_MI_ADMIX_DI_TI_adv
17,VGG-Face,/content/face_module/dataset_extractedfaces/vggface2_pairs/n000016_0036_01.jpg,/content/face_module/dataset_extractedfaces/vggface2_pairs/n000012_0087_01.jpg,vggface2_pairs,impersonation_attack,eval,ArcFace,PGD,vanilla,0.4993570446968078,ArcFace_PGD_adv
17,VGG-Face,/content/face_module/dataset_extractedfaces/vggface2_pairs/n000016_0036_01.jpg,/content/face_module/dataset_extractedfaces/vggface2_pairs/n000012_0087_01.jpg,vggface2_pairs,impersonation_attack,eval,ArcFace,MI_FGSM,vanilla,0.5886799097061157,ArcFace_MI_FGSM_adv
17,VGG-Face,/content/face_module/dataset_extractedfaces/vggface2_pairs/n000016_0036_01.jpg,/content/face_module/dataset_extractedfaces/vggface2_pairs/n000012_0087_01.jpg,vggface2_pairs,impersonation_attack,eval,ArcFace,TI_FGSM,vanilla,0.5381072759628296,ArcFace_TI_FGSM_adv
17,VGG-Face,/content/face_module/dataset_extractedfaces/vggface2_pairs/n000016_0036_01.jpg,/content/face_module/dataset_extractedfaces/vggface2_pairs/n000012_0087_01.jpg,vggface2_pairs,impersonation_attack,eval,ArcFace,SI_NI_FGSM,vanilla,0.5606068968772888,ArcFace_SI_NI_FGSM_adv
17,VGG-Face,/content/face_module/dataset_extractedfaces/vggface2_pairs/n000016_0036_01.jpg,/content/face_module/dataset_extractedfaces/vggface2_pairs/n000012_0087_01.jpg,vggface2_pairs,impersonation_attack,eval,ArcFace,MI_ADMIX_DI_TI,vanilla,0.5587723851203918,ArcFace_MI_ADMIX_DI_TI_adv
19,ArcFace,/content/face_module/dataset_extractedfaces/vggface2_pairs/n000007_0012_01.jpg,/content/face_module/dataset_extractedfaces/vggface2_pairs/n000008_0101_01.jpg,vggface2_pairs,impersonation_attack,eval,ArcFace,clean,clean,0.1917919218540191,ArcFace_clean
19,Facenet512,/content/face_module/dataset_extractedfaces/vggface2_pairs/n000007_0012_01.jpg,/content/face_module/dataset_extractedfaces/vggface2_pairs/n000008_0101_01.jpg,vggface2_pairs,impersonation_attack,eval,ArcFace,clean,clean,0.1917919218540191,ArcFace_clean
19,GhostFaceNet,/content/face_module/dataset_extractedfaces/vggface2_pairs/n000007_0012_01.jpg,/content/face_module/dataset_extractedfaces/vggface2_pairs/n000008_0101_01.jpg,vggface2_pairs,impersonation_attack,eval,ArcFace,clean,clean,0.1917919218540191,ArcFace_clean
19,VGG-Face,/content/face_module/dataset_extractedfaces/vggface2_pairs/n000007_0012_01.jpg,/content/face_module/dataset_extractedfaces/vggface2_pairs/n000008_0101_01.jpg,vggface2_pairs,impersonation_attack,eval,ArcFace,clean,clean,0.1917919218540191,ArcFace_clean
19,Facenet512,/content/face_module/dataset_extractedfaces/vggface2_pairs/n000007_0012_01.jpg,/content/face_module/dataset_extractedfaces/vggface2_pairs/n000008_0101_01.jpg,vggface2_pairs,impersonation_attack,eval,ArcFace,PGD,vanilla,0.3037275075912475,ArcFace_PGD_adv
19,Facenet512,/content/face_module/dataset_extractedfaces/vggface2_pairs/n000007_0012_01.jpg,/content/face_module/dataset_extractedfaces/vggface2_pairs/n000008_0101_01.jpg,vggface2_pairs,impersonation_attack,eval,ArcFace,MI_FGSM,vanilla,0.3141390085220337,ArcFace_MI_FGSM_adv
19,Facenet512,/content/face_module/dataset_extractedfaces/vggface2_pairs/n000007_0012_01.jpg,/content/face_module/dataset_extractedfaces/vggface2_pairs/n000008_0101_01.jpg,vggface2_pairs,impersonation_attack,eval,ArcFace,TI_FGSM,vanilla,0.2520104050636291,ArcFace_TI_FGSM_adv
19,Facenet512,/content/face_module/dataset_extractedfaces/vggface2_pairs/n000007_0012_01.jpg,/content/face_module/dataset_extractedfaces/vggface2_pairs/n000008_0101_01.jpg,vggface2_pairs,impersonation_attack,eval,ArcFace,SI_NI_FGSM,vanilla,0.3785780668258667,ArcFace_SI_NI_FGSM_adv
19,Facenet512,/content/face_module/dataset_extractedfaces/vggface2_pairs/n000007_0012_01.jpg,/content/face_module/dataset_extractedfaces/vggface2_pairs/n000008_0101_01.jpg,vggface2_pairs,impersonation_attack,eval,ArcFace,MI_ADMIX_DI_TI,vanilla,0.2833266854286194,ArcFace_MI_ADMIX_DI_TI_adv
19,GhostFaceNet,/content/face_module/dataset_extractedfaces/vggface2_pairs/n000007_0012_01.jpg,/content/face_module/dataset_extractedfaces/vggface2_pairs/n000008_0101_01.jpg,vggface2_pairs,impersonation_attack,eval,ArcFace,PGD,vanilla,0.2461157292127609,ArcFace_PGD_adv
19,GhostFaceNet,/content/face_module/dataset_extractedfaces/vggface2_pairs/n000007_0012_01.jpg,/content/face_module/dataset_extractedfaces/vggface2_pairs/n000008_0101_01.jpg,vggface2_pairs,impersonation_attack,eval,ArcFace,MI_FGSM,vanilla,0.2543956637382507,ArcFace_MI_FGSM_adv
19,GhostFaceNet,/content/face_module/dataset_extractedfaces/vggface2_pairs/n000007_0012_01.jpg,/content/face_module/dataset_extractedfaces/vggface2_pairs/n000008_0101_01.jpg,vggface2_pairs,impersonation_attack,eval,ArcFace,TI_FGSM,vanilla,0.2091214060783386,ArcFace_TI_FGSM_adv
19,GhostFaceNet,/content/face_module/dataset_extractedfaces/vggface2_pairs/n000007_0012_01.jpg,/content/face_module/dataset_extractedfaces/vggface2_pairs/n000008_0101_01.jpg,vggface2_pairs,impersonation_attack,eval,ArcFace,SI_NI_FGSM,vanilla,0.3098467588424682,ArcFace_SI_NI_FGSM_adv
19,GhostFaceNet,/content/face_module/dataset_extractedfaces/vggface2_pairs/n000007_0012_01.jpg,/content/face_module/dataset_extractedfaces/vggface2_pairs/n000008_0101_01.jpg,vggface2_pairs,impersonation_attack,eval,ArcFace,MI_ADMIX_DI_TI,vanilla,0.2216832339763641,ArcFace_MI_ADMIX_DI_TI_adv
19,VGG-Face,/content/face_module/dataset_extractedfaces/vggface2_pairs/n000007_0012_01.jpg,/content/face_module/dataset_extractedfaces/vggface2_pairs/n000008_0101_01.jpg,vggface2_pairs,impersonation_attack,eval,ArcFace,PGD,vanilla,0.3606682121753692,ArcFace_PGD_adv
19,VGG-Face,/content/face_module/dataset_extractedfaces/vggface2_pairs/n000007_0012_01.jpg,/content/face_module/dataset_extractedfaces/vggface2_pairs/n000008_0101_01.jpg,vggface2_pairs,impersonation_attack,eval,ArcFace,MI_FGSM,vanilla,0.37801194190979,ArcFace_MI_FGSM_adv
19,VGG-Face,/content/face_module/dataset_extractedfaces/vggface2_pairs/n000007_0012_01.jpg,/content/face_module/dataset_extractedfaces/vggface2_pairs/n000008_0101_01.jpg,vggface2_pairs,impersonation_attack,eval,ArcFace,TI_FGSM,vanilla,0.3273102939128876,ArcFace_TI_FGSM_adv
19,VGG-Face,/content/face_module/dataset_extractedfaces/vggface2_pairs/n000007_0012_01.jpg,/content/face_module/dataset_extractedfaces/vggface2_pairs/n000008_0101_01.jpg,vggface2_pairs,impersonation_attack,eval,ArcFace,SI_NI_FGSM,vanilla,0.3311512172222137,ArcFace_SI_NI_FGSM_adv
19,VGG-Face,/content/face_module/dataset_extractedfaces/vggface2_pairs/n000007_0012_01.jpg,/content/face_module/dataset_extractedfaces/vggface2_pairs/n000008_0101_01.jpg,vggface2_pairs,impersonation_attack,eval,ArcFace,MI_ADMIX_DI_TI,vanilla,0.3482181131839752,ArcFace_MI_ADMIX_DI_TI_adv
21,ArcFace,/content/face_module/dataset_extractedfaces/vggface2_pairs/n000012_0183_01.jpg,/content/face_module/dataset_extractedfaces/vggface2_pairs/n000014_0113_01.jpg,vggface2_pairs,impersonation_attack,eval,ArcFace,clean,clean,0.1859162300825119,ArcFace_clean
21,Facenet512,/content/face_module/dataset_extractedfaces/vggface2_pairs/n000012_0183_01.jpg,/content/face_module/dataset_extractedfaces/vggface2_pairs/n000014_0113_01.jpg,vggface2_pairs,impersonation_attack,eval,ArcFace,clean,clean,0.1859162300825119,ArcFace_clean
21,GhostFaceNet,/content/face_module/dataset_extractedfaces/vggface2_pairs/n000012_0183_01.jpg,/content/face_module/dataset_extractedfaces/vggface2_pairs/n000014_0113_01.jpg,vggface2_pairs,impersonation_attack,eval,ArcFace,clean,clean,0.1859162300825119,ArcFace_clean
21,VGG-Face,/content/face_module/dataset_extractedfaces/vggface2_pairs/n000012_0183_01.jpg,/content/face_module/dataset_extractedfaces/vggface2_pairs/n000014_0113_01.jpg,vggface2_pairs,impersonation_attack,eval,ArcFace,clean,clean,0.1859162300825119,ArcFace_clean
21,Facenet512,/content/face_module/dataset_extractedfaces/vggface2_pairs/n000012_0183_01.jpg,/content/face_module/dataset_extractedfaces/vggface2_pairs/n000014_0113_01.jpg,vggface2_pairs,impersonation_attack,eval,ArcFace,PGD,vanilla,0.3252528607845306,ArcFace_PGD_adv
21,Facenet512,/content/face_module/dataset_extractedfaces/vggface2_pairs/n000012_0183_01.jpg,/content/face_module/dataset_extractedfaces/vggface2_pairs/n000014_0113_01.jpg,vggface2_pairs,impersonation_attack,eval,ArcFace,MI_FGSM,vanilla,0.3709401786327362,ArcFace_MI_FGSM_adv
21,Facenet512,/content/face_module/dataset_extractedfaces/vggface2_pairs/n000012_0183_01.jpg,/content/face_module/dataset_extractedfaces/vggface2_pairs/n000014_0113_01.jpg,vggface2_pairs,impersonation_attack,eval,ArcFace,TI_FGSM,vanilla,0.3678027987480163,ArcFace_TI_FGSM_adv
21,Facenet512,/content/face_module/dataset_extractedfaces/vggface2_pairs/n000012_0183_01.jpg,/content/face_module/dataset_extractedfaces/vggface2_pairs/n000014_0113_01.jpg,vggface2_pairs,impersonation_attack,eval,ArcFace,SI_NI_FGSM,vanilla,0.4435777962207794,ArcFace_SI_NI_FGSM_adv
21,Facenet512,/content/face_module/dataset_extractedfaces/vggface2_pairs/n000012_0183_01.jpg,/content/face_module/dataset_extractedfaces/vggface2_pairs/n000014_0113_01.jpg,vggface2_pairs,impersonation_attack,eval,ArcFace,MI_ADMIX_DI_TI,vanilla,0.3903680145740509,ArcFace_MI_ADMIX_DI_TI_adv
21,GhostFaceNet,/content/face_module/dataset_extractedfaces/vggface2_pairs/n000012_0183_01.jpg,/content/face_module/dataset_extractedfaces/vggface2_pairs/n000014_0113_01.jpg,vggface2_pairs,impersonation_attack,eval,ArcFace,PGD,vanilla,0.2598888874053955,ArcFace_PGD_adv
21,GhostFaceNet,/content/face_module/dataset_extractedfaces/vggface2_pairs/n000012_0183_01.jpg,/content/face_module/dataset_extractedfaces/vggface2_pairs/n000014_0113_01.jpg,vggface2_pairs,impersonation_attack,eval,ArcFace,MI_FGSM,vanilla,0.3027592897415161,ArcFace_MI_FGSM_adv
21,GhostFaceNet,/content/face_module/dataset_extractedfaces/vggface2_pairs/n000012_0183_01.jpg,/content/face_module/dataset_extractedfaces/vggface2_pairs/n000014_0113_01.jpg,vggface2_pairs,impersonation_attack,eval,ArcFace,TI_FGSM,vanilla,0.278845340013504,ArcFace_TI_FGSM_adv
21,GhostFaceNet,/content/face_module/dataset_extractedfaces/vggface2_pairs/n000012_0183_01.jpg,/content/face_module/dataset_extractedfaces/vggface2_pairs/n000014_0113_01.jpg,vggface2_pairs,impersonation_attack,eval,ArcFace,SI_NI_FGSM,vanilla,0.3079381287097931,ArcFace_SI_NI_FGSM_adv
21,GhostFaceNet,/content/face_module/dataset_extractedfaces/vggface2_pairs/n000012_0183_01.jpg,/content/face_module/dataset_extractedfaces/vggface2_pairs/n000014_0113_01.jpg,vggface2_pairs,impersonation_attack,eval,ArcFace,MI_ADMIX_DI_TI,vanilla,0.2677260935306549,ArcFace_MI_ADMIX_DI_TI_adv
21,VGG-Face,/content/face_module/dataset_extractedfaces/vggface2_pairs/n000012_0183_01.jpg,/content/face_module/dataset_extractedfaces/vggface2_pairs/n000014_0113_01.jpg,vggface2_pairs,impersonation_attack,eval,ArcFace,PGD,vanilla,0.3404824733734131,ArcFace_PGD_adv
21,VGG-Face,/content/face_module/dataset_extractedfaces/vggface2_pairs/n000012_0183_01.jpg,/content/face_module/dataset_extractedfaces/vggface2_pairs/n000014_0113_01.jpg,vggface2_pairs,impersonation_attack,eval,ArcFace,MI_FGSM,vanilla,0.397835910320282,ArcFace_MI_FGSM_adv
21,VGG-Face,/content/face_module/dataset_extractedfaces/vggface2_pairs/n000012_0183_01.jpg,/content/face_module/dataset_extractedfaces/vggface2_pairs/n000014_0113_01.jpg,vggface2_pairs,impersonation_attack,eval,ArcFace,TI_FGSM,vanilla,0.3837804198265075,ArcFace_TI_FGSM_adv
21,VGG-Face,/content/face_module/dataset_extractedfaces/vggface2_pairs/n000012_0183_01.jpg,/content/face_module/dataset_extractedfaces/vggface2_pairs/n000014_0113_01.jpg,vggface2_pairs,impersonation_attack,eval,ArcFace,SI_NI_FGSM,vanilla,0.4091656506061554,ArcFace_SI_NI_FGSM_adv
21,VGG-Face,/content/face_module/dataset_extractedfaces/vggface2_pairs/n000012_0183_01.jpg,/content/face_module/dataset_extractedfaces/vggface2_pairs/n000014_0113_01.jpg,vggface2_pairs,impersonation_attack,eval,ArcFace,MI_ADMIX_DI_TI,vanilla,0.3877460062503814,ArcFace_MI_ADMIX_DI_TI_adv
6,ArcFace,/content/face_module/dataset_extractedfaces/lfw_pairs/Luiz Inacio Lula da Silva_7.jpg,/content/face_module/dataset_extractedfaces/lfw_pairs/Luiz Inacio Lula da Silva_8.jpg,lfw_pairs,dodging_attack,eval,ArcFace,clean,clean,0.748854398727417,ArcFace_clean
6,Facenet512,/content/face_module/dataset_extractedfaces/lfw_pairs/Luiz Inacio Lula da Silva_7.jpg,/content/face_module/dataset_extractedfaces/lfw_pairs/Luiz Inacio Lula da Silva_8.jpg,lfw_pairs,dodging_attack,eval,ArcFace,clean,clean,0.748854398727417,ArcFace_clean
6,GhostFaceNet,/content/face_module/dataset_extractedfaces/lfw_pairs/Luiz Inacio Lula da Silva_7.jpg,/content/face_module/dataset_extractedfaces/lfw_pairs/Luiz Inacio Lula da Silva_8.jpg,lfw_pairs,dodging_attack,eval,ArcFace,clean,clean,0.748854398727417,ArcFace_clean
6,VGG-Face,/content/face_module/dataset_extractedfaces/lfw_pairs/Luiz Inacio Lula da Silva_7.jpg,/content/face_module/dataset_extractedfaces/lfw_pairs/Luiz Inacio Lula da Silva_8.jpg,lfw_pairs,dodging_attack,eval,ArcFace,clean,clean,0.748854398727417,ArcFace_clean
6,Facenet512,/content/face_module/dataset_extractedfaces/lfw_pairs/Luiz Inacio Lula da Silva_7.jpg,/content/face_module/dataset_extractedfaces/lfw_pairs/Luiz Inacio Lula da Silva_8.jpg,lfw_pairs,dodging_attack,eval,ArcFace,PGD,vanilla,0.5593910217285156,ArcFace_PGD_adv
6,Facenet512,/content/face_module/dataset_extractedfaces/lfw_pairs/Luiz Inacio Lula da Silva_7.jpg,/content/face_module/dataset_extractedfaces/lfw_pairs/Luiz Inacio Lula da Silva_8.jpg,lfw_pairs,dodging_attack,eval,ArcFace,MI_FGSM,vanilla,0.4284066557884216,ArcFace_MI_FGSM_adv
6,Facenet512,/content/face_module/dataset_extractedfaces/lfw_pairs/Luiz Inacio Lula da Silva_7.jpg,/content/face_module/dataset_extractedfaces/lfw_pairs/Luiz Inacio Lula da Silva_8.jpg,lfw_pairs,dodging_attack,eval,ArcFace,TI_FGSM,vanilla,0.4616219997406006,ArcFace_TI_FGSM_adv
6,Facenet512,/content/face_module/dataset_extractedfaces/lfw_pairs/Luiz Inacio Lula da Silva_7.jpg,/content/face_module/dataset_extractedfaces/lfw_pairs/Luiz Inacio Lula da Silva_8.jpg,lfw_pairs,dodging_attack,eval,ArcFace,SI_NI_FGSM,vanilla,0.4030269980430603,ArcFace_SI_NI_FGSM_adv
6,Facenet512,/content/face_module/dataset_extractedfaces/lfw_pairs/Luiz Inacio Lula da Silva_7.jpg,/content/face_module/dataset_extractedfaces/lfw_pairs/Luiz Inacio Lula da Silva_8.jpg,lfw_pairs,dodging_attack,eval,ArcFace,MI_ADMIX_DI_TI,vanilla,0.421600878238678,ArcFace_MI_ADMIX_DI_TI_adv
6,GhostFaceNet,/content/face_module/dataset_extractedfaces/lfw_pairs/Luiz Inacio Lula da Silva_7.jpg,/content/face_module/dataset_extractedfaces/lfw_pairs/Luiz Inacio Lula da Silva_8.jpg,lfw_pairs,dodging_attack,eval,ArcFace,PGD,vanilla,0.741240918636322,ArcFace_PGD_adv
6,GhostFaceNet,/content/face_module/dataset_extractedfaces/lfw_pairs/Luiz Inacio Lula da Silva_7.jpg,/content/face_module/dataset_extractedfaces/lfw_pairs/Luiz Inacio Lula da Silva_8.jpg,lfw_pairs,dodging_attack,eval,ArcFace,MI_FGSM,vanilla,0.6982089281082153,ArcFace_MI_FGSM_adv
6,GhostFaceNet,/content/face_module/dataset_extractedfaces/lfw_pairs/Luiz Inacio Lula da Silva_7.jpg,/content/face_module/dataset_extractedfaces/lfw_pairs/Luiz Inacio Lula da Silva_8.jpg,lfw_pairs,dodging_attack,eval,ArcFace,TI_FGSM,vanilla,0.7110609412193298,ArcFace_TI_FGSM_adv
6,GhostFaceNet,/content/face_module/dataset_extractedfaces/lfw_pairs/Luiz Inacio Lula da Silva_7.jpg,/content/face_module/dataset_extractedfaces/lfw_pairs/Luiz Inacio Lula da Silva_8.jpg,lfw_pairs,dodging_attack,eval,ArcFace,SI_NI_FGSM,vanilla,0.6753332614898682,ArcFace_SI_NI_FGSM_adv
6,GhostFaceNet,/content/face_module/dataset_extractedfaces/lfw_pairs/Luiz Inacio Lula da Silva_7.jpg,/content/face_module/dataset_extractedfaces/lfw_pairs/Luiz Inacio Lula da Silva_8.jpg,lfw_pairs,dodging_attack,eval,ArcFace,MI_ADMIX_DI_TI,vanilla,0.721408486366272,ArcFace_MI_ADMIX_DI_TI_adv
6,VGG-Face,/content/face_module/dataset_extractedfaces/lfw_pairs/Luiz Inacio Lula da Silva_7.jpg,/content/face_module/dataset_extractedfaces/lfw_pairs/Luiz Inacio Lula da Silva_8.jpg,lfw_pairs,dodging_attack,eval,ArcFace,PGD,vanilla,0.5443103909492493,ArcFace_PGD_adv
6,VGG-Face,/content/face_module/dataset_extractedfaces/lfw_pairs/Luiz Inacio Lula da Silva_7.jpg,/content/face_module/dataset_extractedfaces/lfw_pairs/Luiz Inacio Lula da Silva_8.jpg,lfw_pairs,dodging_attack,eval,ArcFace,MI_FGSM,vanilla,0.4129428267478943,ArcFace_MI_FGSM_adv
6,VGG-Face,/content/face_module/dataset_extractedfaces/lfw_pairs/Luiz Inacio Lula da Silva_7.jpg,/content/face_module/dataset_extractedfaces/lfw_pairs/Luiz Inacio Lula da Silva_8.jpg,lfw_pairs,dodging_attack,eval,ArcFace,TI_FGSM,vanilla,0.5053765773773193,ArcFace_TI_FGSM_adv
6,VGG-Face,/content/face_module/dataset_extractedfaces/lfw_pairs/Luiz Inacio Lula da Silva_7.jpg,/content/face_module/dataset_extractedfaces/lfw_pairs/Luiz Inacio Lula da Silva_8.jpg,lfw_pairs,dodging_attack,eval,ArcFace,SI_NI_FGSM,vanilla,0.4253193736076355,ArcFace_SI_NI_FGSM_adv
6,VGG-Face,/content/face_module/dataset_extractedfaces/lfw_pairs/Luiz Inacio Lula da Silva_7.jpg,/content/face_module/dataset_extractedfaces/lfw_pairs/Luiz Inacio Lula da Silva_8.jpg,lfw_pairs,dodging_attack,eval,ArcFace,MI_ADMIX_DI_TI,vanilla,0.4169079065322876,ArcFace_MI_ADMIX_DI_TI_adv
9,ArcFace,/content/face_module/dataset_extractedfaces/lfw_pairs/Colin Powell_75.jpg,/content/face_module/dataset_extractedfaces/lfw_pairs/Colin Powell_76.jpg,lfw_pairs,dodging_attack,eval,ArcFace,clean,clean,0.2683092653751373,ArcFace_clean
9,Facenet512,/content/face_module/dataset_extractedfaces/lfw_pairs/Colin Powell_75.jpg,/content/face_module/dataset_extractedfaces/lfw_pairs/Colin Powell_76.jpg,lfw_pairs,dodging_attack,eval,ArcFace,clean,clean,0.2683092653751373,ArcFace_clean
9,GhostFaceNet,/content/face_module/dataset_extractedfaces/lfw_pairs/Colin Powell_75.jpg,/content/face_module/dataset_extractedfaces/lfw_pairs/Colin Powell_76.jpg,lfw_pairs,dodging_attack,eval,ArcFace,clean,clean,0.2683092653751373,ArcFace_clean
9,VGG-Face,/content/face_module/dataset_extractedfaces/lfw_pairs/Colin Powell_75.jpg,/content/face_module/dataset_extractedfaces/lfw_pairs/Colin Powell_76.jpg,lfw_pairs,dodging_attack,eval,ArcFace,clean,clean,0.2683092653751373,ArcFace_clean
9,Facenet512,/content/face_module/dataset_extractedfaces/lfw_pairs/Colin Powell_75.jpg,/content/face_module/dataset_extractedfaces/lfw_pairs/Colin Powell_76.jpg,lfw_pairs,dodging_attack,eval,ArcFace,PGD,vanilla,0.1699440628290176,ArcFace_PGD_adv
9,Facenet512,/content/face_module/dataset_extractedfaces/lfw_pairs/Colin Powell_75.jpg,/content/face_module/dataset_extractedfaces/lfw_pairs/Colin Powell_76.jpg,lfw_pairs,dodging_attack,eval,ArcFace,MI_FGSM,vanilla,0.1320075243711471,ArcFace_MI_FGSM_adv
9,Facenet512,/content/face_module/dataset_extractedfaces/lfw_pairs/Colin Powell_75.jpg,/content/face_module/dataset_extractedfaces/lfw_pairs/Colin Powell_76.jpg,lfw_pairs,dodging_attack,eval,ArcFace,TI_FGSM,vanilla,0.1941563487052917,ArcFace_TI_FGSM_adv
9,Facenet512,/content/face_module/dataset_extractedfaces/lfw_pairs/Colin Powell_75.jpg,/content/face_module/dataset_extractedfaces/lfw_pairs/Colin Powell_76.jpg,lfw_pairs,dodging_attack,eval,ArcFace,SI_NI_FGSM,vanilla,0.0408152006566524,ArcFace_SI_NI_FGSM_adv
9,Facenet512,/content/face_module/dataset_extractedfaces/lfw_pairs/Colin Powell_75.jpg,/content/face_module/dataset_extractedfaces/lfw_pairs/Colin Powell_76.jpg,lfw_pairs,dodging_attack,eval,ArcFace,MI_ADMIX_DI_TI,vanilla,0.2136617302894592,ArcFace_MI_ADMIX_DI_TI_adv
9,GhostFaceNet,/content/face_module/dataset_extractedfaces/lfw_pairs/Colin Powell_75.jpg,/content/face_module/dataset_extractedfaces/lfw_pairs/Colin Powell_76.jpg,lfw_pairs,dodging_attack,eval,ArcFace,PGD,vanilla,0.2677614688873291,ArcFace_PGD_adv
9,GhostFaceNet,/content/face_module/dataset_extractedfaces/lfw_pairs/Colin Powell_75.jpg,/content/face_module/dataset_extractedfaces/lfw_pairs/Colin Powell_76.jpg,lfw_pairs,dodging_attack,eval,ArcFace,MI_FGSM,vanilla,0.2218681424856186,ArcFace_MI_FGSM_adv
9,GhostFaceNet,/content/face_module/dataset_extractedfaces/lfw_pairs/Colin Powell_75.jpg,/content/face_module/dataset_extractedfaces/lfw_pairs/Colin Powell_76.jpg,lfw_pairs,dodging_attack,eval,ArcFace,TI_FGSM,vanilla,0.2552180290222168,ArcFace_TI_FGSM_adv
9,GhostFaceNet,/content/face_module/dataset_extractedfaces/lfw_pairs/Colin Powell_75.jpg,/content/face_module/dataset_extractedfaces/lfw_pairs/Colin Powell_76.jpg,lfw_pairs,dodging_attack,eval,ArcFace,SI_NI_FGSM,vanilla,0.282486081123352,ArcFace_SI_NI_FGSM_adv
9,GhostFaceNet,/content/face_module/dataset_extractedfaces/lfw_pairs/Colin Powell_75.jpg,/content/face_module/dataset_extractedfaces/lfw_pairs/Colin Powell_76.jpg,lfw_pairs,dodging_attack,eval,ArcFace,MI_ADMIX_DI_TI,vanilla,0.2932783365249634,ArcFace_MI_ADMIX_DI_TI_adv
9,VGG-Face,/content/face_module/dataset_extractedfaces/lfw_pairs/Colin Powell_75.jpg,/content/face_module/dataset_extractedfaces/lfw_pairs/Colin Powell_76.jpg,lfw_pairs,dodging_attack,eval,ArcFace,PGD,vanilla,0.2024064064025879,ArcFace_PGD_adv
9,VGG-Face,/content/face_module/dataset_extractedfaces/lfw_pairs/Colin Powell_75.jpg,/content/face_module/dataset_extractedfaces/lfw_pairs/Colin Powell_76.jpg,lfw_pairs,dodging_attack,eval,ArcFace,MI_FGSM,vanilla,0.1436887830495834,ArcFace_MI_FGSM_adv
9,VGG-Face,/content/face_module/dataset_extractedfaces/lfw_pairs/Colin Powell_75.jpg,/content/face_module/dataset_extractedfaces/lfw_pairs/Colin Powell_76.jpg,lfw_pairs,dodging_attack,eval,ArcFace,TI_FGSM,vanilla,0.1958559155464172,ArcFace_TI_FGSM_adv
9,VGG-Face,/content/face_module/dataset_extractedfaces/lfw_pairs/Colin Powell_75.jpg,/content/face_module/dataset_extractedfaces/lfw_pairs/Colin Powell_76.jpg,lfw_pairs,dodging_attack,eval,ArcFace,SI_NI_FGSM,vanilla,0.0965001434087753,ArcFace_SI_NI_FGSM_adv
9,VGG-Face,/content/face_module/dataset_extractedfaces/lfw_pairs/Colin Powell_75.jpg,/content/face_module/dataset_extractedfaces/lfw_pairs/Colin Powell_76.jpg,lfw_pairs,dodging_attack,eval,ArcFace,MI_ADMIX_DI_TI,vanilla,0.2288129329681396,ArcFace_MI_ADMIX_DI_TI_adv
15,ArcFace,/content/face_module/dataset_extractedfaces/lfw_pairs/George W Bush_518.jpg,/content/face_module/dataset_extractedfaces/lfw_pairs/George W Bush_519.jpg,lfw_pairs,dodging_attack,eval,ArcFace,clean,clean,0.6775954365730286,ArcFace_clean
15,Facenet512,/content/face_module/dataset_extractedfaces/lfw_pairs/George W Bush_518.jpg,/content/face_module/dataset_extractedfaces/lfw_pairs/George W Bush_519.jpg,lfw_pairs,dodging_attack,eval,ArcFace,clean,clean,0.6775954365730286,ArcFace_clean
15,GhostFaceNet,/content/face_module/dataset_extractedfaces/lfw_pairs/George W Bush_518.jpg,/content/face_module/dataset_extractedfaces/lfw_pairs/George W Bush_519.jpg,lfw_pairs,dodging_attack,eval,ArcFace,clean,clean,0.6775954365730286,ArcFace_clean
15,VGG-Face,/content/face_module/dataset_extractedfaces/lfw_pairs/George W Bush_518.jpg,/content/face_module/dataset_extractedfaces/lfw_pairs/George W Bush_519.jpg,lfw_pairs,dodging_attack,eval,ArcFace,clean,clean,0.6775954365730286,ArcFace_clean
15,Facenet512,/content/face_module/dataset_extractedfaces/lfw_pairs/George W Bush_518.jpg,/content/face_module/dataset_extractedfaces/lfw_pairs/George W Bush_519.jpg,lfw_pairs,dodging_attack,eval,ArcFace,PGD,vanilla,0.4361790418624878,ArcFace_PGD_adv
15,Facenet512,/content/face_module/dataset_extractedfaces/lfw_pairs/George W Bush_518.jpg,/content/face_module/dataset_extractedfaces/lfw_pairs/George W Bush_519.jpg,lfw_pairs,dodging_attack,eval,ArcFace,MI_FGSM,vanilla,0.395509660243988,ArcFace_MI_FGSM_adv
15,Facenet512,/content/face_module/dataset_extractedfaces/lfw_pairs/George W Bush_518.jpg,/content/face_module/dataset_extractedfaces/lfw_pairs/George W Bush_519.jpg,lfw_pairs,dodging_attack,eval,ArcFace,TI_FGSM,vanilla,0.3699895143508911,ArcFace_TI_FGSM_adv
15,Facenet512,/content/face_module/dataset_extractedfaces/lfw_pairs/George W Bush_518.jpg,/content/face_module/dataset_extractedfaces/lfw_pairs/George W Bush_519.jpg,lfw_pairs,dodging_attack,eval,ArcFace,SI_NI_FGSM,vanilla,0.3020560443401336,ArcFace_SI_NI_FGSM_adv
15,Facenet512,/content/face_module/dataset_extractedfaces/lfw_pairs/George W Bush_518.jpg,/content/face_module/dataset_extractedfaces/lfw_pairs/George W Bush_519.jpg,lfw_pairs,dodging_attack,eval,ArcFace,MI_ADMIX_DI_TI,vanilla,0.4317963719367981,ArcFace_MI_ADMIX_DI_TI_adv
15,GhostFaceNet,/content/face_module/dataset_extractedfaces/lfw_pairs/George W Bush_518.jpg,/content/face_module/dataset_extractedfaces/lfw_pairs/George W Bush_519.jpg,lfw_pairs,dodging_attack,eval,ArcFace,PGD,vanilla,0.6020243763923645,ArcFace_PGD_adv
15,GhostFaceNet,/content/face_module/dataset_extractedfaces/lfw_pairs/George W Bush_518.jpg,/content/face_module/dataset_extractedfaces/lfw_pairs/George W Bush_519.jpg,lfw_pairs,dodging_attack,eval,ArcFace,MI_FGSM,vanilla,0.4988171756267547,ArcFace_MI_FGSM_adv
15,GhostFaceNet,/content/face_module/dataset_extractedfaces/lfw_pairs/George W Bush_518.jpg,/content/face_module/dataset_extractedfaces/lfw_pairs/George W Bush_519.jpg,lfw_pairs,dodging_attack,eval,ArcFace,TI_FGSM,vanilla,0.5848134756088257,ArcFace_TI_FGSM_adv
15,GhostFaceNet,/content/face_module/dataset_extractedfaces/lfw_pairs/George W Bush_518.jpg,/content/face_module/dataset_extractedfaces/lfw_pairs/George W Bush_519.jpg,lfw_pairs,dodging_attack,eval,ArcFace,SI_NI_FGSM,vanilla,0.5312732458114624,ArcFace_SI_NI_FGSM_adv
15,GhostFaceNet,/content/face_module/dataset_extractedfaces/lfw_pairs/George W Bush_518.jpg,/content/face_module/dataset_extractedfaces/lfw_pairs/George W Bush_519.jpg,lfw_pairs,dodging_attack,eval,ArcFace,MI_ADMIX_DI_TI,vanilla,0.5192421674728394,ArcFace_MI_ADMIX_DI_TI_adv
15,VGG-Face,/content/face_module/dataset_extractedfaces/lfw_pairs/George W Bush_518.jpg,/content/face_module/dataset_extractedfaces/lfw_pairs/George W Bush_519.jpg,lfw_pairs,dodging_attack,eval,ArcFace,PGD,vanilla,0.4479658305644989,ArcFace_PGD_adv
15,VGG-Face,/content/face_module/dataset_extractedfaces/lfw_pairs/George W Bush_518.jpg,/content/face_module/dataset_extractedfaces/lfw_pairs/George W Bush_519.jpg,lfw_pairs,dodging_attack,eval,ArcFace,MI_FGSM,vanilla,0.3326110243797302,ArcFace_MI_FGSM_adv
15,VGG-Face,/content/face_module/dataset_extractedfaces/lfw_pairs/George W Bush_518.jpg,/content/face_module/dataset_extractedfaces/lfw_pairs/George W Bush_519.jpg,lfw_pairs,dodging_attack,eval,ArcFace,TI_FGSM,vanilla,0.3443712890148163,ArcFace_TI_FGSM_adv
15,VGG-Face,/content/face_module/dataset_extractedfaces/lfw_pairs/George W Bush_518.jpg,/content/face_module/dataset_extractedfaces/lfw_pairs/George W Bush_519.jpg,lfw_pairs,dodging_attack,eval,ArcFace,SI_NI_FGSM,vanilla,0.320752888917923,ArcFace_SI_NI_FGSM_adv
15,VGG-Face,/content/face_module/dataset_extractedfaces/lfw_pairs/George W Bush_518.jpg,/content/face_module/dataset_extractedfaces/lfw_pairs/George W Bush_519.jpg,lfw_pairs,dodging_attack,eval,ArcFace,MI_ADMIX_DI_TI,vanilla,0.3792318701744079,ArcFace_MI_ADMIX_DI_TI_adv
16,ArcFace,/content/face_module/dataset_extractedfaces/lfw_pairs/Colin Powell_24.jpg,/content/face_module/dataset_extractedfaces/lfw_pairs/Colin Powell_25.jpg,lfw_pairs,dodging_attack,eval,ArcFace,clean,clean,0.6158846616744995,ArcFace_clean
16,Facenet512,/content/face_module/dataset_extractedfaces/lfw_pairs/Colin Powell_24.jpg,/content/face_module/dataset_extractedfaces/lfw_pairs/Colin Powell_25.jpg,lfw_pairs,dodging_attack,eval,ArcFace,clean,clean,0.6158846616744995,ArcFace_clean
16,GhostFaceNet,/content/face_module/dataset_extractedfaces/lfw_pairs/Colin Powell_24.jpg,/content/face_module/dataset_extractedfaces/lfw_pairs/Colin Powell_25.jpg,lfw_pairs,dodging_attack,eval,ArcFace,clean,clean,0.6158846616744995,ArcFace_clean
16,VGG-Face,/content/face_module/dataset_extractedfaces/lfw_pairs/Colin Powell_24.jpg,/content/face_module/dataset_extractedfaces/lfw_pairs/Colin Powell_25.jpg,lfw_pairs,dodging_attack,eval,ArcFace,clean,clean,0.6158846616744995,ArcFace_clean
16,Facenet512,/content/face_module/dataset_extractedfaces/lfw_pairs/Colin Powell_24.jpg,/content/face_module/dataset_extractedfaces/lfw_pairs/Colin Powell_25.jpg,lfw_pairs,dodging_attack,eval,ArcFace,PGD,vanilla,0.4671740531921386,ArcFace_PGD_adv
16,Facenet512,/content/face_module/dataset_extractedfaces/lfw_pairs/Colin Powell_24.jpg,/content/face_module/dataset_extractedfaces/lfw_pairs/Colin Powell_25.jpg,lfw_pairs,dodging_attack,eval,ArcFace,MI_FGSM,vanilla,0.3972676694393158,ArcFace_MI_FGSM_adv
16,Facenet512,/content/face_module/dataset_extractedfaces/lfw_pairs/Colin Powell_24.jpg,/content/face_module/dataset_extractedfaces/lfw_pairs/Colin Powell_25.jpg,lfw_pairs,dodging_attack,eval,ArcFace,TI_FGSM,vanilla,0.4579576253890991,ArcFace_TI_FGSM_adv
16,Facenet512,/content/face_module/dataset_extractedfaces/lfw_pairs/Colin Powell_24.jpg,/content/face_module/dataset_extractedfaces/lfw_pairs/Colin Powell_25.jpg,lfw_pairs,dodging_attack,eval,ArcFace,SI_NI_FGSM,vanilla,0.3936402201652527,ArcFace_SI_NI_FGSM_adv
16,Facenet512,/content/face_module/dataset_extractedfaces/lfw_pairs/Colin Powell_24.jpg,/content/face_module/dataset_extractedfaces/lfw_pairs/Colin Powell_25.jpg,lfw_pairs,dodging_attack,eval,ArcFace,MI_ADMIX_DI_TI,vanilla,0.4267188906669616,ArcFace_MI_ADMIX_DI_TI_adv
16,GhostFaceNet,/content/face_module/dataset_extractedfaces/lfw_pairs/Colin Powell_24.jpg,/content/face_module/dataset_extractedfaces/lfw_pairs/Colin Powell_25.jpg,lfw_pairs,dodging_attack,eval,ArcFace,PGD,vanilla,0.5479490756988525,ArcFace_PGD_adv
16,GhostFaceNet,/content/face_module/dataset_extractedfaces/lfw_pairs/Colin Powell_24.jpg,/content/face_module/dataset_extractedfaces/lfw_pairs/Colin Powell_25.jpg,lfw_pairs,dodging_attack,eval,ArcFace,MI_FGSM,vanilla,0.5423589944839478,ArcFace_MI_FGSM_adv
16,GhostFaceNet,/content/face_module/dataset_extractedfaces/lfw_pairs/Colin Powell_24.jpg,/content/face_module/dataset_extractedfaces/lfw_pairs/Colin Powell_25.jpg,lfw_pairs,dodging_attack,eval,ArcFace,TI_FGSM,vanilla,0.551588773727417,ArcFace_TI_FGSM_adv
16,GhostFaceNet,/content/face_module/dataset_extractedfaces/lfw_pairs/Colin Powell_24.jpg,/content/face_module/dataset_extractedfaces/lfw_pairs/Colin Powell_25.jpg,lfw_pairs,dodging_attack,eval,ArcFace,SI_NI_FGSM,vanilla,0.4782544374465942,ArcFace_SI_NI_FGSM_adv
16,GhostFaceNet,/content/face_module/dataset_extractedfaces/lfw_pairs/Colin Powell_24.jpg,/content/face_module/dataset_extractedfaces/lfw_pairs/Colin Powell_25.jpg,lfw_pairs,dodging_attack,eval,ArcFace,MI_ADMIX_DI_TI,vanilla,0.5275924801826477,ArcFace_MI_ADMIX_DI_TI_adv
16,VGG-Face,/content/face_module/dataset_extractedfaces/lfw_pairs/Colin Powell_24.jpg,/content/face_module/dataset_extractedfaces/lfw_pairs/Colin Powell_25.jpg,lfw_pairs,dodging_attack,eval,ArcFace,PGD,vanilla,0.4337053298950195,ArcFace_PGD_adv
16,VGG-Face,/content/face_module/dataset_extractedfaces/lfw_pairs/Colin Powell_24.jpg,/content/face_module/dataset_extractedfaces/lfw_pairs/Colin Powell_25.jpg,lfw_pairs,dodging_attack,eval,ArcFace,MI_FGSM,vanilla,0.3773954808712005,ArcFace_MI_FGSM_adv
16,VGG-Face,/content/face_module/dataset_extractedfaces/lfw_pairs/Colin Powell_24.jpg,/content/face_module/dataset_extractedfaces/lfw_pairs/Colin Powell_25.jpg,lfw_pairs,dodging_attack,eval,ArcFace,TI_FGSM,vanilla,0.3976253867149353,ArcFace_TI_FGSM_adv
16,VGG-Face,/content/face_module/dataset_extractedfaces/lfw_pairs/Colin Powell_24.jpg,/content/face_module/dataset_extractedfaces/lfw_pairs/Colin Powell_25.jpg,lfw_pairs,dodging_attack,eval,ArcFace,SI_NI_FGSM,vanilla,0.4193575084209442,ArcFace_SI_NI_FGSM_adv
16,VGG-Face,/content/face_module/dataset_extractedfaces/lfw_pairs/Colin Powell_24.jpg,/content/face_module/dataset_extractedfaces/lfw_pairs/Colin Powell_25.jpg,lfw_pairs,dodging_attack,eval,ArcFace,MI_ADMIX_DI_TI,vanilla,0.2982457280158996,ArcFace_MI_ADMIX_DI_TI_adv
23,ArcFace,/content/face_module/dataset_extractedfaces/lfw_pairs/Tom Daschle_5.jpg,/content/face_module/dataset_extractedfaces/lfw_pairs/Tom Daschle_6.jpg,lfw_pairs,dodging_attack,eval,ArcFace,clean,clean,0.64194256067276,ArcFace_clean
23,Facenet512,/content/face_module/dataset_extractedfaces/lfw_pairs/Tom Daschle_5.jpg,/content/face_module/dataset_extractedfaces/lfw_pairs/Tom Daschle_6.jpg,lfw_pairs,dodging_attack,eval,ArcFace,clean,clean,0.64194256067276,ArcFace_clean
23,GhostFaceNet,/content/face_module/dataset_extractedfaces/lfw_pairs/Tom Daschle_5.jpg,/content/face_module/dataset_extractedfaces/lfw_pairs/Tom Daschle_6.jpg,lfw_pairs,dodging_attack,eval,ArcFace,clean,clean,0.64194256067276,ArcFace_clean
23,VGG-Face,/content/face_module/dataset_extractedfaces/lfw_pairs/Tom Daschle_5.jpg,/content/face_module/dataset_extractedfaces/lfw_pairs/Tom Daschle_6.jpg,lfw_pairs,dodging_attack,eval,ArcFace,clean,clean,0.64194256067276,ArcFace_clean
23,Facenet512,/content/face_module/dataset_extractedfaces/lfw_pairs/Tom Daschle_5.jpg,/content/face_module/dataset_extractedfaces/lfw_pairs/Tom Daschle_6.jpg,lfw_pairs,dodging_attack,eval,ArcFace,PGD,vanilla,0.4103029668331146,ArcFace_PGD_adv
23,Facenet512,/content/face_module/dataset_extractedfaces/lfw_pairs/Tom Daschle_5.jpg,/content/face_module/dataset_extractedfaces/lfw_pairs/Tom Daschle_6.jpg,lfw_pairs,dodging_attack,eval,ArcFace,MI_FGSM,vanilla,0.3145184218883514,ArcFace_MI_FGSM_adv
23,Facenet512,/content/face_module/dataset_extractedfaces/lfw_pairs/Tom Daschle_5.jpg,/content/face_module/dataset_extractedfaces/lfw_pairs/Tom Daschle_6.jpg,lfw_pairs,dodging_attack,eval,ArcFace,TI_FGSM,vanilla,0.4375555217266083,ArcFace_TI_FGSM_adv
23,Facenet512,/content/face_module/dataset_extractedfaces/lfw_pairs/Tom Daschle_5.jpg,/content/face_module/dataset_extractedfaces/lfw_pairs/Tom Daschle_6.jpg,lfw_pairs,dodging_attack,eval,ArcFace,SI_NI_FGSM,vanilla,0.359807938337326,ArcFace_SI_NI_FGSM_adv
23,Facenet512,/content/face_module/dataset_extractedfaces/lfw_pairs/Tom Daschle_5.jpg,/content/face_module/dataset_extractedfaces/lfw_pairs/Tom Daschle_6.jpg,lfw_pairs,dodging_attack,eval,ArcFace,MI_ADMIX_DI_TI,vanilla,0.4093577861785888,ArcFace_MI_ADMIX_DI_TI_adv
23,GhostFaceNet,/content/face_module/dataset_extractedfaces/lfw_pairs/Tom Daschle_5.jpg,/content/face_module/dataset_extractedfaces/lfw_pairs/Tom Daschle_6.jpg,lfw_pairs,dodging_attack,eval,ArcFace,PGD,vanilla,0.604523241519928,ArcFace_PGD_adv
23,GhostFaceNet,/content/face_module/dataset_extractedfaces/lfw_pairs/Tom Daschle_5.jpg,/content/face_module/dataset_extractedfaces/lfw_pairs/Tom Daschle_6.jpg,lfw_pairs,dodging_attack,eval,ArcFace,MI_FGSM,vanilla,0.5545989871025085,ArcFace_MI_FGSM_adv
23,GhostFaceNet,/content/face_module/dataset_extractedfaces/lfw_pairs/Tom Daschle_5.jpg,/content/face_module/dataset_extractedfaces/lfw_pairs/Tom Daschle_6.jpg,lfw_pairs,dodging_attack,eval,ArcFace,TI_FGSM,vanilla,0.6080421209335327,ArcFace_TI_FGSM_adv
23,GhostFaceNet,/content/face_module/dataset_extractedfaces/lfw_pairs/Tom Daschle_5.jpg,/content/face_module/dataset_extractedfaces/lfw_pairs/Tom Daschle_6.jpg,lfw_pairs,dodging_attack,eval,ArcFace,SI_NI_FGSM,vanilla,0.564208447933197,ArcFace_SI_NI_FGSM_adv
23,GhostFaceNet,/content/face_module/dataset_extractedfaces/lfw_pairs/Tom Daschle_5.jpg,/content/face_module/dataset_extractedfaces/lfw_pairs/Tom Daschle_6.jpg,lfw_pairs,dodging_attack,eval,ArcFace,MI_ADMIX_DI_TI,vanilla,0.577594518661499,ArcFace_MI_ADMIX_DI_TI_adv
23,VGG-Face,/content/face_module/dataset_extractedfaces/lfw_pairs/Tom Daschle_5.jpg,/content/face_module/dataset_extractedfaces/lfw_pairs/Tom Daschle_6.jpg,lfw_pairs,dodging_attack,eval,ArcFace,PGD,vanilla,0.418231338262558,ArcFace_PGD_adv
23,VGG-Face,/content/face_module/dataset_extractedfaces/lfw_pairs/Tom Daschle_5.jpg,/content/face_module/dataset_extractedfaces/lfw_pairs/Tom Daschle_6.jpg,lfw_pairs,dodging_attack,eval,ArcFace,MI_FGSM,vanilla,0.3498928546905517,ArcFace_MI_FGSM_adv
23,VGG-Face,/content/face_module/dataset_extractedfaces/lfw_pairs/Tom Daschle_5.jpg,/content/face_module/dataset_extractedfaces/lfw_pairs/Tom Daschle_6.jpg,lfw_pairs,dodging_attack,eval,ArcFace,TI_FGSM,vanilla,0.3833410441875458,ArcFace_TI_FGSM_adv
23,VGG-Face,/content/face_module/dataset_extractedfaces/lfw_pairs/Tom Daschle_5.jpg,/content/face_module/dataset_extractedfaces/lfw_pairs/Tom Daschle_6.jpg,lfw_pairs,dodging_attack,eval,ArcFace,SI_NI_FGSM,vanilla,0.4331429600715637,ArcFace_SI_NI_FGSM_adv
23,VGG-Face,/content/face_module/dataset_extractedfaces/lfw_pairs/Tom Daschle_5.jpg,/content/face_module/dataset_extractedfaces/lfw_pairs/Tom Daschle_6.jpg,lfw_pairs,dodging_attack,eval,ArcFace,MI_ADMIX_DI_TI,vanilla,0.3807698488235473,ArcFace_MI_ADMIX_DI_TI_adv
18,ArcFace,/content/face_module/dataset_extractedfaces/celeba_pairs/092809.jpg,/content/face_module/dataset_extractedfaces/celeba_pairs/108708.jpg,celeba_pairs,dodging_attack,eval,ArcFace,clean,clean,0.753417432308197,ArcFace_clean
18,Facenet512,/content/face_module/dataset_extractedfaces/celeba_pairs/092809.jpg,/content/face_module/dataset_extractedfaces/celeba_pairs/108708.jpg,celeba_pairs,dodging_attack,eval,ArcFace,clean,clean,0.753417432308197,ArcFace_clean
18,GhostFaceNet,/content/face_module/dataset_extractedfaces/celeba_pairs/092809.jpg,/content/face_module/dataset_extractedfaces/celeba_pairs/108708.jpg,celeba_pairs,dodging_attack,eval,ArcFace,clean,clean,0.753417432308197,ArcFace_clean
18,VGG-Face,/content/face_module/dataset_extractedfaces/celeba_pairs/092809.jpg,/content/face_module/dataset_extractedfaces/celeba_pairs/108708.jpg,celeba_pairs,dodging_attack,eval,ArcFace,clean,clean,0.753417432308197,ArcFace_clean
18,Facenet512,/content/face_module/dataset_extractedfaces/celeba_pairs/092809.jpg,/content/face_module/dataset_extractedfaces/celeba_pairs/108708.jpg,celeba_pairs,dodging_attack,eval,ArcFace,PGD,vanilla,0.5081837177276611,ArcFace_PGD_adv
18,Facenet512,/content/face_module/dataset_extractedfaces/celeba_pairs/092809.jpg,/content/face_module/dataset_extractedfaces/celeba_pairs/108708.jpg,celeba_pairs,dodging_attack,eval,ArcFace,MI_FGSM,vanilla,0.3469785749912262,ArcFace_MI_FGSM_adv
18,Facenet512,/content/face_module/dataset_extractedfaces/celeba_pairs/092809.jpg,/content/face_module/dataset_extractedfaces/celeba_pairs/108708.jpg,celeba_pairs,dodging_attack,eval,ArcFace,TI_FGSM,vanilla,0.4430006146430969,ArcFace_TI_FGSM_adv
18,Facenet512,/content/face_module/dataset_extractedfaces/celeba_pairs/092809.jpg,/content/face_module/dataset_extractedfaces/celeba_pairs/108708.jpg,celeba_pairs,dodging_attack,eval,ArcFace,SI_NI_FGSM,vanilla,0.3598180711269378,ArcFace_SI_NI_FGSM_adv
18,Facenet512,/content/face_module/dataset_extractedfaces/celeba_pairs/092809.jpg,/content/face_module/dataset_extractedfaces/celeba_pairs/108708.jpg,celeba_pairs,dodging_attack,eval,ArcFace,MI_ADMIX_DI_TI,vanilla,0.3752440214157104,ArcFace_MI_ADMIX_DI_TI_adv
18,GhostFaceNet,/content/face_module/dataset_extractedfaces/celeba_pairs/092809.jpg,/content/face_module/dataset_extractedfaces/celeba_pairs/108708.jpg,celeba_pairs,dodging_attack,eval,ArcFace,PGD,vanilla,0.6229615807533264,ArcFace_PGD_adv
18,GhostFaceNet,/content/face_module/dataset_extractedfaces/celeba_pairs/092809.jpg,/content/face_module/dataset_extractedfaces/celeba_pairs/108708.jpg,celeba_pairs,dodging_attack,eval,ArcFace,MI_FGSM,vanilla,0.5018234252929688,ArcFace_MI_FGSM_adv
18,GhostFaceNet,/content/face_module/dataset_extractedfaces/celeba_pairs/092809.jpg,/content/face_module/dataset_extractedfaces/celeba_pairs/108708.jpg,celeba_pairs,dodging_attack,eval,ArcFace,TI_FGSM,vanilla,0.6350731253623962,ArcFace_TI_FGSM_adv
18,GhostFaceNet,/content/face_module/dataset_extractedfaces/celeba_pairs/092809.jpg,/content/face_module/dataset_extractedfaces/celeba_pairs/108708.jpg,celeba_pairs,dodging_attack,eval,ArcFace,SI_NI_FGSM,vanilla,0.468908429145813,ArcFace_SI_NI_FGSM_adv
18,GhostFaceNet,/content/face_module/dataset_extractedfaces/celeba_pairs/092809.jpg,/content/face_module/dataset_extractedfaces/celeba_pairs/108708.jpg,celeba_pairs,dodging_attack,eval,ArcFace,MI_ADMIX_DI_TI,vanilla,0.5894623398780823,ArcFace_MI_ADMIX_DI_TI_adv
18,VGG-Face,/content/face_module/dataset_extractedfaces/celeba_pairs/092809.jpg,/content/face_module/dataset_extractedfaces/celeba_pairs/108708.jpg,celeba_pairs,dodging_attack,eval,ArcFace,PGD,vanilla,0.4790757596492767,ArcFace_PGD_adv
18,VGG-Face,/content/face_module/dataset_extractedfaces/celeba_pairs/092809.jpg,/content/face_module/dataset_extractedfaces/celeba_pairs/108708.jpg,celeba_pairs,dodging_attack,eval,ArcFace,MI_FGSM,vanilla,0.4180288314819336,ArcFace_MI_FGSM_adv
18,VGG-Face,/content/face_module/dataset_extractedfaces/celeba_pairs/092809.jpg,/content/face_module/dataset_extractedfaces/celeba_pairs/108708.jpg,celeba_pairs,dodging_attack,eval,ArcFace,TI_FGSM,vanilla,0.438748836517334,ArcFace_TI_FGSM_adv
18,VGG-Face,/content/face_module/dataset_extractedfaces/celeba_pairs/092809.jpg,/content/face_module/dataset_extractedfaces/celeba_pairs/108708.jpg,celeba_pairs,dodging_attack,eval,ArcFace,SI_NI_FGSM,vanilla,0.4409909248352051,ArcFace_SI_NI_FGSM_adv
18,VGG-Face,/content/face_module/dataset_extractedfaces/celeba_pairs/092809.jpg,/content/face_module/dataset_extractedfaces/celeba_pairs/108708.jpg,celeba_pairs,dodging_attack,eval,ArcFace,MI_ADMIX_DI_TI,vanilla,0.4162719249725342,ArcFace_MI_ADMIX_DI_TI_adv
27,ArcFace,/content/face_module/dataset_extractedfaces/celeba_pairs/023869.jpg,/content/face_module/dataset_extractedfaces/celeba_pairs/024923.jpg,celeba_pairs,dodging_attack,eval,ArcFace,clean,clean,0.7247549295425415,ArcFace_clean
27,Facenet512,/content/face_module/dataset_extractedfaces/celeba_pairs/023869.jpg,/content/face_module/dataset_extractedfaces/celeba_pairs/024923.jpg,celeba_pairs,dodging_attack,eval,ArcFace,clean,clean,0.7247549295425415,ArcFace_clean
27,GhostFaceNet,/content/face_module/dataset_extractedfaces/celeba_pairs/023869.jpg,/content/face_module/dataset_extractedfaces/celeba_pairs/024923.jpg,celeba_pairs,dodging_attack,eval,ArcFace,clean,clean,0.7247549295425415,ArcFace_clean
27,VGG-Face,/content/face_module/dataset_extractedfaces/celeba_pairs/023869.jpg,/content/face_module/dataset_extractedfaces/celeba_pairs/024923.jpg,celeba_pairs,dodging_attack,eval,ArcFace,clean,clean,0.7247549295425415,ArcFace_clean
27,Facenet512,/content/face_module/dataset_extractedfaces/celeba_pairs/023869.jpg,/content/face_module/dataset_extractedfaces/celeba_pairs/024923.jpg,celeba_pairs,dodging_attack,eval,ArcFace,PGD,vanilla,0.5741425156593323,ArcFace_PGD_adv
27,Facenet512,/content/face_module/dataset_extractedfaces/celeba_pairs/023869.jpg,/content/face_module/dataset_extractedfaces/celeba_pairs/024923.jpg,celeba_pairs,dodging_attack,eval,ArcFace,MI_FGSM,vanilla,0.4597311019897461,ArcFace_MI_FGSM_adv
27,Facenet512,/content/face_module/dataset_extractedfaces/celeba_pairs/023869.jpg,/content/face_module/dataset_extractedfaces/celeba_pairs/024923.jpg,celeba_pairs,dodging_attack,eval,ArcFace,TI_FGSM,vanilla,0.5246394276618958,ArcFace_TI_FGSM_adv
27,Facenet512,/content/face_module/dataset_extractedfaces/celeba_pairs/023869.jpg,/content/face_module/dataset_extractedfaces/celeba_pairs/024923.jpg,celeba_pairs,dodging_attack,eval,ArcFace,SI_NI_FGSM,vanilla,0.4133308827877044,ArcFace_SI_NI_FGSM_adv
27,Facenet512,/content/face_module/dataset_extractedfaces/celeba_pairs/023869.jpg,/content/face_module/dataset_extractedfaces/celeba_pairs/024923.jpg,celeba_pairs,dodging_attack,eval,ArcFace,MI_ADMIX_DI_TI,vanilla,0.434011310338974,ArcFace_MI_ADMIX_DI_TI_adv
27,GhostFaceNet,/content/face_module/dataset_extractedfaces/celeba_pairs/023869.jpg,/content/face_module/dataset_extractedfaces/celeba_pairs/024923.jpg,celeba_pairs,dodging_attack,eval,ArcFace,PGD,vanilla,0.649036705493927,ArcFace_PGD_adv
27,GhostFaceNet,/content/face_module/dataset_extractedfaces/celeba_pairs/023869.jpg,/content/face_module/dataset_extractedfaces/celeba_pairs/024923.jpg,celeba_pairs,dodging_attack,eval,ArcFace,MI_FGSM,vanilla,0.5154227614402771,ArcFace_MI_FGSM_adv
27,GhostFaceNet,/content/face_module/dataset_extractedfaces/celeba_pairs/023869.jpg,/content/face_module/dataset_extractedfaces/celeba_pairs/024923.jpg,celeba_pairs,dodging_attack,eval,ArcFace,TI_FGSM,vanilla,0.6073818802833557,ArcFace_TI_FGSM_adv
27,GhostFaceNet,/content/face_module/dataset_extractedfaces/celeba_pairs/023869.jpg,/content/face_module/dataset_extractedfaces/celeba_pairs/024923.jpg,celeba_pairs,dodging_attack,eval,ArcFace,SI_NI_FGSM,vanilla,0.5148590207099915,ArcFace_SI_NI_FGSM_adv
27,GhostFaceNet,/content/face_module/dataset_extractedfaces/celeba_pairs/023869.jpg,/content/face_module/dataset_extractedfaces/celeba_pairs/024923.jpg,celeba_pairs,dodging_attack,eval,ArcFace,MI_ADMIX_DI_TI,vanilla,0.555792510509491,ArcFace_MI_ADMIX_DI_TI_adv
27,VGG-Face,/content/face_module/dataset_extractedfaces/celeba_pairs/023869.jpg,/content/face_module/dataset_extractedfaces/celeba_pairs/024923.jpg,celeba_pairs,dodging_attack,eval,ArcFace,PGD,vanilla,0.6088482141494751,ArcFace_PGD_adv
27,VGG-Face,/content/face_module/dataset_extractedfaces/celeba_pairs/023869.jpg,/content/face_module/dataset_extractedfaces/celeba_pairs/024923.jpg,celeba_pairs,dodging_attack,eval,ArcFace,MI_FGSM,vanilla,0.5089570879936218,ArcFace_MI_FGSM_adv
27,VGG-Face,/content/face_module/dataset_extractedfaces/celeba_pairs/023869.jpg,/content/face_module/dataset_extractedfaces/celeba_pairs/024923.jpg,celeba_pairs,dodging_attack,eval,ArcFace,TI_FGSM,vanilla,0.611943781375885,ArcFace_TI_FGSM_adv
27,VGG-Face,/content/face_module/dataset_extractedfaces/celeba_pairs/023869.jpg,/content/face_module/dataset_extractedfaces/celeba_pairs/024923.jpg,celeba_pairs,dodging_attack,eval,ArcFace,SI_NI_FGSM,vanilla,0.5219735503196716,ArcFace_SI_NI_FGSM_adv
27,VGG-Face,/content/face_module/dataset_extractedfaces/celeba_pairs/023869.jpg,/content/face_module/dataset_extractedfaces/celeba_pairs/024923.jpg,celeba_pairs,dodging_attack,eval,ArcFace,MI_ADMIX_DI_TI,vanilla,0.5252442955970764,ArcFace_MI_ADMIX_DI_TI_adv
28,ArcFace,/content/face_module/dataset_extractedfaces/celeba_pairs/130980.jpg,/content/face_module/dataset_extractedfaces/celeba_pairs/147767.jpg,celeba_pairs,dodging_attack,eval,ArcFace,clean,clean,0.3586556613445282,ArcFace_clean
28,Facenet512,/content/face_module/dataset_extractedfaces/celeba_pairs/130980.jpg,/content/face_module/dataset_extractedfaces/celeba_pairs/147767.jpg,celeba_pairs,dodging_attack,eval,ArcFace,clean,clean,0.3586556613445282,ArcFace_clean
28,GhostFaceNet,/content/face_module/dataset_extractedfaces/celeba_pairs/130980.jpg,/content/face_module/dataset_extractedfaces/celeba_pairs/147767.jpg,celeba_pairs,dodging_attack,eval,ArcFace,clean,clean,0.3586556613445282,ArcFace_clean
28,VGG-Face,/content/face_module/dataset_extractedfaces/celeba_pairs/130980.jpg,/content/face_module/dataset_extractedfaces/celeba_pairs/147767.jpg,celeba_pairs,dodging_attack,eval,ArcFace,clean,clean,0.3586556613445282,ArcFace_clean
28,Facenet512,/content/face_module/dataset_extractedfaces/celeba_pairs/130980.jpg,/content/face_module/dataset_extractedfaces/celeba_pairs/147767.jpg,celeba_pairs,dodging_attack,eval,ArcFace,PGD,vanilla,0.153455451130867,ArcFace_PGD_adv
28,Facenet512,/content/face_module/dataset_extractedfaces/celeba_pairs/130980.jpg,/content/face_module/dataset_extractedfaces/celeba_pairs/147767.jpg,celeba_pairs,dodging_attack,eval,ArcFace,MI_FGSM,vanilla,0.1305176019668579,ArcFace_MI_FGSM_adv
28,Facenet512,/content/face_module/dataset_extractedfaces/celeba_pairs/130980.jpg,/content/face_module/dataset_extractedfaces/celeba_pairs/147767.jpg,celeba_pairs,dodging_attack,eval,ArcFace,TI_FGSM,vanilla,0.1201322600245475,ArcFace_TI_FGSM_adv
28,Facenet512,/content/face_module/dataset_extractedfaces/celeba_pairs/130980.jpg,/content/face_module/dataset_extractedfaces/celeba_pairs/147767.jpg,celeba_pairs,dodging_attack,eval,ArcFace,SI_NI_FGSM,vanilla,0.1493858247995376,ArcFace_SI_NI_FGSM_adv
28,Facenet512,/content/face_module/dataset_extractedfaces/celeba_pairs/130980.jpg,/content/face_module/dataset_extractedfaces/celeba_pairs/147767.jpg,celeba_pairs,dodging_attack,eval,ArcFace,MI_ADMIX_DI_TI,vanilla,0.0966079160571098,ArcFace_MI_ADMIX_DI_TI_adv
28,GhostFaceNet,/content/face_module/dataset_extractedfaces/celeba_pairs/130980.jpg,/content/face_module/dataset_extractedfaces/celeba_pairs/147767.jpg,celeba_pairs,dodging_attack,eval,ArcFace,PGD,vanilla,0.3134982287883758,ArcFace_PGD_adv
28,GhostFaceNet,/content/face_module/dataset_extractedfaces/celeba_pairs/130980.jpg,/content/face_module/dataset_extractedfaces/celeba_pairs/147767.jpg,celeba_pairs,dodging_attack,eval,ArcFace,MI_FGSM,vanilla,0.2970961034297943,ArcFace_MI_FGSM_adv
28,GhostFaceNet,/content/face_module/dataset_extractedfaces/celeba_pairs/130980.jpg,/content/face_module/dataset_extractedfaces/celeba_pairs/147767.jpg,celeba_pairs,dodging_attack,eval,ArcFace,TI_FGSM,vanilla,0.278415709733963,ArcFace_TI_FGSM_adv
28,GhostFaceNet,/content/face_module/dataset_extractedfaces/celeba_pairs/130980.jpg,/content/face_module/dataset_extractedfaces/celeba_pairs/147767.jpg,celeba_pairs,dodging_attack,eval,ArcFace,SI_NI_FGSM,vanilla,0.279245525598526,ArcFace_SI_NI_FGSM_adv
28,GhostFaceNet,/content/face_module/dataset_extractedfaces/celeba_pairs/130980.jpg,/content/face_module/dataset_extractedfaces/celeba_pairs/147767.jpg,celeba_pairs,dodging_attack,eval,ArcFace,MI_ADMIX_DI_TI,vanilla,0.1948554813861847,ArcFace_MI_ADMIX_DI_TI_adv
28,VGG-Face,/content/face_module/dataset_extractedfaces/celeba_pairs/130980.jpg,/content/face_module/dataset_extractedfaces/celeba_pairs/147767.jpg,celeba_pairs,dodging_attack,eval,ArcFace,PGD,vanilla,0.2634258568286896,ArcFace_PGD_adv
28,VGG-Face,/content/face_module/dataset_extractedfaces/celeba_pairs/130980.jpg,/content/face_module/dataset_extractedfaces/celeba_pairs/147767.jpg,celeba_pairs,dodging_attack,eval,ArcFace,MI_FGSM,vanilla,0.2115550637245178,ArcFace_MI_FGSM_adv
28,VGG-Face,/content/face_module/dataset_extractedfaces/celeba_pairs/130980.jpg,/content/face_module/dataset_extractedfaces/celeba_pairs/147767.jpg,celeba_pairs,dodging_attack,eval,ArcFace,TI_FGSM,vanilla,0.2051699459552765,ArcFace_TI_FGSM_adv
28,VGG-Face,/content/face_module/dataset_extractedfaces/celeba_pairs/130980.jpg,/content/face_module/dataset_extractedfaces/celeba_pairs/147767.jpg,celeba_pairs,dodging_attack,eval,ArcFace,SI_NI_FGSM,vanilla,0.1899135708808899,ArcFace_SI_NI_FGSM_adv
28,VGG-Face,/content/face_module/dataset_extractedfaces/celeba_pairs/130980.jpg,/content/face_module/dataset_extractedfaces/celeba_pairs/147767.jpg,celeba_pairs,dodging_attack,eval,ArcFace,MI_ADMIX_DI_TI,vanilla,0.1577270925045013,ArcFace_MI_ADMIX_DI_TI_adv
30,ArcFace,/content/face_module/dataset_extractedfaces/celeba_pairs/042909.jpg,/content/face_module/dataset_extractedfaces/celeba_pairs/048579.jpg,celeba_pairs,dodging_attack,eval,ArcFace,clean,clean,0.5551615953445435,ArcFace_clean
30,Facenet512,/content/face_module/dataset_extractedfaces/celeba_pairs/042909.jpg,/content/face_module/dataset_extractedfaces/celeba_pairs/048579.jpg,celeba_pairs,dodging_attack,eval,ArcFace,clean,clean,0.5551615953445435,ArcFace_clean
30,GhostFaceNet,/content/face_module/dataset_extractedfaces/celeba_pairs/042909.jpg,/content/face_module/dataset_extractedfaces/celeba_pairs/048579.jpg,celeba_pairs,dodging_attack,eval,ArcFace,clean,clean,0.5551615953445435,ArcFace_clean
30,VGG-Face,/content/face_module/dataset_extractedfaces/celeba_pairs/042909.jpg,/content/face_module/dataset_extractedfaces/celeba_pairs/048579.jpg,celeba_pairs,dodging_attack,eval,ArcFace,clean,clean,0.5551615953445435,ArcFace_clean
30,Facenet512,/content/face_module/dataset_extractedfaces/celeba_pairs/042909.jpg,/content/face_module/dataset_extractedfaces/celeba_pairs/048579.jpg,celeba_pairs,dodging_attack,eval,ArcFace,PGD,vanilla,0.3145179450511932,ArcFace_PGD_adv
30,Facenet512,/content/face_module/dataset_extractedfaces/celeba_pairs/042909.jpg,/content/face_module/dataset_extractedfaces/celeba_pairs/048579.jpg,celeba_pairs,dodging_attack,eval,ArcFace,MI_FGSM,vanilla,0.2296449095010757,ArcFace_MI_FGSM_adv
30,Facenet512,/content/face_module/dataset_extractedfaces/celeba_pairs/042909.jpg,/content/face_module/dataset_extractedfaces/celeba_pairs/048579.jpg,celeba_pairs,dodging_attack,eval,ArcFace,TI_FGSM,vanilla,0.2793738543987274,ArcFace_TI_FGSM_adv
30,Facenet512,/content/face_module/dataset_extractedfaces/celeba_pairs/042909.jpg,/content/face_module/dataset_extractedfaces/celeba_pairs/048579.jpg,celeba_pairs,dodging_attack,eval,ArcFace,SI_NI_FGSM,vanilla,0.2346644550561905,ArcFace_SI_NI_FGSM_adv
30,Facenet512,/content/face_module/dataset_extractedfaces/celeba_pairs/042909.jpg,/content/face_module/dataset_extractedfaces/celeba_pairs/048579.jpg,celeba_pairs,dodging_attack,eval,ArcFace,MI_ADMIX_DI_TI,vanilla,0.256061315536499,ArcFace_MI_ADMIX_DI_TI_adv
30,GhostFaceNet,/content/face_module/dataset_extractedfaces/celeba_pairs/042909.jpg,/content/face_module/dataset_extractedfaces/celeba_pairs/048579.jpg,celeba_pairs,dodging_attack,eval,ArcFace,PGD,vanilla,0.4417227804660797,ArcFace_PGD_adv
30,GhostFaceNet,/content/face_module/dataset_extractedfaces/celeba_pairs/042909.jpg,/content/face_module/dataset_extractedfaces/celeba_pairs/048579.jpg,celeba_pairs,dodging_attack,eval,ArcFace,MI_FGSM,vanilla,0.332756906747818,ArcFace_MI_FGSM_adv
30,GhostFaceNet,/content/face_module/dataset_extractedfaces/celeba_pairs/042909.jpg,/content/face_module/dataset_extractedfaces/celeba_pairs/048579.jpg,celeba_pairs,dodging_attack,eval,ArcFace,TI_FGSM,vanilla,0.440924733877182,ArcFace_TI_FGSM_adv
30,GhostFaceNet,/content/face_module/dataset_extractedfaces/celeba_pairs/042909.jpg,/content/face_module/dataset_extractedfaces/celeba_pairs/048579.jpg,celeba_pairs,dodging_attack,eval,ArcFace,SI_NI_FGSM,vanilla,0.2743654549121856,ArcFace_SI_NI_FGSM_adv
30,GhostFaceNet,/content/face_module/dataset_extractedfaces/celeba_pairs/042909.jpg,/content/face_module/dataset_extractedfaces/celeba_pairs/048579.jpg,celeba_pairs,dodging_attack,eval,ArcFace,MI_ADMIX_DI_TI,vanilla,0.4161804914474487,ArcFace_MI_ADMIX_DI_TI_adv
30,VGG-Face,/content/face_module/dataset_extractedfaces/celeba_pairs/042909.jpg,/content/face_module/dataset_extractedfaces/celeba_pairs/048579.jpg,celeba_pairs,dodging_attack,eval,ArcFace,PGD,vanilla,0.3488651812076568,ArcFace_PGD_adv
30,VGG-Face,/content/face_module/dataset_extractedfaces/celeba_pairs/042909.jpg,/content/face_module/dataset_extractedfaces/celeba_pairs/048579.jpg,celeba_pairs,dodging_attack,eval,ArcFace,MI_FGSM,vanilla,0.1980121284723281,ArcFace_MI_FGSM_adv
30,VGG-Face,/content/face_module/dataset_extractedfaces/celeba_pairs/042909.jpg,/content/face_module/dataset_extractedfaces/celeba_pairs/048579.jpg,celeba_pairs,dodging_attack,eval,ArcFace,TI_FGSM,vanilla,0.2886887490749359,ArcFace_TI_FGSM_adv
30,VGG-Face,/content/face_module/dataset_extractedfaces/celeba_pairs/042909.jpg,/content/face_module/dataset_extractedfaces/celeba_pairs/048579.jpg,celeba_pairs,dodging_attack,eval,ArcFace,SI_NI_FGSM,vanilla,0.2050880342721939,ArcFace_SI_NI_FGSM_adv
30,VGG-Face,/content/face_module/dataset_extractedfaces/celeba_pairs/042909.jpg,/content/face_module/dataset_extractedfaces/celeba_pairs/048579.jpg,celeba_pairs,dodging_attack,eval,ArcFace,MI_ADMIX_DI_TI,vanilla,0.2053395509719848,ArcFace_MI_ADMIX_DI_TI_adv
33,ArcFace,/content/face_module/dataset_extractedfaces/celeba_pairs/169016.jpg,/content/face_module/dataset_extractedfaces/celeba_pairs/171037.jpg,celeba_pairs,dodging_attack,eval,ArcFace,clean,clean,0.8753219842910767,ArcFace_clean
33,Facenet512,/content/face_module/dataset_extractedfaces/celeba_pairs/169016.jpg,/content/face_module/dataset_extractedfaces/celeba_pairs/171037.jpg,celeba_pairs,dodging_attack,eval,ArcFace,clean,clean,0.8753219842910767,ArcFace_clean
33,GhostFaceNet,/content/face_module/dataset_extractedfaces/celeba_pairs/169016.jpg,/content/face_module/dataset_extractedfaces/celeba_pairs/171037.jpg,celeba_pairs,dodging_attack,eval,ArcFace,clean,clean,0.8753219842910767,ArcFace_clean
33,VGG-Face,/content/face_module/dataset_extractedfaces/celeba_pairs/169016.jpg,/content/face_module/dataset_extractedfaces/celeba_pairs/171037.jpg,celeba_pairs,dodging_attack,eval,ArcFace,clean,clean,0.8753219842910767,ArcFace_clean
33,Facenet512,/content/face_module/dataset_extractedfaces/celeba_pairs/169016.jpg,/content/face_module/dataset_extractedfaces/celeba_pairs/171037.jpg,celeba_pairs,dodging_attack,eval,ArcFace,PGD,vanilla,0.7375275492668152,ArcFace_PGD_adv
33,Facenet512,/content/face_module/dataset_extractedfaces/celeba_pairs/169016.jpg,/content/face_module/dataset_extractedfaces/celeba_pairs/171037.jpg,celeba_pairs,dodging_attack,eval,ArcFace,MI_FGSM,vanilla,0.693014919757843,ArcFace_MI_FGSM_adv
33,Facenet512,/content/face_module/dataset_extractedfaces/celeba_pairs/169016.jpg,/content/face_module/dataset_extractedfaces/celeba_pairs/171037.jpg,celeba_pairs,dodging_attack,eval,ArcFace,TI_FGSM,vanilla,0.7420819401741028,ArcFace_TI_FGSM_adv
33,Facenet512,/content/face_module/dataset_extractedfaces/celeba_pairs/169016.jpg,/content/face_module/dataset_extractedfaces/celeba_pairs/171037.jpg,celeba_pairs,dodging_attack,eval,ArcFace,SI_NI_FGSM,vanilla,0.7745277285575867,ArcFace_SI_NI_FGSM_adv
33,Facenet512,/content/face_module/dataset_extractedfaces/celeba_pairs/169016.jpg,/content/face_module/dataset_extractedfaces/celeba_pairs/171037.jpg,celeba_pairs,dodging_attack,eval,ArcFace,MI_ADMIX_DI_TI,vanilla,0.7249314785003662,ArcFace_MI_ADMIX_DI_TI_adv
33,GhostFaceNet,/content/face_module/dataset_extractedfaces/celeba_pairs/169016.jpg,/content/face_module/dataset_extractedfaces/celeba_pairs/171037.jpg,celeba_pairs,dodging_attack,eval,ArcFace,PGD,vanilla,0.796660304069519,ArcFace_PGD_adv
33,GhostFaceNet,/content/face_module/dataset_extractedfaces/celeba_pairs/169016.jpg,/content/face_module/dataset_extractedfaces/celeba_pairs/171037.jpg,celeba_pairs,dodging_attack,eval,ArcFace,MI_FGSM,vanilla,0.7357378005981445,ArcFace_MI_FGSM_adv
33,GhostFaceNet,/content/face_module/dataset_extractedfaces/celeba_pairs/169016.jpg,/content/face_module/dataset_extractedfaces/celeba_pairs/171037.jpg,celeba_pairs,dodging_attack,eval,ArcFace,TI_FGSM,vanilla,0.7933089137077332,ArcFace_TI_FGSM_adv
33,GhostFaceNet,/content/face_module/dataset_extractedfaces/celeba_pairs/169016.jpg,/content/face_module/dataset_extractedfaces/celeba_pairs/171037.jpg,celeba_pairs,dodging_attack,eval,ArcFace,SI_NI_FGSM,vanilla,0.7293080687522888,ArcFace_SI_NI_FGSM_adv
33,GhostFaceNet,/content/face_module/dataset_extractedfaces/celeba_pairs/169016.jpg,/content/face_module/dataset_extractedfaces/celeba_pairs/171037.jpg,celeba_pairs,dodging_attack,eval,ArcFace,MI_ADMIX_DI_TI,vanilla,0.7970787286758423,ArcFace_MI_ADMIX_DI_TI_adv
33,VGG-Face,/content/face_module/dataset_extractedfaces/celeba_pairs/169016.jpg,/content/face_module/dataset_extractedfaces/celeba_pairs/171037.jpg,celeba_pairs,dodging_attack,eval,ArcFace,PGD,vanilla,0.687537670135498,ArcFace_PGD_adv
33,VGG-Face,/content/face_module/dataset_extractedfaces/celeba_pairs/169016.jpg,/content/face_module/dataset_extractedfaces/celeba_pairs/171037.jpg,celeba_pairs,dodging_attack,eval,ArcFace,MI_FGSM,vanilla,0.5862031579017639,ArcFace_MI_FGSM_adv
33,VGG-Face,/content/face_module/dataset_extractedfaces/celeba_pairs/169016.jpg,/content/face_module/dataset_extractedfaces/celeba_pairs/171037.jpg,celeba_pairs,dodging_attack,eval,ArcFace,TI_FGSM,vanilla,0.6502547264099121,ArcFace_TI_FGSM_adv
33,VGG-Face,/content/face_module/dataset_extractedfaces/celeba_pairs/169016.jpg,/content/face_module/dataset_extractedfaces/celeba_pairs/171037.jpg,celeba_pairs,dodging_attack,eval,ArcFace,SI_NI_FGSM,vanilla,0.6200741529464722,ArcFace_SI_NI_FGSM_adv
33,VGG-Face,/content/face_module/dataset_extractedfaces/celeba_pairs/169016.jpg,/content/face_module/dataset_extractedfaces/celeba_pairs/171037.jpg,celeba_pairs,dodging_attack,eval,ArcFace,MI_ADMIX_DI_TI,vanilla,0.6172797679901123,ArcFace_MI_ADMIX_DI_TI_adv
1,ArcFace,/content/face_module/dataset_extractedfaces/vggface2_pairs/n000007_0113_01.jpg,/content/face_module/dataset_extractedfaces/vggface2_pairs/n000007_0122_01.jpg,vggface2_pairs,dodging_attack,eval,ArcFace,clean,clean,0.3415668904781341,ArcFace_clean
1,Facenet512,/content/face_module/dataset_extractedfaces/vggface2_pairs/n000007_0113_01.jpg,/content/face_module/dataset_extractedfaces/vggface2_pairs/n000007_0122_01.jpg,vggface2_pairs,dodging_attack,eval,ArcFace,clean,clean,0.3415668904781341,ArcFace_clean
1,GhostFaceNet,/content/face_module/dataset_extractedfaces/vggface2_pairs/n000007_0113_01.jpg,/content/face_module/dataset_extractedfaces/vggface2_pairs/n000007_0122_01.jpg,vggface2_pairs,dodging_attack,eval,ArcFace,clean,clean,0.3415668904781341,ArcFace_clean
1,VGG-Face,/content/face_module/dataset_extractedfaces/vggface2_pairs/n000007_0113_01.jpg,/content/face_module/dataset_extractedfaces/vggface2_pairs/n000007_0122_01.jpg,vggface2_pairs,dodging_attack,eval,ArcFace,clean,clean,0.3415668904781341,ArcFace_clean
1,Facenet512,/content/face_module/dataset_extractedfaces/vggface2_pairs/n000007_0113_01.jpg,/content/face_module/dataset_extractedfaces/vggface2_pairs/n000007_0122_01.jpg,vggface2_pairs,dodging_attack,eval,ArcFace,PGD,vanilla,0.1912906020879745,ArcFace_PGD_adv
1,Facenet512,/content/face_module/dataset_extractedfaces/vggface2_pairs/n000007_0113_01.jpg,/content/face_module/dataset_extractedfaces/vggface2_pairs/n000007_0122_01.jpg,vggface2_pairs,dodging_attack,eval,ArcFace,MI_FGSM,vanilla,0.1423443704843521,ArcFace_MI_FGSM_adv
1,Facenet512,/content/face_module/dataset_extractedfaces/vggface2_pairs/n000007_0113_01.jpg,/content/face_module/dataset_extractedfaces/vggface2_pairs/n000007_0122_01.jpg,vggface2_pairs,dodging_attack,eval,ArcFace,TI_FGSM,vanilla,0.2098900377750396,ArcFace_TI_FGSM_adv
1,Facenet512,/content/face_module/dataset_extractedfaces/vggface2_pairs/n000007_0113_01.jpg,/content/face_module/dataset_extractedfaces/vggface2_pairs/n000007_0122_01.jpg,vggface2_pairs,dodging_attack,eval,ArcFace,SI_NI_FGSM,vanilla,0.1494316309690475,ArcFace_SI_NI_FGSM_adv
1,Facenet512,/content/face_module/dataset_extractedfaces/vggface2_pairs/n000007_0113_01.jpg,/content/face_module/dataset_extractedfaces/vggface2_pairs/n000007_0122_01.jpg,vggface2_pairs,dodging_attack,eval,ArcFace,MI_ADMIX_DI_TI,vanilla,0.2123086005449295,ArcFace_MI_ADMIX_DI_TI_adv
1,GhostFaceNet,/content/face_module/dataset_extractedfaces/vggface2_pairs/n000007_0113_01.jpg,/content/face_module/dataset_extractedfaces/vggface2_pairs/n000007_0122_01.jpg,vggface2_pairs,dodging_attack,eval,ArcFace,PGD,vanilla,0.3578888773918152,ArcFace_PGD_adv
1,GhostFaceNet,/content/face_module/dataset_extractedfaces/vggface2_pairs/n000007_0113_01.jpg,/content/face_module/dataset_extractedfaces/vggface2_pairs/n000007_0122_01.jpg,vggface2_pairs,dodging_attack,eval,ArcFace,MI_FGSM,vanilla,0.3235856890678406,ArcFace_MI_FGSM_adv
1,GhostFaceNet,/content/face_module/dataset_extractedfaces/vggface2_pairs/n000007_0113_01.jpg,/content/face_module/dataset_extractedfaces/vggface2_pairs/n000007_0122_01.jpg,vggface2_pairs,dodging_attack,eval,ArcFace,TI_FGSM,vanilla,0.3364275991916656,ArcFace_TI_FGSM_adv
1,GhostFaceNet,/content/face_module/dataset_extractedfaces/vggface2_pairs/n000007_0113_01.jpg,/content/face_module/dataset_extractedfaces/vggface2_pairs/n000007_0122_01.jpg,vggface2_pairs,dodging_attack,eval,ArcFace,SI_NI_FGSM,vanilla,0.3540107905864715,ArcFace_SI_NI_FGSM_adv
1,GhostFaceNet,/content/face_module/dataset_extractedfaces/vggface2_pairs/n000007_0113_01.jpg,/content/face_module/dataset_extractedfaces/vggface2_pairs/n000007_0122_01.jpg,vggface2_pairs,dodging_attack,eval,ArcFace,MI_ADMIX_DI_TI,vanilla,0.3274522721767425,ArcFace_MI_ADMIX_DI_TI_adv
1,VGG-Face,/content/face_module/dataset_extractedfaces/vggface2_pairs/n000007_0113_01.jpg,/content/face_module/dataset_extractedfaces/vggface2_pairs/n000007_0122_01.jpg,vggface2_pairs,dodging_attack,eval,ArcFace,PGD,vanilla,0.1825513392686844,ArcFace_PGD_adv
1,VGG-Face,/content/face_module/dataset_extractedfaces/vggface2_pairs/n000007_0113_01.jpg,/content/face_module/dataset_extractedfaces/vggface2_pairs/n000007_0122_01.jpg,vggface2_pairs,dodging_attack,eval,ArcFace,MI_FGSM,vanilla,0.1461956948041916,ArcFace_MI_FGSM_adv
1,VGG-Face,/content/face_module/dataset_extractedfaces/vggface2_pairs/n000007_0113_01.jpg,/content/face_module/dataset_extractedfaces/vggface2_pairs/n000007_0122_01.jpg,vggface2_pairs,dodging_attack,eval,ArcFace,TI_FGSM,vanilla,0.1822149157524109,ArcFace_TI_FGSM_adv
1,VGG-Face,/content/face_module/dataset_extractedfaces/vggface2_pairs/n000007_0113_01.jpg,/content/face_module/dataset_extractedfaces/vggface2_pairs/n000007_0122_01.jpg,vggface2_pairs,dodging_attack,eval,ArcFace,SI_NI_FGSM,vanilla,0.1560980230569839,ArcFace_SI_NI_FGSM_adv
1,VGG-Face,/content/face_module/dataset_extractedfaces/vggface2_pairs/n000007_0113_01.jpg,/content/face_module/dataset_extractedfaces/vggface2_pairs/n000007_0122_01.jpg,vggface2_pairs,dodging_attack,eval,ArcFace,MI_ADMIX_DI_TI,vanilla,0.1297863721847534,ArcFace_MI_ADMIX_DI_TI_adv
4,ArcFace,/content/face_module/dataset_extractedfaces/vggface2_pairs/n000008_0256_01.jpg,/content/face_module/dataset_extractedfaces/vggface2_pairs/n000008_0348_01.jpg,vggface2_pairs,dodging_attack,eval,ArcFace,clean,clean,0.0178652480244636,ArcFace_clean
4,Facenet512,/content/face_module/dataset_extractedfaces/vggface2_pairs/n000008_0256_01.jpg,/content/face_module/dataset_extractedfaces/vggface2_pairs/n000008_0348_01.jpg,vggface2_pairs,dodging_attack,eval,ArcFace,clean,clean,0.0178652480244636,ArcFace_clean
4,GhostFaceNet,/content/face_module/dataset_extractedfaces/vggface2_pairs/n000008_0256_01.jpg,/content/face_module/dataset_extractedfaces/vggface2_pairs/n000008_0348_01.jpg,vggface2_pairs,dodging_attack,eval,ArcFace,clean,clean,0.0178652480244636,ArcFace_clean
4,VGG-Face,/content/face_module/dataset_extractedfaces/vggface2_pairs/n000008_0256_01.jpg,/content/face_module/dataset_extractedfaces/vggface2_pairs/n000008_0348_01.jpg,vggface2_pairs,dodging_attack,eval,ArcFace,clean,clean,0.0178652480244636,ArcFace_clean
4,Facenet512,/content/face_module/dataset_extractedfaces/vggface2_pairs/n000008_0256_01.jpg,/content/face_module/dataset_extractedfaces/vggface2_pairs/n000008_0348_01.jpg,vggface2_pairs,dodging_attack,eval,ArcFace,PGD,vanilla,0.0225666482001543,ArcFace_PGD_adv
4,Facenet512,/content/face_module/dataset_extractedfaces/vggface2_pairs/n000008_0256_01.jpg,/content/face_module/dataset_extractedfaces/vggface2_pairs/n000008_0348_01.jpg,vggface2_pairs,dodging_attack,eval,ArcFace,MI_FGSM,vanilla,0.0343124642968177,ArcFace_MI_FGSM_adv
4,Facenet512,/content/face_module/dataset_extractedfaces/vggface2_pairs/n000008_0256_01.jpg,/content/face_module/dataset_extractedfaces/vggface2_pairs/n000008_0348_01.jpg,vggface2_pairs,dodging_attack,eval,ArcFace,TI_FGSM,vanilla,0.0169404800981283,ArcFace_TI_FGSM_adv
4,Facenet512,/content/face_module/dataset_extractedfaces/vggface2_pairs/n000008_0256_01.jpg,/content/face_module/dataset_extractedfaces/vggface2_pairs/n000008_0348_01.jpg,vggface2_pairs,dodging_attack,eval,ArcFace,SI_NI_FGSM,vanilla,0.0185190383344888,ArcFace_SI_NI_FGSM_adv
4,Facenet512,/content/face_module/dataset_extractedfaces/vggface2_pairs/n000008_0256_01.jpg,/content/face_module/dataset_extractedfaces/vggface2_pairs/n000008_0348_01.jpg,vggface2_pairs,dodging_attack,eval,ArcFace,MI_ADMIX_DI_TI,vanilla,0.012663603760302,ArcFace_MI_ADMIX_DI_TI_adv
4,GhostFaceNet,/content/face_module/dataset_extractedfaces/vggface2_pairs/n000008_0256_01.jpg,/content/face_module/dataset_extractedfaces/vggface2_pairs/n000008_0348_01.jpg,vggface2_pairs,dodging_attack,eval,ArcFace,PGD,vanilla,0.0038337623700499,ArcFace_PGD_adv
4,GhostFaceNet,/content/face_module/dataset_extractedfaces/vggface2_pairs/n000008_0256_01.jpg,/content/face_module/dataset_extractedfaces/vggface2_pairs/n000008_0348_01.jpg,vggface2_pairs,dodging_attack,eval,ArcFace,MI_FGSM,vanilla,0.0003616963513195,ArcFace_MI_FGSM_adv
4,GhostFaceNet,/content/face_module/dataset_extractedfaces/vggface2_pairs/n000008_0256_01.jpg,/content/face_module/dataset_extractedfaces/vggface2_pairs/n000008_0348_01.jpg,vggface2_pairs,dodging_attack,eval,ArcFace,TI_FGSM,vanilla,0.0323806628584861,ArcFace_TI_FGSM_adv
4,GhostFaceNet,/content/face_module/dataset_extractedfaces/vggface2_pairs/n000008_0256_01.jpg,/content/face_module/dataset_extractedfaces/vggface2_pairs/n000008_0348_01.jpg,vggface2_pairs,dodging_attack,eval,ArcFace,SI_NI_FGSM,vanilla,-0.0225381217896938,ArcFace_SI_NI_FGSM_adv
4,GhostFaceNet,/content/face_module/dataset_extractedfaces/vggface2_pairs/n000008_0256_01.jpg,/content/face_module/dataset_extractedfaces/vggface2_pairs/n000008_0348_01.jpg,vggface2_pairs,dodging_attack,eval,ArcFace,MI_ADMIX_DI_TI,vanilla,0.0336043126881122,ArcFace_MI_ADMIX_DI_TI_adv
4,VGG-Face,/content/face_module/dataset_extractedfaces/vggface2_pairs/n000008_0256_01.jpg,/content/face_module/dataset_extractedfaces/vggface2_pairs/n000008_0348_01.jpg,vggface2_pairs,dodging_attack,eval,ArcFace,PGD,vanilla,0.028043583035469,ArcFace_PGD_adv
4,VGG-Face,/content/face_module/dataset_extractedfaces/vggface2_pairs/n000008_0256_01.jpg,/content/face_module/dataset_extractedfaces/vggface2_pairs/n000008_0348_01.jpg,vggface2_pairs,dodging_attack,eval,ArcFace,MI_FGSM,vanilla,0.0037346230819821,ArcFace_MI_FGSM_adv
4,VGG-Face,/content/face_module/dataset_extractedfaces/vggface2_pairs/n000008_0256_01.jpg,/content/face_module/dataset_extractedfaces/vggface2_pairs/n000008_0348_01.jpg,vggface2_pairs,dodging_attack,eval,ArcFace,TI_FGSM,vanilla,0.011030338704586,ArcFace_TI_FGSM_adv
4,VGG-Face,/content/face_module/dataset_extractedfaces/vggface2_pairs/n000008_0256_01.jpg,/content/face_module/dataset_extractedfaces/vggface2_pairs/n000008_0348_01.jpg,vggface2_pairs,dodging_attack,eval,ArcFace,SI_NI_FGSM,vanilla,-0.0100174313411116,ArcFace_SI_NI_FGSM_adv
4,VGG-Face,/content/face_module/dataset_extractedfaces/vggface2_pairs/n000008_0256_01.jpg,/content/face_module/dataset_extractedfaces/vggface2_pairs/n000008_0348_01.jpg,vggface2_pairs,dodging_attack,eval,ArcFace,MI_ADMIX_DI_TI,vanilla,0.0055317957885563,ArcFace_MI_ADMIX_DI_TI_adv
7,ArcFace,/content/face_module/dataset_extractedfaces/vggface2_pairs/n000010_0058_01.jpg,/content/face_module/dataset_extractedfaces/vggface2_pairs/n000010_0081_01.jpg,vggface2_pairs,dodging_attack,eval,ArcFace,clean,clean,0.6302407383918762,ArcFace_clean
7,Facenet512,/content/face_module/dataset_extractedfaces/vggface2_pairs/n000010_0058_01.jpg,/content/face_module/dataset_extractedfaces/vggface2_pairs/n000010_0081_01.jpg,vggface2_pairs,dodging_attack,eval,ArcFace,clean,clean,0.6302407383918762,ArcFace_clean
7,GhostFaceNet,/content/face_module/dataset_extractedfaces/vggface2_pairs/n000010_0058_01.jpg,/content/face_module/dataset_extractedfaces/vggface2_pairs/n000010_0081_01.jpg,vggface2_pairs,dodging_attack,eval,ArcFace,clean,clean,0.6302407383918762,ArcFace_clean
7,VGG-Face,/content/face_module/dataset_extractedfaces/vggface2_pairs/n000010_0058_01.jpg,/content/face_module/dataset_extractedfaces/vggface2_pairs/n000010_0081_01.jpg,vggface2_pairs,dodging_attack,eval,ArcFace,clean,clean,0.6302407383918762,ArcFace_clean
7,Facenet512,/content/face_module/dataset_extractedfaces/vggface2_pairs/n000010_0058_01.jpg,/content/face_module/dataset_extractedfaces/vggface2_pairs/n000010_0081_01.jpg,vggface2_pairs,dodging_attack,eval,ArcFace,PGD,vanilla,0.4393830299377441,ArcFace_PGD_adv
7,Facenet512,/content/face_module/dataset_extractedfaces/vggface2_pairs/n000010_0058_01.jpg,/content/face_module/dataset_extractedfaces/vggface2_pairs/n000010_0081_01.jpg,vggface2_pairs,dodging_attack,eval,ArcFace,MI_FGSM,vanilla,0.3196246325969696,ArcFace_MI_FGSM_adv
7,Facenet512,/content/face_module/dataset_extractedfaces/vggface2_pairs/n000010_0058_01.jpg,/content/face_module/dataset_extractedfaces/vggface2_pairs/n000010_0081_01.jpg,vggface2_pairs,dodging_attack,eval,ArcFace,TI_FGSM,vanilla,0.4429879784584045,ArcFace_TI_FGSM_adv
7,Facenet512,/content/face_module/dataset_extractedfaces/vggface2_pairs/n000010_0058_01.jpg,/content/face_module/dataset_extractedfaces/vggface2_pairs/n000010_0081_01.jpg,vggface2_pairs,dodging_attack,eval,ArcFace,SI_NI_FGSM,vanilla,0.3721775710582733,ArcFace_SI_NI_FGSM_adv
7,Facenet512,/content/face_module/dataset_extractedfaces/vggface2_pairs/n000010_0058_01.jpg,/content/face_module/dataset_extractedfaces/vggface2_pairs/n000010_0081_01.jpg,vggface2_pairs,dodging_attack,eval,ArcFace,MI_ADMIX_DI_TI,vanilla,0.4293225407600403,ArcFace_MI_ADMIX_DI_TI_adv
7,GhostFaceNet,/content/face_module/dataset_extractedfaces/vggface2_pairs/n000010_0058_01.jpg,/content/face_module/dataset_extractedfaces/vggface2_pairs/n000010_0081_01.jpg,vggface2_pairs,dodging_attack,eval,ArcFace,PGD,vanilla,0.5134965181350708,ArcFace_PGD_adv
7,GhostFaceNet,/content/face_module/dataset_extractedfaces/vggface2_pairs/n000010_0058_01.jpg,/content/face_module/dataset_extractedfaces/vggface2_pairs/n000010_0081_01.jpg,vggface2_pairs,dodging_attack,eval,ArcFace,MI_FGSM,vanilla,0.4601724147796631,ArcFace_MI_FGSM_adv
7,GhostFaceNet,/content/face_module/dataset_extractedfaces/vggface2_pairs/n000010_0058_01.jpg,/content/face_module/dataset_extractedfaces/vggface2_pairs/n000010_0081_01.jpg,vggface2_pairs,dodging_attack,eval,ArcFace,TI_FGSM,vanilla,0.5307543873786926,ArcFace_TI_FGSM_adv
7,GhostFaceNet,/content/face_module/dataset_extractedfaces/vggface2_pairs/n000010_0058_01.jpg,/content/face_module/dataset_extractedfaces/vggface2_pairs/n000010_0081_01.jpg,vggface2_pairs,dodging_attack,eval,ArcFace,SI_NI_FGSM,vanilla,0.4693889021873474,ArcFace_SI_NI_FGSM_adv
7,GhostFaceNet,/content/face_module/dataset_extractedfaces/vggface2_pairs/n000010_0058_01.jpg,/content/face_module/dataset_extractedfaces/vggface2_pairs/n000010_0081_01.jpg,vggface2_pairs,dodging_attack,eval,ArcFace,MI_ADMIX_DI_TI,vanilla,0.4771937727928161,ArcFace_MI_ADMIX_DI_TI_adv
7,VGG-Face,/content/face_module/dataset_extractedfaces/vggface2_pairs/n000010_0058_01.jpg,/content/face_module/dataset_extractedfaces/vggface2_pairs/n000010_0081_01.jpg,vggface2_pairs,dodging_attack,eval,ArcFace,PGD,vanilla,0.3287984132766723,ArcFace_PGD_adv
7,VGG-Face,/content/face_module/dataset_extractedfaces/vggface2_pairs/n000010_0058_01.jpg,/content/face_module/dataset_extractedfaces/vggface2_pairs/n000010_0081_01.jpg,vggface2_pairs,dodging_attack,eval,ArcFace,MI_FGSM,vanilla,0.2384750097990036,ArcFace_MI_FGSM_adv
7,VGG-Face,/content/face_module/dataset_extractedfaces/vggface2_pairs/n000010_0058_01.jpg,/content/face_module/dataset_extractedfaces/vggface2_pairs/n000010_0081_01.jpg,vggface2_pairs,dodging_attack,eval,ArcFace,TI_FGSM,vanilla,0.3196472823619842,ArcFace_TI_FGSM_adv
7,VGG-Face,/content/face_module/dataset_extractedfaces/vggface2_pairs/n000010_0058_01.jpg,/content/face_module/dataset_extractedfaces/vggface2_pairs/n000010_0081_01.jpg,vggface2_pairs,dodging_attack,eval,ArcFace,SI_NI_FGSM,vanilla,0.2398454844951629,ArcFace_SI_NI_FGSM_adv
7,VGG-Face,/content/face_module/dataset_extractedfaces/vggface2_pairs/n000010_0058_01.jpg,/content/face_module/dataset_extractedfaces/vggface2_pairs/n000010_0081_01.jpg,vggface2_pairs,dodging_attack,eval,ArcFace,MI_ADMIX_DI_TI,vanilla,0.2909128367900848,ArcFace_MI_ADMIX_DI_TI_adv
10,ArcFace,/content/face_module/dataset_extractedfaces/vggface2_pairs/n000005_0022_01.jpg,/content/face_module/dataset_extractedfaces/vggface2_pairs/n000005_0076_01.jpg,vggface2_pairs,dodging_attack,eval,ArcFace,clean,clean,0.5862309336662292,ArcFace_clean
10,Facenet512,/content/face_module/dataset_extractedfaces/vggface2_pairs/n000005_0022_01.jpg,/content/face_module/dataset_extractedfaces/vggface2_pairs/n000005_0076_01.jpg,vggface2_pairs,dodging_attack,eval,ArcFace,clean,clean,0.5862309336662292,ArcFace_clean
10,GhostFaceNet,/content/face_module/dataset_extractedfaces/vggface2_pairs/n000005_0022_01.jpg,/content/face_module/dataset_extractedfaces/vggface2_pairs/n000005_0076_01.jpg,vggface2_pairs,dodging_attack,eval,ArcFace,clean,clean,0.5862309336662292,ArcFace_clean
10,VGG-Face,/content/face_module/dataset_extractedfaces/vggface2_pairs/n000005_0022_01.jpg,/content/face_module/dataset_extractedfaces/vggface2_pairs/n000005_0076_01.jpg,vggface2_pairs,dodging_attack,eval,ArcFace,clean,clean,0.5862309336662292,ArcFace_clean
10,Facenet512,/content/face_module/dataset_extractedfaces/vggface2_pairs/n000005_0022_01.jpg,/content/face_module/dataset_extractedfaces/vggface2_pairs/n000005_0076_01.jpg,vggface2_pairs,dodging_attack,eval,ArcFace,PGD,vanilla,0.4715795218944549,ArcFace_PGD_adv
10,Facenet512,/content/face_module/dataset_extractedfaces/vggface2_pairs/n000005_0022_01.jpg,/content/face_module/dataset_extractedfaces/vggface2_pairs/n000005_0076_01.jpg,vggface2_pairs,dodging_attack,eval,ArcFace,MI_FGSM,vanilla,0.4439953565597534,ArcFace_MI_FGSM_adv
10,Facenet512,/content/face_module/dataset_extractedfaces/vggface2_pairs/n000005_0022_01.jpg,/content/face_module/dataset_extractedfaces/vggface2_pairs/n000005_0076_01.jpg,vggface2_pairs,dodging_attack,eval,ArcFace,TI_FGSM,vanilla,0.4966959655284881,ArcFace_TI_FGSM_adv
10,Facenet512,/content/face_module/dataset_extractedfaces/vggface2_pairs/n000005_0022_01.jpg,/content/face_module/dataset_extractedfaces/vggface2_pairs/n000005_0076_01.jpg,vggface2_pairs,dodging_attack,eval,ArcFace,SI_NI_FGSM,vanilla,0.4134266078472137,ArcFace_SI_NI_FGSM_adv
10,Facenet512,/content/face_module/dataset_extractedfaces/vggface2_pairs/n000005_0022_01.jpg,/content/face_module/dataset_extractedfaces/vggface2_pairs/n000005_0076_01.jpg,vggface2_pairs,dodging_attack,eval,ArcFace,MI_ADMIX_DI_TI,vanilla,0.4708307087421417,ArcFace_MI_ADMIX_DI_TI_adv
10,GhostFaceNet,/content/face_module/dataset_extractedfaces/vggface2_pairs/n000005_0022_01.jpg,/content/face_module/dataset_extractedfaces/vggface2_pairs/n000005_0076_01.jpg,vggface2_pairs,dodging_attack,eval,ArcFace,PGD,vanilla,0.4919335544109344,ArcFace_PGD_adv
10,GhostFaceNet,/content/face_module/dataset_extractedfaces/vggface2_pairs/n000005_0022_01.jpg,/content/face_module/dataset_extractedfaces/vggface2_pairs/n000005_0076_01.jpg,vggface2_pairs,dodging_attack,eval,ArcFace,MI_FGSM,vanilla,0.4870589077472687,ArcFace_MI_FGSM_adv
10,GhostFaceNet,/content/face_module/dataset_extractedfaces/vggface2_pairs/n000005_0022_01.jpg,/content/face_module/dataset_extractedfaces/vggface2_pairs/n000005_0076_01.jpg,vggface2_pairs,dodging_attack,eval,ArcFace,TI_FGSM,vanilla,0.5400602221488953,ArcFace_TI_FGSM_adv
10,GhostFaceNet,/content/face_module/dataset_extractedfaces/vggface2_pairs/n000005_0022_01.jpg,/content/face_module/dataset_extractedfaces/vggface2_pairs/n000005_0076_01.jpg,vggface2_pairs,dodging_attack,eval,ArcFace,SI_NI_FGSM,vanilla,0.4645549952983856,ArcFace_SI_NI_FGSM_adv
10,GhostFaceNet,/content/face_module/dataset_extractedfaces/vggface2_pairs/n000005_0022_01.jpg,/content/face_module/dataset_extractedfaces/vggface2_pairs/n000005_0076_01.jpg,vggface2_pairs,dodging_attack,eval,ArcFace,MI_ADMIX_DI_TI,vanilla,0.5818912386894226,ArcFace_MI_ADMIX_DI_TI_adv
10,VGG-Face,/content/face_module/dataset_extractedfaces/vggface2_pairs/n000005_0022_01.jpg,/content/face_module/dataset_extractedfaces/vggface2_pairs/n000005_0076_01.jpg,vggface2_pairs,dodging_attack,eval,ArcFace,PGD,vanilla,0.4556713402271271,ArcFace_PGD_adv
10,VGG-Face,/content/face_module/dataset_extractedfaces/vggface2_pairs/n000005_0022_01.jpg,/content/face_module/dataset_extractedfaces/vggface2_pairs/n000005_0076_01.jpg,vggface2_pairs,dodging_attack,eval,ArcFace,MI_FGSM,vanilla,0.4004442989826202,ArcFace_MI_FGSM_adv
10,VGG-Face,/content/face_module/dataset_extractedfaces/vggface2_pairs/n000005_0022_01.jpg,/content/face_module/dataset_extractedfaces/vggface2_pairs/n000005_0076_01.jpg,vggface2_pairs,dodging_attack,eval,ArcFace,TI_FGSM,vanilla,0.4897790849208832,ArcFace_TI_FGSM_adv
10,VGG-Face,/content/face_module/dataset_extractedfaces/vggface2_pairs/n000005_0022_01.jpg,/content/face_module/dataset_extractedfaces/vggface2_pairs/n000005_0076_01.jpg,vggface2_pairs,dodging_attack,eval,ArcFace,SI_NI_FGSM,vanilla,0.3904590606689453,ArcFace_SI_NI_FGSM_adv
10,VGG-Face,/content/face_module/dataset_extractedfaces/vggface2_pairs/n000005_0022_01.jpg,/content/face_module/dataset_extractedfaces/vggface2_pairs/n000005_0076_01.jpg,vggface2_pairs,dodging_attack,eval,ArcFace,MI_ADMIX_DI_TI,vanilla,0.4687113761901855,ArcFace_MI_ADMIX_DI_TI_adv
11,ArcFace,/content/face_module/dataset_extractedfaces/vggface2_pairs/n000007_0176_01.jpg,/content/face_module/dataset_extractedfaces/vggface2_pairs/n000007_0335_03.jpg,vggface2_pairs,dodging_attack,eval,ArcFace,clean,clean,0.1998288035392761,ArcFace_clean
11,Facenet512,/content/face_module/dataset_extractedfaces/vggface2_pairs/n000007_0176_01.jpg,/content/face_module/dataset_extractedfaces/vggface2_pairs/n000007_0335_03.jpg,vggface2_pairs,dodging_attack,eval,ArcFace,clean,clean,0.1998288035392761,ArcFace_clean
11,GhostFaceNet,/content/face_module/dataset_extractedfaces/vggface2_pairs/n000007_0176_01.jpg,/content/face_module/dataset_extractedfaces/vggface2_pairs/n000007_0335_03.jpg,vggface2_pairs,dodging_attack,eval,ArcFace,clean,clean,0.1998288035392761,ArcFace_clean
11,VGG-Face,/content/face_module/dataset_extractedfaces/vggface2_pairs/n000007_0176_01.jpg,/content/face_module/dataset_extractedfaces/vggface2_pairs/n000007_0335_03.jpg,vggface2_pairs,dodging_attack,eval,ArcFace,clean,clean,0.1998288035392761,ArcFace_clean
11,Facenet512,/content/face_module/dataset_extractedfaces/vggface2_pairs/n000007_0176_01.jpg,/content/face_module/dataset_extractedfaces/vggface2_pairs/n000007_0335_03.jpg,vggface2_pairs,dodging_attack,eval,ArcFace,PGD,vanilla,0.1307883411645889,ArcFace_PGD_adv
11,Facenet512,/content/face_module/dataset_extractedfaces/vggface2_pairs/n000007_0176_01.jpg,/content/face_module/dataset_extractedfaces/vggface2_pairs/n000007_0335_03.jpg,vggface2_pairs,dodging_attack,eval,ArcFace,MI_FGSM,vanilla,0.1518521159887313,ArcFace_MI_FGSM_adv
11,Facenet512,/content/face_module/dataset_extractedfaces/vggface2_pairs/n000007_0176_01.jpg,/content/face_module/dataset_extractedfaces/vggface2_pairs/n000007_0335_03.jpg,vggface2_pairs,dodging_attack,eval,ArcFace,TI_FGSM,vanilla,0.1589424163103103,ArcFace_TI_FGSM_adv
11,Facenet512,/content/face_module/dataset_extractedfaces/vggface2_pairs/n000007_0176_01.jpg,/content/face_module/dataset_extractedfaces/vggface2_pairs/n000007_0335_03.jpg,vggface2_pairs,dodging_attack,eval,ArcFace,SI_NI_FGSM,vanilla,0.0830742046236991,ArcFace_SI_NI_FGSM_adv
11,Facenet512,/content/face_module/dataset_extractedfaces/vggface2_pairs/n000007_0176_01.jpg,/content/face_module/dataset_extractedfaces/vggface2_pairs/n000007_0335_03.jpg,vggface2_pairs,dodging_attack,eval,ArcFace,MI_ADMIX_DI_TI,vanilla,0.181760087609291,ArcFace_MI_ADMIX_DI_TI_adv
11,GhostFaceNet,/content/face_module/dataset_extractedfaces/vggface2_pairs/n000007_0176_01.jpg,/content/face_module/dataset_extractedfaces/vggface2_pairs/n000007_0335_03.jpg,vggface2_pairs,dodging_attack,eval,ArcFace,PGD,vanilla,0.2031977027654647,ArcFace_PGD_adv
11,GhostFaceNet,/content/face_module/dataset_extractedfaces/vggface2_pairs/n000007_0176_01.jpg,/content/face_module/dataset_extractedfaces/vggface2_pairs/n000007_0335_03.jpg,vggface2_pairs,dodging_attack,eval,ArcFace,MI_FGSM,vanilla,0.1865864247083664,ArcFace_MI_FGSM_adv
11,GhostFaceNet,/content/face_module/dataset_extractedfaces/vggface2_pairs/n000007_0176_01.jpg,/content/face_module/dataset_extractedfaces/vggface2_pairs/n000007_0335_03.jpg,vggface2_pairs,dodging_attack,eval,ArcFace,TI_FGSM,vanilla,0.2121604532003402,ArcFace_TI_FGSM_adv
11,GhostFaceNet,/content/face_module/dataset_extractedfaces/vggface2_pairs/n000007_0176_01.jpg,/content/face_module/dataset_extractedfaces/vggface2_pairs/n000007_0335_03.jpg,vggface2_pairs,dodging_attack,eval,ArcFace,SI_NI_FGSM,vanilla,0.1491301506757736,ArcFace_SI_NI_FGSM_adv
11,GhostFaceNet,/content/face_module/dataset_extractedfaces/vggface2_pairs/n000007_0176_01.jpg,/content/face_module/dataset_extractedfaces/vggface2_pairs/n000007_0335_03.jpg,vggface2_pairs,dodging_attack,eval,ArcFace,MI_ADMIX_DI_TI,vanilla,0.209740549325943,ArcFace_MI_ADMIX_DI_TI_adv
11,VGG-Face,/content/face_module/dataset_extractedfaces/vggface2_pairs/n000007_0176_01.jpg,/content/face_module/dataset_extractedfaces/vggface2_pairs/n000007_0335_03.jpg,vggface2_pairs,dodging_attack,eval,ArcFace,PGD,vanilla,0.1630751937627792,ArcFace_PGD_adv
11,VGG-Face,/content/face_module/dataset_extractedfaces/vggface2_pairs/n000007_0176_01.jpg,/content/face_module/dataset_extractedfaces/vggface2_pairs/n000007_0335_03.jpg,vggface2_pairs,dodging_attack,eval,ArcFace,MI_FGSM,vanilla,0.1340817511081695,ArcFace_MI_FGSM_adv
11,VGG-Face,/content/face_module/dataset_extractedfaces/vggface2_pairs/n000007_0176_01.jpg,/content/face_module/dataset_extractedfaces/vggface2_pairs/n000007_0335_03.jpg,vggface2_pairs,dodging_attack,eval,ArcFace,TI_FGSM,vanilla,0.1348684430122375,ArcFace_TI_FGSM_adv
11,VGG-Face,/content/face_module/dataset_extractedfaces/vggface2_pairs/n000007_0176_01.jpg,/content/face_module/dataset_extractedfaces/vggface2_pairs/n000007_0335_03.jpg,vggface2_pairs,dodging_attack,eval,ArcFace,SI_NI_FGSM,vanilla,0.0908563584089279,ArcFace_SI_NI_FGSM_adv
11,VGG-Face,/content/face_module/dataset_extractedfaces/vggface2_pairs/n000007_0176_01.jpg,/content/face_module/dataset_extractedfaces/vggface2_pairs/n000007_0335_03.jpg,vggface2_pairs,dodging_attack,eval,ArcFace,MI_ADMIX_DI_TI,vanilla,0.1512478739023208,ArcFace_MI_ADMIX_DI_TI_adv
0,ArcFace,/content/face_module/dataset_extractedfaces/lfw_pairs/Renee Zellweger_1.jpg,/content/face_module/dataset_extractedfaces/lfw_pairs/Catherine Deneuve_2.jpg,lfw_pairs,impersonation_attack,eval,GhostFaceNet,clean,clean,0.1619383841753006,GhostFaceNet_clean
0,Facenet512,/content/face_module/dataset_extractedfaces/lfw_pairs/Renee Zellweger_1.jpg,/content/face_module/dataset_extractedfaces/lfw_pairs/Catherine Deneuve_2.jpg,lfw_pairs,impersonation_attack,eval,GhostFaceNet,clean,clean,0.1619383841753006,GhostFaceNet_clean
0,GhostFaceNet,/content/face_module/dataset_extractedfaces/lfw_pairs/Renee Zellweger_1.jpg,/content/face_module/dataset_extractedfaces/lfw_pairs/Catherine Deneuve_2.jpg,lfw_pairs,impersonation_attack,eval,GhostFaceNet,clean,clean,0.1619383841753006,GhostFaceNet_clean
0,VGG-Face,/content/face_module/dataset_extractedfaces/lfw_pairs/Renee Zellweger_1.jpg,/content/face_module/dataset_extractedfaces/lfw_pairs/Catherine Deneuve_2.jpg,lfw_pairs,impersonation_attack,eval,GhostFaceNet,clean,clean,0.1619383841753006,GhostFaceNet_clean
0,ArcFace,/content/face_module/dataset_extractedfaces/lfw_pairs/Renee Zellweger_1.jpg,/content/face_module/dataset_extractedfaces/lfw_pairs/Catherine Deneuve_2.jpg,lfw_pairs,impersonation_attack,eval,GhostFaceNet,PGD,vanilla,0.1015942245721817,GhostFaceNet_PGD_adv
0,ArcFace,/content/face_module/dataset_extractedfaces/lfw_pairs/Renee Zellweger_1.jpg,/content/face_module/dataset_extractedfaces/lfw_pairs/Catherine Deneuve_2.jpg,lfw_pairs,impersonation_attack,eval,GhostFaceNet,MI_FGSM,vanilla,0.0798156261444091,GhostFaceNet_MI_FGSM_adv
0,ArcFace,/content/face_module/dataset_extractedfaces/lfw_pairs/Renee Zellweger_1.jpg,/content/face_module/dataset_extractedfaces/lfw_pairs/Catherine Deneuve_2.jpg,lfw_pairs,impersonation_attack,eval,GhostFaceNet,TI_FGSM,vanilla,0.1781003922224044,GhostFaceNet_TI_FGSM_adv
0,ArcFace,/content/face_module/dataset_extractedfaces/lfw_pairs/Renee Zellweger_1.jpg,/content/face_module/dataset_extractedfaces/lfw_pairs/Catherine Deneuve_2.jpg,lfw_pairs,impersonation_attack,eval,GhostFaceNet,SI_NI_FGSM,vanilla,0.0782970562577247,GhostFaceNet_SI_NI_FGSM_adv
0,ArcFace,/content/face_module/dataset_extractedfaces/lfw_pairs/Renee Zellweger_1.jpg,/content/face_module/dataset_extractedfaces/lfw_pairs/Catherine Deneuve_2.jpg,lfw_pairs,impersonation_attack,eval,GhostFaceNet,MI_ADMIX_DI_TI,vanilla,0.1508165150880813,GhostFaceNet_MI_ADMIX_DI_TI_adv
0,Facenet512,/content/face_module/dataset_extractedfaces/lfw_pairs/Renee Zellweger_1.jpg,/content/face_module/dataset_extractedfaces/lfw_pairs/Catherine Deneuve_2.jpg,lfw_pairs,impersonation_attack,eval,GhostFaceNet,PGD,vanilla,0.1122274249792099,GhostFaceNet_PGD_adv
0,Facenet512,/content/face_module/dataset_extractedfaces/lfw_pairs/Renee Zellweger_1.jpg,/content/face_module/dataset_extractedfaces/lfw_pairs/Catherine Deneuve_2.jpg,lfw_pairs,impersonation_attack,eval,GhostFaceNet,MI_FGSM,vanilla,0.0679763108491897,GhostFaceNet_MI_FGSM_adv
0,Facenet512,/content/face_module/dataset_extractedfaces/lfw_pairs/Renee Zellweger_1.jpg,/content/face_module/dataset_extractedfaces/lfw_pairs/Catherine Deneuve_2.jpg,lfw_pairs,impersonation_attack,eval,GhostFaceNet,TI_FGSM,vanilla,0.133324384689331,GhostFaceNet_TI_FGSM_adv
0,Facenet512,/content/face_module/dataset_extractedfaces/lfw_pairs/Renee Zellweger_1.jpg,/content/face_module/dataset_extractedfaces/lfw_pairs/Catherine Deneuve_2.jpg,lfw_pairs,impersonation_attack,eval,GhostFaceNet,SI_NI_FGSM,vanilla,0.1099966019392013,GhostFaceNet_SI_NI_FGSM_adv
0,Facenet512,/content/face_module/dataset_extractedfaces/lfw_pairs/Renee Zellweger_1.jpg,/content/face_module/dataset_extractedfaces/lfw_pairs/Catherine Deneuve_2.jpg,lfw_pairs,impersonation_attack,eval,GhostFaceNet,MI_ADMIX_DI_TI,vanilla,0.0621764250099659,GhostFaceNet_MI_ADMIX_DI_TI_adv
0,VGG-Face,/content/face_module/dataset_extractedfaces/lfw_pairs/Renee Zellweger_1.jpg,/content/face_module/dataset_extractedfaces/lfw_pairs/Catherine Deneuve_2.jpg,lfw_pairs,impersonation_attack,eval,GhostFaceNet,PGD,vanilla,0.101790502667427,GhostFaceNet_PGD_adv
0,VGG-Face,/content/face_module/dataset_extractedfaces/lfw_pairs/Renee Zellweger_1.jpg,/content/face_module/dataset_extractedfaces/lfw_pairs/Catherine Deneuve_2.jpg,lfw_pairs,impersonation_attack,eval,GhostFaceNet,MI_FGSM,vanilla,0.1149543672800064,GhostFaceNet_MI_FGSM_adv
0,VGG-Face,/content/face_module/dataset_extractedfaces/lfw_pairs/Renee Zellweger_1.jpg,/content/face_module/dataset_extractedfaces/lfw_pairs/Catherine Deneuve_2.jpg,lfw_pairs,impersonation_attack,eval,GhostFaceNet,TI_FGSM,vanilla,0.1223988980054855,GhostFaceNet_TI_FGSM_adv
0,VGG-Face,/content/face_module/dataset_extractedfaces/lfw_pairs/Renee Zellweger_1.jpg,/content/face_module/dataset_extractedfaces/lfw_pairs/Catherine Deneuve_2.jpg,lfw_pairs,impersonation_attack,eval,GhostFaceNet,SI_NI_FGSM,vanilla,0.121613971889019,GhostFaceNet_SI_NI_FGSM_adv
0,VGG-Face,/content/face_module/dataset_extractedfaces/lfw_pairs/Renee Zellweger_1.jpg,/content/face_module/dataset_extractedfaces/lfw_pairs/Catherine Deneuve_2.jpg,lfw_pairs,impersonation_attack,eval,GhostFaceNet,MI_ADMIX_DI_TI,vanilla,0.1117116808891296,GhostFaceNet_MI_ADMIX_DI_TI_adv
32,ArcFace,/content/face_module/dataset_extractedfaces/lfw_pairs/Donald Rumsfeld_105.jpg,/content/face_module/dataset_extractedfaces/lfw_pairs/Paul Burrell_11.jpg,lfw_pairs,impersonation_attack,eval,GhostFaceNet,clean,clean,0.1424880474805832,GhostFaceNet_clean
32,Facenet512,/content/face_module/dataset_extractedfaces/lfw_pairs/Donald Rumsfeld_105.jpg,/content/face_module/dataset_extractedfaces/lfw_pairs/Paul Burrell_11.jpg,lfw_pairs,impersonation_attack,eval,GhostFaceNet,clean,clean,0.1424880474805832,GhostFaceNet_clean
32,GhostFaceNet,/content/face_module/dataset_extractedfaces/lfw_pairs/Donald Rumsfeld_105.jpg,/content/face_module/dataset_extractedfaces/lfw_pairs/Paul Burrell_11.jpg,lfw_pairs,impersonation_attack,eval,GhostFaceNet,clean,clean,0.1424880474805832,GhostFaceNet_clean
32,VGG-Face,/content/face_module/dataset_extractedfaces/lfw_pairs/Donald Rumsfeld_105.jpg,/content/face_module/dataset_extractedfaces/lfw_pairs/Paul Burrell_11.jpg,lfw_pairs,impersonation_attack,eval,GhostFaceNet,clean,clean,0.1424880474805832,GhostFaceNet_clean
32,ArcFace,/content/face_module/dataset_extractedfaces/lfw_pairs/Donald Rumsfeld_105.jpg,/content/face_module/dataset_extractedfaces/lfw_pairs/Paul Burrell_11.jpg,lfw_pairs,impersonation_attack,eval,GhostFaceNet,PGD,vanilla,0.1522175073623657,GhostFaceNet_PGD_adv
32,ArcFace,/content/face_module/dataset_extractedfaces/lfw_pairs/Donald Rumsfeld_105.jpg,/content/face_module/dataset_extractedfaces/lfw_pairs/Paul Burrell_11.jpg,lfw_pairs,impersonation_attack,eval,GhostFaceNet,MI_FGSM,vanilla,0.2133059799671173,GhostFaceNet_MI_FGSM_adv
32,ArcFace,/content/face_module/dataset_extractedfaces/lfw_pairs/Donald Rumsfeld_105.jpg,/content/face_module/dataset_extractedfaces/lfw_pairs/Paul Burrell_11.jpg,lfw_pairs,impersonation_attack,eval,GhostFaceNet,TI_FGSM,vanilla,0.1248302310705185,GhostFaceNet_TI_FGSM_adv
32,ArcFace,/content/face_module/dataset_extractedfaces/lfw_pairs/Donald Rumsfeld_105.jpg,/content/face_module/dataset_extractedfaces/lfw_pairs/Paul Burrell_11.jpg,lfw_pairs,impersonation_attack,eval,GhostFaceNet,SI_NI_FGSM,vanilla,0.2233567237854004,GhostFaceNet_SI_NI_FGSM_adv
32,ArcFace,/content/face_module/dataset_extractedfaces/lfw_pairs/Donald Rumsfeld_105.jpg,/content/face_module/dataset_extractedfaces/lfw_pairs/Paul Burrell_11.jpg,lfw_pairs,impersonation_attack,eval,GhostFaceNet,MI_ADMIX_DI_TI,vanilla,0.1507578045129776,GhostFaceNet_MI_ADMIX_DI_TI_adv
32,Facenet512,/content/face_module/dataset_extractedfaces/lfw_pairs/Donald Rumsfeld_105.jpg,/content/face_module/dataset_extractedfaces/lfw_pairs/Paul Burrell_11.jpg,lfw_pairs,impersonation_attack,eval,GhostFaceNet,PGD,vanilla,0.2088486701250076,GhostFaceNet_PGD_adv
32,Facenet512,/content/face_module/dataset_extractedfaces/lfw_pairs/Donald Rumsfeld_105.jpg,/content/face_module/dataset_extractedfaces/lfw_pairs/Paul Burrell_11.jpg,lfw_pairs,impersonation_attack,eval,GhostFaceNet,MI_FGSM,vanilla,0.1263905465602874,GhostFaceNet_MI_FGSM_adv
32,Facenet512,/content/face_module/dataset_extractedfaces/lfw_pairs/Donald Rumsfeld_105.jpg,/content/face_module/dataset_extractedfaces/lfw_pairs/Paul Burrell_11.jpg,lfw_pairs,impersonation_attack,eval,GhostFaceNet,TI_FGSM,vanilla,0.1672353446483612,GhostFaceNet_TI_FGSM_adv
32,Facenet512,/content/face_module/dataset_extractedfaces/lfw_pairs/Donald Rumsfeld_105.jpg,/content/face_module/dataset_extractedfaces/lfw_pairs/Paul Burrell_11.jpg,lfw_pairs,impersonation_attack,eval,GhostFaceNet,SI_NI_FGSM,vanilla,0.1517397761344909,GhostFaceNet_SI_NI_FGSM_adv
32,Facenet512,/content/face_module/dataset_extractedfaces/lfw_pairs/Donald Rumsfeld_105.jpg,/content/face_module/dataset_extractedfaces/lfw_pairs/Paul Burrell_11.jpg,lfw_pairs,impersonation_attack,eval,GhostFaceNet,MI_ADMIX_DI_TI,vanilla,0.2154733091592788,GhostFaceNet_MI_ADMIX_DI_TI_adv
32,VGG-Face,/content/face_module/dataset_extractedfaces/lfw_pairs/Donald Rumsfeld_105.jpg,/content/face_module/dataset_extractedfaces/lfw_pairs/Paul Burrell_11.jpg,lfw_pairs,impersonation_attack,eval,GhostFaceNet,PGD,vanilla,0.2317650616168975,GhostFaceNet_PGD_adv
32,VGG-Face,/content/face_module/dataset_extractedfaces/lfw_pairs/Donald Rumsfeld_105.jpg,/content/face_module/dataset_extractedfaces/lfw_pairs/Paul Burrell_11.jpg,lfw_pairs,impersonation_attack,eval,GhostFaceNet,MI_FGSM,vanilla,0.200723648071289,GhostFaceNet_MI_FGSM_adv
32,VGG-Face,/content/face_module/dataset_extractedfaces/lfw_pairs/Donald Rumsfeld_105.jpg,/content/face_module/dataset_extractedfaces/lfw_pairs/Paul Burrell_11.jpg,lfw_pairs,impersonation_attack,eval,GhostFaceNet,TI_FGSM,vanilla,0.2328293919563293,GhostFaceNet_TI_FGSM_adv
32,VGG-Face,/content/face_module/dataset_extractedfaces/lfw_pairs/Donald Rumsfeld_105.jpg,/content/face_module/dataset_extractedfaces/lfw_pairs/Paul Burrell_11.jpg,lfw_pairs,impersonation_attack,eval,GhostFaceNet,SI_NI_FGSM,vanilla,0.2335914224386215,GhostFaceNet_SI_NI_FGSM_adv
32,VGG-Face,/content/face_module/dataset_extractedfaces/lfw_pairs/Donald Rumsfeld_105.jpg,/content/face_module/dataset_extractedfaces/lfw_pairs/Paul Burrell_11.jpg,lfw_pairs,impersonation_attack,eval,GhostFaceNet,MI_ADMIX_DI_TI,vanilla,0.2538392543792724,GhostFaceNet_MI_ADMIX_DI_TI_adv
48,ArcFace,/content/face_module/dataset_extractedfaces/lfw_pairs/Renee Zellweger_14.jpg,/content/face_module/dataset_extractedfaces/lfw_pairs/Venus Williams_9.jpg,lfw_pairs,impersonation_attack,eval,GhostFaceNet,clean,clean,0.257136195898056,GhostFaceNet_clean
48,Facenet512,/content/face_module/dataset_extractedfaces/lfw_pairs/Renee Zellweger_14.jpg,/content/face_module/dataset_extractedfaces/lfw_pairs/Venus Williams_9.jpg,lfw_pairs,impersonation_attack,eval,GhostFaceNet,clean,clean,0.257136195898056,GhostFaceNet_clean
48,GhostFaceNet,/content/face_module/dataset_extractedfaces/lfw_pairs/Renee Zellweger_14.jpg,/content/face_module/dataset_extractedfaces/lfw_pairs/Venus Williams_9.jpg,lfw_pairs,impersonation_attack,eval,GhostFaceNet,clean,clean,0.257136195898056,GhostFaceNet_clean
48,VGG-Face,/content/face_module/dataset_extractedfaces/lfw_pairs/Renee Zellweger_14.jpg,/content/face_module/dataset_extractedfaces/lfw_pairs/Venus Williams_9.jpg,lfw_pairs,impersonation_attack,eval,GhostFaceNet,clean,clean,0.257136195898056,GhostFaceNet_clean
48,ArcFace,/content/face_module/dataset_extractedfaces/lfw_pairs/Renee Zellweger_14.jpg,/content/face_module/dataset_extractedfaces/lfw_pairs/Venus Williams_9.jpg,lfw_pairs,impersonation_attack,eval,GhostFaceNet,PGD,vanilla,0.3726195991039276,GhostFaceNet_PGD_adv
48,ArcFace,/content/face_module/dataset_extractedfaces/lfw_pairs/Renee Zellweger_14.jpg,/content/face_module/dataset_extractedfaces/lfw_pairs/Venus Williams_9.jpg,lfw_pairs,impersonation_attack,eval,GhostFaceNet,MI_FGSM,vanilla,0.4242822527885437,GhostFaceNet_MI_FGSM_adv
48,ArcFace,/content/face_module/dataset_extractedfaces/lfw_pairs/Renee Zellweger_14.jpg,/content/face_module/dataset_extractedfaces/lfw_pairs/Venus Williams_9.jpg,lfw_pairs,impersonation_attack,eval,GhostFaceNet,TI_FGSM,vanilla,0.3207750618457794,GhostFaceNet_TI_FGSM_adv
48,ArcFace,/content/face_module/dataset_extractedfaces/lfw_pairs/Renee Zellweger_14.jpg,/content/face_module/dataset_extractedfaces/lfw_pairs/Venus Williams_9.jpg,lfw_pairs,impersonation_attack,eval,GhostFaceNet,SI_NI_FGSM,vanilla,0.3696754276752472,GhostFaceNet_SI_NI_FGSM_adv
48,ArcFace,/content/face_module/dataset_extractedfaces/lfw_pairs/Renee Zellweger_14.jpg,/content/face_module/dataset_extractedfaces/lfw_pairs/Venus Williams_9.jpg,lfw_pairs,impersonation_attack,eval,GhostFaceNet,MI_ADMIX_DI_TI,vanilla,0.2745805382728576,GhostFaceNet_MI_ADMIX_DI_TI_adv
48,Facenet512,/content/face_module/dataset_extractedfaces/lfw_pairs/Renee Zellweger_14.jpg,/content/face_module/dataset_extractedfaces/lfw_pairs/Venus Williams_9.jpg,lfw_pairs,impersonation_attack,eval,GhostFaceNet,PGD,vanilla,0.3014345467090606,GhostFaceNet_PGD_adv
48,Facenet512,/content/face_module/dataset_extractedfaces/lfw_pairs/Renee Zellweger_14.jpg,/content/face_module/dataset_extractedfaces/lfw_pairs/Venus Williams_9.jpg,lfw_pairs,impersonation_attack,eval,GhostFaceNet,MI_FGSM,vanilla,0.3545384109020233,GhostFaceNet_MI_FGSM_adv
48,Facenet512,/content/face_module/dataset_extractedfaces/lfw_pairs/Renee Zellweger_14.jpg,/content/face_module/dataset_extractedfaces/lfw_pairs/Venus Williams_9.jpg,lfw_pairs,impersonation_attack,eval,GhostFaceNet,TI_FGSM,vanilla,0.3602525889873504,GhostFaceNet_TI_FGSM_adv
48,Facenet512,/content/face_module/dataset_extractedfaces/lfw_pairs/Renee Zellweger_14.jpg,/content/face_module/dataset_extractedfaces/lfw_pairs/Venus Williams_9.jpg,lfw_pairs,impersonation_attack,eval,GhostFaceNet,SI_NI_FGSM,vanilla,0.3925606906414032,GhostFaceNet_SI_NI_FGSM_adv
48,Facenet512,/content/face_module/dataset_extractedfaces/lfw_pairs/Renee Zellweger_14.jpg,/content/face_module/dataset_extractedfaces/lfw_pairs/Venus Williams_9.jpg,lfw_pairs,impersonation_attack,eval,GhostFaceNet,MI_ADMIX_DI_TI,vanilla,0.3307333290576935,GhostFaceNet_MI_ADMIX_DI_TI_adv
48,VGG-Face,/content/face_module/dataset_extractedfaces/lfw_pairs/Renee Zellweger_14.jpg,/content/face_module/dataset_extractedfaces/lfw_pairs/Venus Williams_9.jpg,lfw_pairs,impersonation_attack,eval,GhostFaceNet,PGD,vanilla,0.2944658398628235,GhostFaceNet_PGD_adv
48,VGG-Face,/content/face_module/dataset_extractedfaces/lfw_pairs/Renee Zellweger_14.jpg,/content/face_module/dataset_extractedfaces/lfw_pairs/Venus Williams_9.jpg,lfw_pairs,impersonation_attack,eval,GhostFaceNet,MI_FGSM,vanilla,0.3861537873744964,GhostFaceNet_MI_FGSM_adv
48,VGG-Face,/content/face_module/dataset_extractedfaces/lfw_pairs/Renee Zellweger_14.jpg,/content/face_module/dataset_extractedfaces/lfw_pairs/Venus Williams_9.jpg,lfw_pairs,impersonation_attack,eval,GhostFaceNet,TI_FGSM,vanilla,0.3128333389759063,GhostFaceNet_TI_FGSM_adv
48,VGG-Face,/content/face_module/dataset_extractedfaces/lfw_pairs/Renee Zellweger_14.jpg,/content/face_module/dataset_extractedfaces/lfw_pairs/Venus Williams_9.jpg,lfw_pairs,impersonation_attack,eval,GhostFaceNet,SI_NI_FGSM,vanilla,0.380713939666748,GhostFaceNet_SI_NI_FGSM_adv
48,VGG-Face,/content/face_module/dataset_extractedfaces/lfw_pairs/Renee Zellweger_14.jpg,/content/face_module/dataset_extractedfaces/lfw_pairs/Venus Williams_9.jpg,lfw_pairs,impersonation_attack,eval,GhostFaceNet,MI_ADMIX_DI_TI,vanilla,0.2999245822429657,GhostFaceNet_MI_ADMIX_DI_TI_adv
57,ArcFace,/content/face_module/dataset_extractedfaces/lfw_pairs/Mike Weir_10.jpg,/content/face_module/dataset_extractedfaces/lfw_pairs/Luis Horna_2.jpg,lfw_pairs,impersonation_attack,eval,GhostFaceNet,clean,clean,0.0285831149667501,GhostFaceNet_clean
57,Facenet512,/content/face_module/dataset_extractedfaces/lfw_pairs/Mike Weir_10.jpg,/content/face_module/dataset_extractedfaces/lfw_pairs/Luis Horna_2.jpg,lfw_pairs,impersonation_attack,eval,GhostFaceNet,clean,clean,0.0285831149667501,GhostFaceNet_clean
57,GhostFaceNet,/content/face_module/dataset_extractedfaces/lfw_pairs/Mike Weir_10.jpg,/content/face_module/dataset_extractedfaces/lfw_pairs/Luis Horna_2.jpg,lfw_pairs,impersonation_attack,eval,GhostFaceNet,clean,clean,0.0285831149667501,GhostFaceNet_clean
57,VGG-Face,/content/face_module/dataset_extractedfaces/lfw_pairs/Mike Weir_10.jpg,/content/face_module/dataset_extractedfaces/lfw_pairs/Luis Horna_2.jpg,lfw_pairs,impersonation_attack,eval,GhostFaceNet,clean,clean,0.0285831149667501,GhostFaceNet_clean
57,ArcFace,/content/face_module/dataset_extractedfaces/lfw_pairs/Mike Weir_10.jpg,/content/face_module/dataset_extractedfaces/lfw_pairs/Luis Horna_2.jpg,lfw_pairs,impersonation_attack,eval,GhostFaceNet,PGD,vanilla,-0.0234776493161916,GhostFaceNet_PGD_adv
57,ArcFace,/content/face_module/dataset_extractedfaces/lfw_pairs/Mike Weir_10.jpg,/content/face_module/dataset_extractedfaces/lfw_pairs/Luis Horna_2.jpg,lfw_pairs,impersonation_attack,eval,GhostFaceNet,MI_FGSM,vanilla,0.0397902950644493,GhostFaceNet_MI_FGSM_adv
57,ArcFace,/content/face_module/dataset_extractedfaces/lfw_pairs/Mike Weir_10.jpg,/content/face_module/dataset_extractedfaces/lfw_pairs/Luis Horna_2.jpg,lfw_pairs,impersonation_attack,eval,GhostFaceNet,TI_FGSM,vanilla,0.0013542473316192,GhostFaceNet_TI_FGSM_adv
57,ArcFace,/content/face_module/dataset_extractedfaces/lfw_pairs/Mike Weir_10.jpg,/content/face_module/dataset_extractedfaces/lfw_pairs/Luis Horna_2.jpg,lfw_pairs,impersonation_attack,eval,GhostFaceNet,SI_NI_FGSM,vanilla,0.02792814001441,GhostFaceNet_SI_NI_FGSM_adv
57,ArcFace,/content/face_module/dataset_extractedfaces/lfw_pairs/Mike Weir_10.jpg,/content/face_module/dataset_extractedfaces/lfw_pairs/Luis Horna_2.jpg,lfw_pairs,impersonation_attack,eval,GhostFaceNet,MI_ADMIX_DI_TI,vanilla,0.0435412526130676,GhostFaceNet_MI_ADMIX_DI_TI_adv
57,Facenet512,/content/face_module/dataset_extractedfaces/lfw_pairs/Mike Weir_10.jpg,/content/face_module/dataset_extractedfaces/lfw_pairs/Luis Horna_2.jpg,lfw_pairs,impersonation_attack,eval,GhostFaceNet,PGD,vanilla,0.1306519508361816,GhostFaceNet_PGD_adv
57,Facenet512,/content/face_module/dataset_extractedfaces/lfw_pairs/Mike Weir_10.jpg,/content/face_module/dataset_extractedfaces/lfw_pairs/Luis Horna_2.jpg,lfw_pairs,impersonation_attack,eval,GhostFaceNet,MI_FGSM,vanilla,0.103253848850727,GhostFaceNet_MI_FGSM_adv
57,Facenet512,/content/face_module/dataset_extractedfaces/lfw_pairs/Mike Weir_10.jpg,/content/face_module/dataset_extractedfaces/lfw_pairs/Luis Horna_2.jpg,lfw_pairs,impersonation_attack,eval,GhostFaceNet,TI_FGSM,vanilla,0.0639485791325569,GhostFaceNet_TI_FGSM_adv
57,Facenet512,/content/face_module/dataset_extractedfaces/lfw_pairs/Mike Weir_10.jpg,/content/face_module/dataset_extractedfaces/lfw_pairs/Luis Horna_2.jpg,lfw_pairs,impersonation_attack,eval,GhostFaceNet,SI_NI_FGSM,vanilla,0.1001270413398742,GhostFaceNet_SI_NI_FGSM_adv
57,Facenet512,/content/face_module/dataset_extractedfaces/lfw_pairs/Mike Weir_10.jpg,/content/face_module/dataset_extractedfaces/lfw_pairs/Luis Horna_2.jpg,lfw_pairs,impersonation_attack,eval,GhostFaceNet,MI_ADMIX_DI_TI,vanilla,0.056428886950016,GhostFaceNet_MI_ADMIX_DI_TI_adv
57,VGG-Face,/content/face_module/dataset_extractedfaces/lfw_pairs/Mike Weir_10.jpg,/content/face_module/dataset_extractedfaces/lfw_pairs/Luis Horna_2.jpg,lfw_pairs,impersonation_attack,eval,GhostFaceNet,PGD,vanilla,0.0868888050317764,GhostFaceNet_PGD_adv
57,VGG-Face,/content/face_module/dataset_extractedfaces/lfw_pairs/Mike Weir_10.jpg,/content/face_module/dataset_extractedfaces/lfw_pairs/Luis Horna_2.jpg,lfw_pairs,impersonation_attack,eval,GhostFaceNet,MI_FGSM,vanilla,-0.0132481157779693,GhostFaceNet_MI_FGSM_adv
57,VGG-Face,/content/face_module/dataset_extractedfaces/lfw_pairs/Mike Weir_10.jpg,/content/face_module/dataset_extractedfaces/lfw_pairs/Luis Horna_2.jpg,lfw_pairs,impersonation_attack,eval,GhostFaceNet,TI_FGSM,vanilla,0.058530643582344,GhostFaceNet_TI_FGSM_adv
57,VGG-Face,/content/face_module/dataset_extractedfaces/lfw_pairs/Mike Weir_10.jpg,/content/face_module/dataset_extractedfaces/lfw_pairs/Luis Horna_2.jpg,lfw_pairs,impersonation_attack,eval,GhostFaceNet,SI_NI_FGSM,vanilla,-0.0120844636112451,GhostFaceNet_SI_NI_FGSM_adv
57,VGG-Face,/content/face_module/dataset_extractedfaces/lfw_pairs/Mike Weir_10.jpg,/content/face_module/dataset_extractedfaces/lfw_pairs/Luis Horna_2.jpg,lfw_pairs,impersonation_attack,eval,GhostFaceNet,MI_ADMIX_DI_TI,vanilla,-0.0173557288944721,GhostFaceNet_MI_ADMIX_DI_TI_adv
60,ArcFace,/content/face_module/dataset_extractedfaces/lfw_pairs/Jason Kidd_9.jpg,/content/face_module/dataset_extractedfaces/lfw_pairs/Luiz Inacio Lula da Silva_22.jpg,lfw_pairs,impersonation_attack,eval,GhostFaceNet,clean,clean,0.0285564307123422,GhostFaceNet_clean
60,Facenet512,/content/face_module/dataset_extractedfaces/lfw_pairs/Jason Kidd_9.jpg,/content/face_module/dataset_extractedfaces/lfw_pairs/Luiz Inacio Lula da Silva_22.jpg,lfw_pairs,impersonation_attack,eval,GhostFaceNet,clean,clean,0.0285564307123422,GhostFaceNet_clean
60,GhostFaceNet,/content/face_module/dataset_extractedfaces/lfw_pairs/Jason Kidd_9.jpg,/content/face_module/dataset_extractedfaces/lfw_pairs/Luiz Inacio Lula da Silva_22.jpg,lfw_pairs,impersonation_attack,eval,GhostFaceNet,clean,clean,0.0285564307123422,GhostFaceNet_clean
60,VGG-Face,/content/face_module/dataset_extractedfaces/lfw_pairs/Jason Kidd_9.jpg,/content/face_module/dataset_extractedfaces/lfw_pairs/Luiz Inacio Lula da Silva_22.jpg,lfw_pairs,impersonation_attack,eval,GhostFaceNet,clean,clean,0.0285564307123422,GhostFaceNet_clean
60,ArcFace,/content/face_module/dataset_extractedfaces/lfw_pairs/Jason Kidd_9.jpg,/content/face_module/dataset_extractedfaces/lfw_pairs/Luiz Inacio Lula da Silva_22.jpg,lfw_pairs,impersonation_attack,eval,GhostFaceNet,PGD,vanilla,-0.0157848987728357,GhostFaceNet_PGD_adv
60,ArcFace,/content/face_module/dataset_extractedfaces/lfw_pairs/Jason Kidd_9.jpg,/content/face_module/dataset_extractedfaces/lfw_pairs/Luiz Inacio Lula da Silva_22.jpg,lfw_pairs,impersonation_attack,eval,GhostFaceNet,MI_FGSM,vanilla,-0.0262922700494527,GhostFaceNet_MI_FGSM_adv
60,ArcFace,/content/face_module/dataset_extractedfaces/lfw_pairs/Jason Kidd_9.jpg,/content/face_module/dataset_extractedfaces/lfw_pairs/Luiz Inacio Lula da Silva_22.jpg,lfw_pairs,impersonation_attack,eval,GhostFaceNet,TI_FGSM,vanilla,0.0351365432143211,GhostFaceNet_TI_FGSM_adv
60,ArcFace,/content/face_module/dataset_extractedfaces/lfw_pairs/Jason Kidd_9.jpg,/content/face_module/dataset_extractedfaces/lfw_pairs/Luiz Inacio Lula da Silva_22.jpg,lfw_pairs,impersonation_attack,eval,GhostFaceNet,SI_NI_FGSM,vanilla,-0.0432042591273784,GhostFaceNet_SI_NI_FGSM_adv
60,ArcFace,/content/face_module/dataset_extractedfaces/lfw_pairs/Jason Kidd_9.jpg,/content/face_module/dataset_extractedfaces/lfw_pairs/Luiz Inacio Lula da Silva_22.jpg,lfw_pairs,impersonation_attack,eval,GhostFaceNet,MI_ADMIX_DI_TI,vanilla,0.0026568549219518,GhostFaceNet_MI_ADMIX_DI_TI_adv
60,Facenet512,/content/face_module/dataset_extractedfaces/lfw_pairs/Jason Kidd_9.jpg,/content/face_module/dataset_extractedfaces/lfw_pairs/Luiz Inacio Lula da Silva_22.jpg,lfw_pairs,impersonation_attack,eval,GhostFaceNet,PGD,vanilla,0.0167241860181093,GhostFaceNet_PGD_adv
60,Facenet512,/content/face_module/dataset_extractedfaces/lfw_pairs/Jason Kidd_9.jpg,/content/face_module/dataset_extractedfaces/lfw_pairs/Luiz Inacio Lula da Silva_22.jpg,lfw_pairs,impersonation_attack,eval,GhostFaceNet,MI_FGSM,vanilla,0.0728039070963859,GhostFaceNet_MI_FGSM_adv
60,Facenet512,/content/face_module/dataset_extractedfaces/lfw_pairs/Jason Kidd_9.jpg,/content/face_module/dataset_extractedfaces/lfw_pairs/Luiz Inacio Lula da Silva_22.jpg,lfw_pairs,impersonation_attack,eval,GhostFaceNet,TI_FGSM,vanilla,-0.0004219264083076,GhostFaceNet_TI_FGSM_adv
60,Facenet512,/content/face_module/dataset_extractedfaces/lfw_pairs/Jason Kidd_9.jpg,/content/face_module/dataset_extractedfaces/lfw_pairs/Luiz Inacio Lula da Silva_22.jpg,lfw_pairs,impersonation_attack,eval,GhostFaceNet,SI_NI_FGSM,vanilla,0.1139494776725769,GhostFaceNet_SI_NI_FGSM_adv
60,Facenet512,/content/face_module/dataset_extractedfaces/lfw_pairs/Jason Kidd_9.jpg,/content/face_module/dataset_extractedfaces/lfw_pairs/Luiz Inacio Lula da Silva_22.jpg,lfw_pairs,impersonation_attack,eval,GhostFaceNet,MI_ADMIX_DI_TI,vanilla,0.0508381873369216,GhostFaceNet_MI_ADMIX_DI_TI_adv
60,VGG-Face,/content/face_module/dataset_extractedfaces/lfw_pairs/Jason Kidd_9.jpg,/content/face_module/dataset_extractedfaces/lfw_pairs/Luiz Inacio Lula da Silva_22.jpg,lfw_pairs,impersonation_attack,eval,GhostFaceNet,PGD,vanilla,0.0608122050762176,GhostFaceNet_PGD_adv
60,VGG-Face,/content/face_module/dataset_extractedfaces/lfw_pairs/Jason Kidd_9.jpg,/content/face_module/dataset_extractedfaces/lfw_pairs/Luiz Inacio Lula da Silva_22.jpg,lfw_pairs,impersonation_attack,eval,GhostFaceNet,MI_FGSM,vanilla,0.0909631475806236,GhostFaceNet_MI_FGSM_adv
60,VGG-Face,/content/face_module/dataset_extractedfaces/lfw_pairs/Jason Kidd_9.jpg,/content/face_module/dataset_extractedfaces/lfw_pairs/Luiz Inacio Lula da Silva_22.jpg,lfw_pairs,impersonation_attack,eval,GhostFaceNet,TI_FGSM,vanilla,0.0933390334248542,GhostFaceNet_TI_FGSM_adv
60,VGG-Face,/content/face_module/dataset_extractedfaces/lfw_pairs/Jason Kidd_9.jpg,/content/face_module/dataset_extractedfaces/lfw_pairs/Luiz Inacio Lula da Silva_22.jpg,lfw_pairs,impersonation_attack,eval,GhostFaceNet,SI_NI_FGSM,vanilla,0.0914845690131187,GhostFaceNet_SI_NI_FGSM_adv
60,VGG-Face,/content/face_module/dataset_extractedfaces/lfw_pairs/Jason Kidd_9.jpg,/content/face_module/dataset_extractedfaces/lfw_pairs/Luiz Inacio Lula da Silva_22.jpg,lfw_pairs,impersonation_attack,eval,GhostFaceNet,MI_ADMIX_DI_TI,vanilla,0.1485689431428909,GhostFaceNet_MI_ADMIX_DI_TI_adv
2,ArcFace,/content/face_module/dataset_extractedfaces/celeba_pairs/107859.jpg,/content/face_module/dataset_extractedfaces/celeba_pairs/031892.jpg,celeba_pairs,impersonation_attack,eval,GhostFaceNet,clean,clean,0.0808513835072517,GhostFaceNet_clean
2,Facenet512,/content/face_module/dataset_extractedfaces/celeba_pairs/107859.jpg,/content/face_module/dataset_extractedfaces/celeba_pairs/031892.jpg,celeba_pairs,impersonation_attack,eval,GhostFaceNet,clean,clean,0.0808513835072517,GhostFaceNet_clean
2,GhostFaceNet,/content/face_module/dataset_extractedfaces/celeba_pairs/107859.jpg,/content/face_module/dataset_extractedfaces/celeba_pairs/031892.jpg,celeba_pairs,impersonation_attack,eval,GhostFaceNet,clean,clean,0.0808513835072517,GhostFaceNet_clean
2,VGG-Face,/content/face_module/dataset_extractedfaces/celeba_pairs/107859.jpg,/content/face_module/dataset_extractedfaces/celeba_pairs/031892.jpg,celeba_pairs,impersonation_attack,eval,GhostFaceNet,clean,clean,0.0808513835072517,GhostFaceNet_clean
2,ArcFace,/content/face_module/dataset_extractedfaces/celeba_pairs/107859.jpg,/content/face_module/dataset_extractedfaces/celeba_pairs/031892.jpg,celeba_pairs,impersonation_attack,eval,GhostFaceNet,PGD,vanilla,0.1241553202271461,GhostFaceNet_PGD_adv
2,ArcFace,/content/face_module/dataset_extractedfaces/celeba_pairs/107859.jpg,/content/face_module/dataset_extractedfaces/celeba_pairs/031892.jpg,celeba_pairs,impersonation_attack,eval,GhostFaceNet,MI_FGSM,vanilla,0.0828303471207618,GhostFaceNet_MI_FGSM_adv
2,ArcFace,/content/face_module/dataset_extractedfaces/celeba_pairs/107859.jpg,/content/face_module/dataset_extractedfaces/celeba_pairs/031892.jpg,celeba_pairs,impersonation_attack,eval,GhostFaceNet,TI_FGSM,vanilla,0.1335390657186508,GhostFaceNet_TI_FGSM_adv
2,ArcFace,/content/face_module/dataset_extractedfaces/celeba_pairs/107859.jpg,/content/face_module/dataset_extractedfaces/celeba_pairs/031892.jpg,celeba_pairs,impersonation_attack,eval,GhostFaceNet,SI_NI_FGSM,vanilla,0.1218551471829414,GhostFaceNet_SI_NI_FGSM_adv
2,ArcFace,/content/face_module/dataset_extractedfaces/celeba_pairs/107859.jpg,/content/face_module/dataset_extractedfaces/celeba_pairs/031892.jpg,celeba_pairs,impersonation_attack,eval,GhostFaceNet,MI_ADMIX_DI_TI,vanilla,0.1905921101570129,GhostFaceNet_MI_ADMIX_DI_TI_adv
2,Facenet512,/content/face_module/dataset_extractedfaces/celeba_pairs/107859.jpg,/content/face_module/dataset_extractedfaces/celeba_pairs/031892.jpg,celeba_pairs,impersonation_attack,eval,GhostFaceNet,PGD,vanilla,0.1382516771554947,GhostFaceNet_PGD_adv
2,Facenet512,/content/face_module/dataset_extractedfaces/celeba_pairs/107859.jpg,/content/face_module/dataset_extractedfaces/celeba_pairs/031892.jpg,celeba_pairs,impersonation_attack,eval,GhostFaceNet,MI_FGSM,vanilla,0.0967520326375961,GhostFaceNet_MI_FGSM_adv
2,Facenet512,/content/face_module/dataset_extractedfaces/celeba_pairs/107859.jpg,/content/face_module/dataset_extractedfaces/celeba_pairs/031892.jpg,celeba_pairs,impersonation_attack,eval,GhostFaceNet,TI_FGSM,vanilla,0.0934601202607154,GhostFaceNet_TI_FGSM_adv
2,Facenet512,/content/face_module/dataset_extractedfaces/celeba_pairs/107859.jpg,/content/face_module/dataset_extractedfaces/celeba_pairs/031892.jpg,celeba_pairs,impersonation_attack,eval,GhostFaceNet,SI_NI_FGSM,vanilla,0.114084668457508,GhostFaceNet_SI_NI_FGSM_adv
2,Facenet512,/content/face_module/dataset_extractedfaces/celeba_pairs/107859.jpg,/content/face_module/dataset_extractedfaces/celeba_pairs/031892.jpg,celeba_pairs,impersonation_attack,eval,GhostFaceNet,MI_ADMIX_DI_TI,vanilla,0.1658080816268921,GhostFaceNet_MI_ADMIX_DI_TI_adv
2,VGG-Face,/content/face_module/dataset_extractedfaces/celeba_pairs/107859.jpg,/content/face_module/dataset_extractedfaces/celeba_pairs/031892.jpg,celeba_pairs,impersonation_attack,eval,GhostFaceNet,PGD,vanilla,0.1827903091907501,GhostFaceNet_PGD_adv
2,VGG-Face,/content/face_module/dataset_extractedfaces/celeba_pairs/107859.jpg,/content/face_module/dataset_extractedfaces/celeba_pairs/031892.jpg,celeba_pairs,impersonation_attack,eval,GhostFaceNet,MI_FGSM,vanilla,0.1530647277832031,GhostFaceNet_MI_FGSM_adv
2,VGG-Face,/content/face_module/dataset_extractedfaces/celeba_pairs/107859.jpg,/content/face_module/dataset_extractedfaces/celeba_pairs/031892.jpg,celeba_pairs,impersonation_attack,eval,GhostFaceNet,TI_FGSM,vanilla,0.207984447479248,GhostFaceNet_TI_FGSM_adv
2,VGG-Face,/content/face_module/dataset_extractedfaces/celeba_pairs/107859.jpg,/content/face_module/dataset_extractedfaces/celeba_pairs/031892.jpg,celeba_pairs,impersonation_attack,eval,GhostFaceNet,SI_NI_FGSM,vanilla,0.092115119099617,GhostFaceNet_SI_NI_FGSM_adv
2,VGG-Face,/content/face_module/dataset_extractedfaces/celeba_pairs/107859.jpg,/content/face_module/dataset_extractedfaces/celeba_pairs/031892.jpg,celeba_pairs,impersonation_attack,eval,GhostFaceNet,MI_ADMIX_DI_TI,vanilla,0.1357918828725814,GhostFaceNet_MI_ADMIX_DI_TI_adv
8,ArcFace,/content/face_module/dataset_extractedfaces/celeba_pairs/023666.jpg,/content/face_module/dataset_extractedfaces/celeba_pairs/010959.jpg,celeba_pairs,impersonation_attack,eval,GhostFaceNet,clean,clean,0.0326670072972774,GhostFaceNet_clean
8,Facenet512,/content/face_module/dataset_extractedfaces/celeba_pairs/023666.jpg,/content/face_module/dataset_extractedfaces/celeba_pairs/010959.jpg,celeba_pairs,impersonation_attack,eval,GhostFaceNet,clean,clean,0.0326670072972774,GhostFaceNet_clean
8,GhostFaceNet,/content/face_module/dataset_extractedfaces/celeba_pairs/023666.jpg,/content/face_module/dataset_extractedfaces/celeba_pairs/010959.jpg,celeba_pairs,impersonation_attack,eval,GhostFaceNet,clean,clean,0.0326670072972774,GhostFaceNet_clean
8,VGG-Face,/content/face_module/dataset_extractedfaces/celeba_pairs/023666.jpg,/content/face_module/dataset_extractedfaces/celeba_pairs/010959.jpg,celeba_pairs,impersonation_attack,eval,GhostFaceNet,clean,clean,0.0326670072972774,GhostFaceNet_clean
8,ArcFace,/content/face_module/dataset_extractedfaces/celeba_pairs/023666.jpg,/content/face_module/dataset_extractedfaces/celeba_pairs/010959.jpg,celeba_pairs,impersonation_attack,eval,GhostFaceNet,PGD,vanilla,0.1408261507749557,GhostFaceNet_PGD_adv
8,ArcFace,/content/face_module/dataset_extractedfaces/celeba_pairs/023666.jpg,/content/face_module/dataset_extractedfaces/celeba_pairs/010959.jpg,celeba_pairs,impersonation_attack,eval,GhostFaceNet,MI_FGSM,vanilla,0.2007716745138168,GhostFaceNet_MI_FGSM_adv
8,ArcFace,/content/face_module/dataset_extractedfaces/celeba_pairs/023666.jpg,/content/face_module/dataset_extractedfaces/celeba_pairs/010959.jpg,celeba_pairs,impersonation_attack,eval,GhostFaceNet,TI_FGSM,vanilla,0.192557156085968,GhostFaceNet_TI_FGSM_adv
8,ArcFace,/content/face_module/dataset_extractedfaces/celeba_pairs/023666.jpg,/content/face_module/dataset_extractedfaces/celeba_pairs/010959.jpg,celeba_pairs,impersonation_attack,eval,GhostFaceNet,SI_NI_FGSM,vanilla,0.1986302584409713,GhostFaceNet_SI_NI_FGSM_adv
8,ArcFace,/content/face_module/dataset_extractedfaces/celeba_pairs/023666.jpg,/content/face_module/dataset_extractedfaces/celeba_pairs/010959.jpg,celeba_pairs,impersonation_attack,eval,GhostFaceNet,MI_ADMIX_DI_TI,vanilla,0.2347295135259628,GhostFaceNet_MI_ADMIX_DI_TI_adv
8,Facenet512,/content/face_module/dataset_extractedfaces/celeba_pairs/023666.jpg,/content/face_module/dataset_extractedfaces/celeba_pairs/010959.jpg,celeba_pairs,impersonation_attack,eval,GhostFaceNet,PGD,vanilla,0.1765400171279907,GhostFaceNet_PGD_adv
8,Facenet512,/content/face_module/dataset_extractedfaces/celeba_pairs/023666.jpg,/content/face_module/dataset_extractedfaces/celeba_pairs/010959.jpg,celeba_pairs,impersonation_attack,eval,GhostFaceNet,MI_FGSM,vanilla,0.26923468708992,GhostFaceNet_MI_FGSM_adv
8,Facenet512,/content/face_module/dataset_extractedfaces/celeba_pairs/023666.jpg,/content/face_module/dataset_extractedfaces/celeba_pairs/010959.jpg,celeba_pairs,impersonation_attack,eval,GhostFaceNet,TI_FGSM,vanilla,0.3010075092315674,GhostFaceNet_TI_FGSM_adv
8,Facenet512,/content/face_module/dataset_extractedfaces/celeba_pairs/023666.jpg,/content/face_module/dataset_extractedfaces/celeba_pairs/010959.jpg,celeba_pairs,impersonation_attack,eval,GhostFaceNet,SI_NI_FGSM,vanilla,0.2384312152862548,GhostFaceNet_SI_NI_FGSM_adv
8,Facenet512,/content/face_module/dataset_extractedfaces/celeba_pairs/023666.jpg,/content/face_module/dataset_extractedfaces/celeba_pairs/010959.jpg,celeba_pairs,impersonation_attack,eval,GhostFaceNet,MI_ADMIX_DI_TI,vanilla,0.3365517258644104,GhostFaceNet_MI_ADMIX_DI_TI_adv
8,VGG-Face,/content/face_module/dataset_extractedfaces/celeba_pairs/023666.jpg,/content/face_module/dataset_extractedfaces/celeba_pairs/010959.jpg,celeba_pairs,impersonation_attack,eval,GhostFaceNet,PGD,vanilla,0.1102927103638649,GhostFaceNet_PGD_adv
8,VGG-Face,/content/face_module/dataset_extractedfaces/celeba_pairs/023666.jpg,/content/face_module/dataset_extractedfaces/celeba_pairs/010959.jpg,celeba_pairs,impersonation_attack,eval,GhostFaceNet,MI_FGSM,vanilla,0.1522438675165176,GhostFaceNet_MI_FGSM_adv
8,VGG-Face,/content/face_module/dataset_extractedfaces/celeba_pairs/023666.jpg,/content/face_module/dataset_extractedfaces/celeba_pairs/010959.jpg,celeba_pairs,impersonation_attack,eval,GhostFaceNet,TI_FGSM,vanilla,0.1868944764137268,GhostFaceNet_TI_FGSM_adv
8,VGG-Face,/content/face_module/dataset_extractedfaces/celeba_pairs/023666.jpg,/content/face_module/dataset_extractedfaces/celeba_pairs/010959.jpg,celeba_pairs,impersonation_attack,eval,GhostFaceNet,SI_NI_FGSM,vanilla,0.1475174129009246,GhostFaceNet_SI_NI_FGSM_adv
8,VGG-Face,/content/face_module/dataset_extractedfaces/celeba_pairs/023666.jpg,/content/face_module/dataset_extractedfaces/celeba_pairs/010959.jpg,celeba_pairs,impersonation_attack,eval,GhostFaceNet,MI_ADMIX_DI_TI,vanilla,0.1762777119874954,GhostFaceNet_MI_ADMIX_DI_TI_adv
12,ArcFace,/content/face_module/dataset_extractedfaces/celeba_pairs/003089.jpg,/content/face_module/dataset_extractedfaces/celeba_pairs/016966.jpg,celeba_pairs,impersonation_attack,eval,GhostFaceNet,clean,clean,-0.0209083743393421,GhostFaceNet_clean
12,Facenet512,/content/face_module/dataset_extractedfaces/celeba_pairs/003089.jpg,/content/face_module/dataset_extractedfaces/celeba_pairs/016966.jpg,celeba_pairs,impersonation_attack,eval,GhostFaceNet,clean,clean,-0.0209083743393421,GhostFaceNet_clean
12,GhostFaceNet,/content/face_module/dataset_extractedfaces/celeba_pairs/003089.jpg,/content/face_module/dataset_extractedfaces/celeba_pairs/016966.jpg,celeba_pairs,impersonation_attack,eval,GhostFaceNet,clean,clean,-0.0209083743393421,GhostFaceNet_clean
12,VGG-Face,/content/face_module/dataset_extractedfaces/celeba_pairs/003089.jpg,/content/face_module/dataset_extractedfaces/celeba_pairs/016966.jpg,celeba_pairs,impersonation_attack,eval,GhostFaceNet,clean,clean,-0.0209083743393421,GhostFaceNet_clean
12,ArcFace,/content/face_module/dataset_extractedfaces/celeba_pairs/003089.jpg,/content/face_module/dataset_extractedfaces/celeba_pairs/016966.jpg,celeba_pairs,impersonation_attack,eval,GhostFaceNet,PGD,vanilla,0.0613565407693386,GhostFaceNet_PGD_adv
12,ArcFace,/content/face_module/dataset_extractedfaces/celeba_pairs/003089.jpg,/content/face_module/dataset_extractedfaces/celeba_pairs/016966.jpg,celeba_pairs,impersonation_attack,eval,GhostFaceNet,MI_FGSM,vanilla,0.0825928971171379,GhostFaceNet_MI_FGSM_adv
12,ArcFace,/content/face_module/dataset_extractedfaces/celeba_pairs/003089.jpg,/content/face_module/dataset_extractedfaces/celeba_pairs/016966.jpg,celeba_pairs,impersonation_attack,eval,GhostFaceNet,TI_FGSM,vanilla,0.0183738656342029,GhostFaceNet_TI_FGSM_adv
12,ArcFace,/content/face_module/dataset_extractedfaces/celeba_pairs/003089.jpg,/content/face_module/dataset_extractedfaces/celeba_pairs/016966.jpg,celeba_pairs,impersonation_attack,eval,GhostFaceNet,SI_NI_FGSM,vanilla,0.1066297516226768,GhostFaceNet_SI_NI_FGSM_adv
12,ArcFace,/content/face_module/dataset_extractedfaces/celeba_pairs/003089.jpg,/content/face_module/dataset_extractedfaces/celeba_pairs/016966.jpg,celeba_pairs,impersonation_attack,eval,GhostFaceNet,MI_ADMIX_DI_TI,vanilla,0.0382983088493347,GhostFaceNet_MI_ADMIX_DI_TI_adv
12,Facenet512,/content/face_module/dataset_extractedfaces/celeba_pairs/003089.jpg,/content/face_module/dataset_extractedfaces/celeba_pairs/016966.jpg,celeba_pairs,impersonation_attack,eval,GhostFaceNet,PGD,vanilla,0.0209851283580064,GhostFaceNet_PGD_adv
12,Facenet512,/content/face_module/dataset_extractedfaces/celeba_pairs/003089.jpg,/content/face_module/dataset_extractedfaces/celeba_pairs/016966.jpg,celeba_pairs,impersonation_attack,eval,GhostFaceNet,MI_FGSM,vanilla,0.0445612519979476,GhostFaceNet_MI_FGSM_adv
12,Facenet512,/content/face_module/dataset_extractedfaces/celeba_pairs/003089.jpg,/content/face_module/dataset_extractedfaces/celeba_pairs/016966.jpg,celeba_pairs,impersonation_attack,eval,GhostFaceNet,TI_FGSM,vanilla,0.0408791601657867,GhostFaceNet_TI_FGSM_adv
12,Facenet512,/content/face_module/dataset_extractedfaces/celeba_pairs/003089.jpg,/content/face_module/dataset_extractedfaces/celeba_pairs/016966.jpg,celeba_pairs,impersonation_attack,eval,GhostFaceNet,SI_NI_FGSM,vanilla,0.0403796210885047,GhostFaceNet_SI_NI_FGSM_adv
12,Facenet512,/content/face_module/dataset_extractedfaces/celeba_pairs/003089.jpg,/content/face_module/dataset_extractedfaces/celeba_pairs/016966.jpg,celeba_pairs,impersonation_attack,eval,GhostFaceNet,MI_ADMIX_DI_TI,vanilla,0.0284049492329359,GhostFaceNet_MI_ADMIX_DI_TI_adv
12,VGG-Face,/content/face_module/dataset_extractedfaces/celeba_pairs/003089.jpg,/content/face_module/dataset_extractedfaces/celeba_pairs/016966.jpg,celeba_pairs,impersonation_attack,eval,GhostFaceNet,PGD,vanilla,0.0423599444329738,GhostFaceNet_PGD_adv
12,VGG-Face,/content/face_module/dataset_extractedfaces/celeba_pairs/003089.jpg,/content/face_module/dataset_extractedfaces/celeba_pairs/016966.jpg,celeba_pairs,impersonation_attack,eval,GhostFaceNet,MI_FGSM,vanilla,0.0449300594627857,GhostFaceNet_MI_FGSM_adv
12,VGG-Face,/content/face_module/dataset_extractedfaces/celeba_pairs/003089.jpg,/content/face_module/dataset_extractedfaces/celeba_pairs/016966.jpg,celeba_pairs,impersonation_attack,eval,GhostFaceNet,TI_FGSM,vanilla,0.0359416268765926,GhostFaceNet_TI_FGSM_adv
12,VGG-Face,/content/face_module/dataset_extractedfaces/celeba_pairs/003089.jpg,/content/face_module/dataset_extractedfaces/celeba_pairs/016966.jpg,celeba_pairs,impersonation_attack,eval,GhostFaceNet,SI_NI_FGSM,vanilla,0.0385910719633102,GhostFaceNet_SI_NI_FGSM_adv
12,VGG-Face,/content/face_module/dataset_extractedfaces/celeba_pairs/003089.jpg,/content/face_module/dataset_extractedfaces/celeba_pairs/016966.jpg,celeba_pairs,impersonation_attack,eval,GhostFaceNet,MI_ADMIX_DI_TI,vanilla,0.0234759338200092,GhostFaceNet_MI_ADMIX_DI_TI_adv
26,ArcFace,/content/face_module/dataset_extractedfaces/celeba_pairs/113117.jpg,/content/face_module/dataset_extractedfaces/celeba_pairs/129449.jpg,celeba_pairs,impersonation_attack,eval,GhostFaceNet,clean,clean,0.0978441461920738,GhostFaceNet_clean
26,Facenet512,/content/face_module/dataset_extractedfaces/celeba_pairs/113117.jpg,/content/face_module/dataset_extractedfaces/celeba_pairs/129449.jpg,celeba_pairs,impersonation_attack,eval,GhostFaceNet,clean,clean,0.0978441461920738,GhostFaceNet_clean
26,GhostFaceNet,/content/face_module/dataset_extractedfaces/celeba_pairs/113117.jpg,/content/face_module/dataset_extractedfaces/celeba_pairs/129449.jpg,celeba_pairs,impersonation_attack,eval,GhostFaceNet,clean,clean,0.0978441461920738,GhostFaceNet_clean
26,VGG-Face,/content/face_module/dataset_extractedfaces/celeba_pairs/113117.jpg,/content/face_module/dataset_extractedfaces/celeba_pairs/129449.jpg,celeba_pairs,impersonation_attack,eval,GhostFaceNet,clean,clean,0.0978441461920738,GhostFaceNet_clean
26,ArcFace,/content/face_module/dataset_extractedfaces/celeba_pairs/113117.jpg,/content/face_module/dataset_extractedfaces/celeba_pairs/129449.jpg,celeba_pairs,impersonation_attack,eval,GhostFaceNet,PGD,vanilla,0.1185865178704261,GhostFaceNet_PGD_adv
26,ArcFace,/content/face_module/dataset_extractedfaces/celeba_pairs/113117.jpg,/content/face_module/dataset_extractedfaces/celeba_pairs/129449.jpg,celeba_pairs,impersonation_attack,eval,GhostFaceNet,MI_FGSM,vanilla,0.1367111802101135,GhostFaceNet_MI_FGSM_adv
26,ArcFace,/content/face_module/dataset_extractedfaces/celeba_pairs/113117.jpg,/content/face_module/dataset_extractedfaces/celeba_pairs/129449.jpg,celeba_pairs,impersonation_attack,eval,GhostFaceNet,TI_FGSM,vanilla,0.1210597530007362,GhostFaceNet_TI_FGSM_adv
26,ArcFace,/content/face_module/dataset_extractedfaces/celeba_pairs/113117.jpg,/content/face_module/dataset_extractedfaces/celeba_pairs/129449.jpg,celeba_pairs,impersonation_attack,eval,GhostFaceNet,SI_NI_FGSM,vanilla,0.1178732141852378,GhostFaceNet_SI_NI_FGSM_adv
26,ArcFace,/content/face_module/dataset_extractedfaces/celeba_pairs/113117.jpg,/content/face_module/dataset_extractedfaces/celeba_pairs/129449.jpg,celeba_pairs,impersonation_attack,eval,GhostFaceNet,MI_ADMIX_DI_TI,vanilla,0.1497347503900528,GhostFaceNet_MI_ADMIX_DI_TI_adv
26,Facenet512,/content/face_module/dataset_extractedfaces/celeba_pairs/113117.jpg,/content/face_module/dataset_extractedfaces/celeba_pairs/129449.jpg,celeba_pairs,impersonation_attack,eval,GhostFaceNet,PGD,vanilla,0.1121840476989746,GhostFaceNet_PGD_adv
26,Facenet512,/content/face_module/dataset_extractedfaces/celeba_pairs/113117.jpg,/content/face_module/dataset_extractedfaces/celeba_pairs/129449.jpg,celeba_pairs,impersonation_attack,eval,GhostFaceNet,MI_FGSM,vanilla,0.1218803748488426,GhostFaceNet_MI_FGSM_adv
26,Facenet512,/content/face_module/dataset_extractedfaces/celeba_pairs/113117.jpg,/content/face_module/dataset_extractedfaces/celeba_pairs/129449.jpg,celeba_pairs,impersonation_attack,eval,GhostFaceNet,TI_FGSM,vanilla,0.1162132546305656,GhostFaceNet_TI_FGSM_adv
26,Facenet512,/content/face_module/dataset_extractedfaces/celeba_pairs/113117.jpg,/content/face_module/dataset_extractedfaces/celeba_pairs/129449.jpg,celeba_pairs,impersonation_attack,eval,GhostFaceNet,SI_NI_FGSM,vanilla,0.1292029023170471,GhostFaceNet_SI_NI_FGSM_adv
26,Facenet512,/content/face_module/dataset_extractedfaces/celeba_pairs/113117.jpg,/content/face_module/dataset_extractedfaces/celeba_pairs/129449.jpg,celeba_pairs,impersonation_attack,eval,GhostFaceNet,MI_ADMIX_DI_TI,vanilla,0.1465550810098648,GhostFaceNet_MI_ADMIX_DI_TI_adv
26,VGG-Face,/content/face_module/dataset_extractedfaces/celeba_pairs/113117.jpg,/content/face_module/dataset_extractedfaces/celeba_pairs/129449.jpg,celeba_pairs,impersonation_attack,eval,GhostFaceNet,PGD,vanilla,0.075126014649868,GhostFaceNet_PGD_adv
26,VGG-Face,/content/face_module/dataset_extractedfaces/celeba_pairs/113117.jpg,/content/face_module/dataset_extractedfaces/celeba_pairs/129449.jpg,celeba_pairs,impersonation_attack,eval,GhostFaceNet,MI_FGSM,vanilla,0.0939688682556152,GhostFaceNet_MI_FGSM_adv
26,VGG-Face,/content/face_module/dataset_extractedfaces/celeba_pairs/113117.jpg,/content/face_module/dataset_extractedfaces/celeba_pairs/129449.jpg,celeba_pairs,impersonation_attack,eval,GhostFaceNet,TI_FGSM,vanilla,0.0738418325781822,GhostFaceNet_TI_FGSM_adv
26,VGG-Face,/content/face_module/dataset_extractedfaces/celeba_pairs/113117.jpg,/content/face_module/dataset_extractedfaces/celeba_pairs/129449.jpg,celeba_pairs,impersonation_attack,eval,GhostFaceNet,SI_NI_FGSM,vanilla,0.0787673369050026,GhostFaceNet_SI_NI_FGSM_adv
26,VGG-Face,/content/face_module/dataset_extractedfaces/celeba_pairs/113117.jpg,/content/face_module/dataset_extractedfaces/celeba_pairs/129449.jpg,celeba_pairs,impersonation_attack,eval,GhostFaceNet,MI_ADMIX_DI_TI,vanilla,0.1002057865262031,GhostFaceNet_MI_ADMIX_DI_TI_adv
34,ArcFace,/content/face_module/dataset_extractedfaces/celeba_pairs/001430.jpg,/content/face_module/dataset_extractedfaces/celeba_pairs/046649.jpg,celeba_pairs,impersonation_attack,eval,GhostFaceNet,clean,clean,0.0884061008691787,GhostFaceNet_clean
34,Facenet512,/content/face_module/dataset_extractedfaces/celeba_pairs/001430.jpg,/content/face_module/dataset_extractedfaces/celeba_pairs/046649.jpg,celeba_pairs,impersonation_attack,eval,GhostFaceNet,clean,clean,0.0884061008691787,GhostFaceNet_clean
34,GhostFaceNet,/content/face_module/dataset_extractedfaces/celeba_pairs/001430.jpg,/content/face_module/dataset_extractedfaces/celeba_pairs/046649.jpg,celeba_pairs,impersonation_attack,eval,GhostFaceNet,clean,clean,0.0884061008691787,GhostFaceNet_clean
34,VGG-Face,/content/face_module/dataset_extractedfaces/celeba_pairs/001430.jpg,/content/face_module/dataset_extractedfaces/celeba_pairs/046649.jpg,celeba_pairs,impersonation_attack,eval,GhostFaceNet,clean,clean,0.0884061008691787,GhostFaceNet_clean
34,ArcFace,/content/face_module/dataset_extractedfaces/celeba_pairs/001430.jpg,/content/face_module/dataset_extractedfaces/celeba_pairs/046649.jpg,celeba_pairs,impersonation_attack,eval,GhostFaceNet,PGD,vanilla,0.1211694628000259,GhostFaceNet_PGD_adv
34,ArcFace,/content/face_module/dataset_extractedfaces/celeba_pairs/001430.jpg,/content/face_module/dataset_extractedfaces/celeba_pairs/046649.jpg,celeba_pairs,impersonation_attack,eval,GhostFaceNet,MI_FGSM,vanilla,0.1192343384027481,GhostFaceNet_MI_FGSM_adv
34,ArcFace,/content/face_module/dataset_extractedfaces/celeba_pairs/001430.jpg,/content/face_module/dataset_extractedfaces/celeba_pairs/046649.jpg,celeba_pairs,impersonation_attack,eval,GhostFaceNet,TI_FGSM,vanilla,0.1125556007027626,GhostFaceNet_TI_FGSM_adv
34,ArcFace,/content/face_module/dataset_extractedfaces/celeba_pairs/001430.jpg,/content/face_module/dataset_extractedfaces/celeba_pairs/046649.jpg,celeba_pairs,impersonation_attack,eval,GhostFaceNet,SI_NI_FGSM,vanilla,0.1155619472265243,GhostFaceNet_SI_NI_FGSM_adv
34,ArcFace,/content/face_module/dataset_extractedfaces/celeba_pairs/001430.jpg,/content/face_module/dataset_extractedfaces/celeba_pairs/046649.jpg,celeba_pairs,impersonation_attack,eval,GhostFaceNet,MI_ADMIX_DI_TI,vanilla,0.0693261697888374,GhostFaceNet_MI_ADMIX_DI_TI_adv
34,Facenet512,/content/face_module/dataset_extractedfaces/celeba_pairs/001430.jpg,/content/face_module/dataset_extractedfaces/celeba_pairs/046649.jpg,celeba_pairs,impersonation_attack,eval,GhostFaceNet,PGD,vanilla,0.1269514411687851,GhostFaceNet_PGD_adv
34,Facenet512,/content/face_module/dataset_extractedfaces/celeba_pairs/001430.jpg,/content/face_module/dataset_extractedfaces/celeba_pairs/046649.jpg,celeba_pairs,impersonation_attack,eval,GhostFaceNet,MI_FGSM,vanilla,0.1444215029478073,GhostFaceNet_MI_FGSM_adv
34,Facenet512,/content/face_module/dataset_extractedfaces/celeba_pairs/001430.jpg,/content/face_module/dataset_extractedfaces/celeba_pairs/046649.jpg,celeba_pairs,impersonation_attack,eval,GhostFaceNet,TI_FGSM,vanilla,0.1241157203912735,GhostFaceNet_TI_FGSM_adv
34,Facenet512,/content/face_module/dataset_extractedfaces/celeba_pairs/001430.jpg,/content/face_module/dataset_extractedfaces/celeba_pairs/046649.jpg,celeba_pairs,impersonation_attack,eval,GhostFaceNet,SI_NI_FGSM,vanilla,0.1589467674493789,GhostFaceNet_SI_NI_FGSM_adv
34,Facenet512,/content/face_module/dataset_extractedfaces/celeba_pairs/001430.jpg,/content/face_module/dataset_extractedfaces/celeba_pairs/046649.jpg,celeba_pairs,impersonation_attack,eval,GhostFaceNet,MI_ADMIX_DI_TI,vanilla,0.1492905169725418,GhostFaceNet_MI_ADMIX_DI_TI_adv
34,VGG-Face,/content/face_module/dataset_extractedfaces/celeba_pairs/001430.jpg,/content/face_module/dataset_extractedfaces/celeba_pairs/046649.jpg,celeba_pairs,impersonation_attack,eval,GhostFaceNet,PGD,vanilla,0.096549779176712,GhostFaceNet_PGD_adv
34,VGG-Face,/content/face_module/dataset_extractedfaces/celeba_pairs/001430.jpg,/content/face_module/dataset_extractedfaces/celeba_pairs/046649.jpg,celeba_pairs,impersonation_attack,eval,GhostFaceNet,MI_FGSM,vanilla,0.1499101370573043,GhostFaceNet_MI_FGSM_adv
34,VGG-Face,/content/face_module/dataset_extractedfaces/celeba_pairs/001430.jpg,/content/face_module/dataset_extractedfaces/celeba_pairs/046649.jpg,celeba_pairs,impersonation_attack,eval,GhostFaceNet,TI_FGSM,vanilla,0.0786146894097328,GhostFaceNet_TI_FGSM_adv
34,VGG-Face,/content/face_module/dataset_extractedfaces/celeba_pairs/001430.jpg,/content/face_module/dataset_extractedfaces/celeba_pairs/046649.jpg,celeba_pairs,impersonation_attack,eval,GhostFaceNet,SI_NI_FGSM,vanilla,0.1502085775136947,GhostFaceNet_SI_NI_FGSM_adv
34,VGG-Face,/content/face_module/dataset_extractedfaces/celeba_pairs/001430.jpg,/content/face_module/dataset_extractedfaces/celeba_pairs/046649.jpg,celeba_pairs,impersonation_attack,eval,GhostFaceNet,MI_ADMIX_DI_TI,vanilla,0.1269556879997253,GhostFaceNet_MI_ADMIX_DI_TI_adv
3,ArcFace,/content/face_module/dataset_extractedfaces/vggface2_pairs/n000007_0076_01.jpg,/content/face_module/dataset_extractedfaces/vggface2_pairs/n000005_0080_01.jpg,vggface2_pairs,impersonation_attack,eval,GhostFaceNet,clean,clean,0.095884308218956,GhostFaceNet_clean
3,Facenet512,/content/face_module/dataset_extractedfaces/vggface2_pairs/n000007_0076_01.jpg,/content/face_module/dataset_extractedfaces/vggface2_pairs/n000005_0080_01.jpg,vggface2_pairs,impersonation_attack,eval,GhostFaceNet,clean,clean,0.095884308218956,GhostFaceNet_clean
3,GhostFaceNet,/content/face_module/dataset_extractedfaces/vggface2_pairs/n000007_0076_01.jpg,/content/face_module/dataset_extractedfaces/vggface2_pairs/n000005_0080_01.jpg,vggface2_pairs,impersonation_attack,eval,GhostFaceNet,clean,clean,0.095884308218956,GhostFaceNet_clean
3,VGG-Face,/content/face_module/dataset_extractedfaces/vggface2_pairs/n000007_0076_01.jpg,/content/face_module/dataset_extractedfaces/vggface2_pairs/n000005_0080_01.jpg,vggface2_pairs,impersonation_attack,eval,GhostFaceNet,clean,clean,0.095884308218956,GhostFaceNet_clean
3,ArcFace,/content/face_module/dataset_extractedfaces/vggface2_pairs/n000007_0076_01.jpg,/content/face_module/dataset_extractedfaces/vggface2_pairs/n000005_0080_01.jpg,vggface2_pairs,impersonation_attack,eval,GhostFaceNet,PGD,vanilla,0.1527744531631469,GhostFaceNet_PGD_adv
3,ArcFace,/content/face_module/dataset_extractedfaces/vggface2_pairs/n000007_0076_01.jpg,/content/face_module/dataset_extractedfaces/vggface2_pairs/n000005_0080_01.jpg,vggface2_pairs,impersonation_attack,eval,GhostFaceNet,MI_FGSM,vanilla,0.1666798740625381,GhostFaceNet_MI_FGSM_adv
3,ArcFace,/content/face_module/dataset_extractedfaces/vggface2_pairs/n000007_0076_01.jpg,/content/face_module/dataset_extractedfaces/vggface2_pairs/n000005_0080_01.jpg,vggface2_pairs,impersonation_attack,eval,GhostFaceNet,TI_FGSM,vanilla,0.1797185838222503,GhostFaceNet_TI_FGSM_adv
3,ArcFace,/content/face_module/dataset_extractedfaces/vggface2_pairs/n000007_0076_01.jpg,/content/face_module/dataset_extractedfaces/vggface2_pairs/n000005_0080_01.jpg,vggface2_pairs,impersonation_attack,eval,GhostFaceNet,SI_NI_FGSM,vanilla,0.1799345165491104,GhostFaceNet_SI_NI_FGSM_adv
3,ArcFace,/content/face_module/dataset_extractedfaces/vggface2_pairs/n000007_0076_01.jpg,/content/face_module/dataset_extractedfaces/vggface2_pairs/n000005_0080_01.jpg,vggface2_pairs,impersonation_attack,eval,GhostFaceNet,MI_ADMIX_DI_TI,vanilla,0.1415861696004867,GhostFaceNet_MI_ADMIX_DI_TI_adv
3,Facenet512,/content/face_module/dataset_extractedfaces/vggface2_pairs/n000007_0076_01.jpg,/content/face_module/dataset_extractedfaces/vggface2_pairs/n000005_0080_01.jpg,vggface2_pairs,impersonation_attack,eval,GhostFaceNet,PGD,vanilla,0.0868643522262573,GhostFaceNet_PGD_adv
3,Facenet512,/content/face_module/dataset_extractedfaces/vggface2_pairs/n000007_0076_01.jpg,/content/face_module/dataset_extractedfaces/vggface2_pairs/n000005_0080_01.jpg,vggface2_pairs,impersonation_attack,eval,GhostFaceNet,MI_FGSM,vanilla,0.1393599957227707,GhostFaceNet_MI_FGSM_adv
3,Facenet512,/content/face_module/dataset_extractedfaces/vggface2_pairs/n000007_0076_01.jpg,/content/face_module/dataset_extractedfaces/vggface2_pairs/n000005_0080_01.jpg,vggface2_pairs,impersonation_attack,eval,GhostFaceNet,TI_FGSM,vanilla,0.1666689962148666,GhostFaceNet_TI_FGSM_adv
3,Facenet512,/content/face_module/dataset_extractedfaces/vggface2_pairs/n000007_0076_01.jpg,/content/face_module/dataset_extractedfaces/vggface2_pairs/n000005_0080_01.jpg,vggface2_pairs,impersonation_attack,eval,GhostFaceNet,SI_NI_FGSM,vanilla,0.1514869481325149,GhostFaceNet_SI_NI_FGSM_adv
3,Facenet512,/content/face_module/dataset_extractedfaces/vggface2_pairs/n000007_0076_01.jpg,/content/face_module/dataset_extractedfaces/vggface2_pairs/n000005_0080_01.jpg,vggface2_pairs,impersonation_attack,eval,GhostFaceNet,MI_ADMIX_DI_TI,vanilla,0.1878235638141632,GhostFaceNet_MI_ADMIX_DI_TI_adv
3,VGG-Face,/content/face_module/dataset_extractedfaces/vggface2_pairs/n000007_0076_01.jpg,/content/face_module/dataset_extractedfaces/vggface2_pairs/n000005_0080_01.jpg,vggface2_pairs,impersonation_attack,eval,GhostFaceNet,PGD,vanilla,0.1598840653896331,GhostFaceNet_PGD_adv
3,VGG-Face,/content/face_module/dataset_extractedfaces/vggface2_pairs/n000007_0076_01.jpg,/content/face_module/dataset_extractedfaces/vggface2_pairs/n000005_0080_01.jpg,vggface2_pairs,impersonation_attack,eval,GhostFaceNet,MI_FGSM,vanilla,0.1679340302944183,GhostFaceNet_MI_FGSM_adv
3,VGG-Face,/content/face_module/dataset_extractedfaces/vggface2_pairs/n000007_0076_01.jpg,/content/face_module/dataset_extractedfaces/vggface2_pairs/n000005_0080_01.jpg,vggface2_pairs,impersonation_attack,eval,GhostFaceNet,TI_FGSM,vanilla,0.1624407023191452,GhostFaceNet_TI_FGSM_adv
3,VGG-Face,/content/face_module/dataset_extractedfaces/vggface2_pairs/n000007_0076_01.jpg,/content/face_module/dataset_extractedfaces/vggface2_pairs/n000005_0080_01.jpg,vggface2_pairs,impersonation_attack,eval,GhostFaceNet,SI_NI_FGSM,vanilla,0.1471543461084365,GhostFaceNet_SI_NI_FGSM_adv
3,VGG-Face,/content/face_module/dataset_extractedfaces/vggface2_pairs/n000007_0076_01.jpg,/content/face_module/dataset_extractedfaces/vggface2_pairs/n000005_0080_01.jpg,vggface2_pairs,impersonation_attack,eval,GhostFaceNet,MI_ADMIX_DI_TI,vanilla,0.1588156521320343,GhostFaceNet_MI_ADMIX_DI_TI_adv
5,ArcFace,/content/face_module/dataset_extractedfaces/vggface2_pairs/n000004_0204_01.jpg,/content/face_module/dataset_extractedfaces/vggface2_pairs/n000002_0070_01.jpg,vggface2_pairs,impersonation_attack,eval,GhostFaceNet,clean,clean,0.0661495253443718,GhostFaceNet_clean
5,Facenet512,/content/face_module/dataset_extractedfaces/vggface2_pairs/n000004_0204_01.jpg,/content/face_module/dataset_extractedfaces/vggface2_pairs/n000002_0070_01.jpg,vggface2_pairs,impersonation_attack,eval,GhostFaceNet,clean,clean,0.0661495253443718,GhostFaceNet_clean
5,GhostFaceNet,/content/face_module/dataset_extractedfaces/vggface2_pairs/n000004_0204_01.jpg,/content/face_module/dataset_extractedfaces/vggface2_pairs/n000002_0070_01.jpg,vggface2_pairs,impersonation_attack,eval,GhostFaceNet,clean,clean,0.0661495253443718,GhostFaceNet_clean
5,VGG-Face,/content/face_module/dataset_extractedfaces/vggface2_pairs/n000004_0204_01.jpg,/content/face_module/dataset_extractedfaces/vggface2_pairs/n000002_0070_01.jpg,vggface2_pairs,impersonation_attack,eval,GhostFaceNet,clean,clean,0.0661495253443718,GhostFaceNet_clean
5,ArcFace,/content/face_module/dataset_extractedfaces/vggface2_pairs/n000004_0204_01.jpg,/content/face_module/dataset_extractedfaces/vggface2_pairs/n000002_0070_01.jpg,vggface2_pairs,impersonation_attack,eval,GhostFaceNet,PGD,vanilla,0.082755446434021,GhostFaceNet_PGD_adv
5,ArcFace,/content/face_module/dataset_extractedfaces/vggface2_pairs/n000004_0204_01.jpg,/content/face_module/dataset_extractedfaces/vggface2_pairs/n000002_0070_01.jpg,vggface2_pairs,impersonation_attack,eval,GhostFaceNet,MI_FGSM,vanilla,0.0907639414072036,GhostFaceNet_MI_FGSM_adv
5,ArcFace,/content/face_module/dataset_extractedfaces/vggface2_pairs/n000004_0204_01.jpg,/content/face_module/dataset_extractedfaces/vggface2_pairs/n000002_0070_01.jpg,vggface2_pairs,impersonation_attack,eval,GhostFaceNet,TI_FGSM,vanilla,0.1048546656966209,GhostFaceNet_TI_FGSM_adv
5,ArcFace,/content/face_module/dataset_extractedfaces/vggface2_pairs/n000004_0204_01.jpg,/content/face_module/dataset_extractedfaces/vggface2_pairs/n000002_0070_01.jpg,vggface2_pairs,impersonation_attack,eval,GhostFaceNet,SI_NI_FGSM,vanilla,0.0947057008743286,GhostFaceNet_SI_NI_FGSM_adv
5,ArcFace,/content/face_module/dataset_extractedfaces/vggface2_pairs/n000004_0204_01.jpg,/content/face_module/dataset_extractedfaces/vggface2_pairs/n000002_0070_01.jpg,vggface2_pairs,impersonation_attack,eval,GhostFaceNet,MI_ADMIX_DI_TI,vanilla,0.0850887671113014,GhostFaceNet_MI_ADMIX_DI_TI_adv
5,Facenet512,/content/face_module/dataset_extractedfaces/vggface2_pairs/n000004_0204_01.jpg,/content/face_module/dataset_extractedfaces/vggface2_pairs/n000002_0070_01.jpg,vggface2_pairs,impersonation_attack,eval,GhostFaceNet,PGD,vanilla,0.0530971847474575,GhostFaceNet_PGD_adv
5,Facenet512,/content/face_module/dataset_extractedfaces/vggface2_pairs/n000004_0204_01.jpg,/content/face_module/dataset_extractedfaces/vggface2_pairs/n000002_0070_01.jpg,vggface2_pairs,impersonation_attack,eval,GhostFaceNet,MI_FGSM,vanilla,0.079902745783329,GhostFaceNet_MI_FGSM_adv
5,Facenet512,/content/face_module/dataset_extractedfaces/vggface2_pairs/n000004_0204_01.jpg,/content/face_module/dataset_extractedfaces/vggface2_pairs/n000002_0070_01.jpg,vggface2_pairs,impersonation_attack,eval,GhostFaceNet,TI_FGSM,vanilla,0.0763221457600593,GhostFaceNet_TI_FGSM_adv
5,Facenet512,/content/face_module/dataset_extractedfaces/vggface2_pairs/n000004_0204_01.jpg,/content/face_module/dataset_extractedfaces/vggface2_pairs/n000002_0070_01.jpg,vggface2_pairs,impersonation_attack,eval,GhostFaceNet,SI_NI_FGSM,vanilla,0.0666615962982177,GhostFaceNet_SI_NI_FGSM_adv
5,Facenet512,/content/face_module/dataset_extractedfaces/vggface2_pairs/n000004_0204_01.jpg,/content/face_module/dataset_extractedfaces/vggface2_pairs/n000002_0070_01.jpg,vggface2_pairs,impersonation_attack,eval,GhostFaceNet,MI_ADMIX_DI_TI,vanilla,0.1906639635562896,GhostFaceNet_MI_ADMIX_DI_TI_adv
5,VGG-Face,/content/face_module/dataset_extractedfaces/vggface2_pairs/n000004_0204_01.jpg,/content/face_module/dataset_extractedfaces/vggface2_pairs/n000002_0070_01.jpg,vggface2_pairs,impersonation_attack,eval,GhostFaceNet,PGD,vanilla,0.1528236716985702,GhostFaceNet_PGD_adv
5,VGG-Face,/content/face_module/dataset_extractedfaces/vggface2_pairs/n000004_0204_01.jpg,/content/face_module/dataset_extractedfaces/vggface2_pairs/n000002_0070_01.jpg,vggface2_pairs,impersonation_attack,eval,GhostFaceNet,MI_FGSM,vanilla,0.1462235897779464,GhostFaceNet_MI_FGSM_adv
5,VGG-Face,/content/face_module/dataset_extractedfaces/vggface2_pairs/n000004_0204_01.jpg,/content/face_module/dataset_extractedfaces/vggface2_pairs/n000002_0070_01.jpg,vggface2_pairs,impersonation_attack,eval,GhostFaceNet,TI_FGSM,vanilla,0.1485358774662017,GhostFaceNet_TI_FGSM_adv
5,VGG-Face,/content/face_module/dataset_extractedfaces/vggface2_pairs/n000004_0204_01.jpg,/content/face_module/dataset_extractedfaces/vggface2_pairs/n000002_0070_01.jpg,vggface2_pairs,impersonation_attack,eval,GhostFaceNet,SI_NI_FGSM,vanilla,0.1513901501893997,GhostFaceNet_SI_NI_FGSM_adv
5,VGG-Face,/content/face_module/dataset_extractedfaces/vggface2_pairs/n000004_0204_01.jpg,/content/face_module/dataset_extractedfaces/vggface2_pairs/n000002_0070_01.jpg,vggface2_pairs,impersonation_attack,eval,GhostFaceNet,MI_ADMIX_DI_TI,vanilla,0.1683863848447799,GhostFaceNet_MI_ADMIX_DI_TI_adv
17,ArcFace,/content/face_module/dataset_extractedfaces/vggface2_pairs/n000016_0036_01.jpg,/content/face_module/dataset_extractedfaces/vggface2_pairs/n000012_0087_01.jpg,vggface2_pairs,impersonation_attack,eval,GhostFaceNet,clean,clean,-0.0417690612375736,GhostFaceNet_clean
17,Facenet512,/content/face_module/dataset_extractedfaces/vggface2_pairs/n000016_0036_01.jpg,/content/face_module/dataset_extractedfaces/vggface2_pairs/n000012_0087_01.jpg,vggface2_pairs,impersonation_attack,eval,GhostFaceNet,clean,clean,-0.0417690612375736,GhostFaceNet_clean
17,GhostFaceNet,/content/face_module/dataset_extractedfaces/vggface2_pairs/n000016_0036_01.jpg,/content/face_module/dataset_extractedfaces/vggface2_pairs/n000012_0087_01.jpg,vggface2_pairs,impersonation_attack,eval,GhostFaceNet,clean,clean,-0.0417690612375736,GhostFaceNet_clean
17,VGG-Face,/content/face_module/dataset_extractedfaces/vggface2_pairs/n000016_0036_01.jpg,/content/face_module/dataset_extractedfaces/vggface2_pairs/n000012_0087_01.jpg,vggface2_pairs,impersonation_attack,eval,GhostFaceNet,clean,clean,-0.0417690612375736,GhostFaceNet_clean
17,ArcFace,/content/face_module/dataset_extractedfaces/vggface2_pairs/n000016_0036_01.jpg,/content/face_module/dataset_extractedfaces/vggface2_pairs/n000012_0087_01.jpg,vggface2_pairs,impersonation_attack,eval,GhostFaceNet,PGD,vanilla,-0.0408121980726718,GhostFaceNet_PGD_adv
17,ArcFace,/content/face_module/dataset_extractedfaces/vggface2_pairs/n000016_0036_01.jpg,/content/face_module/dataset_extractedfaces/vggface2_pairs/n000012_0087_01.jpg,vggface2_pairs,impersonation_attack,eval,GhostFaceNet,MI_FGSM,vanilla,-0.0412536934018135,GhostFaceNet_MI_FGSM_adv
17,ArcFace,/content/face_module/dataset_extractedfaces/vggface2_pairs/n000016_0036_01.jpg,/content/face_module/dataset_extractedfaces/vggface2_pairs/n000012_0087_01.jpg,vggface2_pairs,impersonation_attack,eval,GhostFaceNet,TI_FGSM,vanilla,-0.0175132453441619,GhostFaceNet_TI_FGSM_adv
17,ArcFace,/content/face_module/dataset_extractedfaces/vggface2_pairs/n000016_0036_01.jpg,/content/face_module/dataset_extractedfaces/vggface2_pairs/n000012_0087_01.jpg,vggface2_pairs,impersonation_attack,eval,GhostFaceNet,SI_NI_FGSM,vanilla,-0.0499726384878158,GhostFaceNet_SI_NI_FGSM_adv
17,ArcFace,/content/face_module/dataset_extractedfaces/vggface2_pairs/n000016_0036_01.jpg,/content/face_module/dataset_extractedfaces/vggface2_pairs/n000012_0087_01.jpg,vggface2_pairs,impersonation_attack,eval,GhostFaceNet,MI_ADMIX_DI_TI,vanilla,-0.0137593718245625,GhostFaceNet_MI_ADMIX_DI_TI_adv
17,Facenet512,/content/face_module/dataset_extractedfaces/vggface2_pairs/n000016_0036_01.jpg,/content/face_module/dataset_extractedfaces/vggface2_pairs/n000012_0087_01.jpg,vggface2_pairs,impersonation_attack,eval,GhostFaceNet,PGD,vanilla,-0.0070044188760221,GhostFaceNet_PGD_adv
17,Facenet512,/content/face_module/dataset_extractedfaces/vggface2_pairs/n000016_0036_01.jpg,/content/face_module/dataset_extractedfaces/vggface2_pairs/n000012_0087_01.jpg,vggface2_pairs,impersonation_attack,eval,GhostFaceNet,MI_FGSM,vanilla,0.0269280057400465,GhostFaceNet_MI_FGSM_adv
17,Facenet512,/content/face_module/dataset_extractedfaces/vggface2_pairs/n000016_0036_01.jpg,/content/face_module/dataset_extractedfaces/vggface2_pairs/n000012_0087_01.jpg,vggface2_pairs,impersonation_attack,eval,GhostFaceNet,TI_FGSM,vanilla,0.0156494304537773,GhostFaceNet_TI_FGSM_adv
17,Facenet512,/content/face_module/dataset_extractedfaces/vggface2_pairs/n000016_0036_01.jpg,/content/face_module/dataset_extractedfaces/vggface2_pairs/n000012_0087_01.jpg,vggface2_pairs,impersonation_attack,eval,GhostFaceNet,SI_NI_FGSM,vanilla,0.0049032866954803,GhostFaceNet_SI_NI_FGSM_adv
17,Facenet512,/content/face_module/dataset_extractedfaces/vggface2_pairs/n000016_0036_01.jpg,/content/face_module/dataset_extractedfaces/vggface2_pairs/n000012_0087_01.jpg,vggface2_pairs,impersonation_attack,eval,GhostFaceNet,MI_ADMIX_DI_TI,vanilla,0.0405010841786861,GhostFaceNet_MI_ADMIX_DI_TI_adv
17,VGG-Face,/content/face_module/dataset_extractedfaces/vggface2_pairs/n000016_0036_01.jpg,/content/face_module/dataset_extractedfaces/vggface2_pairs/n000012_0087_01.jpg,vggface2_pairs,impersonation_attack,eval,GhostFaceNet,PGD,vanilla,-0.0279403328895568,GhostFaceNet_PGD_adv
17,VGG-Face,/content/face_module/dataset_extractedfaces/vggface2_pairs/n000016_0036_01.jpg,/content/face_module/dataset_extractedfaces/vggface2_pairs/n000012_0087_01.jpg,vggface2_pairs,impersonation_attack,eval,GhostFaceNet,MI_FGSM,vanilla,0.0164063367992639,GhostFaceNet_MI_FGSM_adv
17,VGG-Face,/content/face_module/dataset_extractedfaces/vggface2_pairs/n000016_0036_01.jpg,/content/face_module/dataset_extractedfaces/vggface2_pairs/n000012_0087_01.jpg,vggface2_pairs,impersonation_attack,eval,GhostFaceNet,TI_FGSM,vanilla,0.0024079652503132,GhostFaceNet_TI_FGSM_adv
17,VGG-Face,/content/face_module/dataset_extractedfaces/vggface2_pairs/n000016_0036_01.jpg,/content/face_module/dataset_extractedfaces/vggface2_pairs/n000012_0087_01.jpg,vggface2_pairs,impersonation_attack,eval,GhostFaceNet,SI_NI_FGSM,vanilla,-0.0308918505907058,GhostFaceNet_SI_NI_FGSM_adv
17,VGG-Face,/content/face_module/dataset_extractedfaces/vggface2_pairs/n000016_0036_01.jpg,/content/face_module/dataset_extractedfaces/vggface2_pairs/n000012_0087_01.jpg,vggface2_pairs,impersonation_attack,eval,GhostFaceNet,MI_ADMIX_DI_TI,vanilla,0.0220970287919044,GhostFaceNet_MI_ADMIX_DI_TI_adv
19,ArcFace,/content/face_module/dataset_extractedfaces/vggface2_pairs/n000007_0012_01.jpg,/content/face_module/dataset_extractedfaces/vggface2_pairs/n000008_0101_01.jpg,vggface2_pairs,impersonation_attack,eval,GhostFaceNet,clean,clean,0.0893815085291862,GhostFaceNet_clean
19,Facenet512,/content/face_module/dataset_extractedfaces/vggface2_pairs/n000007_0012_01.jpg,/content/face_module/dataset_extractedfaces/vggface2_pairs/n000008_0101_01.jpg,vggface2_pairs,impersonation_attack,eval,GhostFaceNet,clean,clean,0.0893815085291862,GhostFaceNet_clean
19,GhostFaceNet,/content/face_module/dataset_extractedfaces/vggface2_pairs/n000007_0012_01.jpg,/content/face_module/dataset_extractedfaces/vggface2_pairs/n000008_0101_01.jpg,vggface2_pairs,impersonation_attack,eval,GhostFaceNet,clean,clean,0.0893815085291862,GhostFaceNet_clean
19,VGG-Face,/content/face_module/dataset_extractedfaces/vggface2_pairs/n000007_0012_01.jpg,/content/face_module/dataset_extractedfaces/vggface2_pairs/n000008_0101_01.jpg,vggface2_pairs,impersonation_attack,eval,GhostFaceNet,clean,clean,0.0893815085291862,GhostFaceNet_clean
19,ArcFace,/content/face_module/dataset_extractedfaces/vggface2_pairs/n000007_0012_01.jpg,/content/face_module/dataset_extractedfaces/vggface2_pairs/n000008_0101_01.jpg,vggface2_pairs,impersonation_attack,eval,GhostFaceNet,PGD,vanilla,0.1188672855496406,GhostFaceNet_PGD_adv
19,ArcFace,/content/face_module/dataset_extractedfaces/vggface2_pairs/n000007_0012_01.jpg,/content/face_module/dataset_extractedfaces/vggface2_pairs/n000008_0101_01.jpg,vggface2_pairs,impersonation_attack,eval,GhostFaceNet,MI_FGSM,vanilla,0.1096645817160606,GhostFaceNet_MI_FGSM_adv
19,ArcFace,/content/face_module/dataset_extractedfaces/vggface2_pairs/n000007_0012_01.jpg,/content/face_module/dataset_extractedfaces/vggface2_pairs/n000008_0101_01.jpg,vggface2_pairs,impersonation_attack,eval,GhostFaceNet,TI_FGSM,vanilla,0.1143693849444389,GhostFaceNet_TI_FGSM_adv
19,ArcFace,/content/face_module/dataset_extractedfaces/vggface2_pairs/n000007_0012_01.jpg,/content/face_module/dataset_extractedfaces/vggface2_pairs/n000008_0101_01.jpg,vggface2_pairs,impersonation_attack,eval,GhostFaceNet,SI_NI_FGSM,vanilla,0.102780096232891,GhostFaceNet_SI_NI_FGSM_adv
19,ArcFace,/content/face_module/dataset_extractedfaces/vggface2_pairs/n000007_0012_01.jpg,/content/face_module/dataset_extractedfaces/vggface2_pairs/n000008_0101_01.jpg,vggface2_pairs,impersonation_attack,eval,GhostFaceNet,MI_ADMIX_DI_TI,vanilla,0.1274664103984832,GhostFaceNet_MI_ADMIX_DI_TI_adv
19,Facenet512,/content/face_module/dataset_extractedfaces/vggface2_pairs/n000007_0012_01.jpg,/content/face_module/dataset_extractedfaces/vggface2_pairs/n000008_0101_01.jpg,vggface2_pairs,impersonation_attack,eval,GhostFaceNet,PGD,vanilla,0.1145980507135391,GhostFaceNet_PGD_adv
19,Facenet512,/content/face_module/dataset_extractedfaces/vggface2_pairs/n000007_0012_01.jpg,/content/face_module/dataset_extractedfaces/vggface2_pairs/n000008_0101_01.jpg,vggface2_pairs,impersonation_attack,eval,GhostFaceNet,MI_FGSM,vanilla,0.1163115948438644,GhostFaceNet_MI_FGSM_adv
19,Facenet512,/content/face_module/dataset_extractedfaces/vggface2_pairs/n000007_0012_01.jpg,/content/face_module/dataset_extractedfaces/vggface2_pairs/n000008_0101_01.jpg,vggface2_pairs,impersonation_attack,eval,GhostFaceNet,TI_FGSM,vanilla,0.1231335029006004,GhostFaceNet_TI_FGSM_adv
19,Facenet512,/content/face_module/dataset_extractedfaces/vggface2_pairs/n000007_0012_01.jpg,/content/face_module/dataset_extractedfaces/vggface2_pairs/n000008_0101_01.jpg,vggface2_pairs,impersonation_attack,eval,GhostFaceNet,SI_NI_FGSM,vanilla,0.1452754735946655,GhostFaceNet_SI_NI_FGSM_adv
19,Facenet512,/content/face_module/dataset_extractedfaces/vggface2_pairs/n000007_0012_01.jpg,/content/face_module/dataset_extractedfaces/vggface2_pairs/n000008_0101_01.jpg,vggface2_pairs,impersonation_attack,eval,GhostFaceNet,MI_ADMIX_DI_TI,vanilla,0.1367107033729553,GhostFaceNet_MI_ADMIX_DI_TI_adv
19,VGG-Face,/content/face_module/dataset_extractedfaces/vggface2_pairs/n000007_0012_01.jpg,/content/face_module/dataset_extractedfaces/vggface2_pairs/n000008_0101_01.jpg,vggface2_pairs,impersonation_attack,eval,GhostFaceNet,PGD,vanilla,0.0843529626727104,GhostFaceNet_PGD_adv
19,VGG-Face,/content/face_module/dataset_extractedfaces/vggface2_pairs/n000007_0012_01.jpg,/content/face_module/dataset_extractedfaces/vggface2_pairs/n000008_0101_01.jpg,vggface2_pairs,impersonation_attack,eval,GhostFaceNet,MI_FGSM,vanilla,0.0958756357431411,GhostFaceNet_MI_FGSM_adv
19,VGG-Face,/content/face_module/dataset_extractedfaces/vggface2_pairs/n000007_0012_01.jpg,/content/face_module/dataset_extractedfaces/vggface2_pairs/n000008_0101_01.jpg,vggface2_pairs,impersonation_attack,eval,GhostFaceNet,TI_FGSM,vanilla,0.0531211458146572,GhostFaceNet_TI_FGSM_adv
19,VGG-Face,/content/face_module/dataset_extractedfaces/vggface2_pairs/n000007_0012_01.jpg,/content/face_module/dataset_extractedfaces/vggface2_pairs/n000008_0101_01.jpg,vggface2_pairs,impersonation_attack,eval,GhostFaceNet,SI_NI_FGSM,vanilla,0.0955078601837158,GhostFaceNet_SI_NI_FGSM_adv
19,VGG-Face,/content/face_module/dataset_extractedfaces/vggface2_pairs/n000007_0012_01.jpg,/content/face_module/dataset_extractedfaces/vggface2_pairs/n000008_0101_01.jpg,vggface2_pairs,impersonation_attack,eval,GhostFaceNet,MI_ADMIX_DI_TI,vanilla,0.0584905296564102,GhostFaceNet_MI_ADMIX_DI_TI_adv
21,ArcFace,/content/face_module/dataset_extractedfaces/vggface2_pairs/n000012_0183_01.jpg,/content/face_module/dataset_extractedfaces/vggface2_pairs/n000014_0113_01.jpg,vggface2_pairs,impersonation_attack,eval,GhostFaceNet,clean,clean,0.0251319538801908,GhostFaceNet_clean
21,Facenet512,/content/face_module/dataset_extractedfaces/vggface2_pairs/n000012_0183_01.jpg,/content/face_module/dataset_extractedfaces/vggface2_pairs/n000014_0113_01.jpg,vggface2_pairs,impersonation_attack,eval,GhostFaceNet,clean,clean,0.0251319538801908,GhostFaceNet_clean
21,GhostFaceNet,/content/face_module/dataset_extractedfaces/vggface2_pairs/n000012_0183_01.jpg,/content/face_module/dataset_extractedfaces/vggface2_pairs/n000014_0113_01.jpg,vggface2_pairs,impersonation_attack,eval,GhostFaceNet,clean,clean,0.0251319538801908,GhostFaceNet_clean
21,VGG-Face,/content/face_module/dataset_extractedfaces/vggface2_pairs/n000012_0183_01.jpg,/content/face_module/dataset_extractedfaces/vggface2_pairs/n000014_0113_01.jpg,vggface2_pairs,impersonation_attack,eval,GhostFaceNet,clean,clean,0.0251319538801908,GhostFaceNet_clean
21,ArcFace,/content/face_module/dataset_extractedfaces/vggface2_pairs/n000012_0183_01.jpg,/content/face_module/dataset_extractedfaces/vggface2_pairs/n000014_0113_01.jpg,vggface2_pairs,impersonation_attack,eval,GhostFaceNet,PGD,vanilla,0.1351848840713501,GhostFaceNet_PGD_adv
21,ArcFace,/content/face_module/dataset_extractedfaces/vggface2_pairs/n000012_0183_01.jpg,/content/face_module/dataset_extractedfaces/vggface2_pairs/n000014_0113_01.jpg,vggface2_pairs,impersonation_attack,eval,GhostFaceNet,MI_FGSM,vanilla,0.2098332643508911,GhostFaceNet_MI_FGSM_adv
21,ArcFace,/content/face_module/dataset_extractedfaces/vggface2_pairs/n000012_0183_01.jpg,/content/face_module/dataset_extractedfaces/vggface2_pairs/n000014_0113_01.jpg,vggface2_pairs,impersonation_attack,eval,GhostFaceNet,TI_FGSM,vanilla,0.203760877251625,GhostFaceNet_TI_FGSM_adv
21,ArcFace,/content/face_module/dataset_extractedfaces/vggface2_pairs/n000012_0183_01.jpg,/content/face_module/dataset_extractedfaces/vggface2_pairs/n000014_0113_01.jpg,vggface2_pairs,impersonation_attack,eval,GhostFaceNet,SI_NI_FGSM,vanilla,0.1986322253942489,GhostFaceNet_SI_NI_FGSM_adv
21,ArcFace,/content/face_module/dataset_extractedfaces/vggface2_pairs/n000012_0183_01.jpg,/content/face_module/dataset_extractedfaces/vggface2_pairs/n000014_0113_01.jpg,vggface2_pairs,impersonation_attack,eval,GhostFaceNet,MI_ADMIX_DI_TI,vanilla,0.1763512343168258,GhostFaceNet_MI_ADMIX_DI_TI_adv
21,Facenet512,/content/face_module/dataset_extractedfaces/vggface2_pairs/n000012_0183_01.jpg,/content/face_module/dataset_extractedfaces/vggface2_pairs/n000014_0113_01.jpg,vggface2_pairs,impersonation_attack,eval,GhostFaceNet,PGD,vanilla,0.1548245251178741,GhostFaceNet_PGD_adv
21,Facenet512,/content/face_module/dataset_extractedfaces/vggface2_pairs/n000012_0183_01.jpg,/content/face_module/dataset_extractedfaces/vggface2_pairs/n000014_0113_01.jpg,vggface2_pairs,impersonation_attack,eval,GhostFaceNet,MI_FGSM,vanilla,0.2000879794359207,GhostFaceNet_MI_FGSM_adv
21,Facenet512,/content/face_module/dataset_extractedfaces/vggface2_pairs/n000012_0183_01.jpg,/content/face_module/dataset_extractedfaces/vggface2_pairs/n000014_0113_01.jpg,vggface2_pairs,impersonation_attack,eval,GhostFaceNet,TI_FGSM,vanilla,0.1914987862110138,GhostFaceNet_TI_FGSM_adv
21,Facenet512,/content/face_module/dataset_extractedfaces/vggface2_pairs/n000012_0183_01.jpg,/content/face_module/dataset_extractedfaces/vggface2_pairs/n000014_0113_01.jpg,vggface2_pairs,impersonation_attack,eval,GhostFaceNet,SI_NI_FGSM,vanilla,0.2039492428302765,GhostFaceNet_SI_NI_FGSM_adv
21,Facenet512,/content/face_module/dataset_extractedfaces/vggface2_pairs/n000012_0183_01.jpg,/content/face_module/dataset_extractedfaces/vggface2_pairs/n000014_0113_01.jpg,vggface2_pairs,impersonation_attack,eval,GhostFaceNet,MI_ADMIX_DI_TI,vanilla,0.2159308791160583,GhostFaceNet_MI_ADMIX_DI_TI_adv
21,VGG-Face,/content/face_module/dataset_extractedfaces/vggface2_pairs/n000012_0183_01.jpg,/content/face_module/dataset_extractedfaces/vggface2_pairs/n000014_0113_01.jpg,vggface2_pairs,impersonation_attack,eval,GhostFaceNet,PGD,vanilla,0.1465562433004379,GhostFaceNet_PGD_adv
21,VGG-Face,/content/face_module/dataset_extractedfaces/vggface2_pairs/n000012_0183_01.jpg,/content/face_module/dataset_extractedfaces/vggface2_pairs/n000014_0113_01.jpg,vggface2_pairs,impersonation_attack,eval,GhostFaceNet,MI_FGSM,vanilla,0.1982846558094024,GhostFaceNet_MI_FGSM_adv
21,VGG-Face,/content/face_module/dataset_extractedfaces/vggface2_pairs/n000012_0183_01.jpg,/content/face_module/dataset_extractedfaces/vggface2_pairs/n000014_0113_01.jpg,vggface2_pairs,impersonation_attack,eval,GhostFaceNet,TI_FGSM,vanilla,0.1977637857198715,GhostFaceNet_TI_FGSM_adv
21,VGG-Face,/content/face_module/dataset_extractedfaces/vggface2_pairs/n000012_0183_01.jpg,/content/face_module/dataset_extractedfaces/vggface2_pairs/n000014_0113_01.jpg,vggface2_pairs,impersonation_attack,eval,GhostFaceNet,SI_NI_FGSM,vanilla,0.1815947741270065,GhostFaceNet_SI_NI_FGSM_adv
21,VGG-Face,/content/face_module/dataset_extractedfaces/vggface2_pairs/n000012_0183_01.jpg,/content/face_module/dataset_extractedfaces/vggface2_pairs/n000014_0113_01.jpg,vggface2_pairs,impersonation_attack,eval,GhostFaceNet,MI_ADMIX_DI_TI,vanilla,0.1830755025148391,GhostFaceNet_MI_ADMIX_DI_TI_adv
6,ArcFace,/content/face_module/dataset_extractedfaces/lfw_pairs/Luiz Inacio Lula da Silva_7.jpg,/content/face_module/dataset_extractedfaces/lfw_pairs/Luiz Inacio Lula da Silva_8.jpg,lfw_pairs,dodging_attack,eval,GhostFaceNet,clean,clean,0.4293000400066376,GhostFaceNet_clean
6,Facenet512,/content/face_module/dataset_extractedfaces/lfw_pairs/Luiz Inacio Lula da Silva_7.jpg,/content/face_module/dataset_extractedfaces/lfw_pairs/Luiz Inacio Lula da Silva_8.jpg,lfw_pairs,dodging_attack,eval,GhostFaceNet,clean,clean,0.4293000400066376,GhostFaceNet_clean
6,GhostFaceNet,/content/face_module/dataset_extractedfaces/lfw_pairs/Luiz Inacio Lula da Silva_7.jpg,/content/face_module/dataset_extractedfaces/lfw_pairs/Luiz Inacio Lula da Silva_8.jpg,lfw_pairs,dodging_attack,eval,GhostFaceNet,clean,clean,0.4293000400066376,GhostFaceNet_clean
6,VGG-Face,/content/face_module/dataset_extractedfaces/lfw_pairs/Luiz Inacio Lula da Silva_7.jpg,/content/face_module/dataset_extractedfaces/lfw_pairs/Luiz Inacio Lula da Silva_8.jpg,lfw_pairs,dodging_attack,eval,GhostFaceNet,clean,clean,0.4293000400066376,GhostFaceNet_clean
6,ArcFace,/content/face_module/dataset_extractedfaces/lfw_pairs/Luiz Inacio Lula da Silva_7.jpg,/content/face_module/dataset_extractedfaces/lfw_pairs/Luiz Inacio Lula da Silva_8.jpg,lfw_pairs,dodging_attack,eval,GhostFaceNet,PGD,vanilla,0.3517116606235504,GhostFaceNet_PGD_adv
6,ArcFace,/content/face_module/dataset_extractedfaces/lfw_pairs/Luiz Inacio Lula da Silva_7.jpg,/content/face_module/dataset_extractedfaces/lfw_pairs/Luiz Inacio Lula da Silva_8.jpg,lfw_pairs,dodging_attack,eval,GhostFaceNet,MI_FGSM,vanilla,0.3690811693668365,GhostFaceNet_MI_FGSM_adv
6,ArcFace,/content/face_module/dataset_extractedfaces/lfw_pairs/Luiz Inacio Lula da Silva_7.jpg,/content/face_module/dataset_extractedfaces/lfw_pairs/Luiz Inacio Lula da Silva_8.jpg,lfw_pairs,dodging_attack,eval,GhostFaceNet,TI_FGSM,vanilla,0.3603127598762512,GhostFaceNet_TI_FGSM_adv
6,ArcFace,/content/face_module/dataset_extractedfaces/lfw_pairs/Luiz Inacio Lula da Silva_7.jpg,/content/face_module/dataset_extractedfaces/lfw_pairs/Luiz Inacio Lula da Silva_8.jpg,lfw_pairs,dodging_attack,eval,GhostFaceNet,SI_NI_FGSM,vanilla,0.3512181043624878,GhostFaceNet_SI_NI_FGSM_adv
6,ArcFace,/content/face_module/dataset_extractedfaces/lfw_pairs/Luiz Inacio Lula da Silva_7.jpg,/content/face_module/dataset_extractedfaces/lfw_pairs/Luiz Inacio Lula da Silva_8.jpg,lfw_pairs,dodging_attack,eval,GhostFaceNet,MI_ADMIX_DI_TI,vanilla,0.3181896805763244,GhostFaceNet_MI_ADMIX_DI_TI_adv
6,Facenet512,/content/face_module/dataset_extractedfaces/lfw_pairs/Luiz Inacio Lula da Silva_7.jpg,/content/face_module/dataset_extractedfaces/lfw_pairs/Luiz Inacio Lula da Silva_8.jpg,lfw_pairs,dodging_attack,eval,GhostFaceNet,PGD,vanilla,0.367496907711029,GhostFaceNet_PGD_adv
6,Facenet512,/content/face_module/dataset_extractedfaces/lfw_pairs/Luiz Inacio Lula da Silva_7.jpg,/content/face_module/dataset_extractedfaces/lfw_pairs/Luiz Inacio Lula da Silva_8.jpg,lfw_pairs,dodging_attack,eval,GhostFaceNet,MI_FGSM,vanilla,0.3781774938106537,GhostFaceNet_MI_FGSM_adv
6,Facenet512,/content/face_module/dataset_extractedfaces/lfw_pairs/Luiz Inacio Lula da Silva_7.jpg,/content/face_module/dataset_extractedfaces/lfw_pairs/Luiz Inacio Lula da Silva_8.jpg,lfw_pairs,dodging_attack,eval,GhostFaceNet,TI_FGSM,vanilla,0.3330205976963043,GhostFaceNet_TI_FGSM_adv
6,Facenet512,/content/face_module/dataset_extractedfaces/lfw_pairs/Luiz Inacio Lula da Silva_7.jpg,/content/face_module/dataset_extractedfaces/lfw_pairs/Luiz Inacio Lula da Silva_8.jpg,lfw_pairs,dodging_attack,eval,GhostFaceNet,SI_NI_FGSM,vanilla,0.4156920313835144,GhostFaceNet_SI_NI_FGSM_adv
6,Facenet512,/content/face_module/dataset_extractedfaces/lfw_pairs/Luiz Inacio Lula da Silva_7.jpg,/content/face_module/dataset_extractedfaces/lfw_pairs/Luiz Inacio Lula da Silva_8.jpg,lfw_pairs,dodging_attack,eval,GhostFaceNet,MI_ADMIX_DI_TI,vanilla,0.28560271859169,GhostFaceNet_MI_ADMIX_DI_TI_adv
6,VGG-Face,/content/face_module/dataset_extractedfaces/lfw_pairs/Luiz Inacio Lula da Silva_7.jpg,/content/face_module/dataset_extractedfaces/lfw_pairs/Luiz Inacio Lula da Silva_8.jpg,lfw_pairs,dodging_attack,eval,GhostFaceNet,PGD,vanilla,0.3958658576011657,GhostFaceNet_PGD_adv
6,VGG-Face,/content/face_module/dataset_extractedfaces/lfw_pairs/Luiz Inacio Lula da Silva_7.jpg,/content/face_module/dataset_extractedfaces/lfw_pairs/Luiz Inacio Lula da Silva_8.jpg,lfw_pairs,dodging_attack,eval,GhostFaceNet,MI_FGSM,vanilla,0.3560334146022796,GhostFaceNet_MI_FGSM_adv
6,VGG-Face,/content/face_module/dataset_extractedfaces/lfw_pairs/Luiz Inacio Lula da Silva_7.jpg,/content/face_module/dataset_extractedfaces/lfw_pairs/Luiz Inacio Lula da Silva_8.jpg,lfw_pairs,dodging_attack,eval,GhostFaceNet,TI_FGSM,vanilla,0.3264063000679016,GhostFaceNet_TI_FGSM_adv
6,VGG-Face,/content/face_module/dataset_extractedfaces/lfw_pairs/Luiz Inacio Lula da Silva_7.jpg,/content/face_module/dataset_extractedfaces/lfw_pairs/Luiz Inacio Lula da Silva_8.jpg,lfw_pairs,dodging_attack,eval,GhostFaceNet,SI_NI_FGSM,vanilla,0.3200201988220215,GhostFaceNet_SI_NI_FGSM_adv
6,VGG-Face,/content/face_module/dataset_extractedfaces/lfw_pairs/Luiz Inacio Lula da Silva_7.jpg,/content/face_module/dataset_extractedfaces/lfw_pairs/Luiz Inacio Lula da Silva_8.jpg,lfw_pairs,dodging_attack,eval,GhostFaceNet,MI_ADMIX_DI_TI,vanilla,0.3046258091926574,GhostFaceNet_MI_ADMIX_DI_TI_adv
9,ArcFace,/content/face_module/dataset_extractedfaces/lfw_pairs/Colin Powell_75.jpg,/content/face_module/dataset_extractedfaces/lfw_pairs/Colin Powell_76.jpg,lfw_pairs,dodging_attack,eval,GhostFaceNet,clean,clean,0.2118891924619674,GhostFaceNet_clean
9,Facenet512,/content/face_module/dataset_extractedfaces/lfw_pairs/Colin Powell_75.jpg,/content/face_module/dataset_extractedfaces/lfw_pairs/Colin Powell_76.jpg,lfw_pairs,dodging_attack,eval,GhostFaceNet,clean,clean,0.2118891924619674,GhostFaceNet_clean
9,GhostFaceNet,/content/face_module/dataset_extractedfaces/lfw_pairs/Colin Powell_75.jpg,/content/face_module/dataset_extractedfaces/lfw_pairs/Colin Powell_76.jpg,lfw_pairs,dodging_attack,eval,GhostFaceNet,clean,clean,0.2118891924619674,GhostFaceNet_clean
9,VGG-Face,/content/face_module/dataset_extractedfaces/lfw_pairs/Colin Powell_75.jpg,/content/face_module/dataset_extractedfaces/lfw_pairs/Colin Powell_76.jpg,lfw_pairs,dodging_attack,eval,GhostFaceNet,clean,clean,0.2118891924619674,GhostFaceNet_clean
9,ArcFace,/content/face_module/dataset_extractedfaces/lfw_pairs/Colin Powell_75.jpg,/content/face_module/dataset_extractedfaces/lfw_pairs/Colin Powell_76.jpg,lfw_pairs,dodging_attack,eval,GhostFaceNet,PGD,vanilla,0.2015395611524582,GhostFaceNet_PGD_adv
9,ArcFace,/content/face_module/dataset_extractedfaces/lfw_pairs/Colin Powell_75.jpg,/content/face_module/dataset_extractedfaces/lfw_pairs/Colin Powell_76.jpg,lfw_pairs,dodging_attack,eval,GhostFaceNet,MI_FGSM,vanilla,0.1877069771289825,GhostFaceNet_MI_FGSM_adv
9,ArcFace,/content/face_module/dataset_extractedfaces/lfw_pairs/Colin Powell_75.jpg,/content/face_module/dataset_extractedfaces/lfw_pairs/Colin Powell_76.jpg,lfw_pairs,dodging_attack,eval,GhostFaceNet,TI_FGSM,vanilla,0.1161572411656379,GhostFaceNet_TI_FGSM_adv
9,ArcFace,/content/face_module/dataset_extractedfaces/lfw_pairs/Colin Powell_75.jpg,/content/face_module/dataset_extractedfaces/lfw_pairs/Colin Powell_76.jpg,lfw_pairs,dodging_attack,eval,GhostFaceNet,SI_NI_FGSM,vanilla,0.1448929905891418,GhostFaceNet_SI_NI_FGSM_adv
9,ArcFace,/content/face_module/dataset_extractedfaces/lfw_pairs/Colin Powell_75.jpg,/content/face_module/dataset_extractedfaces/lfw_pairs/Colin Powell_76.jpg,lfw_pairs,dodging_attack,eval,GhostFaceNet,MI_ADMIX_DI_TI,vanilla,0.1222900003194809,GhostFaceNet_MI_ADMIX_DI_TI_adv
9,Facenet512,/content/face_module/dataset_extractedfaces/lfw_pairs/Colin Powell_75.jpg,/content/face_module/dataset_extractedfaces/lfw_pairs/Colin Powell_76.jpg,lfw_pairs,dodging_attack,eval,GhostFaceNet,PGD,vanilla,0.17144475877285,GhostFaceNet_PGD_adv
9,Facenet512,/content/face_module/dataset_extractedfaces/lfw_pairs/Colin Powell_75.jpg,/content/face_module/dataset_extractedfaces/lfw_pairs/Colin Powell_76.jpg,lfw_pairs,dodging_attack,eval,GhostFaceNet,MI_FGSM,vanilla,0.1659341603517532,GhostFaceNet_MI_FGSM_adv
9,Facenet512,/content/face_module/dataset_extractedfaces/lfw_pairs/Colin Powell_75.jpg,/content/face_module/dataset_extractedfaces/lfw_pairs/Colin Powell_76.jpg,lfw_pairs,dodging_attack,eval,GhostFaceNet,TI_FGSM,vanilla,0.1597299575805664,GhostFaceNet_TI_FGSM_adv
9,Facenet512,/content/face_module/dataset_extractedfaces/lfw_pairs/Colin Powell_75.jpg,/content/face_module/dataset_extractedfaces/lfw_pairs/Colin Powell_76.jpg,lfw_pairs,dodging_attack,eval,GhostFaceNet,SI_NI_FGSM,vanilla,0.1359566301107406,GhostFaceNet_SI_NI_FGSM_adv
9,Facenet512,/content/face_module/dataset_extractedfaces/lfw_pairs/Colin Powell_75.jpg,/content/face_module/dataset_extractedfaces/lfw_pairs/Colin Powell_76.jpg,lfw_pairs,dodging_attack,eval,GhostFaceNet,MI_ADMIX_DI_TI,vanilla,0.106226235628128,GhostFaceNet_MI_ADMIX_DI_TI_adv
9,VGG-Face,/content/face_module/dataset_extractedfaces/lfw_pairs/Colin Powell_75.jpg,/content/face_module/dataset_extractedfaces/lfw_pairs/Colin Powell_76.jpg,lfw_pairs,dodging_attack,eval,GhostFaceNet,PGD,vanilla,0.2168048471212387,GhostFaceNet_PGD_adv
9,VGG-Face,/content/face_module/dataset_extractedfaces/lfw_pairs/Colin Powell_75.jpg,/content/face_module/dataset_extractedfaces/lfw_pairs/Colin Powell_76.jpg,lfw_pairs,dodging_attack,eval,GhostFaceNet,MI_FGSM,vanilla,0.2157632559537887,GhostFaceNet_MI_FGSM_adv
9,VGG-Face,/content/face_module/dataset_extractedfaces/lfw_pairs/Colin Powell_75.jpg,/content/face_module/dataset_extractedfaces/lfw_pairs/Colin Powell_76.jpg,lfw_pairs,dodging_attack,eval,GhostFaceNet,TI_FGSM,vanilla,0.1649836748838424,GhostFaceNet_TI_FGSM_adv
9,VGG-Face,/content/face_module/dataset_extractedfaces/lfw_pairs/Colin Powell_75.jpg,/content/face_module/dataset_extractedfaces/lfw_pairs/Colin Powell_76.jpg,lfw_pairs,dodging_attack,eval,GhostFaceNet,SI_NI_FGSM,vanilla,0.1724172532558441,GhostFaceNet_SI_NI_FGSM_adv
9,VGG-Face,/content/face_module/dataset_extractedfaces/lfw_pairs/Colin Powell_75.jpg,/content/face_module/dataset_extractedfaces/lfw_pairs/Colin Powell_76.jpg,lfw_pairs,dodging_attack,eval,GhostFaceNet,MI_ADMIX_DI_TI,vanilla,0.1558621078729629,GhostFaceNet_MI_ADMIX_DI_TI_adv
15,ArcFace,/content/face_module/dataset_extractedfaces/lfw_pairs/George W Bush_518.jpg,/content/face_module/dataset_extractedfaces/lfw_pairs/George W Bush_519.jpg,lfw_pairs,dodging_attack,eval,GhostFaceNet,clean,clean,0.4012919068336487,GhostFaceNet_clean
15,Facenet512,/content/face_module/dataset_extractedfaces/lfw_pairs/George W Bush_518.jpg,/content/face_module/dataset_extractedfaces/lfw_pairs/George W Bush_519.jpg,lfw_pairs,dodging_attack,eval,GhostFaceNet,clean,clean,0.4012919068336487,GhostFaceNet_clean
15,GhostFaceNet,/content/face_module/dataset_extractedfaces/lfw_pairs/George W Bush_518.jpg,/content/face_module/dataset_extractedfaces/lfw_pairs/George W Bush_519.jpg,lfw_pairs,dodging_attack,eval,GhostFaceNet,clean,clean,0.4012919068336487,GhostFaceNet_clean
15,VGG-Face,/content/face_module/dataset_extractedfaces/lfw_pairs/George W Bush_518.jpg,/content/face_module/dataset_extractedfaces/lfw_pairs/George W Bush_519.jpg,lfw_pairs,dodging_attack,eval,GhostFaceNet,clean,clean,0.4012919068336487,GhostFaceNet_clean
15,ArcFace,/content/face_module/dataset_extractedfaces/lfw_pairs/George W Bush_518.jpg,/content/face_module/dataset_extractedfaces/lfw_pairs/George W Bush_519.jpg,lfw_pairs,dodging_attack,eval,GhostFaceNet,PGD,vanilla,0.2738312184810638,GhostFaceNet_PGD_adv
15,ArcFace,/content/face_module/dataset_extractedfaces/lfw_pairs/George W Bush_518.jpg,/content/face_module/dataset_extractedfaces/lfw_pairs/George W Bush_519.jpg,lfw_pairs,dodging_attack,eval,GhostFaceNet,MI_FGSM,vanilla,0.263123869895935,GhostFaceNet_MI_FGSM_adv
15,ArcFace,/content/face_module/dataset_extractedfaces/lfw_pairs/George W Bush_518.jpg,/content/face_module/dataset_extractedfaces/lfw_pairs/George W Bush_519.jpg,lfw_pairs,dodging_attack,eval,GhostFaceNet,TI_FGSM,vanilla,0.2684802114963531,GhostFaceNet_TI_FGSM_adv
15,ArcFace,/content/face_module/dataset_extractedfaces/lfw_pairs/George W Bush_518.jpg,/content/face_module/dataset_extractedfaces/lfw_pairs/George W Bush_519.jpg,lfw_pairs,dodging_attack,eval,GhostFaceNet,SI_NI_FGSM,vanilla,0.191355213522911,GhostFaceNet_SI_NI_FGSM_adv
15,ArcFace,/content/face_module/dataset_extractedfaces/lfw_pairs/George W Bush_518.jpg,/content/face_module/dataset_extractedfaces/lfw_pairs/George W Bush_519.jpg,lfw_pairs,dodging_attack,eval,GhostFaceNet,MI_ADMIX_DI_TI,vanilla,0.2906678020954132,GhostFaceNet_MI_ADMIX_DI_TI_adv
15,Facenet512,/content/face_module/dataset_extractedfaces/lfw_pairs/George W Bush_518.jpg,/content/face_module/dataset_extractedfaces/lfw_pairs/George W Bush_519.jpg,lfw_pairs,dodging_attack,eval,GhostFaceNet,PGD,vanilla,0.2585864961147308,GhostFaceNet_PGD_adv
15,Facenet512,/content/face_module/dataset_extractedfaces/lfw_pairs/George W Bush_518.jpg,/content/face_module/dataset_extractedfaces/lfw_pairs/George W Bush_519.jpg,lfw_pairs,dodging_attack,eval,GhostFaceNet,MI_FGSM,vanilla,0.2332471311092376,GhostFaceNet_MI_FGSM_adv
15,Facenet512,/content/face_module/dataset_extractedfaces/lfw_pairs/George W Bush_518.jpg,/content/face_module/dataset_extractedfaces/lfw_pairs/George W Bush_519.jpg,lfw_pairs,dodging_attack,eval,GhostFaceNet,TI_FGSM,vanilla,0.2820378243923187,GhostFaceNet_TI_FGSM_adv
15,Facenet512,/content/face_module/dataset_extractedfaces/lfw_pairs/George W Bush_518.jpg,/content/face_module/dataset_extractedfaces/lfw_pairs/George W Bush_519.jpg,lfw_pairs,dodging_attack,eval,GhostFaceNet,SI_NI_FGSM,vanilla,0.2169163972139358,GhostFaceNet_SI_NI_FGSM_adv
15,Facenet512,/content/face_module/dataset_extractedfaces/lfw_pairs/George W Bush_518.jpg,/content/face_module/dataset_extractedfaces/lfw_pairs/George W Bush_519.jpg,lfw_pairs,dodging_attack,eval,GhostFaceNet,MI_ADMIX_DI_TI,vanilla,0.2595756351947784,GhostFaceNet_MI_ADMIX_DI_TI_adv
15,VGG-Face,/content/face_module/dataset_extractedfaces/lfw_pairs/George W Bush_518.jpg,/content/face_module/dataset_extractedfaces/lfw_pairs/George W Bush_519.jpg,lfw_pairs,dodging_attack,eval,GhostFaceNet,PGD,vanilla,0.303249329328537,GhostFaceNet_PGD_adv
15,VGG-Face,/content/face_module/dataset_extractedfaces/lfw_pairs/George W Bush_518.jpg,/content/face_module/dataset_extractedfaces/lfw_pairs/George W Bush_519.jpg,lfw_pairs,dodging_attack,eval,GhostFaceNet,MI_FGSM,vanilla,0.2835074663162231,GhostFaceNet_MI_FGSM_adv
15,VGG-Face,/content/face_module/dataset_extractedfaces/lfw_pairs/George W Bush_518.jpg,/content/face_module/dataset_extractedfaces/lfw_pairs/George W Bush_519.jpg,lfw_pairs,dodging_attack,eval,GhostFaceNet,TI_FGSM,vanilla,0.2693015038967132,GhostFaceNet_TI_FGSM_adv
15,VGG-Face,/content/face_module/dataset_extractedfaces/lfw_pairs/George W Bush_518.jpg,/content/face_module/dataset_extractedfaces/lfw_pairs/George W Bush_519.jpg,lfw_pairs,dodging_attack,eval,GhostFaceNet,SI_NI_FGSM,vanilla,0.2864164710044861,GhostFaceNet_SI_NI_FGSM_adv
15,VGG-Face,/content/face_module/dataset_extractedfaces/lfw_pairs/George W Bush_518.jpg,/content/face_module/dataset_extractedfaces/lfw_pairs/George W Bush_519.jpg,lfw_pairs,dodging_attack,eval,GhostFaceNet,MI_ADMIX_DI_TI,vanilla,0.2867803871631622,GhostFaceNet_MI_ADMIX_DI_TI_adv
16,ArcFace,/content/face_module/dataset_extractedfaces/lfw_pairs/Colin Powell_24.jpg,/content/face_module/dataset_extractedfaces/lfw_pairs/Colin Powell_25.jpg,lfw_pairs,dodging_attack,eval,GhostFaceNet,clean,clean,0.2700411379337311,GhostFaceNet_clean
16,Facenet512,/content/face_module/dataset_extractedfaces/lfw_pairs/Colin Powell_24.jpg,/content/face_module/dataset_extractedfaces/lfw_pairs/Colin Powell_25.jpg,lfw_pairs,dodging_attack,eval,GhostFaceNet,clean,clean,0.2700411379337311,GhostFaceNet_clean
16,GhostFaceNet,/content/face_module/dataset_extractedfaces/lfw_pairs/Colin Powell_24.jpg,/content/face_module/dataset_extractedfaces/lfw_pairs/Colin Powell_25.jpg,lfw_pairs,dodging_attack,eval,GhostFaceNet,clean,clean,0.2700411379337311,GhostFaceNet_clean
16,VGG-Face,/content/face_module/dataset_extractedfaces/lfw_pairs/Colin Powell_24.jpg,/content/face_module/dataset_extractedfaces/lfw_pairs/Colin Powell_25.jpg,lfw_pairs,dodging_attack,eval,GhostFaceNet,clean,clean,0.2700411379337311,GhostFaceNet_clean
16,ArcFace,/content/face_module/dataset_extractedfaces/lfw_pairs/Colin Powell_24.jpg,/content/face_module/dataset_extractedfaces/lfw_pairs/Colin Powell_25.jpg,lfw_pairs,dodging_attack,eval,GhostFaceNet,PGD,vanilla,0.1806287318468094,GhostFaceNet_PGD_adv
16,ArcFace,/content/face_module/dataset_extractedfaces/lfw_pairs/Colin Powell_24.jpg,/content/face_module/dataset_extractedfaces/lfw_pairs/Colin Powell_25.jpg,lfw_pairs,dodging_attack,eval,GhostFaceNet,MI_FGSM,vanilla,0.0535355024039745,GhostFaceNet_MI_FGSM_adv
16,ArcFace,/content/face_module/dataset_extractedfaces/lfw_pairs/Colin Powell_24.jpg,/content/face_module/dataset_extractedfaces/lfw_pairs/Colin Powell_25.jpg,lfw_pairs,dodging_attack,eval,GhostFaceNet,TI_FGSM,vanilla,0.1348061710596084,GhostFaceNet_TI_FGSM_adv
16,ArcFace,/content/face_module/dataset_extractedfaces/lfw_pairs/Colin Powell_24.jpg,/content/face_module/dataset_extractedfaces/lfw_pairs/Colin Powell_25.jpg,lfw_pairs,dodging_attack,eval,GhostFaceNet,SI_NI_FGSM,vanilla,0.0822907760739326,GhostFaceNet_SI_NI_FGSM_adv
16,ArcFace,/content/face_module/dataset_extractedfaces/lfw_pairs/Colin Powell_24.jpg,/content/face_module/dataset_extractedfaces/lfw_pairs/Colin Powell_25.jpg,lfw_pairs,dodging_attack,eval,GhostFaceNet,MI_ADMIX_DI_TI,vanilla,0.1352043002843856,GhostFaceNet_MI_ADMIX_DI_TI_adv
16,Facenet512,/content/face_module/dataset_extractedfaces/lfw_pairs/Colin Powell_24.jpg,/content/face_module/dataset_extractedfaces/lfw_pairs/Colin Powell_25.jpg,lfw_pairs,dodging_attack,eval,GhostFaceNet,PGD,vanilla,0.1426694244146347,GhostFaceNet_PGD_adv
16,Facenet512,/content/face_module/dataset_extractedfaces/lfw_pairs/Colin Powell_24.jpg,/content/face_module/dataset_extractedfaces/lfw_pairs/Colin Powell_25.jpg,lfw_pairs,dodging_attack,eval,GhostFaceNet,MI_FGSM,vanilla,0.1784704327583313,GhostFaceNet_MI_FGSM_adv
16,Facenet512,/content/face_module/dataset_extractedfaces/lfw_pairs/Colin Powell_24.jpg,/content/face_module/dataset_extractedfaces/lfw_pairs/Colin Powell_25.jpg,lfw_pairs,dodging_attack,eval,GhostFaceNet,TI_FGSM,vanilla,0.1738095432519912,GhostFaceNet_TI_FGSM_adv
16,Facenet512,/content/face_module/dataset_extractedfaces/lfw_pairs/Colin Powell_24.jpg,/content/face_module/dataset_extractedfaces/lfw_pairs/Colin Powell_25.jpg,lfw_pairs,dodging_attack,eval,GhostFaceNet,SI_NI_FGSM,vanilla,0.1817028969526291,GhostFaceNet_SI_NI_FGSM_adv
16,Facenet512,/content/face_module/dataset_extractedfaces/lfw_pairs/Colin Powell_24.jpg,/content/face_module/dataset_extractedfaces/lfw_pairs/Colin Powell_25.jpg,lfw_pairs,dodging_attack,eval,GhostFaceNet,MI_ADMIX_DI_TI,vanilla,0.1234491243958473,GhostFaceNet_MI_ADMIX_DI_TI_adv
16,VGG-Face,/content/face_module/dataset_extractedfaces/lfw_pairs/Colin Powell_24.jpg,/content/face_module/dataset_extractedfaces/lfw_pairs/Colin Powell_25.jpg,lfw_pairs,dodging_attack,eval,GhostFaceNet,PGD,vanilla,0.0653360784053802,GhostFaceNet_PGD_adv
16,VGG-Face,/content/face_module/dataset_extractedfaces/lfw_pairs/Colin Powell_24.jpg,/content/face_module/dataset_extractedfaces/lfw_pairs/Colin Powell_25.jpg,lfw_pairs,dodging_attack,eval,GhostFaceNet,MI_FGSM,vanilla,-0.0216062534600496,GhostFaceNet_MI_FGSM_adv
16,VGG-Face,/content/face_module/dataset_extractedfaces/lfw_pairs/Colin Powell_24.jpg,/content/face_module/dataset_extractedfaces/lfw_pairs/Colin Powell_25.jpg,lfw_pairs,dodging_attack,eval,GhostFaceNet,TI_FGSM,vanilla,0.0516447983682155,GhostFaceNet_TI_FGSM_adv
16,VGG-Face,/content/face_module/dataset_extractedfaces/lfw_pairs/Colin Powell_24.jpg,/content/face_module/dataset_extractedfaces/lfw_pairs/Colin Powell_25.jpg,lfw_pairs,dodging_attack,eval,GhostFaceNet,SI_NI_FGSM,vanilla,0.0078519033268094,GhostFaceNet_SI_NI_FGSM_adv
16,VGG-Face,/content/face_module/dataset_extractedfaces/lfw_pairs/Colin Powell_24.jpg,/content/face_module/dataset_extractedfaces/lfw_pairs/Colin Powell_25.jpg,lfw_pairs,dodging_attack,eval,GhostFaceNet,MI_ADMIX_DI_TI,vanilla,-0.0303833745419979,GhostFaceNet_MI_ADMIX_DI_TI_adv
23,ArcFace,/content/face_module/dataset_extractedfaces/lfw_pairs/Tom Daschle_5.jpg,/content/face_module/dataset_extractedfaces/lfw_pairs/Tom Daschle_6.jpg,lfw_pairs,dodging_attack,eval,GhostFaceNet,clean,clean,0.290112167596817,GhostFaceNet_clean
23,Facenet512,/content/face_module/dataset_extractedfaces/lfw_pairs/Tom Daschle_5.jpg,/content/face_module/dataset_extractedfaces/lfw_pairs/Tom Daschle_6.jpg,lfw_pairs,dodging_attack,eval,GhostFaceNet,clean,clean,0.290112167596817,GhostFaceNet_clean
23,GhostFaceNet,/content/face_module/dataset_extractedfaces/lfw_pairs/Tom Daschle_5.jpg,/content/face_module/dataset_extractedfaces/lfw_pairs/Tom Daschle_6.jpg,lfw_pairs,dodging_attack,eval,GhostFaceNet,clean,clean,0.290112167596817,GhostFaceNet_clean
23,VGG-Face,/content/face_module/dataset_extractedfaces/lfw_pairs/Tom Daschle_5.jpg,/content/face_module/dataset_extractedfaces/lfw_pairs/Tom Daschle_6.jpg,lfw_pairs,dodging_attack,eval,GhostFaceNet,clean,clean,0.290112167596817,GhostFaceNet_clean
23,ArcFace,/content/face_module/dataset_extractedfaces/lfw_pairs/Tom Daschle_5.jpg,/content/face_module/dataset_extractedfaces/lfw_pairs/Tom Daschle_6.jpg,lfw_pairs,dodging_attack,eval,GhostFaceNet,PGD,vanilla,0.3260818421840668,GhostFaceNet_PGD_adv
23,ArcFace,/content/face_module/dataset_extractedfaces/lfw_pairs/Tom Daschle_5.jpg,/content/face_module/dataset_extractedfaces/lfw_pairs/Tom Daschle_6.jpg,lfw_pairs,dodging_attack,eval,GhostFaceNet,MI_FGSM,vanilla,0.2772557735443115,GhostFaceNet_MI_FGSM_adv
23,ArcFace,/content/face_module/dataset_extractedfaces/lfw_pairs/Tom Daschle_5.jpg,/content/face_module/dataset_extractedfaces/lfw_pairs/Tom Daschle_6.jpg,lfw_pairs,dodging_attack,eval,GhostFaceNet,TI_FGSM,vanilla,0.2301668375730514,GhostFaceNet_TI_FGSM_adv
23,ArcFace,/content/face_module/dataset_extractedfaces/lfw_pairs/Tom Daschle_5.jpg,/content/face_module/dataset_extractedfaces/lfw_pairs/Tom Daschle_6.jpg,lfw_pairs,dodging_attack,eval,GhostFaceNet,SI_NI_FGSM,vanilla,0.3119416236877441,GhostFaceNet_SI_NI_FGSM_adv
23,ArcFace,/content/face_module/dataset_extractedfaces/lfw_pairs/Tom Daschle_5.jpg,/content/face_module/dataset_extractedfaces/lfw_pairs/Tom Daschle_6.jpg,lfw_pairs,dodging_attack,eval,GhostFaceNet,MI_ADMIX_DI_TI,vanilla,0.2361001074314117,GhostFaceNet_MI_ADMIX_DI_TI_adv
23,Facenet512,/content/face_module/dataset_extractedfaces/lfw_pairs/Tom Daschle_5.jpg,/content/face_module/dataset_extractedfaces/lfw_pairs/Tom Daschle_6.jpg,lfw_pairs,dodging_attack,eval,GhostFaceNet,PGD,vanilla,0.3488167822360992,GhostFaceNet_PGD_adv
23,Facenet512,/content/face_module/dataset_extractedfaces/lfw_pairs/Tom Daschle_5.jpg,/content/face_module/dataset_extractedfaces/lfw_pairs/Tom Daschle_6.jpg,lfw_pairs,dodging_attack,eval,GhostFaceNet,MI_FGSM,vanilla,0.375084638595581,GhostFaceNet_MI_FGSM_adv
23,Facenet512,/content/face_module/dataset_extractedfaces/lfw_pairs/Tom Daschle_5.jpg,/content/face_module/dataset_extractedfaces/lfw_pairs/Tom Daschle_6.jpg,lfw_pairs,dodging_attack,eval,GhostFaceNet,TI_FGSM,vanilla,0.3413797616958618,GhostFaceNet_TI_FGSM_adv
23,Facenet512,/content/face_module/dataset_extractedfaces/lfw_pairs/Tom Daschle_5.jpg,/content/face_module/dataset_extractedfaces/lfw_pairs/Tom Daschle_6.jpg,lfw_pairs,dodging_attack,eval,GhostFaceNet,SI_NI_FGSM,vanilla,0.3313848376274109,GhostFaceNet_SI_NI_FGSM_adv
23,Facenet512,/content/face_module/dataset_extractedfaces/lfw_pairs/Tom Daschle_5.jpg,/content/face_module/dataset_extractedfaces/lfw_pairs/Tom Daschle_6.jpg,lfw_pairs,dodging_attack,eval,GhostFaceNet,MI_ADMIX_DI_TI,vanilla,0.3185330331325531,GhostFaceNet_MI_ADMIX_DI_TI_adv
23,VGG-Face,/content/face_module/dataset_extractedfaces/lfw_pairs/Tom Daschle_5.jpg,/content/face_module/dataset_extractedfaces/lfw_pairs/Tom Daschle_6.jpg,lfw_pairs,dodging_attack,eval,GhostFaceNet,PGD,vanilla,0.3243730664253235,GhostFaceNet_PGD_adv
23,VGG-Face,/content/face_module/dataset_extractedfaces/lfw_pairs/Tom Daschle_5.jpg,/content/face_module/dataset_extractedfaces/lfw_pairs/Tom Daschle_6.jpg,lfw_pairs,dodging_attack,eval,GhostFaceNet,MI_FGSM,vanilla,0.2507742643356323,GhostFaceNet_MI_FGSM_adv
23,VGG-Face,/content/face_module/dataset_extractedfaces/lfw_pairs/Tom Daschle_5.jpg,/content/face_module/dataset_extractedfaces/lfw_pairs/Tom Daschle_6.jpg,lfw_pairs,dodging_attack,eval,GhostFaceNet,TI_FGSM,vanilla,0.2792368829250335,GhostFaceNet_TI_FGSM_adv
23,VGG-Face,/content/face_module/dataset_extractedfaces/lfw_pairs/Tom Daschle_5.jpg,/content/face_module/dataset_extractedfaces/lfw_pairs/Tom Daschle_6.jpg,lfw_pairs,dodging_attack,eval,GhostFaceNet,SI_NI_FGSM,vanilla,0.3158861398696899,GhostFaceNet_SI_NI_FGSM_adv
23,VGG-Face,/content/face_module/dataset_extractedfaces/lfw_pairs/Tom Daschle_5.jpg,/content/face_module/dataset_extractedfaces/lfw_pairs/Tom Daschle_6.jpg,lfw_pairs,dodging_attack,eval,GhostFaceNet,MI_ADMIX_DI_TI,vanilla,0.2481744587421417,GhostFaceNet_MI_ADMIX_DI_TI_adv
18,ArcFace,/content/face_module/dataset_extractedfaces/celeba_pairs/092809.jpg,/content/face_module/dataset_extractedfaces/celeba_pairs/108708.jpg,celeba_pairs,dodging_attack,eval,GhostFaceNet,clean,clean,0.6082007884979248,GhostFaceNet_clean
18,Facenet512,/content/face_module/dataset_extractedfaces/celeba_pairs/092809.jpg,/content/face_module/dataset_extractedfaces/celeba_pairs/108708.jpg,celeba_pairs,dodging_attack,eval,GhostFaceNet,clean,clean,0.6082007884979248,GhostFaceNet_clean
18,GhostFaceNet,/content/face_module/dataset_extractedfaces/celeba_pairs/092809.jpg,/content/face_module/dataset_extractedfaces/celeba_pairs/108708.jpg,celeba_pairs,dodging_attack,eval,GhostFaceNet,clean,clean,0.6082007884979248,GhostFaceNet_clean
18,VGG-Face,/content/face_module/dataset_extractedfaces/celeba_pairs/092809.jpg,/content/face_module/dataset_extractedfaces/celeba_pairs/108708.jpg,celeba_pairs,dodging_attack,eval,GhostFaceNet,clean,clean,0.6082007884979248,GhostFaceNet_clean
18,ArcFace,/content/face_module/dataset_extractedfaces/celeba_pairs/092809.jpg,/content/face_module/dataset_extractedfaces/celeba_pairs/108708.jpg,celeba_pairs,dodging_attack,eval,GhostFaceNet,PGD,vanilla,0.32023486495018,GhostFaceNet_PGD_adv
18,ArcFace,/content/face_module/dataset_extractedfaces/celeba_pairs/092809.jpg,/content/face_module/dataset_extractedfaces/celeba_pairs/108708.jpg,celeba_pairs,dodging_attack,eval,GhostFaceNet,MI_FGSM,vanilla,0.1826474964618683,GhostFaceNet_MI_FGSM_adv
18,ArcFace,/content/face_module/dataset_extractedfaces/celeba_pairs/092809.jpg,/content/face_module/dataset_extractedfaces/celeba_pairs/108708.jpg,celeba_pairs,dodging_attack,eval,GhostFaceNet,TI_FGSM,vanilla,0.3828884661197662,GhostFaceNet_TI_FGSM_adv
18,ArcFace,/content/face_module/dataset_extractedfaces/celeba_pairs/092809.jpg,/content/face_module/dataset_extractedfaces/celeba_pairs/108708.jpg,celeba_pairs,dodging_attack,eval,GhostFaceNet,SI_NI_FGSM,vanilla,0.1957907676696777,GhostFaceNet_SI_NI_FGSM_adv
18,ArcFace,/content/face_module/dataset_extractedfaces/celeba_pairs/092809.jpg,/content/face_module/dataset_extractedfaces/celeba_pairs/108708.jpg,celeba_pairs,dodging_attack,eval,GhostFaceNet,MI_ADMIX_DI_TI,vanilla,0.3930687308311462,GhostFaceNet_MI_ADMIX_DI_TI_adv
18,Facenet512,/content/face_module/dataset_extractedfaces/celeba_pairs/092809.jpg,/content/face_module/dataset_extractedfaces/celeba_pairs/108708.jpg,celeba_pairs,dodging_attack,eval,GhostFaceNet,PGD,vanilla,0.3724088668823242,GhostFaceNet_PGD_adv
18,Facenet512,/content/face_module/dataset_extractedfaces/celeba_pairs/092809.jpg,/content/face_module/dataset_extractedfaces/celeba_pairs/108708.jpg,celeba_pairs,dodging_attack,eval,GhostFaceNet,MI_FGSM,vanilla,0.2946213781833648,GhostFaceNet_MI_FGSM_adv
18,Facenet512,/content/face_module/dataset_extractedfaces/celeba_pairs/092809.jpg,/content/face_module/dataset_extractedfaces/celeba_pairs/108708.jpg,celeba_pairs,dodging_attack,eval,GhostFaceNet,TI_FGSM,vanilla,0.3964051604270935,GhostFaceNet_TI_FGSM_adv
18,Facenet512,/content/face_module/dataset_extractedfaces/celeba_pairs/092809.jpg,/content/face_module/dataset_extractedfaces/celeba_pairs/108708.jpg,celeba_pairs,dodging_attack,eval,GhostFaceNet,SI_NI_FGSM,vanilla,0.2085392922163009,GhostFaceNet_SI_NI_FGSM_adv
18,Facenet512,/content/face_module/dataset_extractedfaces/celeba_pairs/092809.jpg,/content/face_module/dataset_extractedfaces/celeba_pairs/108708.jpg,celeba_pairs,dodging_attack,eval,GhostFaceNet,MI_ADMIX_DI_TI,vanilla,0.3772257268428802,GhostFaceNet_MI_ADMIX_DI_TI_adv
18,VGG-Face,/content/face_module/dataset_extractedfaces/celeba_pairs/092809.jpg,/content/face_module/dataset_extractedfaces/celeba_pairs/108708.jpg,celeba_pairs,dodging_attack,eval,GhostFaceNet,PGD,vanilla,0.3142766058444977,GhostFaceNet_PGD_adv
18,VGG-Face,/content/face_module/dataset_extractedfaces/celeba_pairs/092809.jpg,/content/face_module/dataset_extractedfaces/celeba_pairs/108708.jpg,celeba_pairs,dodging_attack,eval,GhostFaceNet,MI_FGSM,vanilla,0.2311335653066635,GhostFaceNet_MI_FGSM_adv
18,VGG-Face,/content/face_module/dataset_extractedfaces/celeba_pairs/092809.jpg,/content/face_module/dataset_extractedfaces/celeba_pairs/108708.jpg,celeba_pairs,dodging_attack,eval,GhostFaceNet,TI_FGSM,vanilla,0.3315274119377136,GhostFaceNet_TI_FGSM_adv
18,VGG-Face,/content/face_module/dataset_extractedfaces/celeba_pairs/092809.jpg,/content/face_module/dataset_extractedfaces/celeba_pairs/108708.jpg,celeba_pairs,dodging_attack,eval,GhostFaceNet,SI_NI_FGSM,vanilla,0.2726590037345886,GhostFaceNet_SI_NI_FGSM_adv
18,VGG-Face,/content/face_module/dataset_extractedfaces/celeba_pairs/092809.jpg,/content/face_module/dataset_extractedfaces/celeba_pairs/108708.jpg,celeba_pairs,dodging_attack,eval,GhostFaceNet,MI_ADMIX_DI_TI,vanilla,0.3202368915081024,GhostFaceNet_MI_ADMIX_DI_TI_adv
27,ArcFace,/content/face_module/dataset_extractedfaces/celeba_pairs/023869.jpg,/content/face_module/dataset_extractedfaces/celeba_pairs/024923.jpg,celeba_pairs,dodging_attack,eval,GhostFaceNet,clean,clean,0.4638515114784241,GhostFaceNet_clean
27,Facenet512,/content/face_module/dataset_extractedfaces/celeba_pairs/023869.jpg,/content/face_module/dataset_extractedfaces/celeba_pairs/024923.jpg,celeba_pairs,dodging_attack,eval,GhostFaceNet,clean,clean,0.4638515114784241,GhostFaceNet_clean
27,GhostFaceNet,/content/face_module/dataset_extractedfaces/celeba_pairs/023869.jpg,/content/face_module/dataset_extractedfaces/celeba_pairs/024923.jpg,celeba_pairs,dodging_attack,eval,GhostFaceNet,clean,clean,0.4638515114784241,GhostFaceNet_clean
27,VGG-Face,/content/face_module/dataset_extractedfaces/celeba_pairs/023869.jpg,/content/face_module/dataset_extractedfaces/celeba_pairs/024923.jpg,celeba_pairs,dodging_attack,eval,GhostFaceNet,clean,clean,0.4638515114784241,GhostFaceNet_clean
27,ArcFace,/content/face_module/dataset_extractedfaces/celeba_pairs/023869.jpg,/content/face_module/dataset_extractedfaces/celeba_pairs/024923.jpg,celeba_pairs,dodging_attack,eval,GhostFaceNet,PGD,vanilla,0.3107169270515442,GhostFaceNet_PGD_adv
27,ArcFace,/content/face_module/dataset_extractedfaces/celeba_pairs/023869.jpg,/content/face_module/dataset_extractedfaces/celeba_pairs/024923.jpg,celeba_pairs,dodging_attack,eval,GhostFaceNet,MI_FGSM,vanilla,0.1595052182674408,GhostFaceNet_MI_FGSM_adv
27,ArcFace,/content/face_module/dataset_extractedfaces/celeba_pairs/023869.jpg,/content/face_module/dataset_extractedfaces/celeba_pairs/024923.jpg,celeba_pairs,dodging_attack,eval,GhostFaceNet,TI_FGSM,vanilla,0.2659387290477752,GhostFaceNet_TI_FGSM_adv
27,ArcFace,/content/face_module/dataset_extractedfaces/celeba_pairs/023869.jpg,/content/face_module/dataset_extractedfaces/celeba_pairs/024923.jpg,celeba_pairs,dodging_attack,eval,GhostFaceNet,SI_NI_FGSM,vanilla,0.1964482218027115,GhostFaceNet_SI_NI_FGSM_adv
27,ArcFace,/content/face_module/dataset_extractedfaces/celeba_pairs/023869.jpg,/content/face_module/dataset_extractedfaces/celeba_pairs/024923.jpg,celeba_pairs,dodging_attack,eval,GhostFaceNet,MI_ADMIX_DI_TI,vanilla,0.3007444143295288,GhostFaceNet_MI_ADMIX_DI_TI_adv
27,Facenet512,/content/face_module/dataset_extractedfaces/celeba_pairs/023869.jpg,/content/face_module/dataset_extractedfaces/celeba_pairs/024923.jpg,celeba_pairs,dodging_attack,eval,GhostFaceNet,PGD,vanilla,0.3056418001651764,GhostFaceNet_PGD_adv
27,Facenet512,/content/face_module/dataset_extractedfaces/celeba_pairs/023869.jpg,/content/face_module/dataset_extractedfaces/celeba_pairs/024923.jpg,celeba_pairs,dodging_attack,eval,GhostFaceNet,MI_FGSM,vanilla,0.153473362326622,GhostFaceNet_MI_FGSM_adv
27,Facenet512,/content/face_module/dataset_extractedfaces/celeba_pairs/023869.jpg,/content/face_module/dataset_extractedfaces/celeba_pairs/024923.jpg,celeba_pairs,dodging_attack,eval,GhostFaceNet,TI_FGSM,vanilla,0.2380965501070022,GhostFaceNet_TI_FGSM_adv
27,Facenet512,/content/face_module/dataset_extractedfaces/celeba_pairs/023869.jpg,/content/face_module/dataset_extractedfaces/celeba_pairs/024923.jpg,celeba_pairs,dodging_attack,eval,GhostFaceNet,SI_NI_FGSM,vanilla,0.144416257739067,GhostFaceNet_SI_NI_FGSM_adv
27,Facenet512,/content/face_module/dataset_extractedfaces/celeba_pairs/023869.jpg,/content/face_module/dataset_extractedfaces/celeba_pairs/024923.jpg,celeba_pairs,dodging_attack,eval,GhostFaceNet,MI_ADMIX_DI_TI,vanilla,0.2463039308786392,GhostFaceNet_MI_ADMIX_DI_TI_adv
27,VGG-Face,/content/face_module/dataset_extractedfaces/celeba_pairs/023869.jpg,/content/face_module/dataset_extractedfaces/celeba_pairs/024923.jpg,celeba_pairs,dodging_attack,eval,GhostFaceNet,PGD,vanilla,0.346718817949295,GhostFaceNet_PGD_adv
27,VGG-Face,/content/face_module/dataset_extractedfaces/celeba_pairs/023869.jpg,/content/face_module/dataset_extractedfaces/celeba_pairs/024923.jpg,celeba_pairs,dodging_attack,eval,GhostFaceNet,MI_FGSM,vanilla,0.2328633964061737,GhostFaceNet_MI_FGSM_adv
27,VGG-Face,/content/face_module/dataset_extractedfaces/celeba_pairs/023869.jpg,/content/face_module/dataset_extractedfaces/celeba_pairs/024923.jpg,celeba_pairs,dodging_attack,eval,GhostFaceNet,TI_FGSM,vanilla,0.3353287577629089,GhostFaceNet_TI_FGSM_adv
27,VGG-Face,/content/face_module/dataset_extractedfaces/celeba_pairs/023869.jpg,/content/face_module/dataset_extractedfaces/celeba_pairs/024923.jpg,celeba_pairs,dodging_attack,eval,GhostFaceNet,SI_NI_FGSM,vanilla,0.2113463282585144,GhostFaceNet_SI_NI_FGSM_adv
27,VGG-Face,/content/face_module/dataset_extractedfaces/celeba_pairs/023869.jpg,/content/face_module/dataset_extractedfaces/celeba_pairs/024923.jpg,celeba_pairs,dodging_attack,eval,GhostFaceNet,MI_ADMIX_DI_TI,vanilla,0.2308131754398346,GhostFaceNet_MI_ADMIX_DI_TI_adv
28,ArcFace,/content/face_module/dataset_extractedfaces/celeba_pairs/130980.jpg,/content/face_module/dataset_extractedfaces/celeba_pairs/147767.jpg,celeba_pairs,dodging_attack,eval,GhostFaceNet,clean,clean,0.4003297090530395,GhostFaceNet_clean
28,Facenet512,/content/face_module/dataset_extractedfaces/celeba_pairs/130980.jpg,/content/face_module/dataset_extractedfaces/celeba_pairs/147767.jpg,celeba_pairs,dodging_attack,eval,GhostFaceNet,clean,clean,0.4003297090530395,GhostFaceNet_clean
28,GhostFaceNet,/content/face_module/dataset_extractedfaces/celeba_pairs/130980.jpg,/content/face_module/dataset_extractedfaces/celeba_pairs/147767.jpg,celeba_pairs,dodging_attack,eval,GhostFaceNet,clean,clean,0.4003297090530395,GhostFaceNet_clean
28,VGG-Face,/content/face_module/dataset_extractedfaces/celeba_pairs/130980.jpg,/content/face_module/dataset_extractedfaces/celeba_pairs/147767.jpg,celeba_pairs,dodging_attack,eval,GhostFaceNet,clean,clean,0.4003297090530395,GhostFaceNet_clean
28,ArcFace,/content/face_module/dataset_extractedfaces/celeba_pairs/130980.jpg,/content/face_module/dataset_extractedfaces/celeba_pairs/147767.jpg,celeba_pairs,dodging_attack,eval,GhostFaceNet,PGD,vanilla,0.3330461382865906,GhostFaceNet_PGD_adv
28,ArcFace,/content/face_module/dataset_extractedfaces/celeba_pairs/130980.jpg,/content/face_module/dataset_extractedfaces/celeba_pairs/147767.jpg,celeba_pairs,dodging_attack,eval,GhostFaceNet,MI_FGSM,vanilla,0.3063058257102966,GhostFaceNet_MI_FGSM_adv
28,ArcFace,/content/face_module/dataset_extractedfaces/celeba_pairs/130980.jpg,/content/face_module/dataset_extractedfaces/celeba_pairs/147767.jpg,celeba_pairs,dodging_attack,eval,GhostFaceNet,TI_FGSM,vanilla,0.2742093205451965,GhostFaceNet_TI_FGSM_adv
28,ArcFace,/content/face_module/dataset_extractedfaces/celeba_pairs/130980.jpg,/content/face_module/dataset_extractedfaces/celeba_pairs/147767.jpg,celeba_pairs,dodging_attack,eval,GhostFaceNet,SI_NI_FGSM,vanilla,0.3217642605304718,GhostFaceNet_SI_NI_FGSM_adv
28,ArcFace,/content/face_module/dataset_extractedfaces/celeba_pairs/130980.jpg,/content/face_module/dataset_extractedfaces/celeba_pairs/147767.jpg,celeba_pairs,dodging_attack,eval,GhostFaceNet,MI_ADMIX_DI_TI,vanilla,0.2823990285396576,GhostFaceNet_MI_ADMIX_DI_TI_adv
28,Facenet512,/content/face_module/dataset_extractedfaces/celeba_pairs/130980.jpg,/content/face_module/dataset_extractedfaces/celeba_pairs/147767.jpg,celeba_pairs,dodging_attack,eval,GhostFaceNet,PGD,vanilla,0.3202825784683227,GhostFaceNet_PGD_adv
28,Facenet512,/content/face_module/dataset_extractedfaces/celeba_pairs/130980.jpg,/content/face_module/dataset_extractedfaces/celeba_pairs/147767.jpg,celeba_pairs,dodging_attack,eval,GhostFaceNet,MI_FGSM,vanilla,0.3070923388004303,GhostFaceNet_MI_FGSM_adv
28,Facenet512,/content/face_module/dataset_extractedfaces/celeba_pairs/130980.jpg,/content/face_module/dataset_extractedfaces/celeba_pairs/147767.jpg,celeba_pairs,dodging_attack,eval,GhostFaceNet,TI_FGSM,vanilla,0.2677441835403442,GhostFaceNet_TI_FGSM_adv
28,Facenet512,/content/face_module/dataset_extractedfaces/celeba_pairs/130980.jpg,/content/face_module/dataset_extractedfaces/celeba_pairs/147767.jpg,celeba_pairs,dodging_attack,eval,GhostFaceNet,SI_NI_FGSM,vanilla,0.2817444205284118,GhostFaceNet_SI_NI_FGSM_adv
28,Facenet512,/content/face_module/dataset_extractedfaces/celeba_pairs/130980.jpg,/content/face_module/dataset_extractedfaces/celeba_pairs/147767.jpg,celeba_pairs,dodging_attack,eval,GhostFaceNet,MI_ADMIX_DI_TI,vanilla,0.3126013875007629,GhostFaceNet_MI_ADMIX_DI_TI_adv
28,VGG-Face,/content/face_module/dataset_extractedfaces/celeba_pairs/130980.jpg,/content/face_module/dataset_extractedfaces/celeba_pairs/147767.jpg,celeba_pairs,dodging_attack,eval,GhostFaceNet,PGD,vanilla,0.4086715579032898,GhostFaceNet_PGD_adv
28,VGG-Face,/content/face_module/dataset_extractedfaces/celeba_pairs/130980.jpg,/content/face_module/dataset_extractedfaces/celeba_pairs/147767.jpg,celeba_pairs,dodging_attack,eval,GhostFaceNet,MI_FGSM,vanilla,0.4018748104572296,GhostFaceNet_MI_FGSM_adv
28,VGG-Face,/content/face_module/dataset_extractedfaces/celeba_pairs/130980.jpg,/content/face_module/dataset_extractedfaces/celeba_pairs/147767.jpg,celeba_pairs,dodging_attack,eval,GhostFaceNet,TI_FGSM,vanilla,0.3469743132591247,GhostFaceNet_TI_FGSM_adv
28,VGG-Face,/content/face_module/dataset_extractedfaces/celeba_pairs/130980.jpg,/content/face_module/dataset_extractedfaces/celeba_pairs/147767.jpg,celeba_pairs,dodging_attack,eval,GhostFaceNet,SI_NI_FGSM,vanilla,0.4012321233749389,GhostFaceNet_SI_NI_FGSM_adv
28,VGG-Face,/content/face_module/dataset_extractedfaces/celeba_pairs/130980.jpg,/content/face_module/dataset_extractedfaces/celeba_pairs/147767.jpg,celeba_pairs,dodging_attack,eval,GhostFaceNet,MI_ADMIX_DI_TI,vanilla,0.3879008293151855,GhostFaceNet_MI_ADMIX_DI_TI_adv
30,ArcFace,/content/face_module/dataset_extractedfaces/celeba_pairs/042909.jpg,/content/face_module/dataset_extractedfaces/celeba_pairs/048579.jpg,celeba_pairs,dodging_attack,eval,GhostFaceNet,clean,clean,0.4130615890026092,GhostFaceNet_clean
30,Facenet512,/content/face_module/dataset_extractedfaces/celeba_pairs/042909.jpg,/content/face_module/dataset_extractedfaces/celeba_pairs/048579.jpg,celeba_pairs,dodging_attack,eval,GhostFaceNet,clean,clean,0.4130615890026092,GhostFaceNet_clean
30,GhostFaceNet,/content/face_module/dataset_extractedfaces/celeba_pairs/042909.jpg,/content/face_module/dataset_extractedfaces/celeba_pairs/048579.jpg,celeba_pairs,dodging_attack,eval,GhostFaceNet,clean,clean,0.4130615890026092,GhostFaceNet_clean
30,VGG-Face,/content/face_module/dataset_extractedfaces/celeba_pairs/042909.jpg,/content/face_module/dataset_extractedfaces/celeba_pairs/048579.jpg,celeba_pairs,dodging_attack,eval,GhostFaceNet,clean,clean,0.4130615890026092,GhostFaceNet_clean
30,ArcFace,/content/face_module/dataset_extractedfaces/celeba_pairs/042909.jpg,/content/face_module/dataset_extractedfaces/celeba_pairs/048579.jpg,celeba_pairs,dodging_attack,eval,GhostFaceNet,PGD,vanilla,0.2625882029533386,GhostFaceNet_PGD_adv
30,ArcFace,/content/face_module/dataset_extractedfaces/celeba_pairs/042909.jpg,/content/face_module/dataset_extractedfaces/celeba_pairs/048579.jpg,celeba_pairs,dodging_attack,eval,GhostFaceNet,MI_FGSM,vanilla,0.1714894622564315,GhostFaceNet_MI_FGSM_adv
30,ArcFace,/content/face_module/dataset_extractedfaces/celeba_pairs/042909.jpg,/content/face_module/dataset_extractedfaces/celeba_pairs/048579.jpg,celeba_pairs,dodging_attack,eval,GhostFaceNet,TI_FGSM,vanilla,0.2487510591745376,GhostFaceNet_TI_FGSM_adv
30,ArcFace,/content/face_module/dataset_extractedfaces/celeba_pairs/042909.jpg,/content/face_module/dataset_extractedfaces/celeba_pairs/048579.jpg,celeba_pairs,dodging_attack,eval,GhostFaceNet,SI_NI_FGSM,vanilla,0.1617566347122192,GhostFaceNet_SI_NI_FGSM_adv
30,ArcFace,/content/face_module/dataset_extractedfaces/celeba_pairs/042909.jpg,/content/face_module/dataset_extractedfaces/celeba_pairs/048579.jpg,celeba_pairs,dodging_attack,eval,GhostFaceNet,MI_ADMIX_DI_TI,vanilla,0.2473745793104171,GhostFaceNet_MI_ADMIX_DI_TI_adv
30,Facenet512,/content/face_module/dataset_extractedfaces/celeba_pairs/042909.jpg,/content/face_module/dataset_extractedfaces/celeba_pairs/048579.jpg,celeba_pairs,dodging_attack,eval,GhostFaceNet,PGD,vanilla,0.2359744012355804,GhostFaceNet_PGD_adv
30,Facenet512,/content/face_module/dataset_extractedfaces/celeba_pairs/042909.jpg,/content/face_module/dataset_extractedfaces/celeba_pairs/048579.jpg,celeba_pairs,dodging_attack,eval,GhostFaceNet,MI_FGSM,vanilla,0.157487004995346,GhostFaceNet_MI_FGSM_adv
30,Facenet512,/content/face_module/dataset_extractedfaces/celeba_pairs/042909.jpg,/content/face_module/dataset_extractedfaces/celeba_pairs/048579.jpg,celeba_pairs,dodging_attack,eval,GhostFaceNet,TI_FGSM,vanilla,0.2119555026292801,GhostFaceNet_TI_FGSM_adv
30,Facenet512,/content/face_module/dataset_extractedfaces/celeba_pairs/042909.jpg,/content/face_module/dataset_extractedfaces/celeba_pairs/048579.jpg,celeba_pairs,dodging_attack,eval,GhostFaceNet,SI_NI_FGSM,vanilla,0.1523032486438751,GhostFaceNet_SI_NI_FGSM_adv
30,Facenet512,/content/face_module/dataset_extractedfaces/celeba_pairs/042909.jpg,/content/face_module/dataset_extractedfaces/celeba_pairs/048579.jpg,celeba_pairs,dodging_attack,eval,GhostFaceNet,MI_ADMIX_DI_TI,vanilla,0.1743857711553573,GhostFaceNet_MI_ADMIX_DI_TI_adv
30,VGG-Face,/content/face_module/dataset_extractedfaces/celeba_pairs/042909.jpg,/content/face_module/dataset_extractedfaces/celeba_pairs/048579.jpg,celeba_pairs,dodging_attack,eval,GhostFaceNet,PGD,vanilla,0.2025159448385238,GhostFaceNet_PGD_adv
30,VGG-Face,/content/face_module/dataset_extractedfaces/celeba_pairs/042909.jpg,/content/face_module/dataset_extractedfaces/celeba_pairs/048579.jpg,celeba_pairs,dodging_attack,eval,GhostFaceNet,MI_FGSM,vanilla,0.0890665873885154,GhostFaceNet_MI_FGSM_adv
30,VGG-Face,/content/face_module/dataset_extractedfaces/celeba_pairs/042909.jpg,/content/face_module/dataset_extractedfaces/celeba_pairs/048579.jpg,celeba_pairs,dodging_attack,eval,GhostFaceNet,TI_FGSM,vanilla,0.2000894546508789,GhostFaceNet_TI_FGSM_adv
30,VGG-Face,/content/face_module/dataset_extractedfaces/celeba_pairs/042909.jpg,/content/face_module/dataset_extractedfaces/celeba_pairs/048579.jpg,celeba_pairs,dodging_attack,eval,GhostFaceNet,SI_NI_FGSM,vanilla,0.1238642185926437,GhostFaceNet_SI_NI_FGSM_adv
30,VGG-Face,/content/face_module/dataset_extractedfaces/celeba_pairs/042909.jpg,/content/face_module/dataset_extractedfaces/celeba_pairs/048579.jpg,celeba_pairs,dodging_attack,eval,GhostFaceNet,MI_ADMIX_DI_TI,vanilla,0.1344306766986847,GhostFaceNet_MI_ADMIX_DI_TI_adv
33,ArcFace,/content/face_module/dataset_extractedfaces/celeba_pairs/169016.jpg,/content/face_module/dataset_extractedfaces/celeba_pairs/171037.jpg,celeba_pairs,dodging_attack,eval,GhostFaceNet,clean,clean,0.697895884513855,GhostFaceNet_clean
33,Facenet512,/content/face_module/dataset_extractedfaces/celeba_pairs/169016.jpg,/content/face_module/dataset_extractedfaces/celeba_pairs/171037.jpg,celeba_pairs,dodging_attack,eval,GhostFaceNet,clean,clean,0.697895884513855,GhostFaceNet_clean
33,GhostFaceNet,/content/face_module/dataset_extractedfaces/celeba_pairs/169016.jpg,/content/face_module/dataset_extractedfaces/celeba_pairs/171037.jpg,celeba_pairs,dodging_attack,eval,GhostFaceNet,clean,clean,0.697895884513855,GhostFaceNet_clean
33,VGG-Face,/content/face_module/dataset_extractedfaces/celeba_pairs/169016.jpg,/content/face_module/dataset_extractedfaces/celeba_pairs/171037.jpg,celeba_pairs,dodging_attack,eval,GhostFaceNet,clean,clean,0.697895884513855,GhostFaceNet_clean
33,ArcFace,/content/face_module/dataset_extractedfaces/celeba_pairs/169016.jpg,/content/face_module/dataset_extractedfaces/celeba_pairs/171037.jpg,celeba_pairs,dodging_attack,eval,GhostFaceNet,PGD,vanilla,0.5691312551498413,GhostFaceNet_PGD_adv
33,ArcFace,/content/face_module/dataset_extractedfaces/celeba_pairs/169016.jpg,/content/face_module/dataset_extractedfaces/celeba_pairs/171037.jpg,celeba_pairs,dodging_attack,eval,GhostFaceNet,MI_FGSM,vanilla,0.5157340168952942,GhostFaceNet_MI_FGSM_adv
33,ArcFace,/content/face_module/dataset_extractedfaces/celeba_pairs/169016.jpg,/content/face_module/dataset_extractedfaces/celeba_pairs/171037.jpg,celeba_pairs,dodging_attack,eval,GhostFaceNet,TI_FGSM,vanilla,0.5760764479637146,GhostFaceNet_TI_FGSM_adv
33,ArcFace,/content/face_module/dataset_extractedfaces/celeba_pairs/169016.jpg,/content/face_module/dataset_extractedfaces/celeba_pairs/171037.jpg,celeba_pairs,dodging_attack,eval,GhostFaceNet,SI_NI_FGSM,vanilla,0.5001970529556274,GhostFaceNet_SI_NI_FGSM_adv
33,ArcFace,/content/face_module/dataset_extractedfaces/celeba_pairs/169016.jpg,/content/face_module/dataset_extractedfaces/celeba_pairs/171037.jpg,celeba_pairs,dodging_attack,eval,GhostFaceNet,MI_ADMIX_DI_TI,vanilla,0.5652834177017212,GhostFaceNet_MI_ADMIX_DI_TI_adv
33,Facenet512,/content/face_module/dataset_extractedfaces/celeba_pairs/169016.jpg,/content/face_module/dataset_extractedfaces/celeba_pairs/171037.jpg,celeba_pairs,dodging_attack,eval,GhostFaceNet,PGD,vanilla,0.5438586473464966,GhostFaceNet_PGD_adv
33,Facenet512,/content/face_module/dataset_extractedfaces/celeba_pairs/169016.jpg,/content/face_module/dataset_extractedfaces/celeba_pairs/171037.jpg,celeba_pairs,dodging_attack,eval,GhostFaceNet,MI_FGSM,vanilla,0.4701319336891174,GhostFaceNet_MI_FGSM_adv
33,Facenet512,/content/face_module/dataset_extractedfaces/celeba_pairs/169016.jpg,/content/face_module/dataset_extractedfaces/celeba_pairs/171037.jpg,celeba_pairs,dodging_attack,eval,GhostFaceNet,TI_FGSM,vanilla,0.5576640367507935,GhostFaceNet_TI_FGSM_adv
33,Facenet512,/content/face_module/dataset_extractedfaces/celeba_pairs/169016.jpg,/content/face_module/dataset_extractedfaces/celeba_pairs/171037.jpg,celeba_pairs,dodging_attack,eval,GhostFaceNet,SI_NI_FGSM,vanilla,0.5277193188667297,GhostFaceNet_SI_NI_FGSM_adv
33,Facenet512,/content/face_module/dataset_extractedfaces/celeba_pairs/169016.jpg,/content/face_module/dataset_extractedfaces/celeba_pairs/171037.jpg,celeba_pairs,dodging_attack,eval,GhostFaceNet,MI_ADMIX_DI_TI,vanilla,0.5282592177391052,GhostFaceNet_MI_ADMIX_DI_TI_adv
33,VGG-Face,/content/face_module/dataset_extractedfaces/celeba_pairs/169016.jpg,/content/face_module/dataset_extractedfaces/celeba_pairs/171037.jpg,celeba_pairs,dodging_attack,eval,GhostFaceNet,PGD,vanilla,0.6084913611412048,GhostFaceNet_PGD_adv
33,VGG-Face,/content/face_module/dataset_extractedfaces/celeba_pairs/169016.jpg,/content/face_module/dataset_extractedfaces/celeba_pairs/171037.jpg,celeba_pairs,dodging_attack,eval,GhostFaceNet,MI_FGSM,vanilla,0.5025674104690552,GhostFaceNet_MI_FGSM_adv
33,VGG-Face,/content/face_module/dataset_extractedfaces/celeba_pairs/169016.jpg,/content/face_module/dataset_extractedfaces/celeba_pairs/171037.jpg,celeba_pairs,dodging_attack,eval,GhostFaceNet,TI_FGSM,vanilla,0.5599281191825867,GhostFaceNet_TI_FGSM_adv
33,VGG-Face,/content/face_module/dataset_extractedfaces/celeba_pairs/169016.jpg,/content/face_module/dataset_extractedfaces/celeba_pairs/171037.jpg,celeba_pairs,dodging_attack,eval,GhostFaceNet,SI_NI_FGSM,vanilla,0.5137475728988647,GhostFaceNet_SI_NI_FGSM_adv
33,VGG-Face,/content/face_module/dataset_extractedfaces/celeba_pairs/169016.jpg,/content/face_module/dataset_extractedfaces/celeba_pairs/171037.jpg,celeba_pairs,dodging_attack,eval,GhostFaceNet,MI_ADMIX_DI_TI,vanilla,0.5065805315971375,GhostFaceNet_MI_ADMIX_DI_TI_adv
1,ArcFace,/content/face_module/dataset_extractedfaces/vggface2_pairs/n000007_0113_01.jpg,/content/face_module/dataset_extractedfaces/vggface2_pairs/n000007_0122_01.jpg,vggface2_pairs,dodging_attack,eval,GhostFaceNet,clean,clean,0.3914603292942047,GhostFaceNet_clean
1,Facenet512,/content/face_module/dataset_extractedfaces/vggface2_pairs/n000007_0113_01.jpg,/content/face_module/dataset_extractedfaces/vggface2_pairs/n000007_0122_01.jpg,vggface2_pairs,dodging_attack,eval,GhostFaceNet,clean,clean,0.3914603292942047,GhostFaceNet_clean
1,GhostFaceNet,/content/face_module/dataset_extractedfaces/vggface2_pairs/n000007_0113_01.jpg,/content/face_module/dataset_extractedfaces/vggface2_pairs/n000007_0122_01.jpg,vggface2_pairs,dodging_attack,eval,GhostFaceNet,clean,clean,0.3914603292942047,GhostFaceNet_clean
1,VGG-Face,/content/face_module/dataset_extractedfaces/vggface2_pairs/n000007_0113_01.jpg,/content/face_module/dataset_extractedfaces/vggface2_pairs/n000007_0122_01.jpg,vggface2_pairs,dodging_attack,eval,GhostFaceNet,clean,clean,0.3914603292942047,GhostFaceNet_clean
1,ArcFace,/content/face_module/dataset_extractedfaces/vggface2_pairs/n000007_0113_01.jpg,/content/face_module/dataset_extractedfaces/vggface2_pairs/n000007_0122_01.jpg,vggface2_pairs,dodging_attack,eval,GhostFaceNet,PGD,vanilla,0.343713641166687,GhostFaceNet_PGD_adv
1,ArcFace,/content/face_module/dataset_extractedfaces/vggface2_pairs/n000007_0113_01.jpg,/content/face_module/dataset_extractedfaces/vggface2_pairs/n000007_0122_01.jpg,vggface2_pairs,dodging_attack,eval,GhostFaceNet,MI_FGSM,vanilla,0.294926106929779,GhostFaceNet_MI_FGSM_adv
1,ArcFace,/content/face_module/dataset_extractedfaces/vggface2_pairs/n000007_0113_01.jpg,/content/face_module/dataset_extractedfaces/vggface2_pairs/n000007_0122_01.jpg,vggface2_pairs,dodging_attack,eval,GhostFaceNet,TI_FGSM,vanilla,0.3706017434597015,GhostFaceNet_TI_FGSM_adv
1,ArcFace,/content/face_module/dataset_extractedfaces/vggface2_pairs/n000007_0113_01.jpg,/content/face_module/dataset_extractedfaces/vggface2_pairs/n000007_0122_01.jpg,vggface2_pairs,dodging_attack,eval,GhostFaceNet,SI_NI_FGSM,vanilla,0.3032378852367401,GhostFaceNet_SI_NI_FGSM_adv
1,ArcFace,/content/face_module/dataset_extractedfaces/vggface2_pairs/n000007_0113_01.jpg,/content/face_module/dataset_extractedfaces/vggface2_pairs/n000007_0122_01.jpg,vggface2_pairs,dodging_attack,eval,GhostFaceNet,MI_ADMIX_DI_TI,vanilla,0.3626518249511719,GhostFaceNet_MI_ADMIX_DI_TI_adv
1,Facenet512,/content/face_module/dataset_extractedfaces/vggface2_pairs/n000007_0113_01.jpg,/content/face_module/dataset_extractedfaces/vggface2_pairs/n000007_0122_01.jpg,vggface2_pairs,dodging_attack,eval,GhostFaceNet,PGD,vanilla,0.2939469814300537,GhostFaceNet_PGD_adv
1,Facenet512,/content/face_module/dataset_extractedfaces/vggface2_pairs/n000007_0113_01.jpg,/content/face_module/dataset_extractedfaces/vggface2_pairs/n000007_0122_01.jpg,vggface2_pairs,dodging_attack,eval,GhostFaceNet,MI_FGSM,vanilla,0.2954000830650329,GhostFaceNet_MI_FGSM_adv
1,Facenet512,/content/face_module/dataset_extractedfaces/vggface2_pairs/n000007_0113_01.jpg,/content/face_module/dataset_extractedfaces/vggface2_pairs/n000007_0122_01.jpg,vggface2_pairs,dodging_attack,eval,GhostFaceNet,TI_FGSM,vanilla,0.2997545301914215,GhostFaceNet_TI_FGSM_adv
1,Facenet512,/content/face_module/dataset_extractedfaces/vggface2_pairs/n000007_0113_01.jpg,/content/face_module/dataset_extractedfaces/vggface2_pairs/n000007_0122_01.jpg,vggface2_pairs,dodging_attack,eval,GhostFaceNet,SI_NI_FGSM,vanilla,0.2462297081947326,GhostFaceNet_SI_NI_FGSM_adv
1,Facenet512,/content/face_module/dataset_extractedfaces/vggface2_pairs/n000007_0113_01.jpg,/content/face_module/dataset_extractedfaces/vggface2_pairs/n000007_0122_01.jpg,vggface2_pairs,dodging_attack,eval,GhostFaceNet,MI_ADMIX_DI_TI,vanilla,0.3135663568973541,GhostFaceNet_MI_ADMIX_DI_TI_adv
1,VGG-Face,/content/face_module/dataset_extractedfaces/vggface2_pairs/n000007_0113_01.jpg,/content/face_module/dataset_extractedfaces/vggface2_pairs/n000007_0122_01.jpg,vggface2_pairs,dodging_attack,eval,GhostFaceNet,PGD,vanilla,0.3718007504940033,GhostFaceNet_PGD_adv
1,VGG-Face,/content/face_module/dataset_extractedfaces/vggface2_pairs/n000007_0113_01.jpg,/content/face_module/dataset_extractedfaces/vggface2_pairs/n000007_0122_01.jpg,vggface2_pairs,dodging_attack,eval,GhostFaceNet,MI_FGSM,vanilla,0.2430905699729919,GhostFaceNet_MI_FGSM_adv
1,VGG-Face,/content/face_module/dataset_extractedfaces/vggface2_pairs/n000007_0113_01.jpg,/content/face_module/dataset_extractedfaces/vggface2_pairs/n000007_0122_01.jpg,vggface2_pairs,dodging_attack,eval,GhostFaceNet,TI_FGSM,vanilla,0.2874758839607239,GhostFaceNet_TI_FGSM_adv
1,VGG-Face,/content/face_module/dataset_extractedfaces/vggface2_pairs/n000007_0113_01.jpg,/content/face_module/dataset_extractedfaces/vggface2_pairs/n000007_0122_01.jpg,vggface2_pairs,dodging_attack,eval,GhostFaceNet,SI_NI_FGSM,vanilla,0.2053928971290588,GhostFaceNet_SI_NI_FGSM_adv
1,VGG-Face,/content/face_module/dataset_extractedfaces/vggface2_pairs/n000007_0113_01.jpg,/content/face_module/dataset_extractedfaces/vggface2_pairs/n000007_0122_01.jpg,vggface2_pairs,dodging_attack,eval,GhostFaceNet,MI_ADMIX_DI_TI,vanilla,0.1903899013996124,GhostFaceNet_MI_ADMIX_DI_TI_adv
4,ArcFace,/content/face_module/dataset_extractedfaces/vggface2_pairs/n000008_0256_01.jpg,/content/face_module/dataset_extractedfaces/vggface2_pairs/n000008_0348_01.jpg,vggface2_pairs,dodging_attack,eval,GhostFaceNet,clean,clean,0.0414128750562667,GhostFaceNet_clean
4,Facenet512,/content/face_module/dataset_extractedfaces/vggface2_pairs/n000008_0256_01.jpg,/content/face_module/dataset_extractedfaces/vggface2_pairs/n000008_0348_01.jpg,vggface2_pairs,dodging_attack,eval,GhostFaceNet,clean,clean,0.0414128750562667,GhostFaceNet_clean
4,GhostFaceNet,/content/face_module/dataset_extractedfaces/vggface2_pairs/n000008_0256_01.jpg,/content/face_module/dataset_extractedfaces/vggface2_pairs/n000008_0348_01.jpg,vggface2_pairs,dodging_attack,eval,GhostFaceNet,clean,clean,0.0414128750562667,GhostFaceNet_clean
4,VGG-Face,/content/face_module/dataset_extractedfaces/vggface2_pairs/n000008_0256_01.jpg,/content/face_module/dataset_extractedfaces/vggface2_pairs/n000008_0348_01.jpg,vggface2_pairs,dodging_attack,eval,GhostFaceNet,clean,clean,0.0414128750562667,GhostFaceNet_clean
4,ArcFace,/content/face_module/dataset_extractedfaces/vggface2_pairs/n000008_0256_01.jpg,/content/face_module/dataset_extractedfaces/vggface2_pairs/n000008_0348_01.jpg,vggface2_pairs,dodging_attack,eval,GhostFaceNet,PGD,vanilla,-0.0180145893245935,GhostFaceNet_PGD_adv
4,ArcFace,/content/face_module/dataset_extractedfaces/vggface2_pairs/n000008_0256_01.jpg,/content/face_module/dataset_extractedfaces/vggface2_pairs/n000008_0348_01.jpg,vggface2_pairs,dodging_attack,eval,GhostFaceNet,MI_FGSM,vanilla,0.0249214842915534,GhostFaceNet_MI_FGSM_adv
4,ArcFace,/content/face_module/dataset_extractedfaces/vggface2_pairs/n000008_0256_01.jpg,/content/face_module/dataset_extractedfaces/vggface2_pairs/n000008_0348_01.jpg,vggface2_pairs,dodging_attack,eval,GhostFaceNet,TI_FGSM,vanilla,0.0563771836459636,GhostFaceNet_TI_FGSM_adv
4,ArcFace,/content/face_module/dataset_extractedfaces/vggface2_pairs/n000008_0256_01.jpg,/content/face_module/dataset_extractedfaces/vggface2_pairs/n000008_0348_01.jpg,vggface2_pairs,dodging_attack,eval,GhostFaceNet,SI_NI_FGSM,vanilla,0.062058936804533,GhostFaceNet_SI_NI_FGSM_adv
4,ArcFace,/content/face_module/dataset_extractedfaces/vggface2_pairs/n000008_0256_01.jpg,/content/face_module/dataset_extractedfaces/vggface2_pairs/n000008_0348_01.jpg,vggface2_pairs,dodging_attack,eval,GhostFaceNet,MI_ADMIX_DI_TI,vanilla,0.1640098094940185,GhostFaceNet_MI_ADMIX_DI_TI_adv
4,Facenet512,/content/face_module/dataset_extractedfaces/vggface2_pairs/n000008_0256_01.jpg,/content/face_module/dataset_extractedfaces/vggface2_pairs/n000008_0348_01.jpg,vggface2_pairs,dodging_attack,eval,GhostFaceNet,PGD,vanilla,0.0638153776526451,GhostFaceNet_PGD_adv
4,Facenet512,/content/face_module/dataset_extractedfaces/vggface2_pairs/n000008_0256_01.jpg,/content/face_module/dataset_extractedfaces/vggface2_pairs/n000008_0348_01.jpg,vggface2_pairs,dodging_attack,eval,GhostFaceNet,MI_FGSM,vanilla,0.0915739759802818,GhostFaceNet_MI_FGSM_adv
4,Facenet512,/content/face_module/dataset_extractedfaces/vggface2_pairs/n000008_0256_01.jpg,/content/face_module/dataset_extractedfaces/vggface2_pairs/n000008_0348_01.jpg,vggface2_pairs,dodging_attack,eval,GhostFaceNet,TI_FGSM,vanilla,0.0622195266187191,GhostFaceNet_TI_FGSM_adv
4,Facenet512,/content/face_module/dataset_extractedfaces/vggface2_pairs/n000008_0256_01.jpg,/content/face_module/dataset_extractedfaces/vggface2_pairs/n000008_0348_01.jpg,vggface2_pairs,dodging_attack,eval,GhostFaceNet,SI_NI_FGSM,vanilla,0.0117087187245488,GhostFaceNet_SI_NI_FGSM_adv
4,Facenet512,/content/face_module/dataset_extractedfaces/vggface2_pairs/n000008_0256_01.jpg,/content/face_module/dataset_extractedfaces/vggface2_pairs/n000008_0348_01.jpg,vggface2_pairs,dodging_attack,eval,GhostFaceNet,MI_ADMIX_DI_TI,vanilla,0.0552023015916347,GhostFaceNet_MI_ADMIX_DI_TI_adv
4,VGG-Face,/content/face_module/dataset_extractedfaces/vggface2_pairs/n000008_0256_01.jpg,/content/face_module/dataset_extractedfaces/vggface2_pairs/n000008_0348_01.jpg,vggface2_pairs,dodging_attack,eval,GhostFaceNet,PGD,vanilla,0.0216750707477331,GhostFaceNet_PGD_adv
4,VGG-Face,/content/face_module/dataset_extractedfaces/vggface2_pairs/n000008_0256_01.jpg,/content/face_module/dataset_extractedfaces/vggface2_pairs/n000008_0348_01.jpg,vggface2_pairs,dodging_attack,eval,GhostFaceNet,MI_FGSM,vanilla,0.0313551761209964,GhostFaceNet_MI_FGSM_adv
4,VGG-Face,/content/face_module/dataset_extractedfaces/vggface2_pairs/n000008_0256_01.jpg,/content/face_module/dataset_extractedfaces/vggface2_pairs/n000008_0348_01.jpg,vggface2_pairs,dodging_attack,eval,GhostFaceNet,TI_FGSM,vanilla,0.0593476891517639,GhostFaceNet_TI_FGSM_adv
4,VGG-Face,/content/face_module/dataset_extractedfaces/vggface2_pairs/n000008_0256_01.jpg,/content/face_module/dataset_extractedfaces/vggface2_pairs/n000008_0348_01.jpg,vggface2_pairs,dodging_attack,eval,GhostFaceNet,SI_NI_FGSM,vanilla,0.0385326780378818,GhostFaceNet_SI_NI_FGSM_adv
4,VGG-Face,/content/face_module/dataset_extractedfaces/vggface2_pairs/n000008_0256_01.jpg,/content/face_module/dataset_extractedfaces/vggface2_pairs/n000008_0348_01.jpg,vggface2_pairs,dodging_attack,eval,GhostFaceNet,MI_ADMIX_DI_TI,vanilla,0.1006957218050956,GhostFaceNet_MI_ADMIX_DI_TI_adv
7,ArcFace,/content/face_module/dataset_extractedfaces/vggface2_pairs/n000010_0058_01.jpg,/content/face_module/dataset_extractedfaces/vggface2_pairs/n000010_0081_01.jpg,vggface2_pairs,dodging_attack,eval,GhostFaceNet,clean,clean,0.3012862205505371,GhostFaceNet_clean
7,Facenet512,/content/face_module/dataset_extractedfaces/vggface2_pairs/n000010_0058_01.jpg,/content/face_module/dataset_extractedfaces/vggface2_pairs/n000010_0081_01.jpg,vggface2_pairs,dodging_attack,eval,GhostFaceNet,clean,clean,0.3012862205505371,GhostFaceNet_clean
7,GhostFaceNet,/content/face_module/dataset_extractedfaces/vggface2_pairs/n000010_0058_01.jpg,/content/face_module/dataset_extractedfaces/vggface2_pairs/n000010_0081_01.jpg,vggface2_pairs,dodging_attack,eval,GhostFaceNet,clean,clean,0.3012862205505371,GhostFaceNet_clean
7,VGG-Face,/content/face_module/dataset_extractedfaces/vggface2_pairs/n000010_0058_01.jpg,/content/face_module/dataset_extractedfaces/vggface2_pairs/n000010_0081_01.jpg,vggface2_pairs,dodging_attack,eval,GhostFaceNet,clean,clean,0.3012862205505371,GhostFaceNet_clean
7,ArcFace,/content/face_module/dataset_extractedfaces/vggface2_pairs/n000010_0058_01.jpg,/content/face_module/dataset_extractedfaces/vggface2_pairs/n000010_0081_01.jpg,vggface2_pairs,dodging_attack,eval,GhostFaceNet,PGD,vanilla,0.2438114136457443,GhostFaceNet_PGD_adv
7,ArcFace,/content/face_module/dataset_extractedfaces/vggface2_pairs/n000010_0058_01.jpg,/content/face_module/dataset_extractedfaces/vggface2_pairs/n000010_0081_01.jpg,vggface2_pairs,dodging_attack,eval,GhostFaceNet,MI_FGSM,vanilla,0.1930260509252548,GhostFaceNet_MI_FGSM_adv
7,ArcFace,/content/face_module/dataset_extractedfaces/vggface2_pairs/n000010_0058_01.jpg,/content/face_module/dataset_extractedfaces/vggface2_pairs/n000010_0081_01.jpg,vggface2_pairs,dodging_attack,eval,GhostFaceNet,TI_FGSM,vanilla,0.1839119493961334,GhostFaceNet_TI_FGSM_adv
7,ArcFace,/content/face_module/dataset_extractedfaces/vggface2_pairs/n000010_0058_01.jpg,/content/face_module/dataset_extractedfaces/vggface2_pairs/n000010_0081_01.jpg,vggface2_pairs,dodging_attack,eval,GhostFaceNet,SI_NI_FGSM,vanilla,0.136227086186409,GhostFaceNet_SI_NI_FGSM_adv
7,ArcFace,/content/face_module/dataset_extractedfaces/vggface2_pairs/n000010_0058_01.jpg,/content/face_module/dataset_extractedfaces/vggface2_pairs/n000010_0081_01.jpg,vggface2_pairs,dodging_attack,eval,GhostFaceNet,MI_ADMIX_DI_TI,vanilla,0.1826613992452621,GhostFaceNet_MI_ADMIX_DI_TI_adv
7,Facenet512,/content/face_module/dataset_extractedfaces/vggface2_pairs/n000010_0058_01.jpg,/content/face_module/dataset_extractedfaces/vggface2_pairs/n000010_0081_01.jpg,vggface2_pairs,dodging_attack,eval,GhostFaceNet,PGD,vanilla,0.2174352407455444,GhostFaceNet_PGD_adv
7,Facenet512,/content/face_module/dataset_extractedfaces/vggface2_pairs/n000010_0058_01.jpg,/content/face_module/dataset_extractedfaces/vggface2_pairs/n000010_0081_01.jpg,vggface2_pairs,dodging_attack,eval,GhostFaceNet,MI_FGSM,vanilla,0.1525501310825348,GhostFaceNet_MI_FGSM_adv
7,Facenet512,/content/face_module/dataset_extractedfaces/vggface2_pairs/n000010_0058_01.jpg,/content/face_module/dataset_extractedfaces/vggface2_pairs/n000010_0081_01.jpg,vggface2_pairs,dodging_attack,eval,GhostFaceNet,TI_FGSM,vanilla,0.1535165160894394,GhostFaceNet_TI_FGSM_adv
7,Facenet512,/content/face_module/dataset_extractedfaces/vggface2_pairs/n000010_0058_01.jpg,/content/face_module/dataset_extractedfaces/vggface2_pairs/n000010_0081_01.jpg,vggface2_pairs,dodging_attack,eval,GhostFaceNet,SI_NI_FGSM,vanilla,0.1390526592731475,GhostFaceNet_SI_NI_FGSM_adv
7,Facenet512,/content/face_module/dataset_extractedfaces/vggface2_pairs/n000010_0058_01.jpg,/content/face_module/dataset_extractedfaces/vggface2_pairs/n000010_0081_01.jpg,vggface2_pairs,dodging_attack,eval,GhostFaceNet,MI_ADMIX_DI_TI,vanilla,0.1083679571747779,GhostFaceNet_MI_ADMIX_DI_TI_adv
7,VGG-Face,/content/face_module/dataset_extractedfaces/vggface2_pairs/n000010_0058_01.jpg,/content/face_module/dataset_extractedfaces/vggface2_pairs/n000010_0081_01.jpg,vggface2_pairs,dodging_attack,eval,GhostFaceNet,PGD,vanilla,0.2131991982460022,GhostFaceNet_PGD_adv
7,VGG-Face,/content/face_module/dataset_extractedfaces/vggface2_pairs/n000010_0058_01.jpg,/content/face_module/dataset_extractedfaces/vggface2_pairs/n000010_0081_01.jpg,vggface2_pairs,dodging_attack,eval,GhostFaceNet,MI_FGSM,vanilla,0.166458174586296,GhostFaceNet_MI_FGSM_adv
7,VGG-Face,/content/face_module/dataset_extractedfaces/vggface2_pairs/n000010_0058_01.jpg,/content/face_module/dataset_extractedfaces/vggface2_pairs/n000010_0081_01.jpg,vggface2_pairs,dodging_attack,eval,GhostFaceNet,TI_FGSM,vanilla,0.2220981270074844,GhostFaceNet_TI_FGSM_adv
7,VGG-Face,/content/face_module/dataset_extractedfaces/vggface2_pairs/n000010_0058_01.jpg,/content/face_module/dataset_extractedfaces/vggface2_pairs/n000010_0081_01.jpg,vggface2_pairs,dodging_attack,eval,GhostFaceNet,SI_NI_FGSM,vanilla,0.1512490063905716,GhostFaceNet_SI_NI_FGSM_adv
7,VGG-Face,/content/face_module/dataset_extractedfaces/vggface2_pairs/n000010_0058_01.jpg,/content/face_module/dataset_extractedfaces/vggface2_pairs/n000010_0081_01.jpg,vggface2_pairs,dodging_attack,eval,GhostFaceNet,MI_ADMIX_DI_TI,vanilla,0.1392845809459686,GhostFaceNet_MI_ADMIX_DI_TI_adv
10,ArcFace,/content/face_module/dataset_extractedfaces/vggface2_pairs/n000005_0022_01.jpg,/content/face_module/dataset_extractedfaces/vggface2_pairs/n000005_0076_01.jpg,vggface2_pairs,dodging_attack,eval,GhostFaceNet,clean,clean,0.375858336687088,GhostFaceNet_clean
10,Facenet512,/content/face_module/dataset_extractedfaces/vggface2_pairs/n000005_0022_01.jpg,/content/face_module/dataset_extractedfaces/vggface2_pairs/n000005_0076_01.jpg,vggface2_pairs,dodging_attack,eval,GhostFaceNet,clean,clean,0.375858336687088,GhostFaceNet_clean
10,GhostFaceNet,/content/face_module/dataset_extractedfaces/vggface2_pairs/n000005_0022_01.jpg,/content/face_module/dataset_extractedfaces/vggface2_pairs/n000005_0076_01.jpg,vggface2_pairs,dodging_attack,eval,GhostFaceNet,clean,clean,0.375858336687088,GhostFaceNet_clean
10,VGG-Face,/content/face_module/dataset_extractedfaces/vggface2_pairs/n000005_0022_01.jpg,/content/face_module/dataset_extractedfaces/vggface2_pairs/n000005_0076_01.jpg,vggface2_pairs,dodging_attack,eval,GhostFaceNet,clean,clean,0.375858336687088,GhostFaceNet_clean
10,ArcFace,/content/face_module/dataset_extractedfaces/vggface2_pairs/n000005_0022_01.jpg,/content/face_module/dataset_extractedfaces/vggface2_pairs/n000005_0076_01.jpg,vggface2_pairs,dodging_attack,eval,GhostFaceNet,PGD,vanilla,0.3108789920806885,GhostFaceNet_PGD_adv
10,ArcFace,/content/face_module/dataset_extractedfaces/vggface2_pairs/n000005_0022_01.jpg,/content/face_module/dataset_extractedfaces/vggface2_pairs/n000005_0076_01.jpg,vggface2_pairs,dodging_attack,eval,GhostFaceNet,MI_FGSM,vanilla,0.2563609182834625,GhostFaceNet_MI_FGSM_adv
10,ArcFace,/content/face_module/dataset_extractedfaces/vggface2_pairs/n000005_0022_01.jpg,/content/face_module/dataset_extractedfaces/vggface2_pairs/n000005_0076_01.jpg,vggface2_pairs,dodging_attack,eval,GhostFaceNet,TI_FGSM,vanilla,0.28437340259552,GhostFaceNet_TI_FGSM_adv
10,ArcFace,/content/face_module/dataset_extractedfaces/vggface2_pairs/n000005_0022_01.jpg,/content/face_module/dataset_extractedfaces/vggface2_pairs/n000005_0076_01.jpg,vggface2_pairs,dodging_attack,eval,GhostFaceNet,SI_NI_FGSM,vanilla,0.2670045793056488,GhostFaceNet_SI_NI_FGSM_adv
10,ArcFace,/content/face_module/dataset_extractedfaces/vggface2_pairs/n000005_0022_01.jpg,/content/face_module/dataset_extractedfaces/vggface2_pairs/n000005_0076_01.jpg,vggface2_pairs,dodging_attack,eval,GhostFaceNet,MI_ADMIX_DI_TI,vanilla,0.2847324907779693,GhostFaceNet_MI_ADMIX_DI_TI_adv
10,Facenet512,/content/face_module/dataset_extractedfaces/vggface2_pairs/n000005_0022_01.jpg,/content/face_module/dataset_extractedfaces/vggface2_pairs/n000005_0076_01.jpg,vggface2_pairs,dodging_attack,eval,GhostFaceNet,PGD,vanilla,0.281709611415863,GhostFaceNet_PGD_adv
10,Facenet512,/content/face_module/dataset_extractedfaces/vggface2_pairs/n000005_0022_01.jpg,/content/face_module/dataset_extractedfaces/vggface2_pairs/n000005_0076_01.jpg,vggface2_pairs,dodging_attack,eval,GhostFaceNet,MI_FGSM,vanilla,0.2062994241714477,GhostFaceNet_MI_FGSM_adv
10,Facenet512,/content/face_module/dataset_extractedfaces/vggface2_pairs/n000005_0022_01.jpg,/content/face_module/dataset_extractedfaces/vggface2_pairs/n000005_0076_01.jpg,vggface2_pairs,dodging_attack,eval,GhostFaceNet,TI_FGSM,vanilla,0.1930138170719146,GhostFaceNet_TI_FGSM_adv
10,Facenet512,/content/face_module/dataset_extractedfaces/vggface2_pairs/n000005_0022_01.jpg,/content/face_module/dataset_extractedfaces/vggface2_pairs/n000005_0076_01.jpg,vggface2_pairs,dodging_attack,eval,GhostFaceNet,SI_NI_FGSM,vanilla,0.1864622235298156,GhostFaceNet_SI_NI_FGSM_adv
10,Facenet512,/content/face_module/dataset_extractedfaces/vggface2_pairs/n000005_0022_01.jpg,/content/face_module/dataset_extractedfaces/vggface2_pairs/n000005_0076_01.jpg,vggface2_pairs,dodging_attack,eval,GhostFaceNet,MI_ADMIX_DI_TI,vanilla,0.1754028648138046,GhostFaceNet_MI_ADMIX_DI_TI_adv
10,VGG-Face,/content/face_module/dataset_extractedfaces/vggface2_pairs/n000005_0022_01.jpg,/content/face_module/dataset_extractedfaces/vggface2_pairs/n000005_0076_01.jpg,vggface2_pairs,dodging_attack,eval,GhostFaceNet,PGD,vanilla,0.2847634553909302,GhostFaceNet_PGD_adv
10,VGG-Face,/content/face_module/dataset_extractedfaces/vggface2_pairs/n000005_0022_01.jpg,/content/face_module/dataset_extractedfaces/vggface2_pairs/n000005_0076_01.jpg,vggface2_pairs,dodging_attack,eval,GhostFaceNet,MI_FGSM,vanilla,0.2598015367984772,GhostFaceNet_MI_FGSM_adv
10,VGG-Face,/content/face_module/dataset_extractedfaces/vggface2_pairs/n000005_0022_01.jpg,/content/face_module/dataset_extractedfaces/vggface2_pairs/n000005_0076_01.jpg,vggface2_pairs,dodging_attack,eval,GhostFaceNet,TI_FGSM,vanilla,0.2511916756629944,GhostFaceNet_TI_FGSM_adv
10,VGG-Face,/content/face_module/dataset_extractedfaces/vggface2_pairs/n000005_0022_01.jpg,/content/face_module/dataset_extractedfaces/vggface2_pairs/n000005_0076_01.jpg,vggface2_pairs,dodging_attack,eval,GhostFaceNet,SI_NI_FGSM,vanilla,0.2495180070400238,GhostFaceNet_SI_NI_FGSM_adv
10,VGG-Face,/content/face_module/dataset_extractedfaces/vggface2_pairs/n000005_0022_01.jpg,/content/face_module/dataset_extractedfaces/vggface2_pairs/n000005_0076_01.jpg,vggface2_pairs,dodging_attack,eval,GhostFaceNet,MI_ADMIX_DI_TI,vanilla,0.22847780585289,GhostFaceNet_MI_ADMIX_DI_TI_adv
11,ArcFace,/content/face_module/dataset_extractedfaces/vggface2_pairs/n000007_0176_01.jpg,/content/face_module/dataset_extractedfaces/vggface2_pairs/n000007_0335_03.jpg,vggface2_pairs,dodging_attack,eval,GhostFaceNet,clean,clean,0.2068949192762375,GhostFaceNet_clean
11,Facenet512,/content/face_module/dataset_extractedfaces/vggface2_pairs/n000007_0176_01.jpg,/content/face_module/dataset_extractedfaces/vggface2_pairs/n000007_0335_03.jpg,vggface2_pairs,dodging_attack,eval,GhostFaceNet,clean,clean,0.2068949192762375,GhostFaceNet_clean
11,GhostFaceNet,/content/face_module/dataset_extractedfaces/vggface2_pairs/n000007_0176_01.jpg,/content/face_module/dataset_extractedfaces/vggface2_pairs/n000007_0335_03.jpg,vggface2_pairs,dodging_attack,eval,GhostFaceNet,clean,clean,0.2068949192762375,GhostFaceNet_clean
11,VGG-Face,/content/face_module/dataset_extractedfaces/vggface2_pairs/n000007_0176_01.jpg,/content/face_module/dataset_extractedfaces/vggface2_pairs/n000007_0335_03.jpg,vggface2_pairs,dodging_attack,eval,GhostFaceNet,clean,clean,0.2068949192762375,GhostFaceNet_clean
11,ArcFace,/content/face_module/dataset_extractedfaces/vggface2_pairs/n000007_0176_01.jpg,/content/face_module/dataset_extractedfaces/vggface2_pairs/n000007_0335_03.jpg,vggface2_pairs,dodging_attack,eval,GhostFaceNet,PGD,vanilla,0.1499510258436203,GhostFaceNet_PGD_adv
11,ArcFace,/content/face_module/dataset_extractedfaces/vggface2_pairs/n000007_0176_01.jpg,/content/face_module/dataset_extractedfaces/vggface2_pairs/n000007_0335_03.jpg,vggface2_pairs,dodging_attack,eval,GhostFaceNet,MI_FGSM,vanilla,0.159996747970581,GhostFaceNet_MI_FGSM_adv
11,ArcFace,/content/face_module/dataset_extractedfaces/vggface2_pairs/n000007_0176_01.jpg,/content/face_module/dataset_extractedfaces/vggface2_pairs/n000007_0335_03.jpg,vggface2_pairs,dodging_attack,eval,GhostFaceNet,TI_FGSM,vanilla,0.2316851317882537,GhostFaceNet_TI_FGSM_adv
11,ArcFace,/content/face_module/dataset_extractedfaces/vggface2_pairs/n000007_0176_01.jpg,/content/face_module/dataset_extractedfaces/vggface2_pairs/n000007_0335_03.jpg,vggface2_pairs,dodging_attack,eval,GhostFaceNet,SI_NI_FGSM,vanilla,0.0900588557124137,GhostFaceNet_SI_NI_FGSM_adv
11,ArcFace,/content/face_module/dataset_extractedfaces/vggface2_pairs/n000007_0176_01.jpg,/content/face_module/dataset_extractedfaces/vggface2_pairs/n000007_0335_03.jpg,vggface2_pairs,dodging_attack,eval,GhostFaceNet,MI_ADMIX_DI_TI,vanilla,0.2139359414577484,GhostFaceNet_MI_ADMIX_DI_TI_adv
11,Facenet512,/content/face_module/dataset_extractedfaces/vggface2_pairs/n000007_0176_01.jpg,/content/face_module/dataset_extractedfaces/vggface2_pairs/n000007_0335_03.jpg,vggface2_pairs,dodging_attack,eval,GhostFaceNet,PGD,vanilla,0.123406745493412,GhostFaceNet_PGD_adv
11,Facenet512,/content/face_module/dataset_extractedfaces/vggface2_pairs/n000007_0176_01.jpg,/content/face_module/dataset_extractedfaces/vggface2_pairs/n000007_0335_03.jpg,vggface2_pairs,dodging_attack,eval,GhostFaceNet,MI_FGSM,vanilla,0.1310153603553772,GhostFaceNet_MI_FGSM_adv
11,Facenet512,/content/face_module/dataset_extractedfaces/vggface2_pairs/n000007_0176_01.jpg,/content/face_module/dataset_extractedfaces/vggface2_pairs/n000007_0335_03.jpg,vggface2_pairs,dodging_attack,eval,GhostFaceNet,TI_FGSM,vanilla,0.1504839658737182,GhostFaceNet_TI_FGSM_adv
11,Facenet512,/content/face_module/dataset_extractedfaces/vggface2_pairs/n000007_0176_01.jpg,/content/face_module/dataset_extractedfaces/vggface2_pairs/n000007_0335_03.jpg,vggface2_pairs,dodging_attack,eval,GhostFaceNet,SI_NI_FGSM,vanilla,0.1562253087759018,GhostFaceNet_SI_NI_FGSM_adv
11,Facenet512,/content/face_module/dataset_extractedfaces/vggface2_pairs/n000007_0176_01.jpg,/content/face_module/dataset_extractedfaces/vggface2_pairs/n000007_0335_03.jpg,vggface2_pairs,dodging_attack,eval,GhostFaceNet,MI_ADMIX_DI_TI,vanilla,0.1843834519386291,GhostFaceNet_MI_ADMIX_DI_TI_adv
11,VGG-Face,/content/face_module/dataset_extractedfaces/vggface2_pairs/n000007_0176_01.jpg,/content/face_module/dataset_extractedfaces/vggface2_pairs/n000007_0335_03.jpg,vggface2_pairs,dodging_attack,eval,GhostFaceNet,PGD,vanilla,0.1323348134756088,GhostFaceNet_PGD_adv
11,VGG-Face,/content/face_module/dataset_extractedfaces/vggface2_pairs/n000007_0176_01.jpg,/content/face_module/dataset_extractedfaces/vggface2_pairs/n000007_0335_03.jpg,vggface2_pairs,dodging_attack,eval,GhostFaceNet,MI_FGSM,vanilla,0.1185029745101928,GhostFaceNet_MI_FGSM_adv
11,VGG-Face,/content/face_module/dataset_extractedfaces/vggface2_pairs/n000007_0176_01.jpg,/content/face_module/dataset_extractedfaces/vggface2_pairs/n000007_0335_03.jpg,vggface2_pairs,dodging_attack,eval,GhostFaceNet,TI_FGSM,vanilla,0.0963453501462936,GhostFaceNet_TI_FGSM_adv
11,VGG-Face,/content/face_module/dataset_extractedfaces/vggface2_pairs/n000007_0176_01.jpg,/content/face_module/dataset_extractedfaces/vggface2_pairs/n000007_0335_03.jpg,vggface2_pairs,dodging_attack,eval,GhostFaceNet,SI_NI_FGSM,vanilla,0.1446196585893631,GhostFaceNet_SI_NI_FGSM_adv
11,VGG-Face,/content/face_module/dataset_extractedfaces/vggface2_pairs/n000007_0176_01.jpg,/content/face_module/dataset_extractedfaces/vggface2_pairs/n000007_0335_03.jpg,vggface2_pairs,dodging_attack,eval,GhostFaceNet,MI_ADMIX_DI_TI,vanilla,0.1251334995031356,GhostFaceNet_MI_ADMIX_DI_TI_adv
0,ArcFace,/content/face_module/dataset_extractedfaces/lfw_pairs/Renee Zellweger_1.jpg,/content/face_module/dataset_extractedfaces/lfw_pairs/Catherine Deneuve_2.jpg,lfw_pairs,impersonation_attack,eval,VGG-Face,clean,clean,0.0917206555604934,VGG-Face_clean
0,Facenet512,/content/face_module/dataset_extractedfaces/lfw_pairs/Renee Zellweger_1.jpg,/content/face_module/dataset_extractedfaces/lfw_pairs/Catherine Deneuve_2.jpg,lfw_pairs,impersonation_attack,eval,VGG-Face,clean,clean,0.0917206555604934,VGG-Face_clean
0,GhostFaceNet,/content/face_module/dataset_extractedfaces/lfw_pairs/Renee Zellweger_1.jpg,/content/face_module/dataset_extractedfaces/lfw_pairs/Catherine Deneuve_2.jpg,lfw_pairs,impersonation_attack,eval,VGG-Face,clean,clean,0.0917206555604934,VGG-Face_clean
0,VGG-Face,/content/face_module/dataset_extractedfaces/lfw_pairs/Renee Zellweger_1.jpg,/content/face_module/dataset_extractedfaces/lfw_pairs/Catherine Deneuve_2.jpg,lfw_pairs,impersonation_attack,eval,VGG-Face,clean,clean,0.0917206555604934,VGG-Face_clean
0,ArcFace,/content/face_module/dataset_extractedfaces/lfw_pairs/Renee Zellweger_1.jpg,/content/face_module/dataset_extractedfaces/lfw_pairs/Catherine Deneuve_2.jpg,lfw_pairs,impersonation_attack,eval,VGG-Face,PGD,vanilla,0.1952845752239227,VGG-Face_PGD_adv
0,ArcFace,/content/face_module/dataset_extractedfaces/lfw_pairs/Renee Zellweger_1.jpg,/content/face_module/dataset_extractedfaces/lfw_pairs/Catherine Deneuve_2.jpg,lfw_pairs,impersonation_attack,eval,VGG-Face,MI_FGSM,vanilla,0.3376651704311371,VGG-Face_MI_FGSM_adv
0,ArcFace,/content/face_module/dataset_extractedfaces/lfw_pairs/Renee Zellweger_1.jpg,/content/face_module/dataset_extractedfaces/lfw_pairs/Catherine Deneuve_2.jpg,lfw_pairs,impersonation_attack,eval,VGG-Face,TI_FGSM,vanilla,0.2730606496334076,VGG-Face_TI_FGSM_adv
0,ArcFace,/content/face_module/dataset_extractedfaces/lfw_pairs/Renee Zellweger_1.jpg,/content/face_module/dataset_extractedfaces/lfw_pairs/Catherine Deneuve_2.jpg,lfw_pairs,impersonation_attack,eval,VGG-Face,SI_NI_FGSM,vanilla,0.3595439791679382,VGG-Face_SI_NI_FGSM_adv
0,ArcFace,/content/face_module/dataset_extractedfaces/lfw_pairs/Renee Zellweger_1.jpg,/content/face_module/dataset_extractedfaces/lfw_pairs/Catherine Deneuve_2.jpg,lfw_pairs,impersonation_attack,eval,VGG-Face,MI_ADMIX_DI_TI,vanilla,0.2475960552692413,VGG-Face_MI_ADMIX_DI_TI_adv
0,Facenet512,/content/face_module/dataset_extractedfaces/lfw_pairs/Renee Zellweger_1.jpg,/content/face_module/dataset_extractedfaces/lfw_pairs/Catherine Deneuve_2.jpg,lfw_pairs,impersonation_attack,eval,VGG-Face,PGD,vanilla,0.2213097065687179,VGG-Face_PGD_adv
0,Facenet512,/content/face_module/dataset_extractedfaces/lfw_pairs/Renee Zellweger_1.jpg,/content/face_module/dataset_extractedfaces/lfw_pairs/Catherine Deneuve_2.jpg,lfw_pairs,impersonation_attack,eval,VGG-Face,MI_FGSM,vanilla,0.3655482828617096,VGG-Face_MI_FGSM_adv
0,Facenet512,/content/face_module/dataset_extractedfaces/lfw_pairs/Renee Zellweger_1.jpg,/content/face_module/dataset_extractedfaces/lfw_pairs/Catherine Deneuve_2.jpg,lfw_pairs,impersonation_attack,eval,VGG-Face,TI_FGSM,vanilla,0.347739428281784,VGG-Face_TI_FGSM_adv
0,Facenet512,/content/face_module/dataset_extractedfaces/lfw_pairs/Renee Zellweger_1.jpg,/content/face_module/dataset_extractedfaces/lfw_pairs/Catherine Deneuve_2.jpg,lfw_pairs,impersonation_attack,eval,VGG-Face,SI_NI_FGSM,vanilla,0.3859412968158722,VGG-Face_SI_NI_FGSM_adv
0,Facenet512,/content/face_module/dataset_extractedfaces/lfw_pairs/Renee Zellweger_1.jpg,/content/face_module/dataset_extractedfaces/lfw_pairs/Catherine Deneuve_2.jpg,lfw_pairs,impersonation_attack,eval,VGG-Face,MI_ADMIX_DI_TI,vanilla,0.3857840895652771,VGG-Face_MI_ADMIX_DI_TI_adv
0,GhostFaceNet,/content/face_module/dataset_extractedfaces/lfw_pairs/Renee Zellweger_1.jpg,/content/face_module/dataset_extractedfaces/lfw_pairs/Catherine Deneuve_2.jpg,lfw_pairs,impersonation_attack,eval,VGG-Face,PGD,vanilla,0.1068596467375755,VGG-Face_PGD_adv
0,GhostFaceNet,/content/face_module/dataset_extractedfaces/lfw_pairs/Renee Zellweger_1.jpg,/content/face_module/dataset_extractedfaces/lfw_pairs/Catherine Deneuve_2.jpg,lfw_pairs,impersonation_attack,eval,VGG-Face,MI_FGSM,vanilla,0.1830493509769439,VGG-Face_MI_FGSM_adv
0,GhostFaceNet,/content/face_module/dataset_extractedfaces/lfw_pairs/Renee Zellweger_1.jpg,/content/face_module/dataset_extractedfaces/lfw_pairs/Catherine Deneuve_2.jpg,lfw_pairs,impersonation_attack,eval,VGG-Face,TI_FGSM,vanilla,0.125990480184555,VGG-Face_TI_FGSM_adv
0,GhostFaceNet,/content/face_module/dataset_extractedfaces/lfw_pairs/Renee Zellweger_1.jpg,/content/face_module/dataset_extractedfaces/lfw_pairs/Catherine Deneuve_2.jpg,lfw_pairs,impersonation_attack,eval,VGG-Face,SI_NI_FGSM,vanilla,0.2081227749586105,VGG-Face_SI_NI_FGSM_adv
0,GhostFaceNet,/content/face_module/dataset_extractedfaces/lfw_pairs/Renee Zellweger_1.jpg,/content/face_module/dataset_extractedfaces/lfw_pairs/Catherine Deneuve_2.jpg,lfw_pairs,impersonation_attack,eval,VGG-Face,MI_ADMIX_DI_TI,vanilla,0.1082131937146186,VGG-Face_MI_ADMIX_DI_TI_adv
32,ArcFace,/content/face_module/dataset_extractedfaces/lfw_pairs/Donald Rumsfeld_105.jpg,/content/face_module/dataset_extractedfaces/lfw_pairs/Paul Burrell_11.jpg,lfw_pairs,impersonation_attack,eval,VGG-Face,clean,clean,0.167397603392601,VGG-Face_clean
32,Facenet512,/content/face_module/dataset_extractedfaces/lfw_pairs/Donald Rumsfeld_105.jpg,/content/face_module/dataset_extractedfaces/lfw_pairs/Paul Burrell_11.jpg,lfw_pairs,impersonation_attack,eval,VGG-Face,clean,clean,0.167397603392601,VGG-Face_clean
32,GhostFaceNet,/content/face_module/dataset_extractedfaces/lfw_pairs/Donald Rumsfeld_105.jpg,/content/face_module/dataset_extractedfaces/lfw_pairs/Paul Burrell_11.jpg,lfw_pairs,impersonation_attack,eval,VGG-Face,clean,clean,0.167397603392601,VGG-Face_clean
32,VGG-Face,/content/face_module/dataset_extractedfaces/lfw_pairs/Donald Rumsfeld_105.jpg,/content/face_module/dataset_extractedfaces/lfw_pairs/Paul Burrell_11.jpg,lfw_pairs,impersonation_attack,eval,VGG-Face,clean,clean,0.167397603392601,VGG-Face_clean
32,ArcFace,/content/face_module/dataset_extractedfaces/lfw_pairs/Donald Rumsfeld_105.jpg,/content/face_module/dataset_extractedfaces/lfw_pairs/Paul Burrell_11.jpg,lfw_pairs,impersonation_attack,eval,VGG-Face,PGD,vanilla,0.274192214012146,VGG-Face_PGD_adv
32,ArcFace,/content/face_module/dataset_extractedfaces/lfw_pairs/Donald Rumsfeld_105.jpg,/content/face_module/dataset_extractedfaces/lfw_pairs/Paul Burrell_11.jpg,lfw_pairs,impersonation_attack,eval,VGG-Face,MI_FGSM,vanilla,0.2844374477863312,VGG-Face_MI_FGSM_adv
32,ArcFace,/content/face_module/dataset_extractedfaces/lfw_pairs/Donald Rumsfeld_105.jpg,/content/face_module/dataset_extractedfaces/lfw_pairs/Paul Burrell_11.jpg,lfw_pairs,impersonation_attack,eval,VGG-Face,TI_FGSM,vanilla,0.2818835377693176,VGG-Face_TI_FGSM_adv
32,ArcFace,/content/face_module/dataset_extractedfaces/lfw_pairs/Donald Rumsfeld_105.jpg,/content/face_module/dataset_extractedfaces/lfw_pairs/Paul Burrell_11.jpg,lfw_pairs,impersonation_attack,eval,VGG-Face,SI_NI_FGSM,vanilla,0.3367036283016205,VGG-Face_SI_NI_FGSM_adv
32,ArcFace,/content/face_module/dataset_extractedfaces/lfw_pairs/Donald Rumsfeld_105.jpg,/content/face_module/dataset_extractedfaces/lfw_pairs/Paul Burrell_11.jpg,lfw_pairs,impersonation_attack,eval,VGG-Face,MI_ADMIX_DI_TI,vanilla,0.2954247295856476,VGG-Face_MI_ADMIX_DI_TI_adv
32,Facenet512,/content/face_module/dataset_extractedfaces/lfw_pairs/Donald Rumsfeld_105.jpg,/content/face_module/dataset_extractedfaces/lfw_pairs/Paul Burrell_11.jpg,lfw_pairs,impersonation_attack,eval,VGG-Face,PGD,vanilla,0.3050995767116546,VGG-Face_PGD_adv
32,Facenet512,/content/face_module/dataset_extractedfaces/lfw_pairs/Donald Rumsfeld_105.jpg,/content/face_module/dataset_extractedfaces/lfw_pairs/Paul Burrell_11.jpg,lfw_pairs,impersonation_attack,eval,VGG-Face,MI_FGSM,vanilla,0.274334967136383,VGG-Face_MI_FGSM_adv
32,Facenet512,/content/face_module/dataset_extractedfaces/lfw_pairs/Donald Rumsfeld_105.jpg,/content/face_module/dataset_extractedfaces/lfw_pairs/Paul Burrell_11.jpg,lfw_pairs,impersonation_attack,eval,VGG-Face,TI_FGSM,vanilla,0.2960568368434906,VGG-Face_TI_FGSM_adv
32,Facenet512,/content/face_module/dataset_extractedfaces/lfw_pairs/Donald Rumsfeld_105.jpg,/content/face_module/dataset_extractedfaces/lfw_pairs/Paul Burrell_11.jpg,lfw_pairs,impersonation_attack,eval,VGG-Face,SI_NI_FGSM,vanilla,0.3299610316753387,VGG-Face_SI_NI_FGSM_adv
32,Facenet512,/content/face_module/dataset_extractedfaces/lfw_pairs/Donald Rumsfeld_105.jpg,/content/face_module/dataset_extractedfaces/lfw_pairs/Paul Burrell_11.jpg,lfw_pairs,impersonation_attack,eval,VGG-Face,MI_ADMIX_DI_TI,vanilla,0.2896161377429962,VGG-Face_MI_ADMIX_DI_TI_adv
32,GhostFaceNet,/content/face_module/dataset_extractedfaces/lfw_pairs/Donald Rumsfeld_105.jpg,/content/face_module/dataset_extractedfaces/lfw_pairs/Paul Burrell_11.jpg,lfw_pairs,impersonation_attack,eval,VGG-Face,PGD,vanilla,0.1812905818223953,VGG-Face_PGD_adv
32,GhostFaceNet,/content/face_module/dataset_extractedfaces/lfw_pairs/Donald Rumsfeld_105.jpg,/content/face_module/dataset_extractedfaces/lfw_pairs/Paul Burrell_11.jpg,lfw_pairs,impersonation_attack,eval,VGG-Face,MI_FGSM,vanilla,0.1938947290182113,VGG-Face_MI_FGSM_adv
32,GhostFaceNet,/content/face_module/dataset_extractedfaces/lfw_pairs/Donald Rumsfeld_105.jpg,/content/face_module/dataset_extractedfaces/lfw_pairs/Paul Burrell_11.jpg,lfw_pairs,impersonation_attack,eval,VGG-Face,TI_FGSM,vanilla,0.1781743913888931,VGG-Face_TI_FGSM_adv
32,GhostFaceNet,/content/face_module/dataset_extractedfaces/lfw_pairs/Donald Rumsfeld_105.jpg,/content/face_module/dataset_extractedfaces/lfw_pairs/Paul Burrell_11.jpg,lfw_pairs,impersonation_attack,eval,VGG-Face,SI_NI_FGSM,vanilla,0.2235207259654998,VGG-Face_SI_NI_FGSM_adv
32,GhostFaceNet,/content/face_module/dataset_extractedfaces/lfw_pairs/Donald Rumsfeld_105.jpg,/content/face_module/dataset_extractedfaces/lfw_pairs/Paul Burrell_11.jpg,lfw_pairs,impersonation_attack,eval,VGG-Face,MI_ADMIX_DI_TI,vanilla,0.1819017678499221,VGG-Face_MI_ADMIX_DI_TI_adv
48,ArcFace,/content/face_module/dataset_extractedfaces/lfw_pairs/Renee Zellweger_14.jpg,/content/face_module/dataset_extractedfaces/lfw_pairs/Venus Williams_9.jpg,lfw_pairs,impersonation_attack,eval,VGG-Face,clean,clean,0.0496263168752193,VGG-Face_clean
48,Facenet512,/content/face_module/dataset_extractedfaces/lfw_pairs/Renee Zellweger_14.jpg,/content/face_module/dataset_extractedfaces/lfw_pairs/Venus Williams_9.jpg,lfw_pairs,impersonation_attack,eval,VGG-Face,clean,clean,0.0496263168752193,VGG-Face_clean
48,GhostFaceNet,/content/face_module/dataset_extractedfaces/lfw_pairs/Renee Zellweger_14.jpg,/content/face_module/dataset_extractedfaces/lfw_pairs/Venus Williams_9.jpg,lfw_pairs,impersonation_attack,eval,VGG-Face,clean,clean,0.0496263168752193,VGG-Face_clean
48,VGG-Face,/content/face_module/dataset_extractedfaces/lfw_pairs/Renee Zellweger_14.jpg,/content/face_module/dataset_extractedfaces/lfw_pairs/Venus Williams_9.jpg,lfw_pairs,impersonation_attack,eval,VGG-Face,clean,clean,0.0496263168752193,VGG-Face_clean
48,ArcFace,/content/face_module/dataset_extractedfaces/lfw_pairs/Renee Zellweger_14.jpg,/content/face_module/dataset_extractedfaces/lfw_pairs/Venus Williams_9.jpg,lfw_pairs,impersonation_attack,eval,VGG-Face,PGD,vanilla,0.0745939016342163,VGG-Face_PGD_adv
48,ArcFace,/content/face_module/dataset_extractedfaces/lfw_pairs/Renee Zellweger_14.jpg,/content/face_module/dataset_extractedfaces/lfw_pairs/Venus Williams_9.jpg,lfw_pairs,impersonation_attack,eval,VGG-Face,MI_FGSM,vanilla,0.1246206611394882,VGG-Face_MI_FGSM_adv
48,ArcFace,/content/face_module/dataset_extractedfaces/lfw_pairs/Renee Zellweger_14.jpg,/content/face_module/dataset_extractedfaces/lfw_pairs/Venus Williams_9.jpg,lfw_pairs,impersonation_attack,eval,VGG-Face,TI_FGSM,vanilla,0.1026360988616943,VGG-Face_TI_FGSM_adv
48,ArcFace,/content/face_module/dataset_extractedfaces/lfw_pairs/Renee Zellweger_14.jpg,/content/face_module/dataset_extractedfaces/lfw_pairs/Venus Williams_9.jpg,lfw_pairs,impersonation_attack,eval,VGG-Face,SI_NI_FGSM,vanilla,0.1504449844360351,VGG-Face_SI_NI_FGSM_adv
48,ArcFace,/content/face_module/dataset_extractedfaces/lfw_pairs/Renee Zellweger_14.jpg,/content/face_module/dataset_extractedfaces/lfw_pairs/Venus Williams_9.jpg,lfw_pairs,impersonation_attack,eval,VGG-Face,MI_ADMIX_DI_TI,vanilla,0.1288182586431503,VGG-Face_MI_ADMIX_DI_TI_adv
48,Facenet512,/content/face_module/dataset_extractedfaces/lfw_pairs/Renee Zellweger_14.jpg,/content/face_module/dataset_extractedfaces/lfw_pairs/Venus Williams_9.jpg,lfw_pairs,impersonation_attack,eval,VGG-Face,PGD,vanilla,0.1034766435623169,VGG-Face_PGD_adv
48,Facenet512,/content/face_module/dataset_extractedfaces/lfw_pairs/Renee Zellweger_14.jpg,/content/face_module/dataset_extractedfaces/lfw_pairs/Venus Williams_9.jpg,lfw_pairs,impersonation_attack,eval,VGG-Face,MI_FGSM,vanilla,0.1293874680995941,VGG-Face_MI_FGSM_adv
48,Facenet512,/content/face_module/dataset_extractedfaces/lfw_pairs/Renee Zellweger_14.jpg,/content/face_module/dataset_extractedfaces/lfw_pairs/Venus Williams_9.jpg,lfw_pairs,impersonation_attack,eval,VGG-Face,TI_FGSM,vanilla,0.1230176836252212,VGG-Face_TI_FGSM_adv
48,Facenet512,/content/face_module/dataset_extractedfaces/lfw_pairs/Renee Zellweger_14.jpg,/content/face_module/dataset_extractedfaces/lfw_pairs/Venus Williams_9.jpg,lfw_pairs,impersonation_attack,eval,VGG-Face,SI_NI_FGSM,vanilla,0.1405400186777115,VGG-Face_SI_NI_FGSM_adv
48,Facenet512,/content/face_module/dataset_extractedfaces/lfw_pairs/Renee Zellweger_14.jpg,/content/face_module/dataset_extractedfaces/lfw_pairs/Venus Williams_9.jpg,lfw_pairs,impersonation_attack,eval,VGG-Face,MI_ADMIX_DI_TI,vanilla,0.1540683954954147,VGG-Face_MI_ADMIX_DI_TI_adv
48,GhostFaceNet,/content/face_module/dataset_extractedfaces/lfw_pairs/Renee Zellweger_14.jpg,/content/face_module/dataset_extractedfaces/lfw_pairs/Venus Williams_9.jpg,lfw_pairs,impersonation_attack,eval,VGG-Face,PGD,vanilla,0.0470129624009132,VGG-Face_PGD_adv
48,GhostFaceNet,/content/face_module/dataset_extractedfaces/lfw_pairs/Renee Zellweger_14.jpg,/content/face_module/dataset_extractedfaces/lfw_pairs/Venus Williams_9.jpg,lfw_pairs,impersonation_attack,eval,VGG-Face,MI_FGSM,vanilla,0.0673086941242218,VGG-Face_MI_FGSM_adv
48,GhostFaceNet,/content/face_module/dataset_extractedfaces/lfw_pairs/Renee Zellweger_14.jpg,/content/face_module/dataset_extractedfaces/lfw_pairs/Venus Williams_9.jpg,lfw_pairs,impersonation_attack,eval,VGG-Face,TI_FGSM,vanilla,0.0604705438017845,VGG-Face_TI_FGSM_adv
48,GhostFaceNet,/content/face_module/dataset_extractedfaces/lfw_pairs/Renee Zellweger_14.jpg,/content/face_module/dataset_extractedfaces/lfw_pairs/Venus Williams_9.jpg,lfw_pairs,impersonation_attack,eval,VGG-Face,SI_NI_FGSM,vanilla,0.0804614871740341,VGG-Face_SI_NI_FGSM_adv
48,GhostFaceNet,/content/face_module/dataset_extractedfaces/lfw_pairs/Renee Zellweger_14.jpg,/content/face_module/dataset_extractedfaces/lfw_pairs/Venus Williams_9.jpg,lfw_pairs,impersonation_attack,eval,VGG-Face,MI_ADMIX_DI_TI,vanilla,0.0651145875453949,VGG-Face_MI_ADMIX_DI_TI_adv
57,ArcFace,/content/face_module/dataset_extractedfaces/lfw_pairs/Mike Weir_10.jpg,/content/face_module/dataset_extractedfaces/lfw_pairs/Luis Horna_2.jpg,lfw_pairs,impersonation_attack,eval,VGG-Face,clean,clean,0.1559333056211471,VGG-Face_clean
57,Facenet512,/content/face_module/dataset_extractedfaces/lfw_pairs/Mike Weir_10.jpg,/content/face_module/dataset_extractedfaces/lfw_pairs/Luis Horna_2.jpg,lfw_pairs,impersonation_attack,eval,VGG-Face,clean,clean,0.1559333056211471,VGG-Face_clean
57,GhostFaceNet,/content/face_module/dataset_extractedfaces/lfw_pairs/Mike Weir_10.jpg,/content/face_module/dataset_extractedfaces/lfw_pairs/Luis Horna_2.jpg,lfw_pairs,impersonation_attack,eval,VGG-Face,clean,clean,0.1559333056211471,VGG-Face_clean
57,VGG-Face,/content/face_module/dataset_extractedfaces/lfw_pairs/Mike Weir_10.jpg,/content/face_module/dataset_extractedfaces/lfw_pairs/Luis Horna_2.jpg,lfw_pairs,impersonation_attack,eval,VGG-Face,clean,clean,0.1559333056211471,VGG-Face_clean
57,ArcFace,/content/face_module/dataset_extractedfaces/lfw_pairs/Mike Weir_10.jpg,/content/face_module/dataset_extractedfaces/lfw_pairs/Luis Horna_2.jpg,lfw_pairs,impersonation_attack,eval,VGG-Face,PGD,vanilla,0.2147415429353714,VGG-Face_PGD_adv
57,ArcFace,/content/face_module/dataset_extractedfaces/lfw_pairs/Mike Weir_10.jpg,/content/face_module/dataset_extractedfaces/lfw_pairs/Luis Horna_2.jpg,lfw_pairs,impersonation_attack,eval,VGG-Face,MI_FGSM,vanilla,0.2926237881183624,VGG-Face_MI_FGSM_adv
57,ArcFace,/content/face_module/dataset_extractedfaces/lfw_pairs/Mike Weir_10.jpg,/content/face_module/dataset_extractedfaces/lfw_pairs/Luis Horna_2.jpg,lfw_pairs,impersonation_attack,eval,VGG-Face,TI_FGSM,vanilla,0.2478867024183273,VGG-Face_TI_FGSM_adv
57,ArcFace,/content/face_module/dataset_extractedfaces/lfw_pairs/Mike Weir_10.jpg,/content/face_module/dataset_extractedfaces/lfw_pairs/Luis Horna_2.jpg,lfw_pairs,impersonation_attack,eval,VGG-Face,SI_NI_FGSM,vanilla,0.3098028898239136,VGG-Face_SI_NI_FGSM_adv
57,ArcFace,/content/face_module/dataset_extractedfaces/lfw_pairs/Mike Weir_10.jpg,/content/face_module/dataset_extractedfaces/lfw_pairs/Luis Horna_2.jpg,lfw_pairs,impersonation_attack,eval,VGG-Face,MI_ADMIX_DI_TI,vanilla,0.2939530313014984,VGG-Face_MI_ADMIX_DI_TI_adv
57,Facenet512,/content/face_module/dataset_extractedfaces/lfw_pairs/Mike Weir_10.jpg,/content/face_module/dataset_extractedfaces/lfw_pairs/Luis Horna_2.jpg,lfw_pairs,impersonation_attack,eval,VGG-Face,PGD,vanilla,0.2295135408639907,VGG-Face_PGD_adv
57,Facenet512,/content/face_module/dataset_extractedfaces/lfw_pairs/Mike Weir_10.jpg,/content/face_module/dataset_extractedfaces/lfw_pairs/Luis Horna_2.jpg,lfw_pairs,impersonation_attack,eval,VGG-Face,MI_FGSM,vanilla,0.3375996649265289,VGG-Face_MI_FGSM_adv
57,Facenet512,/content/face_module/dataset_extractedfaces/lfw_pairs/Mike Weir_10.jpg,/content/face_module/dataset_extractedfaces/lfw_pairs/Luis Horna_2.jpg,lfw_pairs,impersonation_attack,eval,VGG-Face,TI_FGSM,vanilla,0.3092060983181,VGG-Face_TI_FGSM_adv
57,Facenet512,/content/face_module/dataset_extractedfaces/lfw_pairs/Mike Weir_10.jpg,/content/face_module/dataset_extractedfaces/lfw_pairs/Luis Horna_2.jpg,lfw_pairs,impersonation_attack,eval,VGG-Face,SI_NI_FGSM,vanilla,0.3804333806037903,VGG-Face_SI_NI_FGSM_adv
57,Facenet512,/content/face_module/dataset_extractedfaces/lfw_pairs/Mike Weir_10.jpg,/content/face_module/dataset_extractedfaces/lfw_pairs/Luis Horna_2.jpg,lfw_pairs,impersonation_attack,eval,VGG-Face,MI_ADMIX_DI_TI,vanilla,0.3419988751411438,VGG-Face_MI_ADMIX_DI_TI_adv
57,GhostFaceNet,/content/face_module/dataset_extractedfaces/lfw_pairs/Mike Weir_10.jpg,/content/face_module/dataset_extractedfaces/lfw_pairs/Luis Horna_2.jpg,lfw_pairs,impersonation_attack,eval,VGG-Face,PGD,vanilla,0.164445161819458,VGG-Face_PGD_adv
57,GhostFaceNet,/content/face_module/dataset_extractedfaces/lfw_pairs/Mike Weir_10.jpg,/content/face_module/dataset_extractedfaces/lfw_pairs/Luis Horna_2.jpg,lfw_pairs,impersonation_attack,eval,VGG-Face,MI_FGSM,vanilla,0.1907974481582641,VGG-Face_MI_FGSM_adv
57,GhostFaceNet,/content/face_module/dataset_extractedfaces/lfw_pairs/Mike Weir_10.jpg,/content/face_module/dataset_extractedfaces/lfw_pairs/Luis Horna_2.jpg,lfw_pairs,impersonation_attack,eval,VGG-Face,TI_FGSM,vanilla,0.1583025604486465,VGG-Face_TI_FGSM_adv
57,GhostFaceNet,/content/face_module/dataset_extractedfaces/lfw_pairs/Mike Weir_10.jpg,/content/face_module/dataset_extractedfaces/lfw_pairs/Luis Horna_2.jpg,lfw_pairs,impersonation_attack,eval,VGG-Face,SI_NI_FGSM,vanilla,0.2024198472499847,VGG-Face_SI_NI_FGSM_adv
57,GhostFaceNet,/content/face_module/dataset_extractedfaces/lfw_pairs/Mike Weir_10.jpg,/content/face_module/dataset_extractedfaces/lfw_pairs/Luis Horna_2.jpg,lfw_pairs,impersonation_attack,eval,VGG-Face,MI_ADMIX_DI_TI,vanilla,0.2209635376930236,VGG-Face_MI_ADMIX_DI_TI_adv
60,ArcFace,/content/face_module/dataset_extractedfaces/lfw_pairs/Jason Kidd_9.jpg,/content/face_module/dataset_extractedfaces/lfw_pairs/Luiz Inacio Lula da Silva_22.jpg,lfw_pairs,impersonation_attack,eval,VGG-Face,clean,clean,0.0474242754280567,VGG-Face_clean
60,Facenet512,/content/face_module/dataset_extractedfaces/lfw_pairs/Jason Kidd_9.jpg,/content/face_module/dataset_extractedfaces/lfw_pairs/Luiz Inacio Lula da Silva_22.jpg,lfw_pairs,impersonation_attack,eval,VGG-Face,clean,clean,0.0474242754280567,VGG-Face_clean
60,GhostFaceNet,/content/face_module/dataset_extractedfaces/lfw_pairs/Jason Kidd_9.jpg,/content/face_module/dataset_extractedfaces/lfw_pairs/Luiz Inacio Lula da Silva_22.jpg,lfw_pairs,impersonation_attack,eval,VGG-Face,clean,clean,0.0474242754280567,VGG-Face_clean
60,VGG-Face,/content/face_module/dataset_extractedfaces/lfw_pairs/Jason Kidd_9.jpg,/content/face_module/dataset_extractedfaces/lfw_pairs/Luiz Inacio Lula da Silva_22.jpg,lfw_pairs,impersonation_attack,eval,VGG-Face,clean,clean,0.0474242754280567,VGG-Face_clean
60,ArcFace,/content/face_module/dataset_extractedfaces/lfw_pairs/Jason Kidd_9.jpg,/content/face_module/dataset_extractedfaces/lfw_pairs/Luiz Inacio Lula da Silva_22.jpg,lfw_pairs,impersonation_attack,eval,VGG-Face,PGD,vanilla,0.0779309868812561,VGG-Face_PGD_adv
60,ArcFace,/content/face_module/dataset_extractedfaces/lfw_pairs/Jason Kidd_9.jpg,/content/face_module/dataset_extractedfaces/lfw_pairs/Luiz Inacio Lula da Silva_22.jpg,lfw_pairs,impersonation_attack,eval,VGG-Face,MI_FGSM,vanilla,0.174798846244812,VGG-Face_MI_FGSM_adv
60,ArcFace,/content/face_module/dataset_extractedfaces/lfw_pairs/Jason Kidd_9.jpg,/content/face_module/dataset_extractedfaces/lfw_pairs/Luiz Inacio Lula da Silva_22.jpg,lfw_pairs,impersonation_attack,eval,VGG-Face,TI_FGSM,vanilla,0.1171413883566856,VGG-Face_TI_FGSM_adv
60,ArcFace,/content/face_module/dataset_extractedfaces/lfw_pairs/Jason Kidd_9.jpg,/content/face_module/dataset_extractedfaces/lfw_pairs/Luiz Inacio Lula da Silva_22.jpg,lfw_pairs,impersonation_attack,eval,VGG-Face,SI_NI_FGSM,vanilla,0.190174400806427,VGG-Face_SI_NI_FGSM_adv
60,ArcFace,/content/face_module/dataset_extractedfaces/lfw_pairs/Jason Kidd_9.jpg,/content/face_module/dataset_extractedfaces/lfw_pairs/Luiz Inacio Lula da Silva_22.jpg,lfw_pairs,impersonation_attack,eval,VGG-Face,MI_ADMIX_DI_TI,vanilla,0.1403388530015945,VGG-Face_MI_ADMIX_DI_TI_adv
60,Facenet512,/content/face_module/dataset_extractedfaces/lfw_pairs/Jason Kidd_9.jpg,/content/face_module/dataset_extractedfaces/lfw_pairs/Luiz Inacio Lula da Silva_22.jpg,lfw_pairs,impersonation_attack,eval,VGG-Face,PGD,vanilla,0.1496350765228271,VGG-Face_PGD_adv
60,Facenet512,/content/face_module/dataset_extractedfaces/lfw_pairs/Jason Kidd_9.jpg,/content/face_module/dataset_extractedfaces/lfw_pairs/Luiz Inacio Lula da Silva_22.jpg,lfw_pairs,impersonation_attack,eval,VGG-Face,MI_FGSM,vanilla,0.2937430143356323,VGG-Face_MI_FGSM_adv
60,Facenet512,/content/face_module/dataset_extractedfaces/lfw_pairs/Jason Kidd_9.jpg,/content/face_module/dataset_extractedfaces/lfw_pairs/Luiz Inacio Lula da Silva_22.jpg,lfw_pairs,impersonation_attack,eval,VGG-Face,TI_FGSM,vanilla,0.2059578150510788,VGG-Face_TI_FGSM_adv
60,Facenet512,/content/face_module/dataset_extractedfaces/lfw_pairs/Jason Kidd_9.jpg,/content/face_module/dataset_extractedfaces/lfw_pairs/Luiz Inacio Lula da Silva_22.jpg,lfw_pairs,impersonation_attack,eval,VGG-Face,SI_NI_FGSM,vanilla,0.3352271616458893,VGG-Face_SI_NI_FGSM_adv
60,Facenet512,/content/face_module/dataset_extractedfaces/lfw_pairs/Jason Kidd_9.jpg,/content/face_module/dataset_extractedfaces/lfw_pairs/Luiz Inacio Lula da Silva_22.jpg,lfw_pairs,impersonation_attack,eval,VGG-Face,MI_ADMIX_DI_TI,vanilla,0.2732562124729156,VGG-Face_MI_ADMIX_DI_TI_adv
60,GhostFaceNet,/content/face_module/dataset_extractedfaces/lfw_pairs/Jason Kidd_9.jpg,/content/face_module/dataset_extractedfaces/lfw_pairs/Luiz Inacio Lula da Silva_22.jpg,lfw_pairs,impersonation_attack,eval,VGG-Face,PGD,vanilla,0.057898323982954,VGG-Face_PGD_adv
60,GhostFaceNet,/content/face_module/dataset_extractedfaces/lfw_pairs/Jason Kidd_9.jpg,/content/face_module/dataset_extractedfaces/lfw_pairs/Luiz Inacio Lula da Silva_22.jpg,lfw_pairs,impersonation_attack,eval,VGG-Face,MI_FGSM,vanilla,0.0878066569566726,VGG-Face_MI_FGSM_adv
60,GhostFaceNet,/content/face_module/dataset_extractedfaces/lfw_pairs/Jason Kidd_9.jpg,/content/face_module/dataset_extractedfaces/lfw_pairs/Luiz Inacio Lula da Silva_22.jpg,lfw_pairs,impersonation_attack,eval,VGG-Face,TI_FGSM,vanilla,0.0643135011196136,VGG-Face_TI_FGSM_adv
60,GhostFaceNet,/content/face_module/dataset_extractedfaces/lfw_pairs/Jason Kidd_9.jpg,/content/face_module/dataset_extractedfaces/lfw_pairs/Luiz Inacio Lula da Silva_22.jpg,lfw_pairs,impersonation_attack,eval,VGG-Face,SI_NI_FGSM,vanilla,0.0977544337511062,VGG-Face_SI_NI_FGSM_adv
60,GhostFaceNet,/content/face_module/dataset_extractedfaces/lfw_pairs/Jason Kidd_9.jpg,/content/face_module/dataset_extractedfaces/lfw_pairs/Luiz Inacio Lula da Silva_22.jpg,lfw_pairs,impersonation_attack,eval,VGG-Face,MI_ADMIX_DI_TI,vanilla,0.0713566094636917,VGG-Face_MI_ADMIX_DI_TI_adv
2,ArcFace,/content/face_module/dataset_extractedfaces/celeba_pairs/107859.jpg,/content/face_module/dataset_extractedfaces/celeba_pairs/031892.jpg,celeba_pairs,impersonation_attack,eval,VGG-Face,clean,clean,0.0735538303852081,VGG-Face_clean
2,Facenet512,/content/face_module/dataset_extractedfaces/celeba_pairs/107859.jpg,/content/face_module/dataset_extractedfaces/celeba_pairs/031892.jpg,celeba_pairs,impersonation_attack,eval,VGG-Face,clean,clean,0.0735538303852081,VGG-Face_clean
2,GhostFaceNet,/content/face_module/dataset_extractedfaces/celeba_pairs/107859.jpg,/content/face_module/dataset_extractedfaces/celeba_pairs/031892.jpg,celeba_pairs,impersonation_attack,eval,VGG-Face,clean,clean,0.0735538303852081,VGG-Face_clean
2,VGG-Face,/content/face_module/dataset_extractedfaces/celeba_pairs/107859.jpg,/content/face_module/dataset_extractedfaces/celeba_pairs/031892.jpg,celeba_pairs,impersonation_attack,eval,VGG-Face,clean,clean,0.0735538303852081,VGG-Face_clean
2,ArcFace,/content/face_module/dataset_extractedfaces/celeba_pairs/107859.jpg,/content/face_module/dataset_extractedfaces/celeba_pairs/031892.jpg,celeba_pairs,impersonation_attack,eval,VGG-Face,PGD,vanilla,0.1331035792827606,VGG-Face_PGD_adv
2,ArcFace,/content/face_module/dataset_extractedfaces/celeba_pairs/107859.jpg,/content/face_module/dataset_extractedfaces/celeba_pairs/031892.jpg,celeba_pairs,impersonation_attack,eval,VGG-Face,MI_FGSM,vanilla,0.1851098388433456,VGG-Face_MI_FGSM_adv
2,ArcFace,/content/face_module/dataset_extractedfaces/celeba_pairs/107859.jpg,/content/face_module/dataset_extractedfaces/celeba_pairs/031892.jpg,celeba_pairs,impersonation_attack,eval,VGG-Face,TI_FGSM,vanilla,0.2061264961957931,VGG-Face_TI_FGSM_adv
2,ArcFace,/content/face_module/dataset_extractedfaces/celeba_pairs/107859.jpg,/content/face_module/dataset_extractedfaces/celeba_pairs/031892.jpg,celeba_pairs,impersonation_attack,eval,VGG-Face,SI_NI_FGSM,vanilla,0.221928596496582,VGG-Face_SI_NI_FGSM_adv
2,ArcFace,/content/face_module/dataset_extractedfaces/celeba_pairs/107859.jpg,/content/face_module/dataset_extractedfaces/celeba_pairs/031892.jpg,celeba_pairs,impersonation_attack,eval,VGG-Face,MI_ADMIX_DI_TI,vanilla,0.2098954617977142,VGG-Face_MI_ADMIX_DI_TI_adv
2,Facenet512,/content/face_module/dataset_extractedfaces/celeba_pairs/107859.jpg,/content/face_module/dataset_extractedfaces/celeba_pairs/031892.jpg,celeba_pairs,impersonation_attack,eval,VGG-Face,PGD,vanilla,0.2071784138679504,VGG-Face_PGD_adv
2,Facenet512,/content/face_module/dataset_extractedfaces/celeba_pairs/107859.jpg,/content/face_module/dataset_extractedfaces/celeba_pairs/031892.jpg,celeba_pairs,impersonation_attack,eval,VGG-Face,MI_FGSM,vanilla,0.2118038088083267,VGG-Face_MI_FGSM_adv
2,Facenet512,/content/face_module/dataset_extractedfaces/celeba_pairs/107859.jpg,/content/face_module/dataset_extractedfaces/celeba_pairs/031892.jpg,celeba_pairs,impersonation_attack,eval,VGG-Face,TI_FGSM,vanilla,0.1555398553609848,VGG-Face_TI_FGSM_adv
2,Facenet512,/content/face_module/dataset_extractedfaces/celeba_pairs/107859.jpg,/content/face_module/dataset_extractedfaces/celeba_pairs/031892.jpg,celeba_pairs,impersonation_attack,eval,VGG-Face,SI_NI_FGSM,vanilla,0.245127722620964,VGG-Face_SI_NI_FGSM_adv
2,Facenet512,/content/face_module/dataset_extractedfaces/celeba_pairs/107859.jpg,/content/face_module/dataset_extractedfaces/celeba_pairs/031892.jpg,celeba_pairs,impersonation_attack,eval,VGG-Face,MI_ADMIX_DI_TI,vanilla,0.1310811936855316,VGG-Face_MI_ADMIX_DI_TI_adv
2,GhostFaceNet,/content/face_module/dataset_extractedfaces/celeba_pairs/107859.jpg,/content/face_module/dataset_extractedfaces/celeba_pairs/031892.jpg,celeba_pairs,impersonation_attack,eval,VGG-Face,PGD,vanilla,0.1127278879284858,VGG-Face_PGD_adv
2,GhostFaceNet,/content/face_module/dataset_extractedfaces/celeba_pairs/107859.jpg,/content/face_module/dataset_extractedfaces/celeba_pairs/031892.jpg,celeba_pairs,impersonation_attack,eval,VGG-Face,MI_FGSM,vanilla,0.1157590150833129,VGG-Face_MI_FGSM_adv
2,GhostFaceNet,/content/face_module/dataset_extractedfaces/celeba_pairs/107859.jpg,/content/face_module/dataset_extractedfaces/celeba_pairs/031892.jpg,celeba_pairs,impersonation_attack,eval,VGG-Face,TI_FGSM,vanilla,0.1095742210745811,VGG-Face_TI_FGSM_adv
2,GhostFaceNet,/content/face_module/dataset_extractedfaces/celeba_pairs/107859.jpg,/content/face_module/dataset_extractedfaces/celeba_pairs/031892.jpg,celeba_pairs,impersonation_attack,eval,VGG-Face,SI_NI_FGSM,vanilla,0.1256108880043029,VGG-Face_SI_NI_FGSM_adv
2,GhostFaceNet,/content/face_module/dataset_extractedfaces/celeba_pairs/107859.jpg,/content/face_module/dataset_extractedfaces/celeba_pairs/031892.jpg,celeba_pairs,impersonation_attack,eval,VGG-Face,MI_ADMIX_DI_TI,vanilla,0.0969794988632202,VGG-Face_MI_ADMIX_DI_TI_adv
8,ArcFace,/content/face_module/dataset_extractedfaces/celeba_pairs/023666.jpg,/content/face_module/dataset_extractedfaces/celeba_pairs/010959.jpg,celeba_pairs,impersonation_attack,eval,VGG-Face,clean,clean,0.0741819739341735,VGG-Face_clean
8,Facenet512,/content/face_module/dataset_extractedfaces/celeba_pairs/023666.jpg,/content/face_module/dataset_extractedfaces/celeba_pairs/010959.jpg,celeba_pairs,impersonation_attack,eval,VGG-Face,clean,clean,0.0741819739341735,VGG-Face_clean
8,GhostFaceNet,/content/face_module/dataset_extractedfaces/celeba_pairs/023666.jpg,/content/face_module/dataset_extractedfaces/celeba_pairs/010959.jpg,celeba_pairs,impersonation_attack,eval,VGG-Face,clean,clean,0.0741819739341735,VGG-Face_clean
8,VGG-Face,/content/face_module/dataset_extractedfaces/celeba_pairs/023666.jpg,/content/face_module/dataset_extractedfaces/celeba_pairs/010959.jpg,celeba_pairs,impersonation_attack,eval,VGG-Face,clean,clean,0.0741819739341735,VGG-Face_clean
8,ArcFace,/content/face_module/dataset_extractedfaces/celeba_pairs/023666.jpg,/content/face_module/dataset_extractedfaces/celeba_pairs/010959.jpg,celeba_pairs,impersonation_attack,eval,VGG-Face,PGD,vanilla,0.1355980634689331,VGG-Face_PGD_adv
8,ArcFace,/content/face_module/dataset_extractedfaces/celeba_pairs/023666.jpg,/content/face_module/dataset_extractedfaces/celeba_pairs/010959.jpg,celeba_pairs,impersonation_attack,eval,VGG-Face,MI_FGSM,vanilla,0.1812513023614883,VGG-Face_MI_FGSM_adv
8,ArcFace,/content/face_module/dataset_extractedfaces/celeba_pairs/023666.jpg,/content/face_module/dataset_extractedfaces/celeba_pairs/010959.jpg,celeba_pairs,impersonation_attack,eval,VGG-Face,TI_FGSM,vanilla,0.0985762551426887,VGG-Face_TI_FGSM_adv
8,ArcFace,/content/face_module/dataset_extractedfaces/celeba_pairs/023666.jpg,/content/face_module/dataset_extractedfaces/celeba_pairs/010959.jpg,celeba_pairs,impersonation_attack,eval,VGG-Face,SI_NI_FGSM,vanilla,0.233721524477005,VGG-Face_SI_NI_FGSM_adv
8,ArcFace,/content/face_module/dataset_extractedfaces/celeba_pairs/023666.jpg,/content/face_module/dataset_extractedfaces/celeba_pairs/010959.jpg,celeba_pairs,impersonation_attack,eval,VGG-Face,MI_ADMIX_DI_TI,vanilla,0.1222347989678382,VGG-Face_MI_ADMIX_DI_TI_adv
8,Facenet512,/content/face_module/dataset_extractedfaces/celeba_pairs/023666.jpg,/content/face_module/dataset_extractedfaces/celeba_pairs/010959.jpg,celeba_pairs,impersonation_attack,eval,VGG-Face,PGD,vanilla,0.1527130752801895,VGG-Face_PGD_adv
8,Facenet512,/content/face_module/dataset_extractedfaces/celeba_pairs/023666.jpg,/content/face_module/dataset_extractedfaces/celeba_pairs/010959.jpg,celeba_pairs,impersonation_attack,eval,VGG-Face,MI_FGSM,vanilla,0.2140043377876281,VGG-Face_MI_FGSM_adv
8,Facenet512,/content/face_module/dataset_extractedfaces/celeba_pairs/023666.jpg,/content/face_module/dataset_extractedfaces/celeba_pairs/010959.jpg,celeba_pairs,impersonation_attack,eval,VGG-Face,TI_FGSM,vanilla,0.1503552943468094,VGG-Face_TI_FGSM_adv
8,Facenet512,/content/face_module/dataset_extractedfaces/celeba_pairs/023666.jpg,/content/face_module/dataset_extractedfaces/celeba_pairs/010959.jpg,celeba_pairs,impersonation_attack,eval,VGG-Face,SI_NI_FGSM,vanilla,0.2357108145952224,VGG-Face_SI_NI_FGSM_adv
8,Facenet512,/content/face_module/dataset_extractedfaces/celeba_pairs/023666.jpg,/content/face_module/dataset_extractedfaces/celeba_pairs/010959.jpg,celeba_pairs,impersonation_attack,eval,VGG-Face,MI_ADMIX_DI_TI,vanilla,0.1914895325899124,VGG-Face_MI_ADMIX_DI_TI_adv
8,GhostFaceNet,/content/face_module/dataset_extractedfaces/celeba_pairs/023666.jpg,/content/face_module/dataset_extractedfaces/celeba_pairs/010959.jpg,celeba_pairs,impersonation_attack,eval,VGG-Face,PGD,vanilla,0.0843882635235786,VGG-Face_PGD_adv
8,GhostFaceNet,/content/face_module/dataset_extractedfaces/celeba_pairs/023666.jpg,/content/face_module/dataset_extractedfaces/celeba_pairs/010959.jpg,celeba_pairs,impersonation_attack,eval,VGG-Face,MI_FGSM,vanilla,0.1253780424594879,VGG-Face_MI_FGSM_adv
8,GhostFaceNet,/content/face_module/dataset_extractedfaces/celeba_pairs/023666.jpg,/content/face_module/dataset_extractedfaces/celeba_pairs/010959.jpg,celeba_pairs,impersonation_attack,eval,VGG-Face,TI_FGSM,vanilla,0.1151184439659118,VGG-Face_TI_FGSM_adv
8,GhostFaceNet,/content/face_module/dataset_extractedfaces/celeba_pairs/023666.jpg,/content/face_module/dataset_extractedfaces/celeba_pairs/010959.jpg,celeba_pairs,impersonation_attack,eval,VGG-Face,SI_NI_FGSM,vanilla,0.1180538535118103,VGG-Face_SI_NI_FGSM_adv
8,GhostFaceNet,/content/face_module/dataset_extractedfaces/celeba_pairs/023666.jpg,/content/face_module/dataset_extractedfaces/celeba_pairs/010959.jpg,celeba_pairs,impersonation_attack,eval,VGG-Face,MI_ADMIX_DI_TI,vanilla,0.1214379146695137,VGG-Face_MI_ADMIX_DI_TI_adv
12,ArcFace,/content/face_module/dataset_extractedfaces/celeba_pairs/003089.jpg,/content/face_module/dataset_extractedfaces/celeba_pairs/016966.jpg,celeba_pairs,impersonation_attack,eval,VGG-Face,clean,clean,0.0685249716043472,VGG-Face_clean
12,Facenet512,/content/face_module/dataset_extractedfaces/celeba_pairs/003089.jpg,/content/face_module/dataset_extractedfaces/celeba_pairs/016966.jpg,celeba_pairs,impersonation_attack,eval,VGG-Face,clean,clean,0.0685249716043472,VGG-Face_clean
12,GhostFaceNet,/content/face_module/dataset_extractedfaces/celeba_pairs/003089.jpg,/content/face_module/dataset_extractedfaces/celeba_pairs/016966.jpg,celeba_pairs,impersonation_attack,eval,VGG-Face,clean,clean,0.0685249716043472,VGG-Face_clean
12,VGG-Face,/content/face_module/dataset_extractedfaces/celeba_pairs/003089.jpg,/content/face_module/dataset_extractedfaces/celeba_pairs/016966.jpg,celeba_pairs,impersonation_attack,eval,VGG-Face,clean,clean,0.0685249716043472,VGG-Face_clean
12,ArcFace,/content/face_module/dataset_extractedfaces/celeba_pairs/003089.jpg,/content/face_module/dataset_extractedfaces/celeba_pairs/016966.jpg,celeba_pairs,impersonation_attack,eval,VGG-Face,PGD,vanilla,0.0815517678856849,VGG-Face_PGD_adv
12,ArcFace,/content/face_module/dataset_extractedfaces/celeba_pairs/003089.jpg,/content/face_module/dataset_extractedfaces/celeba_pairs/016966.jpg,celeba_pairs,impersonation_attack,eval,VGG-Face,MI_FGSM,vanilla,0.1003455445170402,VGG-Face_MI_FGSM_adv
12,ArcFace,/content/face_module/dataset_extractedfaces/celeba_pairs/003089.jpg,/content/face_module/dataset_extractedfaces/celeba_pairs/016966.jpg,celeba_pairs,impersonation_attack,eval,VGG-Face,TI_FGSM,vanilla,0.0985606983304023,VGG-Face_TI_FGSM_adv
12,ArcFace,/content/face_module/dataset_extractedfaces/celeba_pairs/003089.jpg,/content/face_module/dataset_extractedfaces/celeba_pairs/016966.jpg,celeba_pairs,impersonation_attack,eval,VGG-Face,SI_NI_FGSM,vanilla,0.1012349054217338,VGG-Face_SI_NI_FGSM_adv
12,ArcFace,/content/face_module/dataset_extractedfaces/celeba_pairs/003089.jpg,/content/face_module/dataset_extractedfaces/celeba_pairs/016966.jpg,celeba_pairs,impersonation_attack,eval,VGG-Face,MI_ADMIX_DI_TI,vanilla,0.0868739709258079,VGG-Face_MI_ADMIX_DI_TI_adv
12,Facenet512,/content/face_module/dataset_extractedfaces/celeba_pairs/003089.jpg,/content/face_module/dataset_extractedfaces/celeba_pairs/016966.jpg,celeba_pairs,impersonation_attack,eval,VGG-Face,PGD,vanilla,0.1385343372821808,VGG-Face_PGD_adv
12,Facenet512,/content/face_module/dataset_extractedfaces/celeba_pairs/003089.jpg,/content/face_module/dataset_extractedfaces/celeba_pairs/016966.jpg,celeba_pairs,impersonation_attack,eval,VGG-Face,MI_FGSM,vanilla,0.1588625758886337,VGG-Face_MI_FGSM_adv
12,Facenet512,/content/face_module/dataset_extractedfaces/celeba_pairs/003089.jpg,/content/face_module/dataset_extractedfaces/celeba_pairs/016966.jpg,celeba_pairs,impersonation_attack,eval,VGG-Face,TI_FGSM,vanilla,0.1546913534402847,VGG-Face_TI_FGSM_adv
12,Facenet512,/content/face_module/dataset_extractedfaces/celeba_pairs/003089.jpg,/content/face_module/dataset_extractedfaces/celeba_pairs/016966.jpg,celeba_pairs,impersonation_attack,eval,VGG-Face,SI_NI_FGSM,vanilla,0.156244158744812,VGG-Face_SI_NI_FGSM_adv
12,Facenet512,/content/face_module/dataset_extractedfaces/celeba_pairs/003089.jpg,/content/face_module/dataset_extractedfaces/celeba_pairs/016966.jpg,celeba_pairs,impersonation_attack,eval,VGG-Face,MI_ADMIX_DI_TI,vanilla,0.1724261790513992,VGG-Face_MI_ADMIX_DI_TI_adv
12,GhostFaceNet,/content/face_module/dataset_extractedfaces/celeba_pairs/003089.jpg,/content/face_module/dataset_extractedfaces/celeba_pairs/016966.jpg,celeba_pairs,impersonation_attack,eval,VGG-Face,PGD,vanilla,0.0795304477214813,VGG-Face_PGD_adv
12,GhostFaceNet,/content/face_module/dataset_extractedfaces/celeba_pairs/003089.jpg,/content/face_module/dataset_extractedfaces/celeba_pairs/016966.jpg,celeba_pairs,impersonation_attack,eval,VGG-Face,MI_FGSM,vanilla,0.0730402395129203,VGG-Face_MI_FGSM_adv
12,GhostFaceNet,/content/face_module/dataset_extractedfaces/celeba_pairs/003089.jpg,/content/face_module/dataset_extractedfaces/celeba_pairs/016966.jpg,celeba_pairs,impersonation_attack,eval,VGG-Face,TI_FGSM,vanilla,0.0760580971837043,VGG-Face_TI_FGSM_adv
12,GhostFaceNet,/content/face_module/dataset_extractedfaces/celeba_pairs/003089.jpg,/content/face_module/dataset_extractedfaces/celeba_pairs/016966.jpg,celeba_pairs,impersonation_attack,eval,VGG-Face,SI_NI_FGSM,vanilla,0.0783063843846321,VGG-Face_SI_NI_FGSM_adv
12,GhostFaceNet,/content/face_module/dataset_extractedfaces/celeba_pairs/003089.jpg,/content/face_module/dataset_extractedfaces/celeba_pairs/016966.jpg,celeba_pairs,impersonation_attack,eval,VGG-Face,MI_ADMIX_DI_TI,vanilla,0.0797091424465179,VGG-Face_MI_ADMIX_DI_TI_adv
26,ArcFace,/content/face_module/dataset_extractedfaces/celeba_pairs/113117.jpg,/content/face_module/dataset_extractedfaces/celeba_pairs/129449.jpg,celeba_pairs,impersonation_attack,eval,VGG-Face,clean,clean,0.0275700259953737,VGG-Face_clean
26,Facenet512,/content/face_module/dataset_extractedfaces/celeba_pairs/113117.jpg,/content/face_module/dataset_extractedfaces/celeba_pairs/129449.jpg,celeba_pairs,impersonation_attack,eval,VGG-Face,clean,clean,0.0275700259953737,VGG-Face_clean
26,GhostFaceNet,/content/face_module/dataset_extractedfaces/celeba_pairs/113117.jpg,/content/face_module/dataset_extractedfaces/celeba_pairs/129449.jpg,celeba_pairs,impersonation_attack,eval,VGG-Face,clean,clean,0.0275700259953737,VGG-Face_clean
26,VGG-Face,/content/face_module/dataset_extractedfaces/celeba_pairs/113117.jpg,/content/face_module/dataset_extractedfaces/celeba_pairs/129449.jpg,celeba_pairs,impersonation_attack,eval,VGG-Face,clean,clean,0.0275700259953737,VGG-Face_clean
26,ArcFace,/content/face_module/dataset_extractedfaces/celeba_pairs/113117.jpg,/content/face_module/dataset_extractedfaces/celeba_pairs/129449.jpg,celeba_pairs,impersonation_attack,eval,VGG-Face,PGD,vanilla,0.0358518324792385,VGG-Face_PGD_adv
26,ArcFace,/content/face_module/dataset_extractedfaces/celeba_pairs/113117.jpg,/content/face_module/dataset_extractedfaces/celeba_pairs/129449.jpg,celeba_pairs,impersonation_attack,eval,VGG-Face,MI_FGSM,vanilla,0.0493307933211326,VGG-Face_MI_FGSM_adv
26,ArcFace,/content/face_module/dataset_extractedfaces/celeba_pairs/113117.jpg,/content/face_module/dataset_extractedfaces/celeba_pairs/129449.jpg,celeba_pairs,impersonation_attack,eval,VGG-Face,TI_FGSM,vanilla,0.0545468144118785,VGG-Face_TI_FGSM_adv
26,ArcFace,/content/face_module/dataset_extractedfaces/celeba_pairs/113117.jpg,/content/face_module/dataset_extractedfaces/celeba_pairs/129449.jpg,celeba_pairs,impersonation_attack,eval,VGG-Face,SI_NI_FGSM,vanilla,0.0578964576125144,VGG-Face_SI_NI_FGSM_adv
26,ArcFace,/content/face_module/dataset_extractedfaces/celeba_pairs/113117.jpg,/content/face_module/dataset_extractedfaces/celeba_pairs/129449.jpg,celeba_pairs,impersonation_attack,eval,VGG-Face,MI_ADMIX_DI_TI,vanilla,0.054950438439846,VGG-Face_MI_ADMIX_DI_TI_adv
26,Facenet512,/content/face_module/dataset_extractedfaces/celeba_pairs/113117.jpg,/content/face_module/dataset_extractedfaces/celeba_pairs/129449.jpg,celeba_pairs,impersonation_attack,eval,VGG-Face,PGD,vanilla,0.041841447353363,VGG-Face_PGD_adv
26,Facenet512,/content/face_module/dataset_extractedfaces/celeba_pairs/113117.jpg,/content/face_module/dataset_extractedfaces/celeba_pairs/129449.jpg,celeba_pairs,impersonation_attack,eval,VGG-Face,MI_FGSM,vanilla,0.0479977652430534,VGG-Face_MI_FGSM_adv
26,Facenet512,/content/face_module/dataset_extractedfaces/celeba_pairs/113117.jpg,/content/face_module/dataset_extractedfaces/celeba_pairs/129449.jpg,celeba_pairs,impersonation_attack,eval,VGG-Face,TI_FGSM,vanilla,0.0524837747216224,VGG-Face_TI_FGSM_adv
26,Facenet512,/content/face_module/dataset_extractedfaces/celeba_pairs/113117.jpg,/content/face_module/dataset_extractedfaces/celeba_pairs/129449.jpg,celeba_pairs,impersonation_attack,eval,VGG-Face,SI_NI_FGSM,vanilla,0.0666331946849823,VGG-Face_SI_NI_FGSM_adv
26,Facenet512,/content/face_module/dataset_extractedfaces/celeba_pairs/113117.jpg,/content/face_module/dataset_extractedfaces/celeba_pairs/129449.jpg,celeba_pairs,impersonation_attack,eval,VGG-Face,MI_ADMIX_DI_TI,vanilla,0.0484947003424167,VGG-Face_MI_ADMIX_DI_TI_adv
26,GhostFaceNet,/content/face_module/dataset_extractedfaces/celeba_pairs/113117.jpg,/content/face_module/dataset_extractedfaces/celeba_pairs/129449.jpg,celeba_pairs,impersonation_attack,eval,VGG-Face,PGD,vanilla,0.0250598508864641,VGG-Face_PGD_adv
26,GhostFaceNet,/content/face_module/dataset_extractedfaces/celeba_pairs/113117.jpg,/content/face_module/dataset_extractedfaces/celeba_pairs/129449.jpg,celeba_pairs,impersonation_attack,eval,VGG-Face,MI_FGSM,vanilla,0.0248398948460817,VGG-Face_MI_FGSM_adv
26,GhostFaceNet,/content/face_module/dataset_extractedfaces/celeba_pairs/113117.jpg,/content/face_module/dataset_extractedfaces/celeba_pairs/129449.jpg,celeba_pairs,impersonation_attack,eval,VGG-Face,TI_FGSM,vanilla,0.0274693630635738,VGG-Face_TI_FGSM_adv
26,GhostFaceNet,/content/face_module/dataset_extractedfaces/celeba_pairs/113117.jpg,/content/face_module/dataset_extractedfaces/celeba_pairs/129449.jpg,celeba_pairs,impersonation_attack,eval,VGG-Face,SI_NI_FGSM,vanilla,0.0232005678117275,VGG-Face_SI_NI_FGSM_adv
26,GhostFaceNet,/content/face_module/dataset_extractedfaces/celeba_pairs/113117.jpg,/content/face_module/dataset_extractedfaces/celeba_pairs/129449.jpg,celeba_pairs,impersonation_attack,eval,VGG-Face,MI_ADMIX_DI_TI,vanilla,0.0293909721076488,VGG-Face_MI_ADMIX_DI_TI_adv
34,ArcFace,/content/face_module/dataset_extractedfaces/celeba_pairs/001430.jpg,/content/face_module/dataset_extractedfaces/celeba_pairs/046649.jpg,celeba_pairs,impersonation_attack,eval,VGG-Face,clean,clean,0.1489526182413101,VGG-Face_clean
34,Facenet512,/content/face_module/dataset_extractedfaces/celeba_pairs/001430.jpg,/content/face_module/dataset_extractedfaces/celeba_pairs/046649.jpg,celeba_pairs,impersonation_attack,eval,VGG-Face,clean,clean,0.1489526182413101,VGG-Face_clean
34,GhostFaceNet,/content/face_module/dataset_extractedfaces/celeba_pairs/001430.jpg,/content/face_module/dataset_extractedfaces/celeba_pairs/046649.jpg,celeba_pairs,impersonation_attack,eval,VGG-Face,clean,clean,0.1489526182413101,VGG-Face_clean
34,VGG-Face,/content/face_module/dataset_extractedfaces/celeba_pairs/001430.jpg,/content/face_module/dataset_extractedfaces/celeba_pairs/046649.jpg,celeba_pairs,impersonation_attack,eval,VGG-Face,clean,clean,0.1489526182413101,VGG-Face_clean
34,ArcFace,/content/face_module/dataset_extractedfaces/celeba_pairs/001430.jpg,/content/face_module/dataset_extractedfaces/celeba_pairs/046649.jpg,celeba_pairs,impersonation_attack,eval,VGG-Face,PGD,vanilla,0.1818450987339019,VGG-Face_PGD_adv
34,ArcFace,/content/face_module/dataset_extractedfaces/celeba_pairs/001430.jpg,/content/face_module/dataset_extractedfaces/celeba_pairs/046649.jpg,celeba_pairs,impersonation_attack,eval,VGG-Face,MI_FGSM,vanilla,0.1712514907121658,VGG-Face_MI_FGSM_adv
34,ArcFace,/content/face_module/dataset_extractedfaces/celeba_pairs/001430.jpg,/content/face_module/dataset_extractedfaces/celeba_pairs/046649.jpg,celeba_pairs,impersonation_attack,eval,VGG-Face,TI_FGSM,vanilla,0.1768978238105774,VGG-Face_TI_FGSM_adv
34,ArcFace,/content/face_module/dataset_extractedfaces/celeba_pairs/001430.jpg,/content/face_module/dataset_extractedfaces/celeba_pairs/046649.jpg,celeba_pairs,impersonation_attack,eval,VGG-Face,SI_NI_FGSM,vanilla,0.182196632027626,VGG-Face_SI_NI_FGSM_adv
34,ArcFace,/content/face_module/dataset_extractedfaces/celeba_pairs/001430.jpg,/content/face_module/dataset_extractedfaces/celeba_pairs/046649.jpg,celeba_pairs,impersonation_attack,eval,VGG-Face,MI_ADMIX_DI_TI,vanilla,0.1747693419456482,VGG-Face_MI_ADMIX_DI_TI_adv
34,Facenet512,/content/face_module/dataset_extractedfaces/celeba_pairs/001430.jpg,/content/face_module/dataset_extractedfaces/celeba_pairs/046649.jpg,celeba_pairs,impersonation_attack,eval,VGG-Face,PGD,vanilla,0.2458492219448089,VGG-Face_PGD_adv
34,Facenet512,/content/face_module/dataset_extractedfaces/celeba_pairs/001430.jpg,/content/face_module/dataset_extractedfaces/celeba_pairs/046649.jpg,celeba_pairs,impersonation_attack,eval,VGG-Face,MI_FGSM,vanilla,0.2615246474742889,VGG-Face_MI_FGSM_adv
34,Facenet512,/content/face_module/dataset_extractedfaces/celeba_pairs/001430.jpg,/content/face_module/dataset_extractedfaces/celeba_pairs/046649.jpg,celeba_pairs,impersonation_attack,eval,VGG-Face,TI_FGSM,vanilla,0.2915778160095215,VGG-Face_TI_FGSM_adv
34,Facenet512,/content/face_module/dataset_extractedfaces/celeba_pairs/001430.jpg,/content/face_module/dataset_extractedfaces/celeba_pairs/046649.jpg,celeba_pairs,impersonation_attack,eval,VGG-Face,SI_NI_FGSM,vanilla,0.2968001365661621,VGG-Face_SI_NI_FGSM_adv
34,Facenet512,/content/face_module/dataset_extractedfaces/celeba_pairs/001430.jpg,/content/face_module/dataset_extractedfaces/celeba_pairs/046649.jpg,celeba_pairs,impersonation_attack,eval,VGG-Face,MI_ADMIX_DI_TI,vanilla,0.3056261241436004,VGG-Face_MI_ADMIX_DI_TI_adv
34,GhostFaceNet,/content/face_module/dataset_extractedfaces/celeba_pairs/001430.jpg,/content/face_module/dataset_extractedfaces/celeba_pairs/046649.jpg,celeba_pairs,impersonation_attack,eval,VGG-Face,PGD,vanilla,0.1598738729953766,VGG-Face_PGD_adv
34,GhostFaceNet,/content/face_module/dataset_extractedfaces/celeba_pairs/001430.jpg,/content/face_module/dataset_extractedfaces/celeba_pairs/046649.jpg,celeba_pairs,impersonation_attack,eval,VGG-Face,MI_FGSM,vanilla,0.1477674096822738,VGG-Face_MI_FGSM_adv
34,GhostFaceNet,/content/face_module/dataset_extractedfaces/celeba_pairs/001430.jpg,/content/face_module/dataset_extractedfaces/celeba_pairs/046649.jpg,celeba_pairs,impersonation_attack,eval,VGG-Face,TI_FGSM,vanilla,0.1411022990942001,VGG-Face_TI_FGSM_adv
34,GhostFaceNet,/content/face_module/dataset_extractedfaces/celeba_pairs/001430.jpg,/content/face_module/dataset_extractedfaces/celeba_pairs/046649.jpg,celeba_pairs,impersonation_attack,eval,VGG-Face,SI_NI_FGSM,vanilla,0.1447376906871795,VGG-Face_SI_NI_FGSM_adv
34,GhostFaceNet,/content/face_module/dataset_extractedfaces/celeba_pairs/001430.jpg,/content/face_module/dataset_extractedfaces/celeba_pairs/046649.jpg,celeba_pairs,impersonation_attack,eval,VGG-Face,MI_ADMIX_DI_TI,vanilla,0.1743243336677551,VGG-Face_MI_ADMIX_DI_TI_adv
3,ArcFace,/content/face_module/dataset_extractedfaces/vggface2_pairs/n000007_0076_01.jpg,/content/face_module/dataset_extractedfaces/vggface2_pairs/n000005_0080_01.jpg,vggface2_pairs,impersonation_attack,eval,VGG-Face,clean,clean,0.0580454394221305,VGG-Face_clean
3,Facenet512,/content/face_module/dataset_extractedfaces/vggface2_pairs/n000007_0076_01.jpg,/content/face_module/dataset_extractedfaces/vggface2_pairs/n000005_0080_01.jpg,vggface2_pairs,impersonation_attack,eval,VGG-Face,clean,clean,0.0580454394221305,VGG-Face_clean
3,GhostFaceNet,/content/face_module/dataset_extractedfaces/vggface2_pairs/n000007_0076_01.jpg,/content/face_module/dataset_extractedfaces/vggface2_pairs/n000005_0080_01.jpg,vggface2_pairs,impersonation_attack,eval,VGG-Face,clean,clean,0.0580454394221305,VGG-Face_clean
3,VGG-Face,/content/face_module/dataset_extractedfaces/vggface2_pairs/n000007_0076_01.jpg,/content/face_module/dataset_extractedfaces/vggface2_pairs/n000005_0080_01.jpg,vggface2_pairs,impersonation_attack,eval,VGG-Face,clean,clean,0.0580454394221305,VGG-Face_clean
3,ArcFace,/content/face_module/dataset_extractedfaces/vggface2_pairs/n000007_0076_01.jpg,/content/face_module/dataset_extractedfaces/vggface2_pairs/n000005_0080_01.jpg,vggface2_pairs,impersonation_attack,eval,VGG-Face,PGD,vanilla,0.0894190371036529,VGG-Face_PGD_adv
3,ArcFace,/content/face_module/dataset_extractedfaces/vggface2_pairs/n000007_0076_01.jpg,/content/face_module/dataset_extractedfaces/vggface2_pairs/n000005_0080_01.jpg,vggface2_pairs,impersonation_attack,eval,VGG-Face,MI_FGSM,vanilla,0.1347288638353347,VGG-Face_MI_FGSM_adv
3,ArcFace,/content/face_module/dataset_extractedfaces/vggface2_pairs/n000007_0076_01.jpg,/content/face_module/dataset_extractedfaces/vggface2_pairs/n000005_0080_01.jpg,vggface2_pairs,impersonation_attack,eval,VGG-Face,TI_FGSM,vanilla,0.1053801700472831,VGG-Face_TI_FGSM_adv
3,ArcFace,/content/face_module/dataset_extractedfaces/vggface2_pairs/n000007_0076_01.jpg,/content/face_module/dataset_extractedfaces/vggface2_pairs/n000005_0080_01.jpg,vggface2_pairs,impersonation_attack,eval,VGG-Face,SI_NI_FGSM,vanilla,0.1713715642690658,VGG-Face_SI_NI_FGSM_adv
3,ArcFace,/content/face_module/dataset_extractedfaces/vggface2_pairs/n000007_0076_01.jpg,/content/face_module/dataset_extractedfaces/vggface2_pairs/n000005_0080_01.jpg,vggface2_pairs,impersonation_attack,eval,VGG-Face,MI_ADMIX_DI_TI,vanilla,0.0984046533703804,VGG-Face_MI_ADMIX_DI_TI_adv
3,Facenet512,/content/face_module/dataset_extractedfaces/vggface2_pairs/n000007_0076_01.jpg,/content/face_module/dataset_extractedfaces/vggface2_pairs/n000005_0080_01.jpg,vggface2_pairs,impersonation_attack,eval,VGG-Face,PGD,vanilla,0.0904293581843376,VGG-Face_PGD_adv
3,Facenet512,/content/face_module/dataset_extractedfaces/vggface2_pairs/n000007_0076_01.jpg,/content/face_module/dataset_extractedfaces/vggface2_pairs/n000005_0080_01.jpg,vggface2_pairs,impersonation_attack,eval,VGG-Face,MI_FGSM,vanilla,0.112915389239788,VGG-Face_MI_FGSM_adv
3,Facenet512,/content/face_module/dataset_extractedfaces/vggface2_pairs/n000007_0076_01.jpg,/content/face_module/dataset_extractedfaces/vggface2_pairs/n000005_0080_01.jpg,vggface2_pairs,impersonation_attack,eval,VGG-Face,TI_FGSM,vanilla,0.0989852175116539,VGG-Face_TI_FGSM_adv
3,Facenet512,/content/face_module/dataset_extractedfaces/vggface2_pairs/n000007_0076_01.jpg,/content/face_module/dataset_extractedfaces/vggface2_pairs/n000005_0080_01.jpg,vggface2_pairs,impersonation_attack,eval,VGG-Face,SI_NI_FGSM,vanilla,0.0997619852423667,VGG-Face_SI_NI_FGSM_adv
3,Facenet512,/content/face_module/dataset_extractedfaces/vggface2_pairs/n000007_0076_01.jpg,/content/face_module/dataset_extractedfaces/vggface2_pairs/n000005_0080_01.jpg,vggface2_pairs,impersonation_attack,eval,VGG-Face,MI_ADMIX_DI_TI,vanilla,0.0918287709355354,VGG-Face_MI_ADMIX_DI_TI_adv
3,GhostFaceNet,/content/face_module/dataset_extractedfaces/vggface2_pairs/n000007_0076_01.jpg,/content/face_module/dataset_extractedfaces/vggface2_pairs/n000005_0080_01.jpg,vggface2_pairs,impersonation_attack,eval,VGG-Face,PGD,vanilla,0.0733365416526794,VGG-Face_PGD_adv
3,GhostFaceNet,/content/face_module/dataset_extractedfaces/vggface2_pairs/n000007_0076_01.jpg,/content/face_module/dataset_extractedfaces/vggface2_pairs/n000005_0080_01.jpg,vggface2_pairs,impersonation_attack,eval,VGG-Face,MI_FGSM,vanilla,0.098124198615551,VGG-Face_MI_FGSM_adv
3,GhostFaceNet,/content/face_module/dataset_extractedfaces/vggface2_pairs/n000007_0076_01.jpg,/content/face_module/dataset_extractedfaces/vggface2_pairs/n000005_0080_01.jpg,vggface2_pairs,impersonation_attack,eval,VGG-Face,TI_FGSM,vanilla,0.0715273395180702,VGG-Face_TI_FGSM_adv
3,GhostFaceNet,/content/face_module/dataset_extractedfaces/vggface2_pairs/n000007_0076_01.jpg,/content/face_module/dataset_extractedfaces/vggface2_pairs/n000005_0080_01.jpg,vggface2_pairs,impersonation_attack,eval,VGG-Face,SI_NI_FGSM,vanilla,0.0908113792538642,VGG-Face_SI_NI_FGSM_adv
3,GhostFaceNet,/content/face_module/dataset_extractedfaces/vggface2_pairs/n000007_0076_01.jpg,/content/face_module/dataset_extractedfaces/vggface2_pairs/n000005_0080_01.jpg,vggface2_pairs,impersonation_attack,eval,VGG-Face,MI_ADMIX_DI_TI,vanilla,0.0665928646922111,VGG-Face_MI_ADMIX_DI_TI_adv
5,ArcFace,/content/face_module/dataset_extractedfaces/vggface2_pairs/n000004_0204_01.jpg,/content/face_module/dataset_extractedfaces/vggface2_pairs/n000002_0070_01.jpg,vggface2_pairs,impersonation_attack,eval,VGG-Face,clean,clean,0.0456396415829658,VGG-Face_clean
5,Facenet512,/content/face_module/dataset_extractedfaces/vggface2_pairs/n000004_0204_01.jpg,/content/face_module/dataset_extractedfaces/vggface2_pairs/n000002_0070_01.jpg,vggface2_pairs,impersonation_attack,eval,VGG-Face,clean,clean,0.0456396415829658,VGG-Face_clean
5,GhostFaceNet,/content/face_module/dataset_extractedfaces/vggface2_pairs/n000004_0204_01.jpg,/content/face_module/dataset_extractedfaces/vggface2_pairs/n000002_0070_01.jpg,vggface2_pairs,impersonation_attack,eval,VGG-Face,clean,clean,0.0456396415829658,VGG-Face_clean
5,VGG-Face,/content/face_module/dataset_extractedfaces/vggface2_pairs/n000004_0204_01.jpg,/content/face_module/dataset_extractedfaces/vggface2_pairs/n000002_0070_01.jpg,vggface2_pairs,impersonation_attack,eval,VGG-Face,clean,clean,0.0456396415829658,VGG-Face_clean
5,ArcFace,/content/face_module/dataset_extractedfaces/vggface2_pairs/n000004_0204_01.jpg,/content/face_module/dataset_extractedfaces/vggface2_pairs/n000002_0070_01.jpg,vggface2_pairs,impersonation_attack,eval,VGG-Face,PGD,vanilla,0.0717104747891426,VGG-Face_PGD_adv
5,ArcFace,/content/face_module/dataset_extractedfaces/vggface2_pairs/n000004_0204_01.jpg,/content/face_module/dataset_extractedfaces/vggface2_pairs/n000002_0070_01.jpg,vggface2_pairs,impersonation_attack,eval,VGG-Face,MI_FGSM,vanilla,0.0780374035239219,VGG-Face_MI_FGSM_adv
5,ArcFace,/content/face_module/dataset_extractedfaces/vggface2_pairs/n000004_0204_01.jpg,/content/face_module/dataset_extractedfaces/vggface2_pairs/n000002_0070_01.jpg,vggface2_pairs,impersonation_attack,eval,VGG-Face,TI_FGSM,vanilla,0.0758423507213592,VGG-Face_TI_FGSM_adv
5,ArcFace,/content/face_module/dataset_extractedfaces/vggface2_pairs/n000004_0204_01.jpg,/content/face_module/dataset_extractedfaces/vggface2_pairs/n000002_0070_01.jpg,vggface2_pairs,impersonation_attack,eval,VGG-Face,SI_NI_FGSM,vanilla,0.0716263875365257,VGG-Face_SI_NI_FGSM_adv
5,ArcFace,/content/face_module/dataset_extractedfaces/vggface2_pairs/n000004_0204_01.jpg,/content/face_module/dataset_extractedfaces/vggface2_pairs/n000002_0070_01.jpg,vggface2_pairs,impersonation_attack,eval,VGG-Face,MI_ADMIX_DI_TI,vanilla,0.0886936858296394,VGG-Face_MI_ADMIX_DI_TI_adv
5,Facenet512,/content/face_module/dataset_extractedfaces/vggface2_pairs/n000004_0204_01.jpg,/content/face_module/dataset_extractedfaces/vggface2_pairs/n000002_0070_01.jpg,vggface2_pairs,impersonation_attack,eval,VGG-Face,PGD,vanilla,0.0892459824681282,VGG-Face_PGD_adv
5,Facenet512,/content/face_module/dataset_extractedfaces/vggface2_pairs/n000004_0204_01.jpg,/content/face_module/dataset_extractedfaces/vggface2_pairs/n000002_0070_01.jpg,vggface2_pairs,impersonation_attack,eval,VGG-Face,MI_FGSM,vanilla,0.1069186031818389,VGG-Face_MI_FGSM_adv
5,Facenet512,/content/face_module/dataset_extractedfaces/vggface2_pairs/n000004_0204_01.jpg,/content/face_module/dataset_extractedfaces/vggface2_pairs/n000002_0070_01.jpg,vggface2_pairs,impersonation_attack,eval,VGG-Face,TI_FGSM,vanilla,0.0851141288876533,VGG-Face_TI_FGSM_adv
5,Facenet512,/content/face_module/dataset_extractedfaces/vggface2_pairs/n000004_0204_01.jpg,/content/face_module/dataset_extractedfaces/vggface2_pairs/n000002_0070_01.jpg,vggface2_pairs,impersonation_attack,eval,VGG-Face,SI_NI_FGSM,vanilla,0.1028115972876548,VGG-Face_SI_NI_FGSM_adv
5,Facenet512,/content/face_module/dataset_extractedfaces/vggface2_pairs/n000004_0204_01.jpg,/content/face_module/dataset_extractedfaces/vggface2_pairs/n000002_0070_01.jpg,vggface2_pairs,impersonation_attack,eval,VGG-Face,MI_ADMIX_DI_TI,vanilla,0.0792319253087043,VGG-Face_MI_ADMIX_DI_TI_adv
5,GhostFaceNet,/content/face_module/dataset_extractedfaces/vggface2_pairs/n000004_0204_01.jpg,/content/face_module/dataset_extractedfaces/vggface2_pairs/n000002_0070_01.jpg,vggface2_pairs,impersonation_attack,eval,VGG-Face,PGD,vanilla,0.0586286894977092,VGG-Face_PGD_adv
5,GhostFaceNet,/content/face_module/dataset_extractedfaces/vggface2_pairs/n000004_0204_01.jpg,/content/face_module/dataset_extractedfaces/vggface2_pairs/n000002_0070_01.jpg,vggface2_pairs,impersonation_attack,eval,VGG-Face,MI_FGSM,vanilla,0.0984976440668106,VGG-Face_MI_FGSM_adv
5,GhostFaceNet,/content/face_module/dataset_extractedfaces/vggface2_pairs/n000004_0204_01.jpg,/content/face_module/dataset_extractedfaces/vggface2_pairs/n000002_0070_01.jpg,vggface2_pairs,impersonation_attack,eval,VGG-Face,TI_FGSM,vanilla,0.0718053430318832,VGG-Face_TI_FGSM_adv
5,GhostFaceNet,/content/face_module/dataset_extractedfaces/vggface2_pairs/n000004_0204_01.jpg,/content/face_module/dataset_extractedfaces/vggface2_pairs/n000002_0070_01.jpg,vggface2_pairs,impersonation_attack,eval,VGG-Face,SI_NI_FGSM,vanilla,0.0913308709859848,VGG-Face_SI_NI_FGSM_adv
5,GhostFaceNet,/content/face_module/dataset_extractedfaces/vggface2_pairs/n000004_0204_01.jpg,/content/face_module/dataset_extractedfaces/vggface2_pairs/n000002_0070_01.jpg,vggface2_pairs,impersonation_attack,eval,VGG-Face,MI_ADMIX_DI_TI,vanilla,0.0884283706545829,VGG-Face_MI_ADMIX_DI_TI_adv
17,ArcFace,/content/face_module/dataset_extractedfaces/vggface2_pairs/n000016_0036_01.jpg,/content/face_module/dataset_extractedfaces/vggface2_pairs/n000012_0087_01.jpg,vggface2_pairs,impersonation_attack,eval,VGG-Face,clean,clean,0.121972382068634,VGG-Face_clean
17,Facenet512,/content/face_module/dataset_extractedfaces/vggface2_pairs/n000016_0036_01.jpg,/content/face_module/dataset_extractedfaces/vggface2_pairs/n000012_0087_01.jpg,vggface2_pairs,impersonation_attack,eval,VGG-Face,clean,clean,0.121972382068634,VGG-Face_clean
17,GhostFaceNet,/content/face_module/dataset_extractedfaces/vggface2_pairs/n000016_0036_01.jpg,/content/face_module/dataset_extractedfaces/vggface2_pairs/n000012_0087_01.jpg,vggface2_pairs,impersonation_attack,eval,VGG-Face,clean,clean,0.121972382068634,VGG-Face_clean
17,VGG-Face,/content/face_module/dataset_extractedfaces/vggface2_pairs/n000016_0036_01.jpg,/content/face_module/dataset_extractedfaces/vggface2_pairs/n000012_0087_01.jpg,vggface2_pairs,impersonation_attack,eval,VGG-Face,clean,clean,0.121972382068634,VGG-Face_clean
17,ArcFace,/content/face_module/dataset_extractedfaces/vggface2_pairs/n000016_0036_01.jpg,/content/face_module/dataset_extractedfaces/vggface2_pairs/n000012_0087_01.jpg,vggface2_pairs,impersonation_attack,eval,VGG-Face,PGD,vanilla,0.1742568910121917,VGG-Face_PGD_adv
17,ArcFace,/content/face_module/dataset_extractedfaces/vggface2_pairs/n000016_0036_01.jpg,/content/face_module/dataset_extractedfaces/vggface2_pairs/n000012_0087_01.jpg,vggface2_pairs,impersonation_attack,eval,VGG-Face,MI_FGSM,vanilla,0.2876883447170257,VGG-Face_MI_FGSM_adv
17,ArcFace,/content/face_module/dataset_extractedfaces/vggface2_pairs/n000016_0036_01.jpg,/content/face_module/dataset_extractedfaces/vggface2_pairs/n000012_0087_01.jpg,vggface2_pairs,impersonation_attack,eval,VGG-Face,TI_FGSM,vanilla,0.2618430852890014,VGG-Face_TI_FGSM_adv
17,ArcFace,/content/face_module/dataset_extractedfaces/vggface2_pairs/n000016_0036_01.jpg,/content/face_module/dataset_extractedfaces/vggface2_pairs/n000012_0087_01.jpg,vggface2_pairs,impersonation_attack,eval,VGG-Face,SI_NI_FGSM,vanilla,0.2861195206642151,VGG-Face_SI_NI_FGSM_adv
17,ArcFace,/content/face_module/dataset_extractedfaces/vggface2_pairs/n000016_0036_01.jpg,/content/face_module/dataset_extractedfaces/vggface2_pairs/n000012_0087_01.jpg,vggface2_pairs,impersonation_attack,eval,VGG-Face,MI_ADMIX_DI_TI,vanilla,0.2609241604804992,VGG-Face_MI_ADMIX_DI_TI_adv
17,Facenet512,/content/face_module/dataset_extractedfaces/vggface2_pairs/n000016_0036_01.jpg,/content/face_module/dataset_extractedfaces/vggface2_pairs/n000012_0087_01.jpg,vggface2_pairs,impersonation_attack,eval,VGG-Face,PGD,vanilla,0.2485379725694656,VGG-Face_PGD_adv
17,Facenet512,/content/face_module/dataset_extractedfaces/vggface2_pairs/n000016_0036_01.jpg,/content/face_module/dataset_extractedfaces/vggface2_pairs/n000012_0087_01.jpg,vggface2_pairs,impersonation_attack,eval,VGG-Face,MI_FGSM,vanilla,0.3000901937484741,VGG-Face_MI_FGSM_adv
17,Facenet512,/content/face_module/dataset_extractedfaces/vggface2_pairs/n000016_0036_01.jpg,/content/face_module/dataset_extractedfaces/vggface2_pairs/n000012_0087_01.jpg,vggface2_pairs,impersonation_attack,eval,VGG-Face,TI_FGSM,vanilla,0.3418036103248596,VGG-Face_TI_FGSM_adv
17,Facenet512,/content/face_module/dataset_extractedfaces/vggface2_pairs/n000016_0036_01.jpg,/content/face_module/dataset_extractedfaces/vggface2_pairs/n000012_0087_01.jpg,vggface2_pairs,impersonation_attack,eval,VGG-Face,SI_NI_FGSM,vanilla,0.3259619474411011,VGG-Face_SI_NI_FGSM_adv
17,Facenet512,/content/face_module/dataset_extractedfaces/vggface2_pairs/n000016_0036_01.jpg,/content/face_module/dataset_extractedfaces/vggface2_pairs/n000012_0087_01.jpg,vggface2_pairs,impersonation_attack,eval,VGG-Face,MI_ADMIX_DI_TI,vanilla,0.3676041066646576,VGG-Face_MI_ADMIX_DI_TI_adv
17,GhostFaceNet,/content/face_module/dataset_extractedfaces/vggface2_pairs/n000016_0036_01.jpg,/content/face_module/dataset_extractedfaces/vggface2_pairs/n000012_0087_01.jpg,vggface2_pairs,impersonation_attack,eval,VGG-Face,PGD,vanilla,0.1355711966753006,VGG-Face_PGD_adv
17,GhostFaceNet,/content/face_module/dataset_extractedfaces/vggface2_pairs/n000016_0036_01.jpg,/content/face_module/dataset_extractedfaces/vggface2_pairs/n000012_0087_01.jpg,vggface2_pairs,impersonation_attack,eval,VGG-Face,MI_FGSM,vanilla,0.1594857424497604,VGG-Face_MI_FGSM_adv
17,GhostFaceNet,/content/face_module/dataset_extractedfaces/vggface2_pairs/n000016_0036_01.jpg,/content/face_module/dataset_extractedfaces/vggface2_pairs/n000012_0087_01.jpg,vggface2_pairs,impersonation_attack,eval,VGG-Face,TI_FGSM,vanilla,0.1433668434619903,VGG-Face_TI_FGSM_adv
17,GhostFaceNet,/content/face_module/dataset_extractedfaces/vggface2_pairs/n000016_0036_01.jpg,/content/face_module/dataset_extractedfaces/vggface2_pairs/n000012_0087_01.jpg,vggface2_pairs,impersonation_attack,eval,VGG-Face,SI_NI_FGSM,vanilla,0.1703968942165374,VGG-Face_SI_NI_FGSM_adv
17,GhostFaceNet,/content/face_module/dataset_extractedfaces/vggface2_pairs/n000016_0036_01.jpg,/content/face_module/dataset_extractedfaces/vggface2_pairs/n000012_0087_01.jpg,vggface2_pairs,impersonation_attack,eval,VGG-Face,MI_ADMIX_DI_TI,vanilla,0.136355847120285,VGG-Face_MI_ADMIX_DI_TI_adv
19,ArcFace,/content/face_module/dataset_extractedfaces/vggface2_pairs/n000007_0012_01.jpg,/content/face_module/dataset_extractedfaces/vggface2_pairs/n000008_0101_01.jpg,vggface2_pairs,impersonation_attack,eval,VGG-Face,clean,clean,0.0560860224068164,VGG-Face_clean
19,Facenet512,/content/face_module/dataset_extractedfaces/vggface2_pairs/n000007_0012_01.jpg,/content/face_module/dataset_extractedfaces/vggface2_pairs/n000008_0101_01.jpg,vggface2_pairs,impersonation_attack,eval,VGG-Face,clean,clean,0.0560860224068164,VGG-Face_clean
19,GhostFaceNet,/content/face_module/dataset_extractedfaces/vggface2_pairs/n000007_0012_01.jpg,/content/face_module/dataset_extractedfaces/vggface2_pairs/n000008_0101_01.jpg,vggface2_pairs,impersonation_attack,eval,VGG-Face,clean,clean,0.0560860224068164,VGG-Face_clean
19,VGG-Face,/content/face_module/dataset_extractedfaces/vggface2_pairs/n000007_0012_01.jpg,/content/face_module/dataset_extractedfaces/vggface2_pairs/n000008_0101_01.jpg,vggface2_pairs,impersonation_attack,eval,VGG-Face,clean,clean,0.0560860224068164,VGG-Face_clean
19,ArcFace,/content/face_module/dataset_extractedfaces/vggface2_pairs/n000007_0012_01.jpg,/content/face_module/dataset_extractedfaces/vggface2_pairs/n000008_0101_01.jpg,vggface2_pairs,impersonation_attack,eval,VGG-Face,PGD,vanilla,0.0783127918839454,VGG-Face_PGD_adv
19,ArcFace,/content/face_module/dataset_extractedfaces/vggface2_pairs/n000007_0012_01.jpg,/content/face_module/dataset_extractedfaces/vggface2_pairs/n000008_0101_01.jpg,vggface2_pairs,impersonation_attack,eval,VGG-Face,MI_FGSM,vanilla,0.1115412712097168,VGG-Face_MI_FGSM_adv
19,ArcFace,/content/face_module/dataset_extractedfaces/vggface2_pairs/n000007_0012_01.jpg,/content/face_module/dataset_extractedfaces/vggface2_pairs/n000008_0101_01.jpg,vggface2_pairs,impersonation_attack,eval,VGG-Face,TI_FGSM,vanilla,0.1039653792977333,VGG-Face_TI_FGSM_adv
19,ArcFace,/content/face_module/dataset_extractedfaces/vggface2_pairs/n000007_0012_01.jpg,/content/face_module/dataset_extractedfaces/vggface2_pairs/n000008_0101_01.jpg,vggface2_pairs,impersonation_attack,eval,VGG-Face,SI_NI_FGSM,vanilla,0.1402362138032913,VGG-Face_SI_NI_FGSM_adv
19,ArcFace,/content/face_module/dataset_extractedfaces/vggface2_pairs/n000007_0012_01.jpg,/content/face_module/dataset_extractedfaces/vggface2_pairs/n000008_0101_01.jpg,vggface2_pairs,impersonation_attack,eval,VGG-Face,MI_ADMIX_DI_TI,vanilla,0.1144228056073188,VGG-Face_MI_ADMIX_DI_TI_adv
19,Facenet512,/content/face_module/dataset_extractedfaces/vggface2_pairs/n000007_0012_01.jpg,/content/face_module/dataset_extractedfaces/vggface2_pairs/n000008_0101_01.jpg,vggface2_pairs,impersonation_attack,eval,VGG-Face,PGD,vanilla,0.1211897358298301,VGG-Face_PGD_adv
19,Facenet512,/content/face_module/dataset_extractedfaces/vggface2_pairs/n000007_0012_01.jpg,/content/face_module/dataset_extractedfaces/vggface2_pairs/n000008_0101_01.jpg,vggface2_pairs,impersonation_attack,eval,VGG-Face,MI_FGSM,vanilla,0.1462081372737884,VGG-Face_MI_FGSM_adv
19,Facenet512,/content/face_module/dataset_extractedfaces/vggface2_pairs/n000007_0012_01.jpg,/content/face_module/dataset_extractedfaces/vggface2_pairs/n000008_0101_01.jpg,vggface2_pairs,impersonation_attack,eval,VGG-Face,TI_FGSM,vanilla,0.110484093427658,VGG-Face_TI_FGSM_adv
19,Facenet512,/content/face_module/dataset_extractedfaces/vggface2_pairs/n000007_0012_01.jpg,/content/face_module/dataset_extractedfaces/vggface2_pairs/n000008_0101_01.jpg,vggface2_pairs,impersonation_attack,eval,VGG-Face,SI_NI_FGSM,vanilla,0.195162296295166,VGG-Face_SI_NI_FGSM_adv
19,Facenet512,/content/face_module/dataset_extractedfaces/vggface2_pairs/n000007_0012_01.jpg,/content/face_module/dataset_extractedfaces/vggface2_pairs/n000008_0101_01.jpg,vggface2_pairs,impersonation_attack,eval,VGG-Face,MI_ADMIX_DI_TI,vanilla,0.1175673678517341,VGG-Face_MI_ADMIX_DI_TI_adv
19,GhostFaceNet,/content/face_module/dataset_extractedfaces/vggface2_pairs/n000007_0012_01.jpg,/content/face_module/dataset_extractedfaces/vggface2_pairs/n000008_0101_01.jpg,vggface2_pairs,impersonation_attack,eval,VGG-Face,PGD,vanilla,0.0632109120488166,VGG-Face_PGD_adv
19,GhostFaceNet,/content/face_module/dataset_extractedfaces/vggface2_pairs/n000007_0012_01.jpg,/content/face_module/dataset_extractedfaces/vggface2_pairs/n000008_0101_01.jpg,vggface2_pairs,impersonation_attack,eval,VGG-Face,MI_FGSM,vanilla,0.0831211134791374,VGG-Face_MI_FGSM_adv
19,GhostFaceNet,/content/face_module/dataset_extractedfaces/vggface2_pairs/n000007_0012_01.jpg,/content/face_module/dataset_extractedfaces/vggface2_pairs/n000008_0101_01.jpg,vggface2_pairs,impersonation_attack,eval,VGG-Face,TI_FGSM,vanilla,0.0551950074732303,VGG-Face_TI_FGSM_adv
19,GhostFaceNet,/content/face_module/dataset_extractedfaces/vggface2_pairs/n000007_0012_01.jpg,/content/face_module/dataset_extractedfaces/vggface2_pairs/n000008_0101_01.jpg,vggface2_pairs,impersonation_attack,eval,VGG-Face,SI_NI_FGSM,vanilla,0.0886223241686821,VGG-Face_SI_NI_FGSM_adv
19,GhostFaceNet,/content/face_module/dataset_extractedfaces/vggface2_pairs/n000007_0012_01.jpg,/content/face_module/dataset_extractedfaces/vggface2_pairs/n000008_0101_01.jpg,vggface2_pairs,impersonation_attack,eval,VGG-Face,MI_ADMIX_DI_TI,vanilla,0.0617702081799507,VGG-Face_MI_ADMIX_DI_TI_adv
21,ArcFace,/content/face_module/dataset_extractedfaces/vggface2_pairs/n000012_0183_01.jpg,/content/face_module/dataset_extractedfaces/vggface2_pairs/n000014_0113_01.jpg,vggface2_pairs,impersonation_attack,eval,VGG-Face,clean,clean,0.0646719560027122,VGG-Face_clean
21,Facenet512,/content/face_module/dataset_extractedfaces/vggface2_pairs/n000012_0183_01.jpg,/content/face_module/dataset_extractedfaces/vggface2_pairs/n000014_0113_01.jpg,vggface2_pairs,impersonation_attack,eval,VGG-Face,clean,clean,0.0646719560027122,VGG-Face_clean
21,GhostFaceNet,/content/face_module/dataset_extractedfaces/vggface2_pairs/n000012_0183_01.jpg,/content/face_module/dataset_extractedfaces/vggface2_pairs/n000014_0113_01.jpg,vggface2_pairs,impersonation_attack,eval,VGG-Face,clean,clean,0.0646719560027122,VGG-Face_clean
21,VGG-Face,/content/face_module/dataset_extractedfaces/vggface2_pairs/n000012_0183_01.jpg,/content/face_module/dataset_extractedfaces/vggface2_pairs/n000014_0113_01.jpg,vggface2_pairs,impersonation_attack,eval,VGG-Face,clean,clean,0.0646719560027122,VGG-Face_clean
21,ArcFace,/content/face_module/dataset_extractedfaces/vggface2_pairs/n000012_0183_01.jpg,/content/face_module/dataset_extractedfaces/vggface2_pairs/n000014_0113_01.jpg,vggface2_pairs,impersonation_attack,eval,VGG-Face,PGD,vanilla,0.0979963093996048,VGG-Face_PGD_adv
21,ArcFace,/content/face_module/dataset_extractedfaces/vggface2_pairs/n000012_0183_01.jpg,/content/face_module/dataset_extractedfaces/vggface2_pairs/n000014_0113_01.jpg,vggface2_pairs,impersonation_attack,eval,VGG-Face,MI_FGSM,vanilla,0.1313796788454055,VGG-Face_MI_FGSM_adv
21,ArcFace,/content/face_module/dataset_extractedfaces/vggface2_pairs/n000012_0183_01.jpg,/content/face_module/dataset_extractedfaces/vggface2_pairs/n000014_0113_01.jpg,vggface2_pairs,impersonation_attack,eval,VGG-Face,TI_FGSM,vanilla,0.1219157204031944,VGG-Face_TI_FGSM_adv
21,ArcFace,/content/face_module/dataset_extractedfaces/vggface2_pairs/n000012_0183_01.jpg,/content/face_module/dataset_extractedfaces/vggface2_pairs/n000014_0113_01.jpg,vggface2_pairs,impersonation_attack,eval,VGG-Face,SI_NI_FGSM,vanilla,0.14986552298069,VGG-Face_SI_NI_FGSM_adv
21,ArcFace,/content/face_module/dataset_extractedfaces/vggface2_pairs/n000012_0183_01.jpg,/content/face_module/dataset_extractedfaces/vggface2_pairs/n000014_0113_01.jpg,vggface2_pairs,impersonation_attack,eval,VGG-Face,MI_ADMIX_DI_TI,vanilla,0.1253972947597503,VGG-Face_MI_ADMIX_DI_TI_adv
21,Facenet512,/content/face_module/dataset_extractedfaces/vggface2_pairs/n000012_0183_01.jpg,/content/face_module/dataset_extractedfaces/vggface2_pairs/n000014_0113_01.jpg,vggface2_pairs,impersonation_attack,eval,VGG-Face,PGD,vanilla,0.0998124852776527,VGG-Face_PGD_adv
21,Facenet512,/content/face_module/dataset_extractedfaces/vggface2_pairs/n000012_0183_01.jpg,/content/face_module/dataset_extractedfaces/vggface2_pairs/n000014_0113_01.jpg,vggface2_pairs,impersonation_attack,eval,VGG-Face,MI_FGSM,vanilla,0.1194633468985557,VGG-Face_MI_FGSM_adv
21,Facenet512,/content/face_module/dataset_extractedfaces/vggface2_pairs/n000012_0183_01.jpg,/content/face_module/dataset_extractedfaces/vggface2_pairs/n000014_0113_01.jpg,vggface2_pairs,impersonation_attack,eval,VGG-Face,TI_FGSM,vanilla,0.1415390223264694,VGG-Face_TI_FGSM_adv
21,Facenet512,/content/face_module/dataset_extractedfaces/vggface2_pairs/n000012_0183_01.jpg,/content/face_module/dataset_extractedfaces/vggface2_pairs/n000014_0113_01.jpg,vggface2_pairs,impersonation_attack,eval,VGG-Face,SI_NI_FGSM,vanilla,0.155408576130867,VGG-Face_SI_NI_FGSM_adv
21,Facenet512,/content/face_module/dataset_extractedfaces/vggface2_pairs/n000012_0183_01.jpg,/content/face_module/dataset_extractedfaces/vggface2_pairs/n000014_0113_01.jpg,vggface2_pairs,impersonation_attack,eval,VGG-Face,MI_ADMIX_DI_TI,vanilla,0.1516899615526199,VGG-Face_MI_ADMIX_DI_TI_adv
21,GhostFaceNet,/content/face_module/dataset_extractedfaces/vggface2_pairs/n000012_0183_01.jpg,/content/face_module/dataset_extractedfaces/vggface2_pairs/n000014_0113_01.jpg,vggface2_pairs,impersonation_attack,eval,VGG-Face,PGD,vanilla,0.0788507983088493,VGG-Face_PGD_adv
21,GhostFaceNet,/content/face_module/dataset_extractedfaces/vggface2_pairs/n000012_0183_01.jpg,/content/face_module/dataset_extractedfaces/vggface2_pairs/n000014_0113_01.jpg,vggface2_pairs,impersonation_attack,eval,VGG-Face,MI_FGSM,vanilla,0.0882443338632583,VGG-Face_MI_FGSM_adv
21,GhostFaceNet,/content/face_module/dataset_extractedfaces/vggface2_pairs/n000012_0183_01.jpg,/content/face_module/dataset_extractedfaces/vggface2_pairs/n000014_0113_01.jpg,vggface2_pairs,impersonation_attack,eval,VGG-Face,TI_FGSM,vanilla,0.0819365084171295,VGG-Face_TI_FGSM_adv
21,GhostFaceNet,/content/face_module/dataset_extractedfaces/vggface2_pairs/n000012_0183_01.jpg,/content/face_module/dataset_extractedfaces/vggface2_pairs/n000014_0113_01.jpg,vggface2_pairs,impersonation_attack,eval,VGG-Face,SI_NI_FGSM,vanilla,0.081602968275547,VGG-Face_SI_NI_FGSM_adv
21,GhostFaceNet,/content/face_module/dataset_extractedfaces/vggface2_pairs/n000012_0183_01.jpg,/content/face_module/dataset_extractedfaces/vggface2_pairs/n000014_0113_01.jpg,vggface2_pairs,impersonation_attack,eval,VGG-Face,MI_ADMIX_DI_TI,vanilla,0.0822180807590484,VGG-Face_MI_ADMIX_DI_TI_adv
6,ArcFace,/content/face_module/dataset_extractedfaces/lfw_pairs/Luiz Inacio Lula da Silva_7.jpg,/content/face_module/dataset_extractedfaces/lfw_pairs/Luiz Inacio Lula da Silva_8.jpg,lfw_pairs,dodging_attack,eval,VGG-Face,clean,clean,0.5950593948364258,VGG-Face_clean
6,Facenet512,/content/face_module/dataset_extractedfaces/lfw_pairs/Luiz Inacio Lula da Silva_7.jpg,/content/face_module/dataset_extractedfaces/lfw_pairs/Luiz Inacio Lula da Silva_8.jpg,lfw_pairs,dodging_attack,eval,VGG-Face,clean,clean,0.5950593948364258,VGG-Face_clean
6,GhostFaceNet,/content/face_module/dataset_extractedfaces/lfw_pairs/Luiz Inacio Lula da Silva_7.jpg,/content/face_module/dataset_extractedfaces/lfw_pairs/Luiz Inacio Lula da Silva_8.jpg,lfw_pairs,dodging_attack,eval,VGG-Face,clean,clean,0.5950593948364258,VGG-Face_clean
6,VGG-Face,/content/face_module/dataset_extractedfaces/lfw_pairs/Luiz Inacio Lula da Silva_7.jpg,/content/face_module/dataset_extractedfaces/lfw_pairs/Luiz Inacio Lula da Silva_8.jpg,lfw_pairs,dodging_attack,eval,VGG-Face,clean,clean,0.5950593948364258,VGG-Face_clean
6,ArcFace,/content/face_module/dataset_extractedfaces/lfw_pairs/Luiz Inacio Lula da Silva_7.jpg,/content/face_module/dataset_extractedfaces/lfw_pairs/Luiz Inacio Lula da Silva_8.jpg,lfw_pairs,dodging_attack,eval,VGG-Face,PGD,vanilla,0.5054352879524231,VGG-Face_PGD_adv
6,ArcFace,/content/face_module/dataset_extractedfaces/lfw_pairs/Luiz Inacio Lula da Silva_7.jpg,/content/face_module/dataset_extractedfaces/lfw_pairs/Luiz Inacio Lula da Silva_8.jpg,lfw_pairs,dodging_attack,eval,VGG-Face,MI_FGSM,vanilla,0.3853375911712646,VGG-Face_MI_FGSM_adv
6,ArcFace,/content/face_module/dataset_extractedfaces/lfw_pairs/Luiz Inacio Lula da Silva_7.jpg,/content/face_module/dataset_extractedfaces/lfw_pairs/Luiz Inacio Lula da Silva_8.jpg,lfw_pairs,dodging_attack,eval,VGG-Face,TI_FGSM,vanilla,0.4029127657413482,VGG-Face_TI_FGSM_adv
6,ArcFace,/content/face_module/dataset_extractedfaces/lfw_pairs/Luiz Inacio Lula da Silva_7.jpg,/content/face_module/dataset_extractedfaces/lfw_pairs/Luiz Inacio Lula da Silva_8.jpg,lfw_pairs,dodging_attack,eval,VGG-Face,SI_NI_FGSM,vanilla,0.3467783629894256,VGG-Face_SI_NI_FGSM_adv
6,ArcFace,/content/face_module/dataset_extractedfaces/lfw_pairs/Luiz Inacio Lula da Silva_7.jpg,/content/face_module/dataset_extractedfaces/lfw_pairs/Luiz Inacio Lula da Silva_8.jpg,lfw_pairs,dodging_attack,eval,VGG-Face,MI_ADMIX_DI_TI,vanilla,0.4443970024585724,VGG-Face_MI_ADMIX_DI_TI_adv
6,Facenet512,/content/face_module/dataset_extractedfaces/lfw_pairs/Luiz Inacio Lula da Silva_7.jpg,/content/face_module/dataset_extractedfaces/lfw_pairs/Luiz Inacio Lula da Silva_8.jpg,lfw_pairs,dodging_attack,eval,VGG-Face,PGD,vanilla,0.4391911625862121,VGG-Face_PGD_adv
6,Facenet512,/content/face_module/dataset_extractedfaces/lfw_pairs/Luiz Inacio Lula da Silva_7.jpg,/content/face_module/dataset_extractedfaces/lfw_pairs/Luiz Inacio Lula da Silva_8.jpg,lfw_pairs,dodging_attack,eval,VGG-Face,MI_FGSM,vanilla,0.3374903798103332,VGG-Face_MI_FGSM_adv
6,Facenet512,/content/face_module/dataset_extractedfaces/lfw_pairs/Luiz Inacio Lula da Silva_7.jpg,/content/face_module/dataset_extractedfaces/lfw_pairs/Luiz Inacio Lula da Silva_8.jpg,lfw_pairs,dodging_attack,eval,VGG-Face,TI_FGSM,vanilla,0.307343453168869,VGG-Face_TI_FGSM_adv
6,Facenet512,/content/face_module/dataset_extractedfaces/lfw_pairs/Luiz Inacio Lula da Silva_7.jpg,/content/face_module/dataset_extractedfaces/lfw_pairs/Luiz Inacio Lula da Silva_8.jpg,lfw_pairs,dodging_attack,eval,VGG-Face,SI_NI_FGSM,vanilla,0.2644749879837036,VGG-Face_SI_NI_FGSM_adv
6,Facenet512,/content/face_module/dataset_extractedfaces/lfw_pairs/Luiz Inacio Lula da Silva_7.jpg,/content/face_module/dataset_extractedfaces/lfw_pairs/Luiz Inacio Lula da Silva_8.jpg,lfw_pairs,dodging_attack,eval,VGG-Face,MI_ADMIX_DI_TI,vanilla,0.2811817526817322,VGG-Face_MI_ADMIX_DI_TI_adv
6,GhostFaceNet,/content/face_module/dataset_extractedfaces/lfw_pairs/Luiz Inacio Lula da Silva_7.jpg,/content/face_module/dataset_extractedfaces/lfw_pairs/Luiz Inacio Lula da Silva_8.jpg,lfw_pairs,dodging_attack,eval,VGG-Face,PGD,vanilla,0.5723846554756165,VGG-Face_PGD_adv
6,GhostFaceNet,/content/face_module/dataset_extractedfaces/lfw_pairs/Luiz Inacio Lula da Silva_7.jpg,/content/face_module/dataset_extractedfaces/lfw_pairs/Luiz Inacio Lula da Silva_8.jpg,lfw_pairs,dodging_attack,eval,VGG-Face,MI_FGSM,vanilla,0.5382214784622192,VGG-Face_MI_FGSM_adv
6,GhostFaceNet,/content/face_module/dataset_extractedfaces/lfw_pairs/Luiz Inacio Lula da Silva_7.jpg,/content/face_module/dataset_extractedfaces/lfw_pairs/Luiz Inacio Lula da Silva_8.jpg,lfw_pairs,dodging_attack,eval,VGG-Face,TI_FGSM,vanilla,0.5074308514595032,VGG-Face_TI_FGSM_adv
6,GhostFaceNet,/content/face_module/dataset_extractedfaces/lfw_pairs/Luiz Inacio Lula da Silva_7.jpg,/content/face_module/dataset_extractedfaces/lfw_pairs/Luiz Inacio Lula da Silva_8.jpg,lfw_pairs,dodging_attack,eval,VGG-Face,SI_NI_FGSM,vanilla,0.4887829124927521,VGG-Face_SI_NI_FGSM_adv
6,GhostFaceNet,/content/face_module/dataset_extractedfaces/lfw_pairs/Luiz Inacio Lula da Silva_7.jpg,/content/face_module/dataset_extractedfaces/lfw_pairs/Luiz Inacio Lula da Silva_8.jpg,lfw_pairs,dodging_attack,eval,VGG-Face,MI_ADMIX_DI_TI,vanilla,0.4910666346549988,VGG-Face_MI_ADMIX_DI_TI_adv
9,ArcFace,/content/face_module/dataset_extractedfaces/lfw_pairs/Colin Powell_75.jpg,/content/face_module/dataset_extractedfaces/lfw_pairs/Colin Powell_76.jpg,lfw_pairs,dodging_attack,eval,VGG-Face,clean,clean,0.5179382562637329,VGG-Face_clean
9,Facenet512,/content/face_module/dataset_extractedfaces/lfw_pairs/Colin Powell_75.jpg,/content/face_module/dataset_extractedfaces/lfw_pairs/Colin Powell_76.jpg,lfw_pairs,dodging_attack,eval,VGG-Face,clean,clean,0.5179382562637329,VGG-Face_clean
9,GhostFaceNet,/content/face_module/dataset_extractedfaces/lfw_pairs/Colin Powell_75.jpg,/content/face_module/dataset_extractedfaces/lfw_pairs/Colin Powell_76.jpg,lfw_pairs,dodging_attack,eval,VGG-Face,clean,clean,0.5179382562637329,VGG-Face_clean
9,VGG-Face,/content/face_module/dataset_extractedfaces/lfw_pairs/Colin Powell_75.jpg,/content/face_module/dataset_extractedfaces/lfw_pairs/Colin Powell_76.jpg,lfw_pairs,dodging_attack,eval,VGG-Face,clean,clean,0.5179382562637329,VGG-Face_clean
9,ArcFace,/content/face_module/dataset_extractedfaces/lfw_pairs/Colin Powell_75.jpg,/content/face_module/dataset_extractedfaces/lfw_pairs/Colin Powell_76.jpg,lfw_pairs,dodging_attack,eval,VGG-Face,PGD,vanilla,0.4552259743213653,VGG-Face_PGD_adv
9,ArcFace,/content/face_module/dataset_extractedfaces/lfw_pairs/Colin Powell_75.jpg,/content/face_module/dataset_extractedfaces/lfw_pairs/Colin Powell_76.jpg,lfw_pairs,dodging_attack,eval,VGG-Face,MI_FGSM,vanilla,0.4094328284263611,VGG-Face_MI_FGSM_adv
9,ArcFace,/content/face_module/dataset_extractedfaces/lfw_pairs/Colin Powell_75.jpg,/content/face_module/dataset_extractedfaces/lfw_pairs/Colin Powell_76.jpg,lfw_pairs,dodging_attack,eval,VGG-Face,TI_FGSM,vanilla,0.4421256184577942,VGG-Face_TI_FGSM_adv
9,ArcFace,/content/face_module/dataset_extractedfaces/lfw_pairs/Colin Powell_75.jpg,/content/face_module/dataset_extractedfaces/lfw_pairs/Colin Powell_76.jpg,lfw_pairs,dodging_attack,eval,VGG-Face,SI_NI_FGSM,vanilla,0.3860854208469391,VGG-Face_SI_NI_FGSM_adv
9,ArcFace,/content/face_module/dataset_extractedfaces/lfw_pairs/Colin Powell_75.jpg,/content/face_module/dataset_extractedfaces/lfw_pairs/Colin Powell_76.jpg,lfw_pairs,dodging_attack,eval,VGG-Face,MI_ADMIX_DI_TI,vanilla,0.4376829266548157,VGG-Face_MI_ADMIX_DI_TI_adv
9,Facenet512,/content/face_module/dataset_extractedfaces/lfw_pairs/Colin Powell_75.jpg,/content/face_module/dataset_extractedfaces/lfw_pairs/Colin Powell_76.jpg,lfw_pairs,dodging_attack,eval,VGG-Face,PGD,vanilla,0.362495869398117,VGG-Face_PGD_adv
9,Facenet512,/content/face_module/dataset_extractedfaces/lfw_pairs/Colin Powell_75.jpg,/content/face_module/dataset_extractedfaces/lfw_pairs/Colin Powell_76.jpg,lfw_pairs,dodging_attack,eval,VGG-Face,MI_FGSM,vanilla,0.3194195628166199,VGG-Face_MI_FGSM_adv
9,Facenet512,/content/face_module/dataset_extractedfaces/lfw_pairs/Colin Powell_75.jpg,/content/face_module/dataset_extractedfaces/lfw_pairs/Colin Powell_76.jpg,lfw_pairs,dodging_attack,eval,VGG-Face,TI_FGSM,vanilla,0.3681175410747528,VGG-Face_TI_FGSM_adv
9,Facenet512,/content/face_module/dataset_extractedfaces/lfw_pairs/Colin Powell_75.jpg,/content/face_module/dataset_extractedfaces/lfw_pairs/Colin Powell_76.jpg,lfw_pairs,dodging_attack,eval,VGG-Face,SI_NI_FGSM,vanilla,0.2720897197723388,VGG-Face_SI_NI_FGSM_adv
9,Facenet512,/content/face_module/dataset_extractedfaces/lfw_pairs/Colin Powell_75.jpg,/content/face_module/dataset_extractedfaces/lfw_pairs/Colin Powell_76.jpg,lfw_pairs,dodging_attack,eval,VGG-Face,MI_ADMIX_DI_TI,vanilla,0.35371994972229,VGG-Face_MI_ADMIX_DI_TI_adv
9,GhostFaceNet,/content/face_module/dataset_extractedfaces/lfw_pairs/Colin Powell_75.jpg,/content/face_module/dataset_extractedfaces/lfw_pairs/Colin Powell_76.jpg,lfw_pairs,dodging_attack,eval,VGG-Face,PGD,vanilla,0.5141078233718872,VGG-Face_PGD_adv
9,GhostFaceNet,/content/face_module/dataset_extractedfaces/lfw_pairs/Colin Powell_75.jpg,/content/face_module/dataset_extractedfaces/lfw_pairs/Colin Powell_76.jpg,lfw_pairs,dodging_attack,eval,VGG-Face,MI_FGSM,vanilla,0.4972525835037231,VGG-Face_MI_FGSM_adv
9,GhostFaceNet,/content/face_module/dataset_extractedfaces/lfw_pairs/Colin Powell_75.jpg,/content/face_module/dataset_extractedfaces/lfw_pairs/Colin Powell_76.jpg,lfw_pairs,dodging_attack,eval,VGG-Face,TI_FGSM,vanilla,0.5123725533485413,VGG-Face_TI_FGSM_adv
9,GhostFaceNet,/content/face_module/dataset_extractedfaces/lfw_pairs/Colin Powell_75.jpg,/content/face_module/dataset_extractedfaces/lfw_pairs/Colin Powell_76.jpg,lfw_pairs,dodging_attack,eval,VGG-Face,SI_NI_FGSM,vanilla,0.4801550507545471,VGG-Face_SI_NI_FGSM_adv
9,GhostFaceNet,/content/face_module/dataset_extractedfaces/lfw_pairs/Colin Powell_75.jpg,/content/face_module/dataset_extractedfaces/lfw_pairs/Colin Powell_76.jpg,lfw_pairs,dodging_attack,eval,VGG-Face,MI_ADMIX_DI_TI,vanilla,0.5131433010101318,VGG-Face_MI_ADMIX_DI_TI_adv
15,ArcFace,/content/face_module/dataset_extractedfaces/lfw_pairs/George W Bush_518.jpg,/content/face_module/dataset_extractedfaces/lfw_pairs/George W Bush_519.jpg,lfw_pairs,dodging_attack,eval,VGG-Face,clean,clean,0.5296947956085205,VGG-Face_clean
15,Facenet512,/content/face_module/dataset_extractedfaces/lfw_pairs/George W Bush_518.jpg,/content/face_module/dataset_extractedfaces/lfw_pairs/George W Bush_519.jpg,lfw_pairs,dodging_attack,eval,VGG-Face,clean,clean,0.5296947956085205,VGG-Face_clean
15,GhostFaceNet,/content/face_module/dataset_extractedfaces/lfw_pairs/George W Bush_518.jpg,/content/face_module/dataset_extractedfaces/lfw_pairs/George W Bush_519.jpg,lfw_pairs,dodging_attack,eval,VGG-Face,clean,clean,0.5296947956085205,VGG-Face_clean
15,VGG-Face,/content/face_module/dataset_extractedfaces/lfw_pairs/George W Bush_518.jpg,/content/face_module/dataset_extractedfaces/lfw_pairs/George W Bush_519.jpg,lfw_pairs,dodging_attack,eval,VGG-Face,clean,clean,0.5296947956085205,VGG-Face_clean
15,ArcFace,/content/face_module/dataset_extractedfaces/lfw_pairs/George W Bush_518.jpg,/content/face_module/dataset_extractedfaces/lfw_pairs/George W Bush_519.jpg,lfw_pairs,dodging_attack,eval,VGG-Face,PGD,vanilla,0.3785475194454193,VGG-Face_PGD_adv
15,ArcFace,/content/face_module/dataset_extractedfaces/lfw_pairs/George W Bush_518.jpg,/content/face_module/dataset_extractedfaces/lfw_pairs/George W Bush_519.jpg,lfw_pairs,dodging_attack,eval,VGG-Face,MI_FGSM,vanilla,0.2768840491771698,VGG-Face_MI_FGSM_adv
15,ArcFace,/content/face_module/dataset_extractedfaces/lfw_pairs/George W Bush_518.jpg,/content/face_module/dataset_extractedfaces/lfw_pairs/George W Bush_519.jpg,lfw_pairs,dodging_attack,eval,VGG-Face,TI_FGSM,vanilla,0.2926087379455566,VGG-Face_TI_FGSM_adv
15,ArcFace,/content/face_module/dataset_extractedfaces/lfw_pairs/George W Bush_518.jpg,/content/face_module/dataset_extractedfaces/lfw_pairs/George W Bush_519.jpg,lfw_pairs,dodging_attack,eval,VGG-Face,SI_NI_FGSM,vanilla,0.2320290654897689,VGG-Face_SI_NI_FGSM_adv
15,ArcFace,/content/face_module/dataset_extractedfaces/lfw_pairs/George W Bush_518.jpg,/content/face_module/dataset_extractedfaces/lfw_pairs/George W Bush_519.jpg,lfw_pairs,dodging_attack,eval,VGG-Face,MI_ADMIX_DI_TI,vanilla,0.2495317757129669,VGG-Face_MI_ADMIX_DI_TI_adv
15,Facenet512,/content/face_module/dataset_extractedfaces/lfw_pairs/George W Bush_518.jpg,/content/face_module/dataset_extractedfaces/lfw_pairs/George W Bush_519.jpg,lfw_pairs,dodging_attack,eval,VGG-Face,PGD,vanilla,0.2359532117843628,VGG-Face_PGD_adv
15,Facenet512,/content/face_module/dataset_extractedfaces/lfw_pairs/George W Bush_518.jpg,/content/face_module/dataset_extractedfaces/lfw_pairs/George W Bush_519.jpg,lfw_pairs,dodging_attack,eval,VGG-Face,MI_FGSM,vanilla,0.112783171236515,VGG-Face_MI_FGSM_adv
15,Facenet512,/content/face_module/dataset_extractedfaces/lfw_pairs/George W Bush_518.jpg,/content/face_module/dataset_extractedfaces/lfw_pairs/George W Bush_519.jpg,lfw_pairs,dodging_attack,eval,VGG-Face,TI_FGSM,vanilla,0.1501750499010086,VGG-Face_TI_FGSM_adv
15,Facenet512,/content/face_module/dataset_extractedfaces/lfw_pairs/George W Bush_518.jpg,/content/face_module/dataset_extractedfaces/lfw_pairs/George W Bush_519.jpg,lfw_pairs,dodging_attack,eval,VGG-Face,SI_NI_FGSM,vanilla,0.0921209752559661,VGG-Face_SI_NI_FGSM_adv
15,Facenet512,/content/face_module/dataset_extractedfaces/lfw_pairs/George W Bush_518.jpg,/content/face_module/dataset_extractedfaces/lfw_pairs/George W Bush_519.jpg,lfw_pairs,dodging_attack,eval,VGG-Face,MI_ADMIX_DI_TI,vanilla,0.1267967373132705,VGG-Face_MI_ADMIX_DI_TI_adv
15,GhostFaceNet,/content/face_module/dataset_extractedfaces/lfw_pairs/George W Bush_518.jpg,/content/face_module/dataset_extractedfaces/lfw_pairs/George W Bush_519.jpg,lfw_pairs,dodging_attack,eval,VGG-Face,PGD,vanilla,0.4632944464683532,VGG-Face_PGD_adv
15,GhostFaceNet,/content/face_module/dataset_extractedfaces/lfw_pairs/George W Bush_518.jpg,/content/face_module/dataset_extractedfaces/lfw_pairs/George W Bush_519.jpg,lfw_pairs,dodging_attack,eval,VGG-Face,MI_FGSM,vanilla,0.4257163107395172,VGG-Face_MI_FGSM_adv
15,GhostFaceNet,/content/face_module/dataset_extractedfaces/lfw_pairs/George W Bush_518.jpg,/content/face_module/dataset_extractedfaces/lfw_pairs/George W Bush_519.jpg,lfw_pairs,dodging_attack,eval,VGG-Face,TI_FGSM,vanilla,0.4317558407783508,VGG-Face_TI_FGSM_adv
15,GhostFaceNet,/content/face_module/dataset_extractedfaces/lfw_pairs/George W Bush_518.jpg,/content/face_module/dataset_extractedfaces/lfw_pairs/George W Bush_519.jpg,lfw_pairs,dodging_attack,eval,VGG-Face,SI_NI_FGSM,vanilla,0.3978301584720611,VGG-Face_SI_NI_FGSM_adv
15,GhostFaceNet,/content/face_module/dataset_extractedfaces/lfw_pairs/George W Bush_518.jpg,/content/face_module/dataset_extractedfaces/lfw_pairs/George W Bush_519.jpg,lfw_pairs,dodging_attack,eval,VGG-Face,MI_ADMIX_DI_TI,vanilla,0.4709991216659546,VGG-Face_MI_ADMIX_DI_TI_adv
16,ArcFace,/content/face_module/dataset_extractedfaces/lfw_pairs/Colin Powell_24.jpg,/content/face_module/dataset_extractedfaces/lfw_pairs/Colin Powell_25.jpg,lfw_pairs,dodging_attack,eval,VGG-Face,clean,clean,0.4387425482273102,VGG-Face_clean
16,Facenet512,/content/face_module/dataset_extractedfaces/lfw_pairs/Colin Powell_24.jpg,/content/face_module/dataset_extractedfaces/lfw_pairs/Colin Powell_25.jpg,lfw_pairs,dodging_attack,eval,VGG-Face,clean,clean,0.4387425482273102,VGG-Face_clean
16,GhostFaceNet,/content/face_module/dataset_extractedfaces/lfw_pairs/Colin Powell_24.jpg,/content/face_module/dataset_extractedfaces/lfw_pairs/Colin Powell_25.jpg,lfw_pairs,dodging_attack,eval,VGG-Face,clean,clean,0.4387425482273102,VGG-Face_clean
16,VGG-Face,/content/face_module/dataset_extractedfaces/lfw_pairs/Colin Powell_24.jpg,/content/face_module/dataset_extractedfaces/lfw_pairs/Colin Powell_25.jpg,lfw_pairs,dodging_attack,eval,VGG-Face,clean,clean,0.4387425482273102,VGG-Face_clean
16,ArcFace,/content/face_module/dataset_extractedfaces/lfw_pairs/Colin Powell_24.jpg,/content/face_module/dataset_extractedfaces/lfw_pairs/Colin Powell_25.jpg,lfw_pairs,dodging_attack,eval,VGG-Face,PGD,vanilla,0.406857967376709,VGG-Face_PGD_adv
16,ArcFace,/content/face_module/dataset_extractedfaces/lfw_pairs/Colin Powell_24.jpg,/content/face_module/dataset_extractedfaces/lfw_pairs/Colin Powell_25.jpg,lfw_pairs,dodging_attack,eval,VGG-Face,MI_FGSM,vanilla,0.349739134311676,VGG-Face_MI_FGSM_adv
16,ArcFace,/content/face_module/dataset_extractedfaces/lfw_pairs/Colin Powell_24.jpg,/content/face_module/dataset_extractedfaces/lfw_pairs/Colin Powell_25.jpg,lfw_pairs,dodging_attack,eval,VGG-Face,TI_FGSM,vanilla,0.3635743856430053,VGG-Face_TI_FGSM_adv
16,ArcFace,/content/face_module/dataset_extractedfaces/lfw_pairs/Colin Powell_24.jpg,/content/face_module/dataset_extractedfaces/lfw_pairs/Colin Powell_25.jpg,lfw_pairs,dodging_attack,eval,VGG-Face,SI_NI_FGSM,vanilla,0.3502702713012695,VGG-Face_SI_NI_FGSM_adv
16,ArcFace,/content/face_module/dataset_extractedfaces/lfw_pairs/Colin Powell_24.jpg,/content/face_module/dataset_extractedfaces/lfw_pairs/Colin Powell_25.jpg,lfw_pairs,dodging_attack,eval,VGG-Face,MI_ADMIX_DI_TI,vanilla,0.3724960684776306,VGG-Face_MI_ADMIX_DI_TI_adv
16,Facenet512,/content/face_module/dataset_extractedfaces/lfw_pairs/Colin Powell_24.jpg,/content/face_module/dataset_extractedfaces/lfw_pairs/Colin Powell_25.jpg,lfw_pairs,dodging_attack,eval,VGG-Face,PGD,vanilla,0.343650221824646,VGG-Face_PGD_adv
16,Facenet512,/content/face_module/dataset_extractedfaces/lfw_pairs/Colin Powell_24.jpg,/content/face_module/dataset_extractedfaces/lfw_pairs/Colin Powell_25.jpg,lfw_pairs,dodging_attack,eval,VGG-Face,MI_FGSM,vanilla,0.2710225582122803,VGG-Face_MI_FGSM_adv
16,Facenet512,/content/face_module/dataset_extractedfaces/lfw_pairs/Colin Powell_24.jpg,/content/face_module/dataset_extractedfaces/lfw_pairs/Colin Powell_25.jpg,lfw_pairs,dodging_attack,eval,VGG-Face,TI_FGSM,vanilla,0.3089242279529571,VGG-Face_TI_FGSM_adv
16,Facenet512,/content/face_module/dataset_extractedfaces/lfw_pairs/Colin Powell_24.jpg,/content/face_module/dataset_extractedfaces/lfw_pairs/Colin Powell_25.jpg,lfw_pairs,dodging_attack,eval,VGG-Face,SI_NI_FGSM,vanilla,0.3235849440097809,VGG-Face_SI_NI_FGSM_adv
16,Facenet512,/content/face_module/dataset_extractedfaces/lfw_pairs/Colin Powell_24.jpg,/content/face_module/dataset_extractedfaces/lfw_pairs/Colin Powell_25.jpg,lfw_pairs,dodging_attack,eval,VGG-Face,MI_ADMIX_DI_TI,vanilla,0.3010731637477875,VGG-Face_MI_ADMIX_DI_TI_adv
16,GhostFaceNet,/content/face_module/dataset_extractedfaces/lfw_pairs/Colin Powell_24.jpg,/content/face_module/dataset_extractedfaces/lfw_pairs/Colin Powell_25.jpg,lfw_pairs,dodging_attack,eval,VGG-Face,PGD,vanilla,0.4577700495719909,VGG-Face_PGD_adv
16,GhostFaceNet,/content/face_module/dataset_extractedfaces/lfw_pairs/Colin Powell_24.jpg,/content/face_module/dataset_extractedfaces/lfw_pairs/Colin Powell_25.jpg,lfw_pairs,dodging_attack,eval,VGG-Face,MI_FGSM,vanilla,0.4563920795917511,VGG-Face_MI_FGSM_adv
16,GhostFaceNet,/content/face_module/dataset_extractedfaces/lfw_pairs/Colin Powell_24.jpg,/content/face_module/dataset_extractedfaces/lfw_pairs/Colin Powell_25.jpg,lfw_pairs,dodging_attack,eval,VGG-Face,TI_FGSM,vanilla,0.4322257041931152,VGG-Face_TI_FGSM_adv
16,GhostFaceNet,/content/face_module/dataset_extractedfaces/lfw_pairs/Colin Powell_24.jpg,/content/face_module/dataset_extractedfaces/lfw_pairs/Colin Powell_25.jpg,lfw_pairs,dodging_attack,eval,VGG-Face,SI_NI_FGSM,vanilla,0.4161220192909241,VGG-Face_SI_NI_FGSM_adv
16,GhostFaceNet,/content/face_module/dataset_extractedfaces/lfw_pairs/Colin Powell_24.jpg,/content/face_module/dataset_extractedfaces/lfw_pairs/Colin Powell_25.jpg,lfw_pairs,dodging_attack,eval,VGG-Face,MI_ADMIX_DI_TI,vanilla,0.4286807477474212,VGG-Face_MI_ADMIX_DI_TI_adv
23,ArcFace,/content/face_module/dataset_extractedfaces/lfw_pairs/Tom Daschle_5.jpg,/content/face_module/dataset_extractedfaces/lfw_pairs/Tom Daschle_6.jpg,lfw_pairs,dodging_attack,eval,VGG-Face,clean,clean,0.5580031275749207,VGG-Face_clean
23,Facenet512,/content/face_module/dataset_extractedfaces/lfw_pairs/Tom Daschle_5.jpg,/content/face_module/dataset_extractedfaces/lfw_pairs/Tom Daschle_6.jpg,lfw_pairs,dodging_attack,eval,VGG-Face,clean,clean,0.5580031275749207,VGG-Face_clean
23,GhostFaceNet,/content/face_module/dataset_extractedfaces/lfw_pairs/Tom Daschle_5.jpg,/content/face_module/dataset_extractedfaces/lfw_pairs/Tom Daschle_6.jpg,lfw_pairs,dodging_attack,eval,VGG-Face,clean,clean,0.5580031275749207,VGG-Face_clean
23,VGG-Face,/content/face_module/dataset_extractedfaces/lfw_pairs/Tom Daschle_5.jpg,/content/face_module/dataset_extractedfaces/lfw_pairs/Tom Daschle_6.jpg,lfw_pairs,dodging_attack,eval,VGG-Face,clean,clean,0.5580031275749207,VGG-Face_clean
23,ArcFace,/content/face_module/dataset_extractedfaces/lfw_pairs/Tom Daschle_5.jpg,/content/face_module/dataset_extractedfaces/lfw_pairs/Tom Daschle_6.jpg,lfw_pairs,dodging_attack,eval,VGG-Face,PGD,vanilla,0.5123251676559448,VGG-Face_PGD_adv
23,ArcFace,/content/face_module/dataset_extractedfaces/lfw_pairs/Tom Daschle_5.jpg,/content/face_module/dataset_extractedfaces/lfw_pairs/Tom Daschle_6.jpg,lfw_pairs,dodging_attack,eval,VGG-Face,MI_FGSM,vanilla,0.4566233158111572,VGG-Face_MI_FGSM_adv
23,ArcFace,/content/face_module/dataset_extractedfaces/lfw_pairs/Tom Daschle_5.jpg,/content/face_module/dataset_extractedfaces/lfw_pairs/Tom Daschle_6.jpg,lfw_pairs,dodging_attack,eval,VGG-Face,TI_FGSM,vanilla,0.4516345262527466,VGG-Face_TI_FGSM_adv
23,ArcFace,/content/face_module/dataset_extractedfaces/lfw_pairs/Tom Daschle_5.jpg,/content/face_module/dataset_extractedfaces/lfw_pairs/Tom Daschle_6.jpg,lfw_pairs,dodging_attack,eval,VGG-Face,SI_NI_FGSM,vanilla,0.3993593454360962,VGG-Face_SI_NI_FGSM_adv
23,ArcFace,/content/face_module/dataset_extractedfaces/lfw_pairs/Tom Daschle_5.jpg,/content/face_module/dataset_extractedfaces/lfw_pairs/Tom Daschle_6.jpg,lfw_pairs,dodging_attack,eval,VGG-Face,MI_ADMIX_DI_TI,vanilla,0.4019208550453186,VGG-Face_MI_ADMIX_DI_TI_adv
23,Facenet512,/content/face_module/dataset_extractedfaces/lfw_pairs/Tom Daschle_5.jpg,/content/face_module/dataset_extractedfaces/lfw_pairs/Tom Daschle_6.jpg,lfw_pairs,dodging_attack,eval,VGG-Face,PGD,vanilla,0.3932143151760101,VGG-Face_PGD_adv
23,Facenet512,/content/face_module/dataset_extractedfaces/lfw_pairs/Tom Daschle_5.jpg,/content/face_module/dataset_extractedfaces/lfw_pairs/Tom Daschle_6.jpg,lfw_pairs,dodging_attack,eval,VGG-Face,MI_FGSM,vanilla,0.3139147758483886,VGG-Face_MI_FGSM_adv
23,Facenet512,/content/face_module/dataset_extractedfaces/lfw_pairs/Tom Daschle_5.jpg,/content/face_module/dataset_extractedfaces/lfw_pairs/Tom Daschle_6.jpg,lfw_pairs,dodging_attack,eval,VGG-Face,TI_FGSM,vanilla,0.3141317069530487,VGG-Face_TI_FGSM_adv
23,Facenet512,/content/face_module/dataset_extractedfaces/lfw_pairs/Tom Daschle_5.jpg,/content/face_module/dataset_extractedfaces/lfw_pairs/Tom Daschle_6.jpg,lfw_pairs,dodging_attack,eval,VGG-Face,SI_NI_FGSM,vanilla,0.2477279901504516,VGG-Face_SI_NI_FGSM_adv
23,Facenet512,/content/face_module/dataset_extractedfaces/lfw_pairs/Tom Daschle_5.jpg,/content/face_module/dataset_extractedfaces/lfw_pairs/Tom Daschle_6.jpg,lfw_pairs,dodging_attack,eval,VGG-Face,MI_ADMIX_DI_TI,vanilla,0.263570487499237,VGG-Face_MI_ADMIX_DI_TI_adv
23,GhostFaceNet,/content/face_module/dataset_extractedfaces/lfw_pairs/Tom Daschle_5.jpg,/content/face_module/dataset_extractedfaces/lfw_pairs/Tom Daschle_6.jpg,lfw_pairs,dodging_attack,eval,VGG-Face,PGD,vanilla,0.5380663871765137,VGG-Face_PGD_adv
23,GhostFaceNet,/content/face_module/dataset_extractedfaces/lfw_pairs/Tom Daschle_5.jpg,/content/face_module/dataset_extractedfaces/lfw_pairs/Tom Daschle_6.jpg,lfw_pairs,dodging_attack,eval,VGG-Face,MI_FGSM,vanilla,0.4629514515399933,VGG-Face_MI_FGSM_adv
23,GhostFaceNet,/content/face_module/dataset_extractedfaces/lfw_pairs/Tom Daschle_5.jpg,/content/face_module/dataset_extractedfaces/lfw_pairs/Tom Daschle_6.jpg,lfw_pairs,dodging_attack,eval,VGG-Face,TI_FGSM,vanilla,0.5164262056350708,VGG-Face_TI_FGSM_adv
23,GhostFaceNet,/content/face_module/dataset_extractedfaces/lfw_pairs/Tom Daschle_5.jpg,/content/face_module/dataset_extractedfaces/lfw_pairs/Tom Daschle_6.jpg,lfw_pairs,dodging_attack,eval,VGG-Face,SI_NI_FGSM,vanilla,0.4739671349525451,VGG-Face_SI_NI_FGSM_adv
23,GhostFaceNet,/content/face_module/dataset_extractedfaces/lfw_pairs/Tom Daschle_5.jpg,/content/face_module/dataset_extractedfaces/lfw_pairs/Tom Daschle_6.jpg,lfw_pairs,dodging_attack,eval,VGG-Face,MI_ADMIX_DI_TI,vanilla,0.4330724477767944,VGG-Face_MI_ADMIX_DI_TI_adv
18,ArcFace,/content/face_module/dataset_extractedfaces/celeba_pairs/092809.jpg,/content/face_module/dataset_extractedfaces/celeba_pairs/108708.jpg,celeba_pairs,dodging_attack,eval,VGG-Face,clean,clean,0.5854153633117676,VGG-Face_clean
18,Facenet512,/content/face_module/dataset_extractedfaces/celeba_pairs/092809.jpg,/content/face_module/dataset_extractedfaces/celeba_pairs/108708.jpg,celeba_pairs,dodging_attack,eval,VGG-Face,clean,clean,0.5854153633117676,VGG-Face_clean
18,GhostFaceNet,/content/face_module/dataset_extractedfaces/celeba_pairs/092809.jpg,/content/face_module/dataset_extractedfaces/celeba_pairs/108708.jpg,celeba_pairs,dodging_attack,eval,VGG-Face,clean,clean,0.5854153633117676,VGG-Face_clean
18,VGG-Face,/content/face_module/dataset_extractedfaces/celeba_pairs/092809.jpg,/content/face_module/dataset_extractedfaces/celeba_pairs/108708.jpg,celeba_pairs,dodging_attack,eval,VGG-Face,clean,clean,0.5854153633117676,VGG-Face_clean
18,ArcFace,/content/face_module/dataset_extractedfaces/celeba_pairs/092809.jpg,/content/face_module/dataset_extractedfaces/celeba_pairs/108708.jpg,celeba_pairs,dodging_attack,eval,VGG-Face,PGD,vanilla,0.4813069403171539,VGG-Face_PGD_adv
18,ArcFace,/content/face_module/dataset_extractedfaces/celeba_pairs/092809.jpg,/content/face_module/dataset_extractedfaces/celeba_pairs/108708.jpg,celeba_pairs,dodging_attack,eval,VGG-Face,MI_FGSM,vanilla,0.3666262030601501,VGG-Face_MI_FGSM_adv
18,ArcFace,/content/face_module/dataset_extractedfaces/celeba_pairs/092809.jpg,/content/face_module/dataset_extractedfaces/celeba_pairs/108708.jpg,celeba_pairs,dodging_attack,eval,VGG-Face,TI_FGSM,vanilla,0.4059233069419861,VGG-Face_TI_FGSM_adv
18,ArcFace,/content/face_module/dataset_extractedfaces/celeba_pairs/092809.jpg,/content/face_module/dataset_extractedfaces/celeba_pairs/108708.jpg,celeba_pairs,dodging_attack,eval,VGG-Face,SI_NI_FGSM,vanilla,0.3374451696872711,VGG-Face_SI_NI_FGSM_adv
18,ArcFace,/content/face_module/dataset_extractedfaces/celeba_pairs/092809.jpg,/content/face_module/dataset_extractedfaces/celeba_pairs/108708.jpg,celeba_pairs,dodging_attack,eval,VGG-Face,MI_ADMIX_DI_TI,vanilla,0.3662147521972656,VGG-Face_MI_ADMIX_DI_TI_adv
18,Facenet512,/content/face_module/dataset_extractedfaces/celeba_pairs/092809.jpg,/content/face_module/dataset_extractedfaces/celeba_pairs/108708.jpg,celeba_pairs,dodging_attack,eval,VGG-Face,PGD,vanilla,0.2755622267723083,VGG-Face_PGD_adv
18,Facenet512,/content/face_module/dataset_extractedfaces/celeba_pairs/092809.jpg,/content/face_module/dataset_extractedfaces/celeba_pairs/108708.jpg,celeba_pairs,dodging_attack,eval,VGG-Face,MI_FGSM,vanilla,0.2105153203010559,VGG-Face_MI_FGSM_adv
18,Facenet512,/content/face_module/dataset_extractedfaces/celeba_pairs/092809.jpg,/content/face_module/dataset_extractedfaces/celeba_pairs/108708.jpg,celeba_pairs,dodging_attack,eval,VGG-Face,TI_FGSM,vanilla,0.2808688282966614,VGG-Face_TI_FGSM_adv
18,Facenet512,/content/face_module/dataset_extractedfaces/celeba_pairs/092809.jpg,/content/face_module/dataset_extractedfaces/celeba_pairs/108708.jpg,celeba_pairs,dodging_attack,eval,VGG-Face,SI_NI_FGSM,vanilla,0.1665790677070617,VGG-Face_SI_NI_FGSM_adv
18,Facenet512,/content/face_module/dataset_extractedfaces/celeba_pairs/092809.jpg,/content/face_module/dataset_extractedfaces/celeba_pairs/108708.jpg,celeba_pairs,dodging_attack,eval,VGG-Face,MI_ADMIX_DI_TI,vanilla,0.2363940477371215,VGG-Face_MI_ADMIX_DI_TI_adv
18,GhostFaceNet,/content/face_module/dataset_extractedfaces/celeba_pairs/092809.jpg,/content/face_module/dataset_extractedfaces/celeba_pairs/108708.jpg,celeba_pairs,dodging_attack,eval,VGG-Face,PGD,vanilla,0.4747154712677002,VGG-Face_PGD_adv
18,GhostFaceNet,/content/face_module/dataset_extractedfaces/celeba_pairs/092809.jpg,/content/face_module/dataset_extractedfaces/celeba_pairs/108708.jpg,celeba_pairs,dodging_attack,eval,VGG-Face,MI_FGSM,vanilla,0.329316645860672,VGG-Face_MI_FGSM_adv
18,GhostFaceNet,/content/face_module/dataset_extractedfaces/celeba_pairs/092809.jpg,/content/face_module/dataset_extractedfaces/celeba_pairs/108708.jpg,celeba_pairs,dodging_attack,eval,VGG-Face,TI_FGSM,vanilla,0.4446199536323547,VGG-Face_TI_FGSM_adv
18,GhostFaceNet,/content/face_module/dataset_extractedfaces/celeba_pairs/092809.jpg,/content/face_module/dataset_extractedfaces/celeba_pairs/108708.jpg,celeba_pairs,dodging_attack,eval,VGG-Face,SI_NI_FGSM,vanilla,0.242199957370758,VGG-Face_SI_NI_FGSM_adv
18,GhostFaceNet,/content/face_module/dataset_extractedfaces/celeba_pairs/092809.jpg,/content/face_module/dataset_extractedfaces/celeba_pairs/108708.jpg,celeba_pairs,dodging_attack,eval,VGG-Face,MI_ADMIX_DI_TI,vanilla,0.4346433877944946,VGG-Face_MI_ADMIX_DI_TI_adv
27,ArcFace,/content/face_module/dataset_extractedfaces/celeba_pairs/023869.jpg,/content/face_module/dataset_extractedfaces/celeba_pairs/024923.jpg,celeba_pairs,dodging_attack,eval,VGG-Face,clean,clean,0.3985178768634796,VGG-Face_clean
27,Facenet512,/content/face_module/dataset_extractedfaces/celeba_pairs/023869.jpg,/content/face_module/dataset_extractedfaces/celeba_pairs/024923.jpg,celeba_pairs,dodging_attack,eval,VGG-Face,clean,clean,0.3985178768634796,VGG-Face_clean
27,GhostFaceNet,/content/face_module/dataset_extractedfaces/celeba_pairs/023869.jpg,/content/face_module/dataset_extractedfaces/celeba_pairs/024923.jpg,celeba_pairs,dodging_attack,eval,VGG-Face,clean,clean,0.3985178768634796,VGG-Face_clean
27,VGG-Face,/content/face_module/dataset_extractedfaces/celeba_pairs/023869.jpg,/content/face_module/dataset_extractedfaces/celeba_pairs/024923.jpg,celeba_pairs,dodging_attack,eval,VGG-Face,clean,clean,0.3985178768634796,VGG-Face_clean
27,ArcFace,/content/face_module/dataset_extractedfaces/celeba_pairs/023869.jpg,/content/face_module/dataset_extractedfaces/celeba_pairs/024923.jpg,celeba_pairs,dodging_attack,eval,VGG-Face,PGD,vanilla,0.3502928614616394,VGG-Face_PGD_adv
27,ArcFace,/content/face_module/dataset_extractedfaces/celeba_pairs/023869.jpg,/content/face_module/dataset_extractedfaces/celeba_pairs/024923.jpg,celeba_pairs,dodging_attack,eval,VGG-Face,MI_FGSM,vanilla,0.2905875742435455,VGG-Face_MI_FGSM_adv
27,ArcFace,/content/face_module/dataset_extractedfaces/celeba_pairs/023869.jpg,/content/face_module/dataset_extractedfaces/celeba_pairs/024923.jpg,celeba_pairs,dodging_attack,eval,VGG-Face,TI_FGSM,vanilla,0.3604582846164703,VGG-Face_TI_FGSM_adv
27,ArcFace,/content/face_module/dataset_extractedfaces/celeba_pairs/023869.jpg,/content/face_module/dataset_extractedfaces/celeba_pairs/024923.jpg,celeba_pairs,dodging_attack,eval,VGG-Face,SI_NI_FGSM,vanilla,0.2367727309465408,VGG-Face_SI_NI_FGSM_adv
27,ArcFace,/content/face_module/dataset_extractedfaces/celeba_pairs/023869.jpg,/content/face_module/dataset_extractedfaces/celeba_pairs/024923.jpg,celeba_pairs,dodging_attack,eval,VGG-Face,MI_ADMIX_DI_TI,vanilla,0.3792075514793396,VGG-Face_MI_ADMIX_DI_TI_adv
27,Facenet512,/content/face_module/dataset_extractedfaces/celeba_pairs/023869.jpg,/content/face_module/dataset_extractedfaces/celeba_pairs/024923.jpg,celeba_pairs,dodging_attack,eval,VGG-Face,PGD,vanilla,0.1889657527208328,VGG-Face_PGD_adv
27,Facenet512,/content/face_module/dataset_extractedfaces/celeba_pairs/023869.jpg,/content/face_module/dataset_extractedfaces/celeba_pairs/024923.jpg,celeba_pairs,dodging_attack,eval,VGG-Face,MI_FGSM,vanilla,0.1133964657783508,VGG-Face_MI_FGSM_adv
27,Facenet512,/content/face_module/dataset_extractedfaces/celeba_pairs/023869.jpg,/content/face_module/dataset_extractedfaces/celeba_pairs/024923.jpg,celeba_pairs,dodging_attack,eval,VGG-Face,TI_FGSM,vanilla,0.1863562911748886,VGG-Face_TI_FGSM_adv
27,Facenet512,/content/face_module/dataset_extractedfaces/celeba_pairs/023869.jpg,/content/face_module/dataset_extractedfaces/celeba_pairs/024923.jpg,celeba_pairs,dodging_attack,eval,VGG-Face,SI_NI_FGSM,vanilla,0.0951153635978698,VGG-Face_SI_NI_FGSM_adv
27,Facenet512,/content/face_module/dataset_extractedfaces/celeba_pairs/023869.jpg,/content/face_module/dataset_extractedfaces/celeba_pairs/024923.jpg,celeba_pairs,dodging_attack,eval,VGG-Face,MI_ADMIX_DI_TI,vanilla,0.1625271588563919,VGG-Face_MI_ADMIX_DI_TI_adv
27,GhostFaceNet,/content/face_module/dataset_extractedfaces/celeba_pairs/023869.jpg,/content/face_module/dataset_extractedfaces/celeba_pairs/024923.jpg,celeba_pairs,dodging_attack,eval,VGG-Face,PGD,vanilla,0.367093563079834,VGG-Face_PGD_adv
27,GhostFaceNet,/content/face_module/dataset_extractedfaces/celeba_pairs/023869.jpg,/content/face_module/dataset_extractedfaces/celeba_pairs/024923.jpg,celeba_pairs,dodging_attack,eval,VGG-Face,MI_FGSM,vanilla,0.3127476572990417,VGG-Face_MI_FGSM_adv
27,GhostFaceNet,/content/face_module/dataset_extractedfaces/celeba_pairs/023869.jpg,/content/face_module/dataset_extractedfaces/celeba_pairs/024923.jpg,celeba_pairs,dodging_attack,eval,VGG-Face,TI_FGSM,vanilla,0.3879995346069336,VGG-Face_TI_FGSM_adv
27,GhostFaceNet,/content/face_module/dataset_extractedfaces/celeba_pairs/023869.jpg,/content/face_module/dataset_extractedfaces/celeba_pairs/024923.jpg,celeba_pairs,dodging_attack,eval,VGG-Face,SI_NI_FGSM,vanilla,0.303788959980011,VGG-Face_SI_NI_FGSM_adv
27,GhostFaceNet,/content/face_module/dataset_extractedfaces/celeba_pairs/023869.jpg,/content/face_module/dataset_extractedfaces/celeba_pairs/024923.jpg,celeba_pairs,dodging_attack,eval,VGG-Face,MI_ADMIX_DI_TI,vanilla,0.3668704628944397,VGG-Face_MI_ADMIX_DI_TI_adv
28,ArcFace,/content/face_module/dataset_extractedfaces/celeba_pairs/130980.jpg,/content/face_module/dataset_extractedfaces/celeba_pairs/147767.jpg,celeba_pairs,dodging_attack,eval,VGG-Face,clean,clean,0.5354241728782654,VGG-Face_clean
28,Facenet512,/content/face_module/dataset_extractedfaces/celeba_pairs/130980.jpg,/content/face_module/dataset_extractedfaces/celeba_pairs/147767.jpg,celeba_pairs,dodging_attack,eval,VGG-Face,clean,clean,0.5354241728782654,VGG-Face_clean
28,GhostFaceNet,/content/face_module/dataset_extractedfaces/celeba_pairs/130980.jpg,/content/face_module/dataset_extractedfaces/celeba_pairs/147767.jpg,celeba_pairs,dodging_attack,eval,VGG-Face,clean,clean,0.5354241728782654,VGG-Face_clean
28,VGG-Face,/content/face_module/dataset_extractedfaces/celeba_pairs/130980.jpg,/content/face_module/dataset_extractedfaces/celeba_pairs/147767.jpg,celeba_pairs,dodging_attack,eval,VGG-Face,clean,clean,0.5354241728782654,VGG-Face_clean
28,ArcFace,/content/face_module/dataset_extractedfaces/celeba_pairs/130980.jpg,/content/face_module/dataset_extractedfaces/celeba_pairs/147767.jpg,celeba_pairs,dodging_attack,eval,VGG-Face,PGD,vanilla,0.5459652543067932,VGG-Face_PGD_adv
28,ArcFace,/content/face_module/dataset_extractedfaces/celeba_pairs/130980.jpg,/content/face_module/dataset_extractedfaces/celeba_pairs/147767.jpg,celeba_pairs,dodging_attack,eval,VGG-Face,MI_FGSM,vanilla,0.547157883644104,VGG-Face_MI_FGSM_adv
28,ArcFace,/content/face_module/dataset_extractedfaces/celeba_pairs/130980.jpg,/content/face_module/dataset_extractedfaces/celeba_pairs/147767.jpg,celeba_pairs,dodging_attack,eval,VGG-Face,TI_FGSM,vanilla,0.4821031987667084,VGG-Face_TI_FGSM_adv
28,ArcFace,/content/face_module/dataset_extractedfaces/celeba_pairs/130980.jpg,/content/face_module/dataset_extractedfaces/celeba_pairs/147767.jpg,celeba_pairs,dodging_attack,eval,VGG-Face,SI_NI_FGSM,vanilla,0.5182856321334839,VGG-Face_SI_NI_FGSM_adv
28,ArcFace,/content/face_module/dataset_extractedfaces/celeba_pairs/130980.jpg,/content/face_module/dataset_extractedfaces/celeba_pairs/147767.jpg,celeba_pairs,dodging_attack,eval,VGG-Face,MI_ADMIX_DI_TI,vanilla,0.5195905566215515,VGG-Face_MI_ADMIX_DI_TI_adv
28,Facenet512,/content/face_module/dataset_extractedfaces/celeba_pairs/130980.jpg,/content/face_module/dataset_extractedfaces/celeba_pairs/147767.jpg,celeba_pairs,dodging_attack,eval,VGG-Face,PGD,vanilla,0.4328589737415313,VGG-Face_PGD_adv
28,Facenet512,/content/face_module/dataset_extractedfaces/celeba_pairs/130980.jpg,/content/face_module/dataset_extractedfaces/celeba_pairs/147767.jpg,celeba_pairs,dodging_attack,eval,VGG-Face,MI_FGSM,vanilla,0.3883852362632751,VGG-Face_MI_FGSM_adv
28,Facenet512,/content/face_module/dataset_extractedfaces/celeba_pairs/130980.jpg,/content/face_module/dataset_extractedfaces/celeba_pairs/147767.jpg,celeba_pairs,dodging_attack,eval,VGG-Face,TI_FGSM,vanilla,0.3699380457401275,VGG-Face_TI_FGSM_adv
28,Facenet512,/content/face_module/dataset_extractedfaces/celeba_pairs/130980.jpg,/content/face_module/dataset_extractedfaces/celeba_pairs/147767.jpg,celeba_pairs,dodging_attack,eval,VGG-Face,SI_NI_FGSM,vanilla,0.3090802133083343,VGG-Face_SI_NI_FGSM_adv
28,Facenet512,/content/face_module/dataset_extractedfaces/celeba_pairs/130980.jpg,/content/face_module/dataset_extractedfaces/celeba_pairs/147767.jpg,celeba_pairs,dodging_attack,eval,VGG-Face,MI_ADMIX_DI_TI,vanilla,0.3414335548877716,VGG-Face_MI_ADMIX_DI_TI_adv
28,GhostFaceNet,/content/face_module/dataset_extractedfaces/celeba_pairs/130980.jpg,/content/face_module/dataset_extractedfaces/celeba_pairs/147767.jpg,celeba_pairs,dodging_attack,eval,VGG-Face,PGD,vanilla,0.5275610089302063,VGG-Face_PGD_adv
28,GhostFaceNet,/content/face_module/dataset_extractedfaces/celeba_pairs/130980.jpg,/content/face_module/dataset_extractedfaces/celeba_pairs/147767.jpg,celeba_pairs,dodging_attack,eval,VGG-Face,MI_FGSM,vanilla,0.5062039494514465,VGG-Face_MI_FGSM_adv
28,GhostFaceNet,/content/face_module/dataset_extractedfaces/celeba_pairs/130980.jpg,/content/face_module/dataset_extractedfaces/celeba_pairs/147767.jpg,celeba_pairs,dodging_attack,eval,VGG-Face,TI_FGSM,vanilla,0.4820764660835266,VGG-Face_TI_FGSM_adv
28,GhostFaceNet,/content/face_module/dataset_extractedfaces/celeba_pairs/130980.jpg,/content/face_module/dataset_extractedfaces/celeba_pairs/147767.jpg,celeba_pairs,dodging_attack,eval,VGG-Face,SI_NI_FGSM,vanilla,0.4717993438243866,VGG-Face_SI_NI_FGSM_adv
28,GhostFaceNet,/content/face_module/dataset_extractedfaces/celeba_pairs/130980.jpg,/content/face_module/dataset_extractedfaces/celeba_pairs/147767.jpg,celeba_pairs,dodging_attack,eval,VGG-Face,MI_ADMIX_DI_TI,vanilla,0.4723590016365051,VGG-Face_MI_ADMIX_DI_TI_adv
30,ArcFace,/content/face_module/dataset_extractedfaces/celeba_pairs/042909.jpg,/content/face_module/dataset_extractedfaces/celeba_pairs/048579.jpg,celeba_pairs,dodging_attack,eval,VGG-Face,clean,clean,0.2953173816204071,VGG-Face_clean
30,Facenet512,/content/face_module/dataset_extractedfaces/celeba_pairs/042909.jpg,/content/face_module/dataset_extractedfaces/celeba_pairs/048579.jpg,celeba_pairs,dodging_attack,eval,VGG-Face,clean,clean,0.2953173816204071,VGG-Face_clean
30,GhostFaceNet,/content/face_module/dataset_extractedfaces/celeba_pairs/042909.jpg,/content/face_module/dataset_extractedfaces/celeba_pairs/048579.jpg,celeba_pairs,dodging_attack,eval,VGG-Face,clean,clean,0.2953173816204071,VGG-Face_clean
30,VGG-Face,/content/face_module/dataset_extractedfaces/celeba_pairs/042909.jpg,/content/face_module/dataset_extractedfaces/celeba_pairs/048579.jpg,celeba_pairs,dodging_attack,eval,VGG-Face,clean,clean,0.2953173816204071,VGG-Face_clean
30,ArcFace,/content/face_module/dataset_extractedfaces/celeba_pairs/042909.jpg,/content/face_module/dataset_extractedfaces/celeba_pairs/048579.jpg,celeba_pairs,dodging_attack,eval,VGG-Face,PGD,vanilla,0.1825438737869262,VGG-Face_PGD_adv
30,ArcFace,/content/face_module/dataset_extractedfaces/celeba_pairs/042909.jpg,/content/face_module/dataset_extractedfaces/celeba_pairs/048579.jpg,celeba_pairs,dodging_attack,eval,VGG-Face,MI_FGSM,vanilla,0.1009575203061103,VGG-Face_MI_FGSM_adv
30,ArcFace,/content/face_module/dataset_extractedfaces/celeba_pairs/042909.jpg,/content/face_module/dataset_extractedfaces/celeba_pairs/048579.jpg,celeba_pairs,dodging_attack,eval,VGG-Face,TI_FGSM,vanilla,0.0660056099295616,VGG-Face_TI_FGSM_adv
30,ArcFace,/content/face_module/dataset_extractedfaces/celeba_pairs/042909.jpg,/content/face_module/dataset_extractedfaces/celeba_pairs/048579.jpg,celeba_pairs,dodging_attack,eval,VGG-Face,SI_NI_FGSM,vanilla,0.1072216853499412,VGG-Face_SI_NI_FGSM_adv
30,ArcFace,/content/face_module/dataset_extractedfaces/celeba_pairs/042909.jpg,/content/face_module/dataset_extractedfaces/celeba_pairs/048579.jpg,celeba_pairs,dodging_attack,eval,VGG-Face,MI_ADMIX_DI_TI,vanilla,0.0738080218434333,VGG-Face_MI_ADMIX_DI_TI_adv
30,Facenet512,/content/face_module/dataset_extractedfaces/celeba_pairs/042909.jpg,/content/face_module/dataset_extractedfaces/celeba_pairs/048579.jpg,celeba_pairs,dodging_attack,eval,VGG-Face,PGD,vanilla,0.0640725344419479,VGG-Face_PGD_adv
30,Facenet512,/content/face_module/dataset_extractedfaces/celeba_pairs/042909.jpg,/content/face_module/dataset_extractedfaces/celeba_pairs/048579.jpg,celeba_pairs,dodging_attack,eval,VGG-Face,MI_FGSM,vanilla,0.0497642494738101,VGG-Face_MI_FGSM_adv
30,Facenet512,/content/face_module/dataset_extractedfaces/celeba_pairs/042909.jpg,/content/face_module/dataset_extractedfaces/celeba_pairs/048579.jpg,celeba_pairs,dodging_attack,eval,VGG-Face,TI_FGSM,vanilla,0.055749911814928,VGG-Face_TI_FGSM_adv
30,Facenet512,/content/face_module/dataset_extractedfaces/celeba_pairs/042909.jpg,/content/face_module/dataset_extractedfaces/celeba_pairs/048579.jpg,celeba_pairs,dodging_attack,eval,VGG-Face,SI_NI_FGSM,vanilla,0.0371457412838935,VGG-Face_SI_NI_FGSM_adv
30,Facenet512,/content/face_module/dataset_extractedfaces/celeba_pairs/042909.jpg,/content/face_module/dataset_extractedfaces/celeba_pairs/048579.jpg,celeba_pairs,dodging_attack,eval,VGG-Face,MI_ADMIX_DI_TI,vanilla,0.0481320172548294,VGG-Face_MI_ADMIX_DI_TI_adv
30,GhostFaceNet,/content/face_module/dataset_extractedfaces/celeba_pairs/042909.jpg,/content/face_module/dataset_extractedfaces/celeba_pairs/048579.jpg,celeba_pairs,dodging_attack,eval,VGG-Face,PGD,vanilla,0.1840739548206329,VGG-Face_PGD_adv
30,GhostFaceNet,/content/face_module/dataset_extractedfaces/celeba_pairs/042909.jpg,/content/face_module/dataset_extractedfaces/celeba_pairs/048579.jpg,celeba_pairs,dodging_attack,eval,VGG-Face,MI_FGSM,vanilla,0.1372047662734985,VGG-Face_MI_FGSM_adv
30,GhostFaceNet,/content/face_module/dataset_extractedfaces/celeba_pairs/042909.jpg,/content/face_module/dataset_extractedfaces/celeba_pairs/048579.jpg,celeba_pairs,dodging_attack,eval,VGG-Face,TI_FGSM,vanilla,0.1588490903377533,VGG-Face_TI_FGSM_adv
30,GhostFaceNet,/content/face_module/dataset_extractedfaces/celeba_pairs/042909.jpg,/content/face_module/dataset_extractedfaces/celeba_pairs/048579.jpg,celeba_pairs,dodging_attack,eval,VGG-Face,SI_NI_FGSM,vanilla,0.1040987968444824,VGG-Face_SI_NI_FGSM_adv
30,GhostFaceNet,/content/face_module/dataset_extractedfaces/celeba_pairs/042909.jpg,/content/face_module/dataset_extractedfaces/celeba_pairs/048579.jpg,celeba_pairs,dodging_attack,eval,VGG-Face,MI_ADMIX_DI_TI,vanilla,0.1743860691785812,VGG-Face_MI_ADMIX_DI_TI_adv
33,ArcFace,/content/face_module/dataset_extractedfaces/celeba_pairs/169016.jpg,/content/face_module/dataset_extractedfaces/celeba_pairs/171037.jpg,celeba_pairs,dodging_attack,eval,VGG-Face,clean,clean,0.758158266544342,VGG-Face_clean
33,Facenet512,/content/face_module/dataset_extractedfaces/celeba_pairs/169016.jpg,/content/face_module/dataset_extractedfaces/celeba_pairs/171037.jpg,celeba_pairs,dodging_attack,eval,VGG-Face,clean,clean,0.758158266544342,VGG-Face_clean
33,GhostFaceNet,/content/face_module/dataset_extractedfaces/celeba_pairs/169016.jpg,/content/face_module/dataset_extractedfaces/celeba_pairs/171037.jpg,celeba_pairs,dodging_attack,eval,VGG-Face,clean,clean,0.758158266544342,VGG-Face_clean
33,VGG-Face,/content/face_module/dataset_extractedfaces/celeba_pairs/169016.jpg,/content/face_module/dataset_extractedfaces/celeba_pairs/171037.jpg,celeba_pairs,dodging_attack,eval,VGG-Face,clean,clean,0.758158266544342,VGG-Face_clean
33,ArcFace,/content/face_module/dataset_extractedfaces/celeba_pairs/169016.jpg,/content/face_module/dataset_extractedfaces/celeba_pairs/171037.jpg,celeba_pairs,dodging_attack,eval,VGG-Face,PGD,vanilla,0.6185324192047119,VGG-Face_PGD_adv
33,ArcFace,/content/face_module/dataset_extractedfaces/celeba_pairs/169016.jpg,/content/face_module/dataset_extractedfaces/celeba_pairs/171037.jpg,celeba_pairs,dodging_attack,eval,VGG-Face,MI_FGSM,vanilla,0.5276273488998413,VGG-Face_MI_FGSM_adv
33,ArcFace,/content/face_module/dataset_extractedfaces/celeba_pairs/169016.jpg,/content/face_module/dataset_extractedfaces/celeba_pairs/171037.jpg,celeba_pairs,dodging_attack,eval,VGG-Face,TI_FGSM,vanilla,0.6058263182640076,VGG-Face_TI_FGSM_adv
33,ArcFace,/content/face_module/dataset_extractedfaces/celeba_pairs/169016.jpg,/content/face_module/dataset_extractedfaces/celeba_pairs/171037.jpg,celeba_pairs,dodging_attack,eval,VGG-Face,SI_NI_FGSM,vanilla,0.4784340262413025,VGG-Face_SI_NI_FGSM_adv
33,ArcFace,/content/face_module/dataset_extractedfaces/celeba_pairs/169016.jpg,/content/face_module/dataset_extractedfaces/celeba_pairs/171037.jpg,celeba_pairs,dodging_attack,eval,VGG-Face,MI_ADMIX_DI_TI,vanilla,0.5730547308921814,VGG-Face_MI_ADMIX_DI_TI_adv
33,Facenet512,/content/face_module/dataset_extractedfaces/celeba_pairs/169016.jpg,/content/face_module/dataset_extractedfaces/celeba_pairs/171037.jpg,celeba_pairs,dodging_attack,eval,VGG-Face,PGD,vanilla,0.5189558267593384,VGG-Face_PGD_adv
33,Facenet512,/content/face_module/dataset_extractedfaces/celeba_pairs/169016.jpg,/content/face_module/dataset_extractedfaces/celeba_pairs/171037.jpg,celeba_pairs,dodging_attack,eval,VGG-Face,MI_FGSM,vanilla,0.5068916082382202,VGG-Face_MI_FGSM_adv
33,Facenet512,/content/face_module/dataset_extractedfaces/celeba_pairs/169016.jpg,/content/face_module/dataset_extractedfaces/celeba_pairs/171037.jpg,celeba_pairs,dodging_attack,eval,VGG-Face,TI_FGSM,vanilla,0.5570142865180969,VGG-Face_TI_FGSM_adv
33,Facenet512,/content/face_module/dataset_extractedfaces/celeba_pairs/169016.jpg,/content/face_module/dataset_extractedfaces/celeba_pairs/171037.jpg,celeba_pairs,dodging_attack,eval,VGG-Face,SI_NI_FGSM,vanilla,0.5082529187202454,VGG-Face_SI_NI_FGSM_adv
33,Facenet512,/content/face_module/dataset_extractedfaces/celeba_pairs/169016.jpg,/content/face_module/dataset_extractedfaces/celeba_pairs/171037.jpg,celeba_pairs,dodging_attack,eval,VGG-Face,MI_ADMIX_DI_TI,vanilla,0.5601482391357422,VGG-Face_MI_ADMIX_DI_TI_adv
33,GhostFaceNet,/content/face_module/dataset_extractedfaces/celeba_pairs/169016.jpg,/content/face_module/dataset_extractedfaces/celeba_pairs/171037.jpg,celeba_pairs,dodging_attack,eval,VGG-Face,PGD,vanilla,0.7304815649986267,VGG-Face_PGD_adv
33,GhostFaceNet,/content/face_module/dataset_extractedfaces/celeba_pairs/169016.jpg,/content/face_module/dataset_extractedfaces/celeba_pairs/171037.jpg,celeba_pairs,dodging_attack,eval,VGG-Face,MI_FGSM,vanilla,0.692876935005188,VGG-Face_MI_FGSM_adv
33,GhostFaceNet,/content/face_module/dataset_extractedfaces/celeba_pairs/169016.jpg,/content/face_module/dataset_extractedfaces/celeba_pairs/171037.jpg,celeba_pairs,dodging_attack,eval,VGG-Face,TI_FGSM,vanilla,0.7250988483428955,VGG-Face_TI_FGSM_adv
33,GhostFaceNet,/content/face_module/dataset_extractedfaces/celeba_pairs/169016.jpg,/content/face_module/dataset_extractedfaces/celeba_pairs/171037.jpg,celeba_pairs,dodging_attack,eval,VGG-Face,SI_NI_FGSM,vanilla,0.6140595078468323,VGG-Face_SI_NI_FGSM_adv
33,GhostFaceNet,/content/face_module/dataset_extractedfaces/celeba_pairs/169016.jpg,/content/face_module/dataset_extractedfaces/celeba_pairs/171037.jpg,celeba_pairs,dodging_attack,eval,VGG-Face,MI_ADMIX_DI_TI,vanilla,0.6802425980567932,VGG-Face_MI_ADMIX_DI_TI_adv
1,ArcFace,/content/face_module/dataset_extractedfaces/vggface2_pairs/n000007_0113_01.jpg,/content/face_module/dataset_extractedfaces/vggface2_pairs/n000007_0122_01.jpg,vggface2_pairs,dodging_attack,eval,VGG-Face,clean,clean,0.4813994169235229,VGG-Face_clean
1,Facenet512,/content/face_module/dataset_extractedfaces/vggface2_pairs/n000007_0113_01.jpg,/content/face_module/dataset_extractedfaces/vggface2_pairs/n000007_0122_01.jpg,vggface2_pairs,dodging_attack,eval,VGG-Face,clean,clean,0.4813994169235229,VGG-Face_clean
1,GhostFaceNet,/content/face_module/dataset_extractedfaces/vggface2_pairs/n000007_0113_01.jpg,/content/face_module/dataset_extractedfaces/vggface2_pairs/n000007_0122_01.jpg,vggface2_pairs,dodging_attack,eval,VGG-Face,clean,clean,0.4813994169235229,VGG-Face_clean
1,VGG-Face,/content/face_module/dataset_extractedfaces/vggface2_pairs/n000007_0113_01.jpg,/content/face_module/dataset_extractedfaces/vggface2_pairs/n000007_0122_01.jpg,vggface2_pairs,dodging_attack,eval,VGG-Face,clean,clean,0.4813994169235229,VGG-Face_clean
1,ArcFace,/content/face_module/dataset_extractedfaces/vggface2_pairs/n000007_0113_01.jpg,/content/face_module/dataset_extractedfaces/vggface2_pairs/n000007_0122_01.jpg,vggface2_pairs,dodging_attack,eval,VGG-Face,PGD,vanilla,0.3806043863296509,VGG-Face_PGD_adv
1,ArcFace,/content/face_module/dataset_extractedfaces/vggface2_pairs/n000007_0113_01.jpg,/content/face_module/dataset_extractedfaces/vggface2_pairs/n000007_0122_01.jpg,vggface2_pairs,dodging_attack,eval,VGG-Face,MI_FGSM,vanilla,0.2777044475078583,VGG-Face_MI_FGSM_adv
1,ArcFace,/content/face_module/dataset_extractedfaces/vggface2_pairs/n000007_0113_01.jpg,/content/face_module/dataset_extractedfaces/vggface2_pairs/n000007_0122_01.jpg,vggface2_pairs,dodging_attack,eval,VGG-Face,TI_FGSM,vanilla,0.3346027731895447,VGG-Face_TI_FGSM_adv
1,ArcFace,/content/face_module/dataset_extractedfaces/vggface2_pairs/n000007_0113_01.jpg,/content/face_module/dataset_extractedfaces/vggface2_pairs/n000007_0122_01.jpg,vggface2_pairs,dodging_attack,eval,VGG-Face,SI_NI_FGSM,vanilla,0.2644247114658355,VGG-Face_SI_NI_FGSM_adv
1,ArcFace,/content/face_module/dataset_extractedfaces/vggface2_pairs/n000007_0113_01.jpg,/content/face_module/dataset_extractedfaces/vggface2_pairs/n000007_0122_01.jpg,vggface2_pairs,dodging_attack,eval,VGG-Face,MI_ADMIX_DI_TI,vanilla,0.3170647323131561,VGG-Face_MI_ADMIX_DI_TI_adv
1,Facenet512,/content/face_module/dataset_extractedfaces/vggface2_pairs/n000007_0113_01.jpg,/content/face_module/dataset_extractedfaces/vggface2_pairs/n000007_0122_01.jpg,vggface2_pairs,dodging_attack,eval,VGG-Face,PGD,vanilla,0.2146571725606918,VGG-Face_PGD_adv
1,Facenet512,/content/face_module/dataset_extractedfaces/vggface2_pairs/n000007_0113_01.jpg,/content/face_module/dataset_extractedfaces/vggface2_pairs/n000007_0122_01.jpg,vggface2_pairs,dodging_attack,eval,VGG-Face,MI_FGSM,vanilla,0.147123321890831,VGG-Face_MI_FGSM_adv
1,Facenet512,/content/face_module/dataset_extractedfaces/vggface2_pairs/n000007_0113_01.jpg,/content/face_module/dataset_extractedfaces/vggface2_pairs/n000007_0122_01.jpg,vggface2_pairs,dodging_attack,eval,VGG-Face,TI_FGSM,vanilla,0.2235147953033447,VGG-Face_TI_FGSM_adv
1,Facenet512,/content/face_module/dataset_extractedfaces/vggface2_pairs/n000007_0113_01.jpg,/content/face_module/dataset_extractedfaces/vggface2_pairs/n000007_0122_01.jpg,vggface2_pairs,dodging_attack,eval,VGG-Face,SI_NI_FGSM,vanilla,0.0903561785817146,VGG-Face_SI_NI_FGSM_adv
1,Facenet512,/content/face_module/dataset_extractedfaces/vggface2_pairs/n000007_0113_01.jpg,/content/face_module/dataset_extractedfaces/vggface2_pairs/n000007_0122_01.jpg,vggface2_pairs,dodging_attack,eval,VGG-Face,MI_ADMIX_DI_TI,vanilla,0.3126910328865051,VGG-Face_MI_ADMIX_DI_TI_adv
1,GhostFaceNet,/content/face_module/dataset_extractedfaces/vggface2_pairs/n000007_0113_01.jpg,/content/face_module/dataset_extractedfaces/vggface2_pairs/n000007_0122_01.jpg,vggface2_pairs,dodging_attack,eval,VGG-Face,PGD,vanilla,0.4741211831569671,VGG-Face_PGD_adv
1,GhostFaceNet,/content/face_module/dataset_extractedfaces/vggface2_pairs/n000007_0113_01.jpg,/content/face_module/dataset_extractedfaces/vggface2_pairs/n000007_0122_01.jpg,vggface2_pairs,dodging_attack,eval,VGG-Face,MI_FGSM,vanilla,0.428242027759552,VGG-Face_MI_FGSM_adv
1,GhostFaceNet,/content/face_module/dataset_extractedfaces/vggface2_pairs/n000007_0113_01.jpg,/content/face_module/dataset_extractedfaces/vggface2_pairs/n000007_0122_01.jpg,vggface2_pairs,dodging_attack,eval,VGG-Face,TI_FGSM,vanilla,0.4531210958957672,VGG-Face_TI_FGSM_adv
1,GhostFaceNet,/content/face_module/dataset_extractedfaces/vggface2_pairs/n000007_0113_01.jpg,/content/face_module/dataset_extractedfaces/vggface2_pairs/n000007_0122_01.jpg,vggface2_pairs,dodging_attack,eval,VGG-Face,SI_NI_FGSM,vanilla,0.4292587339878082,VGG-Face_SI_NI_FGSM_adv
1,GhostFaceNet,/content/face_module/dataset_extractedfaces/vggface2_pairs/n000007_0113_01.jpg,/content/face_module/dataset_extractedfaces/vggface2_pairs/n000007_0122_01.jpg,vggface2_pairs,dodging_attack,eval,VGG-Face,MI_ADMIX_DI_TI,vanilla,0.4570688307285309,VGG-Face_MI_ADMIX_DI_TI_adv
4,ArcFace,/content/face_module/dataset_extractedfaces/vggface2_pairs/n000008_0256_01.jpg,/content/face_module/dataset_extractedfaces/vggface2_pairs/n000008_0348_01.jpg,vggface2_pairs,dodging_attack,eval,VGG-Face,clean,clean,0.198562815785408,VGG-Face_clean
4,Facenet512,/content/face_module/dataset_extractedfaces/vggface2_pairs/n000008_0256_01.jpg,/content/face_module/dataset_extractedfaces/vggface2_pairs/n000008_0348_01.jpg,vggface2_pairs,dodging_attack,eval,VGG-Face,clean,clean,0.198562815785408,VGG-Face_clean
4,GhostFaceNet,/content/face_module/dataset_extractedfaces/vggface2_pairs/n000008_0256_01.jpg,/content/face_module/dataset_extractedfaces/vggface2_pairs/n000008_0348_01.jpg,vggface2_pairs,dodging_attack,eval,VGG-Face,clean,clean,0.198562815785408,VGG-Face_clean
4,VGG-Face,/content/face_module/dataset_extractedfaces/vggface2_pairs/n000008_0256_01.jpg,/content/face_module/dataset_extractedfaces/vggface2_pairs/n000008_0348_01.jpg,vggface2_pairs,dodging_attack,eval,VGG-Face,clean,clean,0.198562815785408,VGG-Face_clean
4,ArcFace,/content/face_module/dataset_extractedfaces/vggface2_pairs/n000008_0256_01.jpg,/content/face_module/dataset_extractedfaces/vggface2_pairs/n000008_0348_01.jpg,vggface2_pairs,dodging_attack,eval,VGG-Face,PGD,vanilla,0.2015696167945861,VGG-Face_PGD_adv
4,ArcFace,/content/face_module/dataset_extractedfaces/vggface2_pairs/n000008_0256_01.jpg,/content/face_module/dataset_extractedfaces/vggface2_pairs/n000008_0348_01.jpg,vggface2_pairs,dodging_attack,eval,VGG-Face,MI_FGSM,vanilla,0.2005120664834976,VGG-Face_MI_FGSM_adv
4,ArcFace,/content/face_module/dataset_extractedfaces/vggface2_pairs/n000008_0256_01.jpg,/content/face_module/dataset_extractedfaces/vggface2_pairs/n000008_0348_01.jpg,vggface2_pairs,dodging_attack,eval,VGG-Face,TI_FGSM,vanilla,0.2020872384309768,VGG-Face_TI_FGSM_adv
4,ArcFace,/content/face_module/dataset_extractedfaces/vggface2_pairs/n000008_0256_01.jpg,/content/face_module/dataset_extractedfaces/vggface2_pairs/n000008_0348_01.jpg,vggface2_pairs,dodging_attack,eval,VGG-Face,SI_NI_FGSM,vanilla,0.1751739233732223,VGG-Face_SI_NI_FGSM_adv
4,ArcFace,/content/face_module/dataset_extractedfaces/vggface2_pairs/n000008_0256_01.jpg,/content/face_module/dataset_extractedfaces/vggface2_pairs/n000008_0348_01.jpg,vggface2_pairs,dodging_attack,eval,VGG-Face,MI_ADMIX_DI_TI,vanilla,0.1959772408008575,VGG-Face_MI_ADMIX_DI_TI_adv
4,Facenet512,/content/face_module/dataset_extractedfaces/vggface2_pairs/n000008_0256_01.jpg,/content/face_module/dataset_extractedfaces/vggface2_pairs/n000008_0348_01.jpg,vggface2_pairs,dodging_attack,eval,VGG-Face,PGD,vanilla,0.1752472221851349,VGG-Face_PGD_adv
4,Facenet512,/content/face_module/dataset_extractedfaces/vggface2_pairs/n000008_0256_01.jpg,/content/face_module/dataset_extractedfaces/vggface2_pairs/n000008_0348_01.jpg,vggface2_pairs,dodging_attack,eval,VGG-Face,MI_FGSM,vanilla,0.1205915436148643,VGG-Face_MI_FGSM_adv
4,Facenet512,/content/face_module/dataset_extractedfaces/vggface2_pairs/n000008_0256_01.jpg,/content/face_module/dataset_extractedfaces/vggface2_pairs/n000008_0348_01.jpg,vggface2_pairs,dodging_attack,eval,VGG-Face,TI_FGSM,vanilla,0.152762085199356,VGG-Face_TI_FGSM_adv
4,Facenet512,/content/face_module/dataset_extractedfaces/vggface2_pairs/n000008_0256_01.jpg,/content/face_module/dataset_extractedfaces/vggface2_pairs/n000008_0348_01.jpg,vggface2_pairs,dodging_attack,eval,VGG-Face,SI_NI_FGSM,vanilla,0.1310639381408691,VGG-Face_SI_NI_FGSM_adv
4,Facenet512,/content/face_module/dataset_extractedfaces/vggface2_pairs/n000008_0256_01.jpg,/content/face_module/dataset_extractedfaces/vggface2_pairs/n000008_0348_01.jpg,vggface2_pairs,dodging_attack,eval,VGG-Face,MI_ADMIX_DI_TI,vanilla,0.1083230301737785,VGG-Face_MI_ADMIX_DI_TI_adv
4,GhostFaceNet,/content/face_module/dataset_extractedfaces/vggface2_pairs/n000008_0256_01.jpg,/content/face_module/dataset_extractedfaces/vggface2_pairs/n000008_0348_01.jpg,vggface2_pairs,dodging_attack,eval,VGG-Face,PGD,vanilla,0.1929864138364792,VGG-Face_PGD_adv
4,GhostFaceNet,/content/face_module/dataset_extractedfaces/vggface2_pairs/n000008_0256_01.jpg,/content/face_module/dataset_extractedfaces/vggface2_pairs/n000008_0348_01.jpg,vggface2_pairs,dodging_attack,eval,VGG-Face,MI_FGSM,vanilla,0.1939984560012817,VGG-Face_MI_FGSM_adv
4,GhostFaceNet,/content/face_module/dataset_extractedfaces/vggface2_pairs/n000008_0256_01.jpg,/content/face_module/dataset_extractedfaces/vggface2_pairs/n000008_0348_01.jpg,vggface2_pairs,dodging_attack,eval,VGG-Face,TI_FGSM,vanilla,0.1821145862340927,VGG-Face_TI_FGSM_adv
4,GhostFaceNet,/content/face_module/dataset_extractedfaces/vggface2_pairs/n000008_0256_01.jpg,/content/face_module/dataset_extractedfaces/vggface2_pairs/n000008_0348_01.jpg,vggface2_pairs,dodging_attack,eval,VGG-Face,SI_NI_FGSM,vanilla,0.1676972806453704,VGG-Face_SI_NI_FGSM_adv
4,GhostFaceNet,/content/face_module/dataset_extractedfaces/vggface2_pairs/n000008_0256_01.jpg,/content/face_module/dataset_extractedfaces/vggface2_pairs/n000008_0348_01.jpg,vggface2_pairs,dodging_attack,eval,VGG-Face,MI_ADMIX_DI_TI,vanilla,0.19561867415905,VGG-Face_MI_ADMIX_DI_TI_adv
7,ArcFace,/content/face_module/dataset_extractedfaces/vggface2_pairs/n000010_0058_01.jpg,/content/face_module/dataset_extractedfaces/vggface2_pairs/n000010_0081_01.jpg,vggface2_pairs,dodging_attack,eval,VGG-Face,clean,clean,0.333647072315216,VGG-Face_clean
7,Facenet512,/content/face_module/dataset_extractedfaces/vggface2_pairs/n000010_0058_01.jpg,/content/face_module/dataset_extractedfaces/vggface2_pairs/n000010_0081_01.jpg,vggface2_pairs,dodging_attack,eval,VGG-Face,clean,clean,0.333647072315216,VGG-Face_clean
7,GhostFaceNet,/content/face_module/dataset_extractedfaces/vggface2_pairs/n000010_0058_01.jpg,/content/face_module/dataset_extractedfaces/vggface2_pairs/n000010_0081_01.jpg,vggface2_pairs,dodging_attack,eval,VGG-Face,clean,clean,0.333647072315216,VGG-Face_clean
7,VGG-Face,/content/face_module/dataset_extractedfaces/vggface2_pairs/n000010_0058_01.jpg,/content/face_module/dataset_extractedfaces/vggface2_pairs/n000010_0081_01.jpg,vggface2_pairs,dodging_attack,eval,VGG-Face,clean,clean,0.333647072315216,VGG-Face_clean
7,ArcFace,/content/face_module/dataset_extractedfaces/vggface2_pairs/n000010_0058_01.jpg,/content/face_module/dataset_extractedfaces/vggface2_pairs/n000010_0081_01.jpg,vggface2_pairs,dodging_attack,eval,VGG-Face,PGD,vanilla,0.2381267994642257,VGG-Face_PGD_adv
7,ArcFace,/content/face_module/dataset_extractedfaces/vggface2_pairs/n000010_0058_01.jpg,/content/face_module/dataset_extractedfaces/vggface2_pairs/n000010_0081_01.jpg,vggface2_pairs,dodging_attack,eval,VGG-Face,MI_FGSM,vanilla,0.1842637807130813,VGG-Face_MI_FGSM_adv
7,ArcFace,/content/face_module/dataset_extractedfaces/vggface2_pairs/n000010_0058_01.jpg,/content/face_module/dataset_extractedfaces/vggface2_pairs/n000010_0081_01.jpg,vggface2_pairs,dodging_attack,eval,VGG-Face,TI_FGSM,vanilla,0.167421668767929,VGG-Face_TI_FGSM_adv
7,ArcFace,/content/face_module/dataset_extractedfaces/vggface2_pairs/n000010_0058_01.jpg,/content/face_module/dataset_extractedfaces/vggface2_pairs/n000010_0081_01.jpg,vggface2_pairs,dodging_attack,eval,VGG-Face,SI_NI_FGSM,vanilla,0.1403764486312866,VGG-Face_SI_NI_FGSM_adv
7,ArcFace,/content/face_module/dataset_extractedfaces/vggface2_pairs/n000010_0058_01.jpg,/content/face_module/dataset_extractedfaces/vggface2_pairs/n000010_0081_01.jpg,vggface2_pairs,dodging_attack,eval,VGG-Face,MI_ADMIX_DI_TI,vanilla,0.1740586012601852,VGG-Face_MI_ADMIX_DI_TI_adv
7,Facenet512,/content/face_module/dataset_extractedfaces/vggface2_pairs/n000010_0058_01.jpg,/content/face_module/dataset_extractedfaces/vggface2_pairs/n000010_0081_01.jpg,vggface2_pairs,dodging_attack,eval,VGG-Face,PGD,vanilla,0.1578530520200729,VGG-Face_PGD_adv
7,Facenet512,/content/face_module/dataset_extractedfaces/vggface2_pairs/n000010_0058_01.jpg,/content/face_module/dataset_extractedfaces/vggface2_pairs/n000010_0081_01.jpg,vggface2_pairs,dodging_attack,eval,VGG-Face,MI_FGSM,vanilla,0.1388437747955322,VGG-Face_MI_FGSM_adv
7,Facenet512,/content/face_module/dataset_extractedfaces/vggface2_pairs/n000010_0058_01.jpg,/content/face_module/dataset_extractedfaces/vggface2_pairs/n000010_0081_01.jpg,vggface2_pairs,dodging_attack,eval,VGG-Face,TI_FGSM,vanilla,0.2093567997217178,VGG-Face_TI_FGSM_adv
7,Facenet512,/content/face_module/dataset_extractedfaces/vggface2_pairs/n000010_0058_01.jpg,/content/face_module/dataset_extractedfaces/vggface2_pairs/n000010_0081_01.jpg,vggface2_pairs,dodging_attack,eval,VGG-Face,SI_NI_FGSM,vanilla,0.1448297947645187,VGG-Face_SI_NI_FGSM_adv
7,Facenet512,/content/face_module/dataset_extractedfaces/vggface2_pairs/n000010_0058_01.jpg,/content/face_module/dataset_extractedfaces/vggface2_pairs/n000010_0081_01.jpg,vggface2_pairs,dodging_attack,eval,VGG-Face,MI_ADMIX_DI_TI,vanilla,0.1948134452104568,VGG-Face_MI_ADMIX_DI_TI_adv
7,GhostFaceNet,/content/face_module/dataset_extractedfaces/vggface2_pairs/n000010_0058_01.jpg,/content/face_module/dataset_extractedfaces/vggface2_pairs/n000010_0081_01.jpg,vggface2_pairs,dodging_attack,eval,VGG-Face,PGD,vanilla,0.2855189740657806,VGG-Face_PGD_adv
7,GhostFaceNet,/content/face_module/dataset_extractedfaces/vggface2_pairs/n000010_0058_01.jpg,/content/face_module/dataset_extractedfaces/vggface2_pairs/n000010_0081_01.jpg,vggface2_pairs,dodging_attack,eval,VGG-Face,MI_FGSM,vanilla,0.201212540268898,VGG-Face_MI_FGSM_adv
7,GhostFaceNet,/content/face_module/dataset_extractedfaces/vggface2_pairs/n000010_0058_01.jpg,/content/face_module/dataset_extractedfaces/vggface2_pairs/n000010_0081_01.jpg,vggface2_pairs,dodging_attack,eval,VGG-Face,TI_FGSM,vanilla,0.226484939455986,VGG-Face_TI_FGSM_adv
7,GhostFaceNet,/content/face_module/dataset_extractedfaces/vggface2_pairs/n000010_0058_01.jpg,/content/face_module/dataset_extractedfaces/vggface2_pairs/n000010_0081_01.jpg,vggface2_pairs,dodging_attack,eval,VGG-Face,SI_NI_FGSM,vanilla,0.2175773978233337,VGG-Face_SI_NI_FGSM_adv
7,GhostFaceNet,/content/face_module/dataset_extractedfaces/vggface2_pairs/n000010_0058_01.jpg,/content/face_module/dataset_extractedfaces/vggface2_pairs/n000010_0081_01.jpg,vggface2_pairs,dodging_attack,eval,VGG-Face,MI_ADMIX_DI_TI,vanilla,0.194215252995491,VGG-Face_MI_ADMIX_DI_TI_adv
10,ArcFace,/content/face_module/dataset_extractedfaces/vggface2_pairs/n000005_0022_01.jpg,/content/face_module/dataset_extractedfaces/vggface2_pairs/n000005_0076_01.jpg,vggface2_pairs,dodging_attack,eval,VGG-Face,clean,clean,0.5038789510726929,VGG-Face_clean
10,Facenet512,/content/face_module/dataset_extractedfaces/vggface2_pairs/n000005_0022_01.jpg,/content/face_module/dataset_extractedfaces/vggface2_pairs/n000005_0076_01.jpg,vggface2_pairs,dodging_attack,eval,VGG-Face,clean,clean,0.5038789510726929,VGG-Face_clean
10,GhostFaceNet,/content/face_module/dataset_extractedfaces/vggface2_pairs/n000005_0022_01.jpg,/content/face_module/dataset_extractedfaces/vggface2_pairs/n000005_0076_01.jpg,vggface2_pairs,dodging_attack,eval,VGG-Face,clean,clean,0.5038789510726929,VGG-Face_clean
10,VGG-Face,/content/face_module/dataset_extractedfaces/vggface2_pairs/n000005_0022_01.jpg,/content/face_module/dataset_extractedfaces/vggface2_pairs/n000005_0076_01.jpg,vggface2_pairs,dodging_attack,eval,VGG-Face,clean,clean,0.5038789510726929,VGG-Face_clean
10,ArcFace,/content/face_module/dataset_extractedfaces/vggface2_pairs/n000005_0022_01.jpg,/content/face_module/dataset_extractedfaces/vggface2_pairs/n000005_0076_01.jpg,vggface2_pairs,dodging_attack,eval,VGG-Face,PGD,vanilla,0.4339167773723602,VGG-Face_PGD_adv
10,ArcFace,/content/face_module/dataset_extractedfaces/vggface2_pairs/n000005_0022_01.jpg,/content/face_module/dataset_extractedfaces/vggface2_pairs/n000005_0076_01.jpg,vggface2_pairs,dodging_attack,eval,VGG-Face,MI_FGSM,vanilla,0.3592793643474579,VGG-Face_MI_FGSM_adv
10,ArcFace,/content/face_module/dataset_extractedfaces/vggface2_pairs/n000005_0022_01.jpg,/content/face_module/dataset_extractedfaces/vggface2_pairs/n000005_0076_01.jpg,vggface2_pairs,dodging_attack,eval,VGG-Face,TI_FGSM,vanilla,0.418645292520523,VGG-Face_TI_FGSM_adv
10,ArcFace,/content/face_module/dataset_extractedfaces/vggface2_pairs/n000005_0022_01.jpg,/content/face_module/dataset_extractedfaces/vggface2_pairs/n000005_0076_01.jpg,vggface2_pairs,dodging_attack,eval,VGG-Face,SI_NI_FGSM,vanilla,0.3414034843444824,VGG-Face_SI_NI_FGSM_adv
10,ArcFace,/content/face_module/dataset_extractedfaces/vggface2_pairs/n000005_0022_01.jpg,/content/face_module/dataset_extractedfaces/vggface2_pairs/n000005_0076_01.jpg,vggface2_pairs,dodging_attack,eval,VGG-Face,MI_ADMIX_DI_TI,vanilla,0.4186782836914062,VGG-Face_MI_ADMIX_DI_TI_adv
10,Facenet512,/content/face_module/dataset_extractedfaces/vggface2_pairs/n000005_0022_01.jpg,/content/face_module/dataset_extractedfaces/vggface2_pairs/n000005_0076_01.jpg,vggface2_pairs,dodging_attack,eval,VGG-Face,PGD,vanilla,0.3165752291679382,VGG-Face_PGD_adv
10,Facenet512,/content/face_module/dataset_extractedfaces/vggface2_pairs/n000005_0022_01.jpg,/content/face_module/dataset_extractedfaces/vggface2_pairs/n000005_0076_01.jpg,vggface2_pairs,dodging_attack,eval,VGG-Face,MI_FGSM,vanilla,0.2377378046512603,VGG-Face_MI_FGSM_adv
10,Facenet512,/content/face_module/dataset_extractedfaces/vggface2_pairs/n000005_0022_01.jpg,/content/face_module/dataset_extractedfaces/vggface2_pairs/n000005_0076_01.jpg,vggface2_pairs,dodging_attack,eval,VGG-Face,TI_FGSM,vanilla,0.2437116950750351,VGG-Face_TI_FGSM_adv
10,Facenet512,/content/face_module/dataset_extractedfaces/vggface2_pairs/n000005_0022_01.jpg,/content/face_module/dataset_extractedfaces/vggface2_pairs/n000005_0076_01.jpg,vggface2_pairs,dodging_attack,eval,VGG-Face,SI_NI_FGSM,vanilla,0.158379852771759,VGG-Face_SI_NI_FGSM_adv
10,Facenet512,/content/face_module/dataset_extractedfaces/vggface2_pairs/n000005_0022_01.jpg,/content/face_module/dataset_extractedfaces/vggface2_pairs/n000005_0076_01.jpg,vggface2_pairs,dodging_attack,eval,VGG-Face,MI_ADMIX_DI_TI,vanilla,0.2115453481674194,VGG-Face_MI_ADMIX_DI_TI_adv
10,GhostFaceNet,/content/face_module/dataset_extractedfaces/vggface2_pairs/n000005_0022_01.jpg,/content/face_module/dataset_extractedfaces/vggface2_pairs/n000005_0076_01.jpg,vggface2_pairs,dodging_attack,eval,VGG-Face,PGD,vanilla,0.4348887801170349,VGG-Face_PGD_adv
10,GhostFaceNet,/content/face_module/dataset_extractedfaces/vggface2_pairs/n000005_0022_01.jpg,/content/face_module/dataset_extractedfaces/vggface2_pairs/n000005_0076_01.jpg,vggface2_pairs,dodging_attack,eval,VGG-Face,MI_FGSM,vanilla,0.4275974035263061,VGG-Face_MI_FGSM_adv
10,GhostFaceNet,/content/face_module/dataset_extractedfaces/vggface2_pairs/n000005_0022_01.jpg,/content/face_module/dataset_extractedfaces/vggface2_pairs/n000005_0076_01.jpg,vggface2_pairs,dodging_attack,eval,VGG-Face,TI_FGSM,vanilla,0.4351877272129059,VGG-Face_TI_FGSM_adv
10,GhostFaceNet,/content/face_module/dataset_extractedfaces/vggface2_pairs/n000005_0022_01.jpg,/content/face_module/dataset_extractedfaces/vggface2_pairs/n000005_0076_01.jpg,vggface2_pairs,dodging_attack,eval,VGG-Face,SI_NI_FGSM,vanilla,0.3745851516723633,VGG-Face_SI_NI_FGSM_adv
10,GhostFaceNet,/content/face_module/dataset_extractedfaces/vggface2_pairs/n000005_0022_01.jpg,/content/face_module/dataset_extractedfaces/vggface2_pairs/n000005_0076_01.jpg,vggface2_pairs,dodging_attack,eval,VGG-Face,MI_ADMIX_DI_TI,vanilla,0.4720879197120666,VGG-Face_MI_ADMIX_DI_TI_adv
11,ArcFace,/content/face_module/dataset_extractedfaces/vggface2_pairs/n000007_0176_01.jpg,/content/face_module/dataset_extractedfaces/vggface2_pairs/n000007_0335_03.jpg,vggface2_pairs,dodging_attack,eval,VGG-Face,clean,clean,0.4585452973842621,VGG-Face_clean
11,Facenet512,/content/face_module/dataset_extractedfaces/vggface2_pairs/n000007_0176_01.jpg,/content/face_module/dataset_extractedfaces/vggface2_pairs/n000007_0335_03.jpg,vggface2_pairs,dodging_attack,eval,VGG-Face,clean,clean,0.4585452973842621,VGG-Face_clean
11,GhostFaceNet,/content/face_module/dataset_extractedfaces/vggface2_pairs/n000007_0176_01.jpg,/content/face_module/dataset_extractedfaces/vggface2_pairs/n000007_0335_03.jpg,vggface2_pairs,dodging_attack,eval,VGG-Face,clean,clean,0.4585452973842621,VGG-Face_clean
11,VGG-Face,/content/face_module/dataset_extractedfaces/vggface2_pairs/n000007_0176_01.jpg,/content/face_module/dataset_extractedfaces/vggface2_pairs/n000007_0335_03.jpg,vggface2_pairs,dodging_attack,eval,VGG-Face,clean,clean,0.4585452973842621,VGG-Face_clean
11,ArcFace,/content/face_module/dataset_extractedfaces/vggface2_pairs/n000007_0176_01.jpg,/content/face_module/dataset_extractedfaces/vggface2_pairs/n000007_0335_03.jpg,vggface2_pairs,dodging_attack,eval,VGG-Face,PGD,vanilla,0.3883216977119446,VGG-Face_PGD_adv
11,ArcFace,/content/face_module/dataset_extractedfaces/vggface2_pairs/n000007_0176_01.jpg,/content/face_module/dataset_extractedfaces/vggface2_pairs/n000007_0335_03.jpg,vggface2_pairs,dodging_attack,eval,VGG-Face,MI_FGSM,vanilla,0.3995398581027984,VGG-Face_MI_FGSM_adv
11,ArcFace,/content/face_module/dataset_extractedfaces/vggface2_pairs/n000007_0176_01.jpg,/content/face_module/dataset_extractedfaces/vggface2_pairs/n000007_0335_03.jpg,vggface2_pairs,dodging_attack,eval,VGG-Face,TI_FGSM,vanilla,0.3860147595405578,VGG-Face_TI_FGSM_adv
11,ArcFace,/content/face_module/dataset_extractedfaces/vggface2_pairs/n000007_0176_01.jpg,/content/face_module/dataset_extractedfaces/vggface2_pairs/n000007_0335_03.jpg,vggface2_pairs,dodging_attack,eval,VGG-Face,SI_NI_FGSM,vanilla,0.3282874822616577,VGG-Face_SI_NI_FGSM_adv
11,ArcFace,/content/face_module/dataset_extractedfaces/vggface2_pairs/n000007_0176_01.jpg,/content/face_module/dataset_extractedfaces/vggface2_pairs/n000007_0335_03.jpg,vggface2_pairs,dodging_attack,eval,VGG-Face,MI_ADMIX_DI_TI,vanilla,0.4050866961479187,VGG-Face_MI_ADMIX_DI_TI_adv
11,Facenet512,/content/face_module/dataset_extractedfaces/vggface2_pairs/n000007_0176_01.jpg,/content/face_module/dataset_extractedfaces/vggface2_pairs/n000007_0335_03.jpg,vggface2_pairs,dodging_attack,eval,VGG-Face,PGD,vanilla,0.2444048523902893,VGG-Face_PGD_adv
11,Facenet512,/content/face_module/dataset_extractedfaces/vggface2_pairs/n000007_0176_01.jpg,/content/face_module/dataset_extractedfaces/vggface2_pairs/n000007_0335_03.jpg,vggface2_pairs,dodging_attack,eval,VGG-Face,MI_FGSM,vanilla,0.1829738020896911,VGG-Face_MI_FGSM_adv
11,Facenet512,/content/face_module/dataset_extractedfaces/vggface2_pairs/n000007_0176_01.jpg,/content/face_module/dataset_extractedfaces/vggface2_pairs/n000007_0335_03.jpg,vggface2_pairs,dodging_attack,eval,VGG-Face,TI_FGSM,vanilla,0.1884682029485702,VGG-Face_TI_FGSM_adv
11,Facenet512,/content/face_module/dataset_extractedfaces/vggface2_pairs/n000007_0176_01.jpg,/content/face_module/dataset_extractedfaces/vggface2_pairs/n000007_0335_03.jpg,vggface2_pairs,dodging_attack,eval,VGG-Face,SI_NI_FGSM,vanilla,0.1496509611606598,VGG-Face_SI_NI_FGSM_adv
11,Facenet512,/content/face_module/dataset_extractedfaces/vggface2_pairs/n000007_0176_01.jpg,/content/face_module/dataset_extractedfaces/vggface2_pairs/n000007_0335_03.jpg,vggface2_pairs,dodging_attack,eval,VGG-Face,MI_ADMIX_DI_TI,vanilla,0.2068705558776855,VGG-Face_MI_ADMIX_DI_TI_adv
11,GhostFaceNet,/content/face_module/dataset_extractedfaces/vggface2_pairs/n000007_0176_01.jpg,/content/face_module/dataset_extractedfaces/vggface2_pairs/n000007_0335_03.jpg,vggface2_pairs,dodging_attack,eval,VGG-Face,PGD,vanilla,0.3856720924377441,VGG-Face_PGD_adv
11,GhostFaceNet,/content/face_module/dataset_extractedfaces/vggface2_pairs/n000007_0176_01.jpg,/content/face_module/dataset_extractedfaces/vggface2_pairs/n000007_0335_03.jpg,vggface2_pairs,dodging_attack,eval,VGG-Face,MI_FGSM,vanilla,0.3787540793418884,VGG-Face_MI_FGSM_adv
11,GhostFaceNet,/content/face_module/dataset_extractedfaces/vggface2_pairs/n000007_0176_01.jpg,/content/face_module/dataset_extractedfaces/vggface2_pairs/n000007_0335_03.jpg,vggface2_pairs,dodging_attack,eval,VGG-Face,TI_FGSM,vanilla,0.4156737923622131,VGG-Face_TI_FGSM_adv
11,GhostFaceNet,/content/face_module/dataset_extractedfaces/vggface2_pairs/n000007_0176_01.jpg,/content/face_module/dataset_extractedfaces/vggface2_pairs/n000007_0335_03.jpg,vggface2_pairs,dodging_attack,eval,VGG-Face,SI_NI_FGSM,vanilla,0.3982755243778229,VGG-Face_SI_NI_FGSM_adv
11,GhostFaceNet,/content/face_module/dataset_extractedfaces/vggface2_pairs/n000007_0176_01.jpg,/content/face_module/dataset_extractedfaces/vggface2_pairs/n000007_0335_03.jpg,vggface2_pairs,dodging_attack,eval,VGG-Face,MI_ADMIX_DI_TI,vanilla,0.385989785194397,VGG-Face_MI_ADMIX_DI_TI_adv
0,ArcFace,/content/face_module/dataset_extractedfaces/lfw_pairs/Renee Zellweger_1.jpg,/content/face_module/dataset_extractedfaces/lfw_pairs/Catherine Deneuve_2.jpg,lfw_pairs,impersonation_attack,eval,IR152,clean,clean,0.0082017853856086,IR152_clean
0,Facenet512,/content/face_module/dataset_extractedfaces/lfw_pairs/Renee Zellweger_1.jpg,/content/face_module/dataset_extractedfaces/lfw_pairs/Catherine Deneuve_2.jpg,lfw_pairs,impersonation_attack,eval,IR152,clean,clean,0.0082017853856086,IR152_clean
0,GhostFaceNet,/content/face_module/dataset_extractedfaces/lfw_pairs/Renee Zellweger_1.jpg,/content/face_module/dataset_extractedfaces/lfw_pairs/Catherine Deneuve_2.jpg,lfw_pairs,impersonation_attack,eval,IR152,clean,clean,0.0082017853856086,IR152_clean
0,VGG-Face,/content/face_module/dataset_extractedfaces/lfw_pairs/Renee Zellweger_1.jpg,/content/face_module/dataset_extractedfaces/lfw_pairs/Catherine Deneuve_2.jpg,lfw_pairs,impersonation_attack,eval,IR152,clean,clean,0.0082017853856086,IR152_clean
0,ArcFace,/content/face_module/dataset_extractedfaces/lfw_pairs/Renee Zellweger_1.jpg,/content/face_module/dataset_extractedfaces/lfw_pairs/Catherine Deneuve_2.jpg,lfw_pairs,impersonation_attack,eval,IR152,PGD,vanilla,0.2252350002527237,IR152_PGD_adv
0,ArcFace,/content/face_module/dataset_extractedfaces/lfw_pairs/Renee Zellweger_1.jpg,/content/face_module/dataset_extractedfaces/lfw_pairs/Catherine Deneuve_2.jpg,lfw_pairs,impersonation_attack,eval,IR152,MI_FGSM,vanilla,0.3555991649627685,IR152_MI_FGSM_adv
0,ArcFace,/content/face_module/dataset_extractedfaces/lfw_pairs/Renee Zellweger_1.jpg,/content/face_module/dataset_extractedfaces/lfw_pairs/Catherine Deneuve_2.jpg,lfw_pairs,impersonation_attack,eval,IR152,TI_FGSM,vanilla,0.3138383626937866,IR152_TI_FGSM_adv
0,ArcFace,/content/face_module/dataset_extractedfaces/lfw_pairs/Renee Zellweger_1.jpg,/content/face_module/dataset_extractedfaces/lfw_pairs/Catherine Deneuve_2.jpg,lfw_pairs,impersonation_attack,eval,IR152,SI_NI_FGSM,vanilla,0.4920087456703186,IR152_SI_NI_FGSM_adv
0,ArcFace,/content/face_module/dataset_extractedfaces/lfw_pairs/Renee Zellweger_1.jpg,/content/face_module/dataset_extractedfaces/lfw_pairs/Catherine Deneuve_2.jpg,lfw_pairs,impersonation_attack,eval,IR152,MI_ADMIX_DI_TI,vanilla,0.2727442979812622,IR152_MI_ADMIX_DI_TI_adv
0,Facenet512,/content/face_module/dataset_extractedfaces/lfw_pairs/Renee Zellweger_1.jpg,/content/face_module/dataset_extractedfaces/lfw_pairs/Catherine Deneuve_2.jpg,lfw_pairs,impersonation_attack,eval,IR152,PGD,vanilla,0.2115045636892318,IR152_PGD_adv
0,Facenet512,/content/face_module/dataset_extractedfaces/lfw_pairs/Renee Zellweger_1.jpg,/content/face_module/dataset_extractedfaces/lfw_pairs/Catherine Deneuve_2.jpg,lfw_pairs,impersonation_attack,eval,IR152,MI_FGSM,vanilla,0.3973648250102997,IR152_MI_FGSM_adv
0,Facenet512,/content/face_module/dataset_extractedfaces/lfw_pairs/Renee Zellweger_1.jpg,/content/face_module/dataset_extractedfaces/lfw_pairs/Catherine Deneuve_2.jpg,lfw_pairs,impersonation_attack,eval,IR152,TI_FGSM,vanilla,0.2805824279785156,IR152_TI_FGSM_adv
0,Facenet512,/content/face_module/dataset_extractedfaces/lfw_pairs/Renee Zellweger_1.jpg,/content/face_module/dataset_extractedfaces/lfw_pairs/Catherine Deneuve_2.jpg,lfw_pairs,impersonation_attack,eval,IR152,SI_NI_FGSM,vanilla,0.3987459540367126,IR152_SI_NI_FGSM_adv
0,Facenet512,/content/face_module/dataset_extractedfaces/lfw_pairs/Renee Zellweger_1.jpg,/content/face_module/dataset_extractedfaces/lfw_pairs/Catherine Deneuve_2.jpg,lfw_pairs,impersonation_attack,eval,IR152,MI_ADMIX_DI_TI,vanilla,0.3232120275497436,IR152_MI_ADMIX_DI_TI_adv
0,GhostFaceNet,/content/face_module/dataset_extractedfaces/lfw_pairs/Renee Zellweger_1.jpg,/content/face_module/dataset_extractedfaces/lfw_pairs/Catherine Deneuve_2.jpg,lfw_pairs,impersonation_attack,eval,IR152,PGD,vanilla,0.0323153287172317,IR152_PGD_adv
0,GhostFaceNet,/content/face_module/dataset_extractedfaces/lfw_pairs/Renee Zellweger_1.jpg,/content/face_module/dataset_extractedfaces/lfw_pairs/Catherine Deneuve_2.jpg,lfw_pairs,impersonation_attack,eval,IR152,MI_FGSM,vanilla,0.1319427639245987,IR152_MI_FGSM_adv
0,GhostFaceNet,/content/face_module/dataset_extractedfaces/lfw_pairs/Renee Zellweger_1.jpg,/content/face_module/dataset_extractedfaces/lfw_pairs/Catherine Deneuve_2.jpg,lfw_pairs,impersonation_attack,eval,IR152,TI_FGSM,vanilla,0.0396793782711029,IR152_TI_FGSM_adv
0,GhostFaceNet,/content/face_module/dataset_extractedfaces/lfw_pairs/Renee Zellweger_1.jpg,/content/face_module/dataset_extractedfaces/lfw_pairs/Catherine Deneuve_2.jpg,lfw_pairs,impersonation_attack,eval,IR152,SI_NI_FGSM,vanilla,0.183471605181694,IR152_SI_NI_FGSM_adv
0,GhostFaceNet,/content/face_module/dataset_extractedfaces/lfw_pairs/Renee Zellweger_1.jpg,/content/face_module/dataset_extractedfaces/lfw_pairs/Catherine Deneuve_2.jpg,lfw_pairs,impersonation_attack,eval,IR152,MI_ADMIX_DI_TI,vanilla,0.1114318296313285,IR152_MI_ADMIX_DI_TI_adv
0,VGG-Face,/content/face_module/dataset_extractedfaces/lfw_pairs/Renee Zellweger_1.jpg,/content/face_module/dataset_extractedfaces/lfw_pairs/Catherine Deneuve_2.jpg,lfw_pairs,impersonation_attack,eval,IR152,PGD,vanilla,0.1318208873271942,IR152_PGD_adv
0,VGG-Face,/content/face_module/dataset_extractedfaces/lfw_pairs/Renee Zellweger_1.jpg,/content/face_module/dataset_extractedfaces/lfw_pairs/Catherine Deneuve_2.jpg,lfw_pairs,impersonation_attack,eval,IR152,MI_FGSM,vanilla,0.2652408480644226,IR152_MI_FGSM_adv
0,VGG-Face,/content/face_module/dataset_extractedfaces/lfw_pairs/Renee Zellweger_1.jpg,/content/face_module/dataset_extractedfaces/lfw_pairs/Catherine Deneuve_2.jpg,lfw_pairs,impersonation_attack,eval,IR152,TI_FGSM,vanilla,0.1858881562948227,IR152_TI_FGSM_adv
0,VGG-Face,/content/face_module/dataset_extractedfaces/lfw_pairs/Renee Zellweger_1.jpg,/content/face_module/dataset_extractedfaces/lfw_pairs/Catherine Deneuve_2.jpg,lfw_pairs,impersonation_attack,eval,IR152,SI_NI_FGSM,vanilla,0.2771579027175903,IR152_SI_NI_FGSM_adv
0,VGG-Face,/content/face_module/dataset_extractedfaces/lfw_pairs/Renee Zellweger_1.jpg,/content/face_module/dataset_extractedfaces/lfw_pairs/Catherine Deneuve_2.jpg,lfw_pairs,impersonation_attack,eval,IR152,MI_ADMIX_DI_TI,vanilla,0.2841398417949676,IR152_MI_ADMIX_DI_TI_adv
32,ArcFace,/content/face_module/dataset_extractedfaces/lfw_pairs/Donald Rumsfeld_105.jpg,/content/face_module/dataset_extractedfaces/lfw_pairs/Paul Burrell_11.jpg,lfw_pairs,impersonation_attack,eval,IR152,clean,clean,-0.1390506625175476,IR152_clean
32,Facenet512,/content/face_module/dataset_extractedfaces/lfw_pairs/Donald Rumsfeld_105.jpg,/content/face_module/dataset_extractedfaces/lfw_pairs/Paul Burrell_11.jpg,lfw_pairs,impersonation_attack,eval,IR152,clean,clean,-0.1390506625175476,IR152_clean
32,GhostFaceNet,/content/face_module/dataset_extractedfaces/lfw_pairs/Donald Rumsfeld_105.jpg,/content/face_module/dataset_extractedfaces/lfw_pairs/Paul Burrell_11.jpg,lfw_pairs,impersonation_attack,eval,IR152,clean,clean,-0.1390506625175476,IR152_clean
32,VGG-Face,/content/face_module/dataset_extractedfaces/lfw_pairs/Donald Rumsfeld_105.jpg,/content/face_module/dataset_extractedfaces/lfw_pairs/Paul Burrell_11.jpg,lfw_pairs,impersonation_attack,eval,IR152,clean,clean,-0.1390506625175476,IR152_clean
32,ArcFace,/content/face_module/dataset_extractedfaces/lfw_pairs/Donald Rumsfeld_105.jpg,/content/face_module/dataset_extractedfaces/lfw_pairs/Paul Burrell_11.jpg,lfw_pairs,impersonation_attack,eval,IR152,PGD,vanilla,-0.0160759408026933,IR152_PGD_adv
32,ArcFace,/content/face_module/dataset_extractedfaces/lfw_pairs/Donald Rumsfeld_105.jpg,/content/face_module/dataset_extractedfaces/lfw_pairs/Paul Burrell_11.jpg,lfw_pairs,impersonation_attack,eval,IR152,MI_FGSM,vanilla,0.0697942897677421,IR152_MI_FGSM_adv
32,ArcFace,/content/face_module/dataset_extractedfaces/lfw_pairs/Donald Rumsfeld_105.jpg,/content/face_module/dataset_extractedfaces/lfw_pairs/Paul Burrell_11.jpg,lfw_pairs,impersonation_attack,eval,IR152,TI_FGSM,vanilla,0.0799356773495674,IR152_TI_FGSM_adv
32,ArcFace,/content/face_module/dataset_extractedfaces/lfw_pairs/Donald Rumsfeld_105.jpg,/content/face_module/dataset_extractedfaces/lfw_pairs/Paul Burrell_11.jpg,lfw_pairs,impersonation_attack,eval,IR152,SI_NI_FGSM,vanilla,0.2400051206350326,IR152_SI_NI_FGSM_adv
32,ArcFace,/content/face_module/dataset_extractedfaces/lfw_pairs/Donald Rumsfeld_105.jpg,/content/face_module/dataset_extractedfaces/lfw_pairs/Paul Burrell_11.jpg,lfw_pairs,impersonation_attack,eval,IR152,MI_ADMIX_DI_TI,vanilla,0.186590164899826,IR152_MI_ADMIX_DI_TI_adv
32,Facenet512,/content/face_module/dataset_extractedfaces/lfw_pairs/Donald Rumsfeld_105.jpg,/content/face_module/dataset_extractedfaces/lfw_pairs/Paul Burrell_11.jpg,lfw_pairs,impersonation_attack,eval,IR152,PGD,vanilla,-0.0278480425477027,IR152_PGD_adv
32,Facenet512,/content/face_module/dataset_extractedfaces/lfw_pairs/Donald Rumsfeld_105.jpg,/content/face_module/dataset_extractedfaces/lfw_pairs/Paul Burrell_11.jpg,lfw_pairs,impersonation_attack,eval,IR152,MI_FGSM,vanilla,0.0664698407053947,IR152_MI_FGSM_adv
32,Facenet512,/content/face_module/dataset_extractedfaces/lfw_pairs/Donald Rumsfeld_105.jpg,/content/face_module/dataset_extractedfaces/lfw_pairs/Paul Burrell_11.jpg,lfw_pairs,impersonation_attack,eval,IR152,TI_FGSM,vanilla,0.0796102136373519,IR152_TI_FGSM_adv
32,Facenet512,/content/face_module/dataset_extractedfaces/lfw_pairs/Donald Rumsfeld_105.jpg,/content/face_module/dataset_extractedfaces/lfw_pairs/Paul Burrell_11.jpg,lfw_pairs,impersonation_attack,eval,IR152,SI_NI_FGSM,vanilla,0.0751976892352104,IR152_SI_NI_FGSM_adv
32,Facenet512,/content/face_module/dataset_extractedfaces/lfw_pairs/Donald Rumsfeld_105.jpg,/content/face_module/dataset_extractedfaces/lfw_pairs/Paul Burrell_11.jpg,lfw_pairs,impersonation_attack,eval,IR152,MI_ADMIX_DI_TI,vanilla,0.064322218298912,IR152_MI_ADMIX_DI_TI_adv
32,GhostFaceNet,/content/face_module/dataset_extractedfaces/lfw_pairs/Donald Rumsfeld_105.jpg,/content/face_module/dataset_extractedfaces/lfw_pairs/Paul Burrell_11.jpg,lfw_pairs,impersonation_attack,eval,IR152,PGD,vanilla,-0.0960861593484878,IR152_PGD_adv
32,GhostFaceNet,/content/face_module/dataset_extractedfaces/lfw_pairs/Donald Rumsfeld_105.jpg,/content/face_module/dataset_extractedfaces/lfw_pairs/Paul Burrell_11.jpg,lfw_pairs,impersonation_attack,eval,IR152,MI_FGSM,vanilla,0.020998902618885,IR152_MI_FGSM_adv
32,GhostFaceNet,/content/face_module/dataset_extractedfaces/lfw_pairs/Donald Rumsfeld_105.jpg,/content/face_module/dataset_extractedfaces/lfw_pairs/Paul Burrell_11.jpg,lfw_pairs,impersonation_attack,eval,IR152,TI_FGSM,vanilla,-0.0227271877229213,IR152_TI_FGSM_adv
32,GhostFaceNet,/content/face_module/dataset_extractedfaces/lfw_pairs/Donald Rumsfeld_105.jpg,/content/face_module/dataset_extractedfaces/lfw_pairs/Paul Burrell_11.jpg,lfw_pairs,impersonation_attack,eval,IR152,SI_NI_FGSM,vanilla,0.091496467590332,IR152_SI_NI_FGSM_adv
32,GhostFaceNet,/content/face_module/dataset_extractedfaces/lfw_pairs/Donald Rumsfeld_105.jpg,/content/face_module/dataset_extractedfaces/lfw_pairs/Paul Burrell_11.jpg,lfw_pairs,impersonation_attack,eval,IR152,MI_ADMIX_DI_TI,vanilla,0.0144938742741942,IR152_MI_ADMIX_DI_TI_adv
32,VGG-Face,/content/face_module/dataset_extractedfaces/lfw_pairs/Donald Rumsfeld_105.jpg,/content/face_module/dataset_extractedfaces/lfw_pairs/Paul Burrell_11.jpg,lfw_pairs,impersonation_attack,eval,IR152,PGD,vanilla,0.0072137005627155,IR152_PGD_adv
32,VGG-Face,/content/face_module/dataset_extractedfaces/lfw_pairs/Donald Rumsfeld_105.jpg,/content/face_module/dataset_extractedfaces/lfw_pairs/Paul Burrell_11.jpg,lfw_pairs,impersonation_attack,eval,IR152,MI_FGSM,vanilla,0.1049651578068733,IR152_MI_FGSM_adv
32,VGG-Face,/content/face_module/dataset_extractedfaces/lfw_pairs/Donald Rumsfeld_105.jpg,/content/face_module/dataset_extractedfaces/lfw_pairs/Paul Burrell_11.jpg,lfw_pairs,impersonation_attack,eval,IR152,TI_FGSM,vanilla,0.0572360828518867,IR152_TI_FGSM_adv
32,VGG-Face,/content/face_module/dataset_extractedfaces/lfw_pairs/Donald Rumsfeld_105.jpg,/content/face_module/dataset_extractedfaces/lfw_pairs/Paul Burrell_11.jpg,lfw_pairs,impersonation_attack,eval,IR152,SI_NI_FGSM,vanilla,0.0281940065324306,IR152_SI_NI_FGSM_adv
32,VGG-Face,/content/face_module/dataset_extractedfaces/lfw_pairs/Donald Rumsfeld_105.jpg,/content/face_module/dataset_extractedfaces/lfw_pairs/Paul Burrell_11.jpg,lfw_pairs,impersonation_attack,eval,IR152,MI_ADMIX_DI_TI,vanilla,0.199576199054718,IR152_MI_ADMIX_DI_TI_adv
48,ArcFace,/content/face_module/dataset_extractedfaces/lfw_pairs/Renee Zellweger_14.jpg,/content/face_module/dataset_extractedfaces/lfw_pairs/Venus Williams_9.jpg,lfw_pairs,impersonation_attack,eval,IR152,clean,clean,0.0692660957574844,IR152_clean
48,Facenet512,/content/face_module/dataset_extractedfaces/lfw_pairs/Renee Zellweger_14.jpg,/content/face_module/dataset_extractedfaces/lfw_pairs/Venus Williams_9.jpg,lfw_pairs,impersonation_attack,eval,IR152,clean,clean,0.0692660957574844,IR152_clean
48,GhostFaceNet,/content/face_module/dataset_extractedfaces/lfw_pairs/Renee Zellweger_14.jpg,/content/face_module/dataset_extractedfaces/lfw_pairs/Venus Williams_9.jpg,lfw_pairs,impersonation_attack,eval,IR152,clean,clean,0.0692660957574844,IR152_clean
48,VGG-Face,/content/face_module/dataset_extractedfaces/lfw_pairs/Renee Zellweger_14.jpg,/content/face_module/dataset_extractedfaces/lfw_pairs/Venus Williams_9.jpg,lfw_pairs,impersonation_attack,eval,IR152,clean,clean,0.0692660957574844,IR152_clean
48,ArcFace,/content/face_module/dataset_extractedfaces/lfw_pairs/Renee Zellweger_14.jpg,/content/face_module/dataset_extractedfaces/lfw_pairs/Venus Williams_9.jpg,lfw_pairs,impersonation_attack,eval,IR152,PGD,vanilla,0.131433680653572,IR152_PGD_adv
48,ArcFace,/content/face_module/dataset_extractedfaces/lfw_pairs/Renee Zellweger_14.jpg,/content/face_module/dataset_extractedfaces/lfw_pairs/Venus Williams_9.jpg,lfw_pairs,impersonation_attack,eval,IR152,MI_FGSM,vanilla,0.1497997343540191,IR152_MI_FGSM_adv
48,ArcFace,/content/face_module/dataset_extractedfaces/lfw_pairs/Renee Zellweger_14.jpg,/content/face_module/dataset_extractedfaces/lfw_pairs/Venus Williams_9.jpg,lfw_pairs,impersonation_attack,eval,IR152,TI_FGSM,vanilla,0.0547025501728057,IR152_TI_FGSM_adv
48,ArcFace,/content/face_module/dataset_extractedfaces/lfw_pairs/Renee Zellweger_14.jpg,/content/face_module/dataset_extractedfaces/lfw_pairs/Venus Williams_9.jpg,lfw_pairs,impersonation_attack,eval,IR152,SI_NI_FGSM,vanilla,0.1430655121803283,IR152_SI_NI_FGSM_adv
48,ArcFace,/content/face_module/dataset_extractedfaces/lfw_pairs/Renee Zellweger_14.jpg,/content/face_module/dataset_extractedfaces/lfw_pairs/Venus Williams_9.jpg,lfw_pairs,impersonation_attack,eval,IR152,MI_ADMIX_DI_TI,vanilla,0.0901627168059349,IR152_MI_ADMIX_DI_TI_adv
48,Facenet512,/content/face_module/dataset_extractedfaces/lfw_pairs/Renee Zellweger_14.jpg,/content/face_module/dataset_extractedfaces/lfw_pairs/Venus Williams_9.jpg,lfw_pairs,impersonation_attack,eval,IR152,PGD,vanilla,0.1078284382820129,IR152_PGD_adv
48,Facenet512,/content/face_module/dataset_extractedfaces/lfw_pairs/Renee Zellweger_14.jpg,/content/face_module/dataset_extractedfaces/lfw_pairs/Venus Williams_9.jpg,lfw_pairs,impersonation_attack,eval,IR152,MI_FGSM,vanilla,0.1452066451311111,IR152_MI_FGSM_adv
48,Facenet512,/content/face_module/dataset_extractedfaces/lfw_pairs/Renee Zellweger_14.jpg,/content/face_module/dataset_extractedfaces/lfw_pairs/Venus Williams_9.jpg,lfw_pairs,impersonation_attack,eval,IR152,TI_FGSM,vanilla,0.1780690997838974,IR152_TI_FGSM_adv
48,Facenet512,/content/face_module/dataset_extractedfaces/lfw_pairs/Renee Zellweger_14.jpg,/content/face_module/dataset_extractedfaces/lfw_pairs/Venus Williams_9.jpg,lfw_pairs,impersonation_attack,eval,IR152,SI_NI_FGSM,vanilla,0.170516550540924,IR152_SI_NI_FGSM_adv
48,Facenet512,/content/face_module/dataset_extractedfaces/lfw_pairs/Renee Zellweger_14.jpg,/content/face_module/dataset_extractedfaces/lfw_pairs/Venus Williams_9.jpg,lfw_pairs,impersonation_attack,eval,IR152,MI_ADMIX_DI_TI,vanilla,0.1672504544258117,IR152_MI_ADMIX_DI_TI_adv
48,GhostFaceNet,/content/face_module/dataset_extractedfaces/lfw_pairs/Renee Zellweger_14.jpg,/content/face_module/dataset_extractedfaces/lfw_pairs/Venus Williams_9.jpg,lfw_pairs,impersonation_attack,eval,IR152,PGD,vanilla,0.089640773832798,IR152_PGD_adv
48,GhostFaceNet,/content/face_module/dataset_extractedfaces/lfw_pairs/Renee Zellweger_14.jpg,/content/face_module/dataset_extractedfaces/lfw_pairs/Venus Williams_9.jpg,lfw_pairs,impersonation_attack,eval,IR152,MI_FGSM,vanilla,0.0724740922451019,IR152_MI_FGSM_adv
48,GhostFaceNet,/content/face_module/dataset_extractedfaces/lfw_pairs/Renee Zellweger_14.jpg,/content/face_module/dataset_extractedfaces/lfw_pairs/Venus Williams_9.jpg,lfw_pairs,impersonation_attack,eval,IR152,TI_FGSM,vanilla,0.0862895399332046,IR152_TI_FGSM_adv
48,GhostFaceNet,/content/face_module/dataset_extractedfaces/lfw_pairs/Renee Zellweger_14.jpg,/content/face_module/dataset_extractedfaces/lfw_pairs/Venus Williams_9.jpg,lfw_pairs,impersonation_attack,eval,IR152,SI_NI_FGSM,vanilla,0.0816003233194351,IR152_SI_NI_FGSM_adv
48,GhostFaceNet,/content/face_module/dataset_extractedfaces/lfw_pairs/Renee Zellweger_14.jpg,/content/face_module/dataset_extractedfaces/lfw_pairs/Venus Williams_9.jpg,lfw_pairs,impersonation_attack,eval,IR152,MI_ADMIX_DI_TI,vanilla,0.1480805277824401,IR152_MI_ADMIX_DI_TI_adv
48,VGG-Face,/content/face_module/dataset_extractedfaces/lfw_pairs/Renee Zellweger_14.jpg,/content/face_module/dataset_extractedfaces/lfw_pairs/Venus Williams_9.jpg,lfw_pairs,impersonation_attack,eval,IR152,PGD,vanilla,0.0579998791217803,IR152_PGD_adv
48,VGG-Face,/content/face_module/dataset_extractedfaces/lfw_pairs/Renee Zellweger_14.jpg,/content/face_module/dataset_extractedfaces/lfw_pairs/Venus Williams_9.jpg,lfw_pairs,impersonation_attack,eval,IR152,MI_FGSM,vanilla,0.0782264173030853,IR152_MI_FGSM_adv
48,VGG-Face,/content/face_module/dataset_extractedfaces/lfw_pairs/Renee Zellweger_14.jpg,/content/face_module/dataset_extractedfaces/lfw_pairs/Venus Williams_9.jpg,lfw_pairs,impersonation_attack,eval,IR152,TI_FGSM,vanilla,0.0890707522630691,IR152_TI_FGSM_adv
48,VGG-Face,/content/face_module/dataset_extractedfaces/lfw_pairs/Renee Zellweger_14.jpg,/content/face_module/dataset_extractedfaces/lfw_pairs/Venus Williams_9.jpg,lfw_pairs,impersonation_attack,eval,IR152,SI_NI_FGSM,vanilla,0.0687087848782539,IR152_SI_NI_FGSM_adv
48,VGG-Face,/content/face_module/dataset_extractedfaces/lfw_pairs/Renee Zellweger_14.jpg,/content/face_module/dataset_extractedfaces/lfw_pairs/Venus Williams_9.jpg,lfw_pairs,impersonation_attack,eval,IR152,MI_ADMIX_DI_TI,vanilla,0.0795514583587646,IR152_MI_ADMIX_DI_TI_adv
57,ArcFace,/content/face_module/dataset_extractedfaces/lfw_pairs/Mike Weir_10.jpg,/content/face_module/dataset_extractedfaces/lfw_pairs/Luis Horna_2.jpg,lfw_pairs,impersonation_attack,eval,IR152,clean,clean,0.0053827054798603,IR152_clean
57,Facenet512,/content/face_module/dataset_extractedfaces/lfw_pairs/Mike Weir_10.jpg,/content/face_module/dataset_extractedfaces/lfw_pairs/Luis Horna_2.jpg,lfw_pairs,impersonation_attack,eval,IR152,clean,clean,0.0053827054798603,IR152_clean
57,GhostFaceNet,/content/face_module/dataset_extractedfaces/lfw_pairs/Mike Weir_10.jpg,/content/face_module/dataset_extractedfaces/lfw_pairs/Luis Horna_2.jpg,lfw_pairs,impersonation_attack,eval,IR152,clean,clean,0.0053827054798603,IR152_clean
57,VGG-Face,/content/face_module/dataset_extractedfaces/lfw_pairs/Mike Weir_10.jpg,/content/face_module/dataset_extractedfaces/lfw_pairs/Luis Horna_2.jpg,lfw_pairs,impersonation_attack,eval,IR152,clean,clean,0.0053827054798603,IR152_clean
57,ArcFace,/content/face_module/dataset_extractedfaces/lfw_pairs/Mike Weir_10.jpg,/content/face_module/dataset_extractedfaces/lfw_pairs/Luis Horna_2.jpg,lfw_pairs,impersonation_attack,eval,IR152,PGD,vanilla,0.0464404448866844,IR152_PGD_adv
57,ArcFace,/content/face_module/dataset_extractedfaces/lfw_pairs/Mike Weir_10.jpg,/content/face_module/dataset_extractedfaces/lfw_pairs/Luis Horna_2.jpg,lfw_pairs,impersonation_attack,eval,IR152,MI_FGSM,vanilla,0.1035056412220001,IR152_MI_FGSM_adv
57,ArcFace,/content/face_module/dataset_extractedfaces/lfw_pairs/Mike Weir_10.jpg,/content/face_module/dataset_extractedfaces/lfw_pairs/Luis Horna_2.jpg,lfw_pairs,impersonation_attack,eval,IR152,TI_FGSM,vanilla,0.060613490641117,IR152_TI_FGSM_adv
57,ArcFace,/content/face_module/dataset_extractedfaces/lfw_pairs/Mike Weir_10.jpg,/content/face_module/dataset_extractedfaces/lfw_pairs/Luis Horna_2.jpg,lfw_pairs,impersonation_attack,eval,IR152,SI_NI_FGSM,vanilla,0.1581828892230987,IR152_SI_NI_FGSM_adv
57,ArcFace,/content/face_module/dataset_extractedfaces/lfw_pairs/Mike Weir_10.jpg,/content/face_module/dataset_extractedfaces/lfw_pairs/Luis Horna_2.jpg,lfw_pairs,impersonation_attack,eval,IR152,MI_ADMIX_DI_TI,vanilla,0.0788292363286018,IR152_MI_ADMIX_DI_TI_adv
57,Facenet512,/content/face_module/dataset_extractedfaces/lfw_pairs/Mike Weir_10.jpg,/content/face_module/dataset_extractedfaces/lfw_pairs/Luis Horna_2.jpg,lfw_pairs,impersonation_attack,eval,IR152,PGD,vanilla,0.1273000091314315,IR152_PGD_adv
57,Facenet512,/content/face_module/dataset_extractedfaces/lfw_pairs/Mike Weir_10.jpg,/content/face_module/dataset_extractedfaces/lfw_pairs/Luis Horna_2.jpg,lfw_pairs,impersonation_attack,eval,IR152,MI_FGSM,vanilla,0.2178621292114257,IR152_MI_FGSM_adv
57,Facenet512,/content/face_module/dataset_extractedfaces/lfw_pairs/Mike Weir_10.jpg,/content/face_module/dataset_extractedfaces/lfw_pairs/Luis Horna_2.jpg,lfw_pairs,impersonation_attack,eval,IR152,TI_FGSM,vanilla,0.1703982055187225,IR152_TI_FGSM_adv
57,Facenet512,/content/face_module/dataset_extractedfaces/lfw_pairs/Mike Weir_10.jpg,/content/face_module/dataset_extractedfaces/lfw_pairs/Luis Horna_2.jpg,lfw_pairs,impersonation_attack,eval,IR152,SI_NI_FGSM,vanilla,0.273465096950531,IR152_SI_NI_FGSM_adv
57,Facenet512,/content/face_module/dataset_extractedfaces/lfw_pairs/Mike Weir_10.jpg,/content/face_module/dataset_extractedfaces/lfw_pairs/Luis Horna_2.jpg,lfw_pairs,impersonation_attack,eval,IR152,MI_ADMIX_DI_TI,vanilla,0.2307431995868683,IR152_MI_ADMIX_DI_TI_adv
57,GhostFaceNet,/content/face_module/dataset_extractedfaces/lfw_pairs/Mike Weir_10.jpg,/content/face_module/dataset_extractedfaces/lfw_pairs/Luis Horna_2.jpg,lfw_pairs,impersonation_attack,eval,IR152,PGD,vanilla,-0.0031959097832441,IR152_PGD_adv
57,GhostFaceNet,/content/face_module/dataset_extractedfaces/lfw_pairs/Mike Weir_10.jpg,/content/face_module/dataset_extractedfaces/lfw_pairs/Luis Horna_2.jpg,lfw_pairs,impersonation_attack,eval,IR152,MI_FGSM,vanilla,0.0426531881093978,IR152_MI_FGSM_adv
57,GhostFaceNet,/content/face_module/dataset_extractedfaces/lfw_pairs/Mike Weir_10.jpg,/content/face_module/dataset_extractedfaces/lfw_pairs/Luis Horna_2.jpg,lfw_pairs,impersonation_attack,eval,IR152,TI_FGSM,vanilla,0.0373682491481304,IR152_TI_FGSM_adv
57,GhostFaceNet,/content/face_module/dataset_extractedfaces/lfw_pairs/Mike Weir_10.jpg,/content/face_module/dataset_extractedfaces/lfw_pairs/Luis Horna_2.jpg,lfw_pairs,impersonation_attack,eval,IR152,SI_NI_FGSM,vanilla,0.0416966527700424,IR152_SI_NI_FGSM_adv
57,GhostFaceNet,/content/face_module/dataset_extractedfaces/lfw_pairs/Mike Weir_10.jpg,/content/face_module/dataset_extractedfaces/lfw_pairs/Luis Horna_2.jpg,lfw_pairs,impersonation_attack,eval,IR152,MI_ADMIX_DI_TI,vanilla,0.0241566598415374,IR152_MI_ADMIX_DI_TI_adv
57,VGG-Face,/content/face_module/dataset_extractedfaces/lfw_pairs/Mike Weir_10.jpg,/content/face_module/dataset_extractedfaces/lfw_pairs/Luis Horna_2.jpg,lfw_pairs,impersonation_attack,eval,IR152,PGD,vanilla,0.0500627607107162,IR152_PGD_adv
57,VGG-Face,/content/face_module/dataset_extractedfaces/lfw_pairs/Mike Weir_10.jpg,/content/face_module/dataset_extractedfaces/lfw_pairs/Luis Horna_2.jpg,lfw_pairs,impersonation_attack,eval,IR152,MI_FGSM,vanilla,0.1547089219093322,IR152_MI_FGSM_adv
57,VGG-Face,/content/face_module/dataset_extractedfaces/lfw_pairs/Mike Weir_10.jpg,/content/face_module/dataset_extractedfaces/lfw_pairs/Luis Horna_2.jpg,lfw_pairs,impersonation_attack,eval,IR152,TI_FGSM,vanilla,0.0669168159365654,IR152_TI_FGSM_adv
57,VGG-Face,/content/face_module/dataset_extractedfaces/lfw_pairs/Mike Weir_10.jpg,/content/face_module/dataset_extractedfaces/lfw_pairs/Luis Horna_2.jpg,lfw_pairs,impersonation_attack,eval,IR152,SI_NI_FGSM,vanilla,0.1235371381044387,IR152_SI_NI_FGSM_adv
57,VGG-Face,/content/face_module/dataset_extractedfaces/lfw_pairs/Mike Weir_10.jpg,/content/face_module/dataset_extractedfaces/lfw_pairs/Luis Horna_2.jpg,lfw_pairs,impersonation_attack,eval,IR152,MI_ADMIX_DI_TI,vanilla,0.1183041483163833,IR152_MI_ADMIX_DI_TI_adv
60,ArcFace,/content/face_module/dataset_extractedfaces/lfw_pairs/Jason Kidd_9.jpg,/content/face_module/dataset_extractedfaces/lfw_pairs/Luiz Inacio Lula da Silva_22.jpg,lfw_pairs,impersonation_attack,eval,IR152,clean,clean,-0.0300827044993639,IR152_clean
60,Facenet512,/content/face_module/dataset_extractedfaces/lfw_pairs/Jason Kidd_9.jpg,/content/face_module/dataset_extractedfaces/lfw_pairs/Luiz Inacio Lula da Silva_22.jpg,lfw_pairs,impersonation_attack,eval,IR152,clean,clean,-0.0300827044993639,IR152_clean
60,GhostFaceNet,/content/face_module/dataset_extractedfaces/lfw_pairs/Jason Kidd_9.jpg,/content/face_module/dataset_extractedfaces/lfw_pairs/Luiz Inacio Lula da Silva_22.jpg,lfw_pairs,impersonation_attack,eval,IR152,clean,clean,-0.0300827044993639,IR152_clean
60,VGG-Face,/content/face_module/dataset_extractedfaces/lfw_pairs/Jason Kidd_9.jpg,/content/face_module/dataset_extractedfaces/lfw_pairs/Luiz Inacio Lula da Silva_22.jpg,lfw_pairs,impersonation_attack,eval,IR152,clean,clean,-0.0300827044993639,IR152_clean
60,ArcFace,/content/face_module/dataset_extractedfaces/lfw_pairs/Jason Kidd_9.jpg,/content/face_module/dataset_extractedfaces/lfw_pairs/Luiz Inacio Lula da Silva_22.jpg,lfw_pairs,impersonation_attack,eval,IR152,PGD,vanilla,-0.0291997678577899,IR152_PGD_adv
60,ArcFace,/content/face_module/dataset_extractedfaces/lfw_pairs/Jason Kidd_9.jpg,/content/face_module/dataset_extractedfaces/lfw_pairs/Luiz Inacio Lula da Silva_22.jpg,lfw_pairs,impersonation_attack,eval,IR152,MI_FGSM,vanilla,-0.0062509141862392,IR152_MI_FGSM_adv
60,ArcFace,/content/face_module/dataset_extractedfaces/lfw_pairs/Jason Kidd_9.jpg,/content/face_module/dataset_extractedfaces/lfw_pairs/Luiz Inacio Lula da Silva_22.jpg,lfw_pairs,impersonation_attack,eval,IR152,TI_FGSM,vanilla,-0.0200495086610317,IR152_TI_FGSM_adv
60,ArcFace,/content/face_module/dataset_extractedfaces/lfw_pairs/Jason Kidd_9.jpg,/content/face_module/dataset_extractedfaces/lfw_pairs/Luiz Inacio Lula da Silva_22.jpg,lfw_pairs,impersonation_attack,eval,IR152,SI_NI_FGSM,vanilla,0.038033090531826,IR152_SI_NI_FGSM_adv
60,ArcFace,/content/face_module/dataset_extractedfaces/lfw_pairs/Jason Kidd_9.jpg,/content/face_module/dataset_extractedfaces/lfw_pairs/Luiz Inacio Lula da Silva_22.jpg,lfw_pairs,impersonation_attack,eval,IR152,MI_ADMIX_DI_TI,vanilla,-0.0080273570492863,IR152_MI_ADMIX_DI_TI_adv
60,Facenet512,/content/face_module/dataset_extractedfaces/lfw_pairs/Jason Kidd_9.jpg,/content/face_module/dataset_extractedfaces/lfw_pairs/Luiz Inacio Lula da Silva_22.jpg,lfw_pairs,impersonation_attack,eval,IR152,PGD,vanilla,0.0227829962968826,IR152_PGD_adv
60,Facenet512,/content/face_module/dataset_extractedfaces/lfw_pairs/Jason Kidd_9.jpg,/content/face_module/dataset_extractedfaces/lfw_pairs/Luiz Inacio Lula da Silva_22.jpg,lfw_pairs,impersonation_attack,eval,IR152,MI_FGSM,vanilla,0.1211972087621688,IR152_MI_FGSM_adv
60,Facenet512,/content/face_module/dataset_extractedfaces/lfw_pairs/Jason Kidd_9.jpg,/content/face_module/dataset_extractedfaces/lfw_pairs/Luiz Inacio Lula da Silva_22.jpg,lfw_pairs,impersonation_attack,eval,IR152,TI_FGSM,vanilla,0.101136028766632,IR152_TI_FGSM_adv
60,Facenet512,/content/face_module/dataset_extractedfaces/lfw_pairs/Jason Kidd_9.jpg,/content/face_module/dataset_extractedfaces/lfw_pairs/Luiz Inacio Lula da Silva_22.jpg,lfw_pairs,impersonation_attack,eval,IR152,SI_NI_FGSM,vanilla,0.1489517986774444,IR152_SI_NI_FGSM_adv
60,Facenet512,/content/face_module/dataset_extractedfaces/lfw_pairs/Jason Kidd_9.jpg,/content/face_module/dataset_extractedfaces/lfw_pairs/Luiz Inacio Lula da Silva_22.jpg,lfw_pairs,impersonation_attack,eval,IR152,MI_ADMIX_DI_TI,vanilla,0.1822542250156402,IR152_MI_ADMIX_DI_TI_adv
60,GhostFaceNet,/content/face_module/dataset_extractedfaces/lfw_pairs/Jason Kidd_9.jpg,/content/face_module/dataset_extractedfaces/lfw_pairs/Luiz Inacio Lula da Silva_22.jpg,lfw_pairs,impersonation_attack,eval,IR152,PGD,vanilla,0.0112229008227586,IR152_PGD_adv
60,GhostFaceNet,/content/face_module/dataset_extractedfaces/lfw_pairs/Jason Kidd_9.jpg,/content/face_module/dataset_extractedfaces/lfw_pairs/Luiz Inacio Lula da Silva_22.jpg,lfw_pairs,impersonation_attack,eval,IR152,MI_FGSM,vanilla,-0.0674331188201904,IR152_MI_FGSM_adv
60,GhostFaceNet,/content/face_module/dataset_extractedfaces/lfw_pairs/Jason Kidd_9.jpg,/content/face_module/dataset_extractedfaces/lfw_pairs/Luiz Inacio Lula da Silva_22.jpg,lfw_pairs,impersonation_attack,eval,IR152,TI_FGSM,vanilla,-0.0304466653615236,IR152_TI_FGSM_adv
60,GhostFaceNet,/content/face_module/dataset_extractedfaces/lfw_pairs/Jason Kidd_9.jpg,/content/face_module/dataset_extractedfaces/lfw_pairs/Luiz Inacio Lula da Silva_22.jpg,lfw_pairs,impersonation_attack,eval,IR152,SI_NI_FGSM,vanilla,0.0144276171922683,IR152_SI_NI_FGSM_adv
60,GhostFaceNet,/content/face_module/dataset_extractedfaces/lfw_pairs/Jason Kidd_9.jpg,/content/face_module/dataset_extractedfaces/lfw_pairs/Luiz Inacio Lula da Silva_22.jpg,lfw_pairs,impersonation_attack,eval,IR152,MI_ADMIX_DI_TI,vanilla,-0.0223940126597881,IR152_MI_ADMIX_DI_TI_adv
60,VGG-Face,/content/face_module/dataset_extractedfaces/lfw_pairs/Jason Kidd_9.jpg,/content/face_module/dataset_extractedfaces/lfw_pairs/Luiz Inacio Lula da Silva_22.jpg,lfw_pairs,impersonation_attack,eval,IR152,PGD,vanilla,-0.0449570566415786,IR152_PGD_adv
60,VGG-Face,/content/face_module/dataset_extractedfaces/lfw_pairs/Jason Kidd_9.jpg,/content/face_module/dataset_extractedfaces/lfw_pairs/Luiz Inacio Lula da Silva_22.jpg,lfw_pairs,impersonation_attack,eval,IR152,MI_FGSM,vanilla,0.0040082558989524,IR152_MI_FGSM_adv
60,VGG-Face,/content/face_module/dataset_extractedfaces/lfw_pairs/Jason Kidd_9.jpg,/content/face_module/dataset_extractedfaces/lfw_pairs/Luiz Inacio Lula da Silva_22.jpg,lfw_pairs,impersonation_attack,eval,IR152,TI_FGSM,vanilla,-0.0109860133379697,IR152_TI_FGSM_adv
60,VGG-Face,/content/face_module/dataset_extractedfaces/lfw_pairs/Jason Kidd_9.jpg,/content/face_module/dataset_extractedfaces/lfw_pairs/Luiz Inacio Lula da Silva_22.jpg,lfw_pairs,impersonation_attack,eval,IR152,SI_NI_FGSM,vanilla,0.0657626539468765,IR152_SI_NI_FGSM_adv
60,VGG-Face,/content/face_module/dataset_extractedfaces/lfw_pairs/Jason Kidd_9.jpg,/content/face_module/dataset_extractedfaces/lfw_pairs/Luiz Inacio Lula da Silva_22.jpg,lfw_pairs,impersonation_attack,eval,IR152,MI_ADMIX_DI_TI,vanilla,0.0255462136119604,IR152_MI_ADMIX_DI_TI_adv
2,ArcFace,/content/face_module/dataset_extractedfaces/celeba_pairs/107859.jpg,/content/face_module/dataset_extractedfaces/celeba_pairs/031892.jpg,celeba_pairs,impersonation_attack,eval,IR152,clean,clean,0.1105673089623451,IR152_clean
2,Facenet512,/content/face_module/dataset_extractedfaces/celeba_pairs/107859.jpg,/content/face_module/dataset_extractedfaces/celeba_pairs/031892.jpg,celeba_pairs,impersonation_attack,eval,IR152,clean,clean,0.1105673089623451,IR152_clean
2,GhostFaceNet,/content/face_module/dataset_extractedfaces/celeba_pairs/107859.jpg,/content/face_module/dataset_extractedfaces/celeba_pairs/031892.jpg,celeba_pairs,impersonation_attack,eval,IR152,clean,clean,0.1105673089623451,IR152_clean
2,VGG-Face,/content/face_module/dataset_extractedfaces/celeba_pairs/107859.jpg,/content/face_module/dataset_extractedfaces/celeba_pairs/031892.jpg,celeba_pairs,impersonation_attack,eval,IR152,clean,clean,0.1105673089623451,IR152_clean
2,ArcFace,/content/face_module/dataset_extractedfaces/celeba_pairs/107859.jpg,/content/face_module/dataset_extractedfaces/celeba_pairs/031892.jpg,celeba_pairs,impersonation_attack,eval,IR152,PGD,vanilla,0.1743053346872329,IR152_PGD_adv
2,ArcFace,/content/face_module/dataset_extractedfaces/celeba_pairs/107859.jpg,/content/face_module/dataset_extractedfaces/celeba_pairs/031892.jpg,celeba_pairs,impersonation_attack,eval,IR152,MI_FGSM,vanilla,0.2271692156791687,IR152_MI_FGSM_adv
2,ArcFace,/content/face_module/dataset_extractedfaces/celeba_pairs/107859.jpg,/content/face_module/dataset_extractedfaces/celeba_pairs/031892.jpg,celeba_pairs,impersonation_attack,eval,IR152,TI_FGSM,vanilla,0.2515017986297607,IR152_TI_FGSM_adv
2,ArcFace,/content/face_module/dataset_extractedfaces/celeba_pairs/107859.jpg,/content/face_module/dataset_extractedfaces/celeba_pairs/031892.jpg,celeba_pairs,impersonation_attack,eval,IR152,SI_NI_FGSM,vanilla,0.2805209755897522,IR152_SI_NI_FGSM_adv
2,ArcFace,/content/face_module/dataset_extractedfaces/celeba_pairs/107859.jpg,/content/face_module/dataset_extractedfaces/celeba_pairs/031892.jpg,celeba_pairs,impersonation_attack,eval,IR152,MI_ADMIX_DI_TI,vanilla,0.2112385481595993,IR152_MI_ADMIX_DI_TI_adv
2,Facenet512,/content/face_module/dataset_extractedfaces/celeba_pairs/107859.jpg,/content/face_module/dataset_extractedfaces/celeba_pairs/031892.jpg,celeba_pairs,impersonation_attack,eval,IR152,PGD,vanilla,0.2272829860448837,IR152_PGD_adv
2,Facenet512,/content/face_module/dataset_extractedfaces/celeba_pairs/107859.jpg,/content/face_module/dataset_extractedfaces/celeba_pairs/031892.jpg,celeba_pairs,impersonation_attack,eval,IR152,MI_FGSM,vanilla,0.247698426246643,IR152_MI_FGSM_adv
2,Facenet512,/content/face_module/dataset_extractedfaces/celeba_pairs/107859.jpg,/content/face_module/dataset_extractedfaces/celeba_pairs/031892.jpg,celeba_pairs,impersonation_attack,eval,IR152,TI_FGSM,vanilla,0.2131898701190948,IR152_TI_FGSM_adv
2,Facenet512,/content/face_module/dataset_extractedfaces/celeba_pairs/107859.jpg,/content/face_module/dataset_extractedfaces/celeba_pairs/031892.jpg,celeba_pairs,impersonation_attack,eval,IR152,SI_NI_FGSM,vanilla,0.1566197872161865,IR152_SI_NI_FGSM_adv
2,Facenet512,/content/face_module/dataset_extractedfaces/celeba_pairs/107859.jpg,/content/face_module/dataset_extractedfaces/celeba_pairs/031892.jpg,celeba_pairs,impersonation_attack,eval,IR152,MI_ADMIX_DI_TI,vanilla,0.1234480068087577,IR152_MI_ADMIX_DI_TI_adv
2,GhostFaceNet,/content/face_module/dataset_extractedfaces/celeba_pairs/107859.jpg,/content/face_module/dataset_extractedfaces/celeba_pairs/031892.jpg,celeba_pairs,impersonation_attack,eval,IR152,PGD,vanilla,0.0792423337697982,IR152_PGD_adv
2,GhostFaceNet,/content/face_module/dataset_extractedfaces/celeba_pairs/107859.jpg,/content/face_module/dataset_extractedfaces/celeba_pairs/031892.jpg,celeba_pairs,impersonation_attack,eval,IR152,MI_FGSM,vanilla,0.0978650972247123,IR152_MI_FGSM_adv
2,GhostFaceNet,/content/face_module/dataset_extractedfaces/celeba_pairs/107859.jpg,/content/face_module/dataset_extractedfaces/celeba_pairs/031892.jpg,celeba_pairs,impersonation_attack,eval,IR152,TI_FGSM,vanilla,0.127645656466484,IR152_TI_FGSM_adv
2,GhostFaceNet,/content/face_module/dataset_extractedfaces/celeba_pairs/107859.jpg,/content/face_module/dataset_extractedfaces/celeba_pairs/031892.jpg,celeba_pairs,impersonation_attack,eval,IR152,SI_NI_FGSM,vanilla,0.1103197112679481,IR152_SI_NI_FGSM_adv
2,GhostFaceNet,/content/face_module/dataset_extractedfaces/celeba_pairs/107859.jpg,/content/face_module/dataset_extractedfaces/celeba_pairs/031892.jpg,celeba_pairs,impersonation_attack,eval,IR152,MI_ADMIX_DI_TI,vanilla,0.1442838609218597,IR152_MI_ADMIX_DI_TI_adv
2,VGG-Face,/content/face_module/dataset_extractedfaces/celeba_pairs/107859.jpg,/content/face_module/dataset_extractedfaces/celeba_pairs/031892.jpg,celeba_pairs,impersonation_attack,eval,IR152,PGD,vanilla,0.2020483613014221,IR152_PGD_adv
2,VGG-Face,/content/face_module/dataset_extractedfaces/celeba_pairs/107859.jpg,/content/face_module/dataset_extractedfaces/celeba_pairs/031892.jpg,celeba_pairs,impersonation_attack,eval,IR152,MI_FGSM,vanilla,0.1255164444446563,IR152_MI_FGSM_adv
2,VGG-Face,/content/face_module/dataset_extractedfaces/celeba_pairs/107859.jpg,/content/face_module/dataset_extractedfaces/celeba_pairs/031892.jpg,celeba_pairs,impersonation_attack,eval,IR152,TI_FGSM,vanilla,0.1772692799568176,IR152_TI_FGSM_adv
2,VGG-Face,/content/face_module/dataset_extractedfaces/celeba_pairs/107859.jpg,/content/face_module/dataset_extractedfaces/celeba_pairs/031892.jpg,celeba_pairs,impersonation_attack,eval,IR152,SI_NI_FGSM,vanilla,0.1835168302059173,IR152_SI_NI_FGSM_adv
2,VGG-Face,/content/face_module/dataset_extractedfaces/celeba_pairs/107859.jpg,/content/face_module/dataset_extractedfaces/celeba_pairs/031892.jpg,celeba_pairs,impersonation_attack,eval,IR152,MI_ADMIX_DI_TI,vanilla,0.1964705288410186,IR152_MI_ADMIX_DI_TI_adv
8,ArcFace,/content/face_module/dataset_extractedfaces/celeba_pairs/023666.jpg,/content/face_module/dataset_extractedfaces/celeba_pairs/010959.jpg,celeba_pairs,impersonation_attack,eval,IR152,clean,clean,0.0581044219434261,IR152_clean
8,Facenet512,/content/face_module/dataset_extractedfaces/celeba_pairs/023666.jpg,/content/face_module/dataset_extractedfaces/celeba_pairs/010959.jpg,celeba_pairs,impersonation_attack,eval,IR152,clean,clean,0.0581044219434261,IR152_clean
8,GhostFaceNet,/content/face_module/dataset_extractedfaces/celeba_pairs/023666.jpg,/content/face_module/dataset_extractedfaces/celeba_pairs/010959.jpg,celeba_pairs,impersonation_attack,eval,IR152,clean,clean,0.0581044219434261,IR152_clean
8,VGG-Face,/content/face_module/dataset_extractedfaces/celeba_pairs/023666.jpg,/content/face_module/dataset_extractedfaces/celeba_pairs/010959.jpg,celeba_pairs,impersonation_attack,eval,IR152,clean,clean,0.0581044219434261,IR152_clean
8,ArcFace,/content/face_module/dataset_extractedfaces/celeba_pairs/023666.jpg,/content/face_module/dataset_extractedfaces/celeba_pairs/010959.jpg,celeba_pairs,impersonation_attack,eval,IR152,PGD,vanilla,0.0885645374655723,IR152_PGD_adv
8,ArcFace,/content/face_module/dataset_extractedfaces/celeba_pairs/023666.jpg,/content/face_module/dataset_extractedfaces/celeba_pairs/010959.jpg,celeba_pairs,impersonation_attack,eval,IR152,MI_FGSM,vanilla,0.100813589990139,IR152_MI_FGSM_adv
8,ArcFace,/content/face_module/dataset_extractedfaces/celeba_pairs/023666.jpg,/content/face_module/dataset_extractedfaces/celeba_pairs/010959.jpg,celeba_pairs,impersonation_attack,eval,IR152,TI_FGSM,vanilla,0.157723069190979,IR152_TI_FGSM_adv
8,ArcFace,/content/face_module/dataset_extractedfaces/celeba_pairs/023666.jpg,/content/face_module/dataset_extractedfaces/celeba_pairs/010959.jpg,celeba_pairs,impersonation_attack,eval,IR152,SI_NI_FGSM,vanilla,0.0851481407880783,IR152_SI_NI_FGSM_adv
8,ArcFace,/content/face_module/dataset_extractedfaces/celeba_pairs/023666.jpg,/content/face_module/dataset_extractedfaces/celeba_pairs/010959.jpg,celeba_pairs,impersonation_attack,eval,IR152,MI_ADMIX_DI_TI,vanilla,0.0948993414640426,IR152_MI_ADMIX_DI_TI_adv
8,Facenet512,/content/face_module/dataset_extractedfaces/celeba_pairs/023666.jpg,/content/face_module/dataset_extractedfaces/celeba_pairs/010959.jpg,celeba_pairs,impersonation_attack,eval,IR152,PGD,vanilla,0.0509630292654037,IR152_PGD_adv
8,Facenet512,/content/face_module/dataset_extractedfaces/celeba_pairs/023666.jpg,/content/face_module/dataset_extractedfaces/celeba_pairs/010959.jpg,celeba_pairs,impersonation_attack,eval,IR152,MI_FGSM,vanilla,0.0820225328207016,IR152_MI_FGSM_adv
8,Facenet512,/content/face_module/dataset_extractedfaces/celeba_pairs/023666.jpg,/content/face_module/dataset_extractedfaces/celeba_pairs/010959.jpg,celeba_pairs,impersonation_attack,eval,IR152,TI_FGSM,vanilla,-0.0359087735414505,IR152_TI_FGSM_adv
8,Facenet512,/content/face_module/dataset_extractedfaces/celeba_pairs/023666.jpg,/content/face_module/dataset_extractedfaces/celeba_pairs/010959.jpg,celeba_pairs,impersonation_attack,eval,IR152,SI_NI_FGSM,vanilla,0.1118623912334442,IR152_SI_NI_FGSM_adv
8,Facenet512,/content/face_module/dataset_extractedfaces/celeba_pairs/023666.jpg,/content/face_module/dataset_extractedfaces/celeba_pairs/010959.jpg,celeba_pairs,impersonation_attack,eval,IR152,MI_ADMIX_DI_TI,vanilla,0.0331454649567604,IR152_MI_ADMIX_DI_TI_adv
8,GhostFaceNet,/content/face_module/dataset_extractedfaces/celeba_pairs/023666.jpg,/content/face_module/dataset_extractedfaces/celeba_pairs/010959.jpg,celeba_pairs,impersonation_attack,eval,IR152,PGD,vanilla,0.1124360337853431,IR152_PGD_adv
8,GhostFaceNet,/content/face_module/dataset_extractedfaces/celeba_pairs/023666.jpg,/content/face_module/dataset_extractedfaces/celeba_pairs/010959.jpg,celeba_pairs,impersonation_attack,eval,IR152,MI_FGSM,vanilla,0.1353771984577179,IR152_MI_FGSM_adv
8,GhostFaceNet,/content/face_module/dataset_extractedfaces/celeba_pairs/023666.jpg,/content/face_module/dataset_extractedfaces/celeba_pairs/010959.jpg,celeba_pairs,impersonation_attack,eval,IR152,TI_FGSM,vanilla,0.1286282390356063,IR152_TI_FGSM_adv
8,GhostFaceNet,/content/face_module/dataset_extractedfaces/celeba_pairs/023666.jpg,/content/face_module/dataset_extractedfaces/celeba_pairs/010959.jpg,celeba_pairs,impersonation_attack,eval,IR152,SI_NI_FGSM,vanilla,0.1942095458507537,IR152_SI_NI_FGSM_adv
8,GhostFaceNet,/content/face_module/dataset_extractedfaces/celeba_pairs/023666.jpg,/content/face_module/dataset_extractedfaces/celeba_pairs/010959.jpg,celeba_pairs,impersonation_attack,eval,IR152,MI_ADMIX_DI_TI,vanilla,0.1294830441474914,IR152_MI_ADMIX_DI_TI_adv
8,VGG-Face,/content/face_module/dataset_extractedfaces/celeba_pairs/023666.jpg,/content/face_module/dataset_extractedfaces/celeba_pairs/010959.jpg,celeba_pairs,impersonation_attack,eval,IR152,PGD,vanilla,0.0547361969947814,IR152_PGD_adv
8,VGG-Face,/content/face_module/dataset_extractedfaces/celeba_pairs/023666.jpg,/content/face_module/dataset_extractedfaces/celeba_pairs/010959.jpg,celeba_pairs,impersonation_attack,eval,IR152,MI_FGSM,vanilla,0.0699774026870727,IR152_MI_FGSM_adv
8,VGG-Face,/content/face_module/dataset_extractedfaces/celeba_pairs/023666.jpg,/content/face_module/dataset_extractedfaces/celeba_pairs/010959.jpg,celeba_pairs,impersonation_attack,eval,IR152,TI_FGSM,vanilla,0.0807341858744621,IR152_TI_FGSM_adv
8,VGG-Face,/content/face_module/dataset_extractedfaces/celeba_pairs/023666.jpg,/content/face_module/dataset_extractedfaces/celeba_pairs/010959.jpg,celeba_pairs,impersonation_attack,eval,IR152,SI_NI_FGSM,vanilla,0.0342788100242614,IR152_SI_NI_FGSM_adv
8,VGG-Face,/content/face_module/dataset_extractedfaces/celeba_pairs/023666.jpg,/content/face_module/dataset_extractedfaces/celeba_pairs/010959.jpg,celeba_pairs,impersonation_attack,eval,IR152,MI_ADMIX_DI_TI,vanilla,0.0656074658036232,IR152_MI_ADMIX_DI_TI_adv
12,ArcFace,/content/face_module/dataset_extractedfaces/celeba_pairs/003089.jpg,/content/face_module/dataset_extractedfaces/celeba_pairs/016966.jpg,celeba_pairs,impersonation_attack,eval,IR152,clean,clean,0.0933876782655716,IR152_clean
12,Facenet512,/content/face_module/dataset_extractedfaces/celeba_pairs/003089.jpg,/content/face_module/dataset_extractedfaces/celeba_pairs/016966.jpg,celeba_pairs,impersonation_attack,eval,IR152,clean,clean,0.0933876782655716,IR152_clean
12,GhostFaceNet,/content/face_module/dataset_extractedfaces/celeba_pairs/003089.jpg,/content/face_module/dataset_extractedfaces/celeba_pairs/016966.jpg,celeba_pairs,impersonation_attack,eval,IR152,clean,clean,0.0933876782655716,IR152_clean
12,VGG-Face,/content/face_module/dataset_extractedfaces/celeba_pairs/003089.jpg,/content/face_module/dataset_extractedfaces/celeba_pairs/016966.jpg,celeba_pairs,impersonation_attack,eval,IR152,clean,clean,0.0933876782655716,IR152_clean
12,ArcFace,/content/face_module/dataset_extractedfaces/celeba_pairs/003089.jpg,/content/face_module/dataset_extractedfaces/celeba_pairs/016966.jpg,celeba_pairs,impersonation_attack,eval,IR152,PGD,vanilla,0.0985766127705574,IR152_PGD_adv
12,ArcFace,/content/face_module/dataset_extractedfaces/celeba_pairs/003089.jpg,/content/face_module/dataset_extractedfaces/celeba_pairs/016966.jpg,celeba_pairs,impersonation_attack,eval,IR152,MI_FGSM,vanilla,0.1351440101861953,IR152_MI_FGSM_adv
12,ArcFace,/content/face_module/dataset_extractedfaces/celeba_pairs/003089.jpg,/content/face_module/dataset_extractedfaces/celeba_pairs/016966.jpg,celeba_pairs,impersonation_attack,eval,IR152,TI_FGSM,vanilla,0.1127799749374389,IR152_TI_FGSM_adv
12,ArcFace,/content/face_module/dataset_extractedfaces/celeba_pairs/003089.jpg,/content/face_module/dataset_extractedfaces/celeba_pairs/016966.jpg,celeba_pairs,impersonation_attack,eval,IR152,SI_NI_FGSM,vanilla,0.1071356311440467,IR152_SI_NI_FGSM_adv
12,ArcFace,/content/face_module/dataset_extractedfaces/celeba_pairs/003089.jpg,/content/face_module/dataset_extractedfaces/celeba_pairs/016966.jpg,celeba_pairs,impersonation_attack,eval,IR152,MI_ADMIX_DI_TI,vanilla,0.0917611345648765,IR152_MI_ADMIX_DI_TI_adv
12,Facenet512,/content/face_module/dataset_extractedfaces/celeba_pairs/003089.jpg,/content/face_module/dataset_extractedfaces/celeba_pairs/016966.jpg,celeba_pairs,impersonation_attack,eval,IR152,PGD,vanilla,0.0916997566819191,IR152_PGD_adv
12,Facenet512,/content/face_module/dataset_extractedfaces/celeba_pairs/003089.jpg,/content/face_module/dataset_extractedfaces/celeba_pairs/016966.jpg,celeba_pairs,impersonation_attack,eval,IR152,MI_FGSM,vanilla,0.1070702821016311,IR152_MI_FGSM_adv
12,Facenet512,/content/face_module/dataset_extractedfaces/celeba_pairs/003089.jpg,/content/face_module/dataset_extractedfaces/celeba_pairs/016966.jpg,celeba_pairs,impersonation_attack,eval,IR152,TI_FGSM,vanilla,0.1571578234434127,IR152_TI_FGSM_adv
12,Facenet512,/content/face_module/dataset_extractedfaces/celeba_pairs/003089.jpg,/content/face_module/dataset_extractedfaces/celeba_pairs/016966.jpg,celeba_pairs,impersonation_attack,eval,IR152,SI_NI_FGSM,vanilla,0.1225078478455543,IR152_SI_NI_FGSM_adv
12,Facenet512,/content/face_module/dataset_extractedfaces/celeba_pairs/003089.jpg,/content/face_module/dataset_extractedfaces/celeba_pairs/016966.jpg,celeba_pairs,impersonation_attack,eval,IR152,MI_ADMIX_DI_TI,vanilla,0.148662120103836,IR152_MI_ADMIX_DI_TI_adv
12,GhostFaceNet,/content/face_module/dataset_extractedfaces/celeba_pairs/003089.jpg,/content/face_module/dataset_extractedfaces/celeba_pairs/016966.jpg,celeba_pairs,impersonation_attack,eval,IR152,PGD,vanilla,0.1240797191858291,IR152_PGD_adv
12,GhostFaceNet,/content/face_module/dataset_extractedfaces/celeba_pairs/003089.jpg,/content/face_module/dataset_extractedfaces/celeba_pairs/016966.jpg,celeba_pairs,impersonation_attack,eval,IR152,MI_FGSM,vanilla,0.1233322396874427,IR152_MI_FGSM_adv
12,GhostFaceNet,/content/face_module/dataset_extractedfaces/celeba_pairs/003089.jpg,/content/face_module/dataset_extractedfaces/celeba_pairs/016966.jpg,celeba_pairs,impersonation_attack,eval,IR152,TI_FGSM,vanilla,0.1440957486629486,IR152_TI_FGSM_adv
12,GhostFaceNet,/content/face_module/dataset_extractedfaces/celeba_pairs/003089.jpg,/content/face_module/dataset_extractedfaces/celeba_pairs/016966.jpg,celeba_pairs,impersonation_attack,eval,IR152,SI_NI_FGSM,vanilla,0.1373582780361175,IR152_SI_NI_FGSM_adv
12,GhostFaceNet,/content/face_module/dataset_extractedfaces/celeba_pairs/003089.jpg,/content/face_module/dataset_extractedfaces/celeba_pairs/016966.jpg,celeba_pairs,impersonation_attack,eval,IR152,MI_ADMIX_DI_TI,vanilla,0.1302748918533325,IR152_MI_ADMIX_DI_TI_adv
12,VGG-Face,/content/face_module/dataset_extractedfaces/celeba_pairs/003089.jpg,/content/face_module/dataset_extractedfaces/celeba_pairs/016966.jpg,celeba_pairs,impersonation_attack,eval,IR152,PGD,vanilla,0.0938669070601463,IR152_PGD_adv
12,VGG-Face,/content/face_module/dataset_extractedfaces/celeba_pairs/003089.jpg,/content/face_module/dataset_extractedfaces/celeba_pairs/016966.jpg,celeba_pairs,impersonation_attack,eval,IR152,MI_FGSM,vanilla,0.0832172557711601,IR152_MI_FGSM_adv
12,VGG-Face,/content/face_module/dataset_extractedfaces/celeba_pairs/003089.jpg,/content/face_module/dataset_extractedfaces/celeba_pairs/016966.jpg,celeba_pairs,impersonation_attack,eval,IR152,TI_FGSM,vanilla,0.1300507336854934,IR152_TI_FGSM_adv
12,VGG-Face,/content/face_module/dataset_extractedfaces/celeba_pairs/003089.jpg,/content/face_module/dataset_extractedfaces/celeba_pairs/016966.jpg,celeba_pairs,impersonation_attack,eval,IR152,SI_NI_FGSM,vanilla,0.1093900203704834,IR152_SI_NI_FGSM_adv
12,VGG-Face,/content/face_module/dataset_extractedfaces/celeba_pairs/003089.jpg,/content/face_module/dataset_extractedfaces/celeba_pairs/016966.jpg,celeba_pairs,impersonation_attack,eval,IR152,MI_ADMIX_DI_TI,vanilla,0.1149197667837143,IR152_MI_ADMIX_DI_TI_adv
26,ArcFace,/content/face_module/dataset_extractedfaces/celeba_pairs/113117.jpg,/content/face_module/dataset_extractedfaces/celeba_pairs/129449.jpg,celeba_pairs,impersonation_attack,eval,IR152,clean,clean,0.077299878001213,IR152_clean
26,Facenet512,/content/face_module/dataset_extractedfaces/celeba_pairs/113117.jpg,/content/face_module/dataset_extractedfaces/celeba_pairs/129449.jpg,celeba_pairs,impersonation_attack,eval,IR152,clean,clean,0.077299878001213,IR152_clean
26,GhostFaceNet,/content/face_module/dataset_extractedfaces/celeba_pairs/113117.jpg,/content/face_module/dataset_extractedfaces/celeba_pairs/129449.jpg,celeba_pairs,impersonation_attack,eval,IR152,clean,clean,0.077299878001213,IR152_clean
26,VGG-Face,/content/face_module/dataset_extractedfaces/celeba_pairs/113117.jpg,/content/face_module/dataset_extractedfaces/celeba_pairs/129449.jpg,celeba_pairs,impersonation_attack,eval,IR152,clean,clean,0.077299878001213,IR152_clean
26,ArcFace,/content/face_module/dataset_extractedfaces/celeba_pairs/113117.jpg,/content/face_module/dataset_extractedfaces/celeba_pairs/129449.jpg,celeba_pairs,impersonation_attack,eval,IR152,PGD,vanilla,0.0744157135486602,IR152_PGD_adv
26,ArcFace,/content/face_module/dataset_extractedfaces/celeba_pairs/113117.jpg,/content/face_module/dataset_extractedfaces/celeba_pairs/129449.jpg,celeba_pairs,impersonation_attack,eval,IR152,MI_FGSM,vanilla,0.0705269277095794,IR152_MI_FGSM_adv
26,ArcFace,/content/face_module/dataset_extractedfaces/celeba_pairs/113117.jpg,/content/face_module/dataset_extractedfaces/celeba_pairs/129449.jpg,celeba_pairs,impersonation_attack,eval,IR152,TI_FGSM,vanilla,0.0669240951538086,IR152_TI_FGSM_adv
26,ArcFace,/content/face_module/dataset_extractedfaces/celeba_pairs/113117.jpg,/content/face_module/dataset_extractedfaces/celeba_pairs/129449.jpg,celeba_pairs,impersonation_attack,eval,IR152,SI_NI_FGSM,vanilla,0.0711652338504791,IR152_SI_NI_FGSM_adv
26,ArcFace,/content/face_module/dataset_extractedfaces/celeba_pairs/113117.jpg,/content/face_module/dataset_extractedfaces/celeba_pairs/129449.jpg,celeba_pairs,impersonation_attack,eval,IR152,MI_ADMIX_DI_TI,vanilla,0.0753333196043968,IR152_MI_ADMIX_DI_TI_adv
26,Facenet512,/content/face_module/dataset_extractedfaces/celeba_pairs/113117.jpg,/content/face_module/dataset_extractedfaces/celeba_pairs/129449.jpg,celeba_pairs,impersonation_attack,eval,IR152,PGD,vanilla,0.049859631806612,IR152_PGD_adv
26,Facenet512,/content/face_module/dataset_extractedfaces/celeba_pairs/113117.jpg,/content/face_module/dataset_extractedfaces/celeba_pairs/129449.jpg,celeba_pairs,impersonation_attack,eval,IR152,MI_FGSM,vanilla,0.0361105650663375,IR152_MI_FGSM_adv
26,Facenet512,/content/face_module/dataset_extractedfaces/celeba_pairs/113117.jpg,/content/face_module/dataset_extractedfaces/celeba_pairs/129449.jpg,celeba_pairs,impersonation_attack,eval,IR152,TI_FGSM,vanilla,0.0401753187179565,IR152_TI_FGSM_adv
26,Facenet512,/content/face_module/dataset_extractedfaces/celeba_pairs/113117.jpg,/content/face_module/dataset_extractedfaces/celeba_pairs/129449.jpg,celeba_pairs,impersonation_attack,eval,IR152,SI_NI_FGSM,vanilla,0.0501824915409088,IR152_SI_NI_FGSM_adv
26,Facenet512,/content/face_module/dataset_extractedfaces/celeba_pairs/113117.jpg,/content/face_module/dataset_extractedfaces/celeba_pairs/129449.jpg,celeba_pairs,impersonation_attack,eval,IR152,MI_ADMIX_DI_TI,vanilla,0.0304446201771497,IR152_MI_ADMIX_DI_TI_adv
26,GhostFaceNet,/content/face_module/dataset_extractedfaces/celeba_pairs/113117.jpg,/content/face_module/dataset_extractedfaces/celeba_pairs/129449.jpg,celeba_pairs,impersonation_attack,eval,IR152,PGD,vanilla,0.0882966667413711,IR152_PGD_adv
26,GhostFaceNet,/content/face_module/dataset_extractedfaces/celeba_pairs/113117.jpg,/content/face_module/dataset_extractedfaces/celeba_pairs/129449.jpg,celeba_pairs,impersonation_attack,eval,IR152,MI_FGSM,vanilla,0.0980899333953857,IR152_MI_FGSM_adv
26,GhostFaceNet,/content/face_module/dataset_extractedfaces/celeba_pairs/113117.jpg,/content/face_module/dataset_extractedfaces/celeba_pairs/129449.jpg,celeba_pairs,impersonation_attack,eval,IR152,TI_FGSM,vanilla,0.1006929874420166,IR152_TI_FGSM_adv
26,GhostFaceNet,/content/face_module/dataset_extractedfaces/celeba_pairs/113117.jpg,/content/face_module/dataset_extractedfaces/celeba_pairs/129449.jpg,celeba_pairs,impersonation_attack,eval,IR152,SI_NI_FGSM,vanilla,0.0662687495350837,IR152_SI_NI_FGSM_adv
26,GhostFaceNet,/content/face_module/dataset_extractedfaces/celeba_pairs/113117.jpg,/content/face_module/dataset_extractedfaces/celeba_pairs/129449.jpg,celeba_pairs,impersonation_attack,eval,IR152,MI_ADMIX_DI_TI,vanilla,0.0762628391385078,IR152_MI_ADMIX_DI_TI_adv
26,VGG-Face,/content/face_module/dataset_extractedfaces/celeba_pairs/113117.jpg,/content/face_module/dataset_extractedfaces/celeba_pairs/129449.jpg,celeba_pairs,impersonation_attack,eval,IR152,PGD,vanilla,0.0736130326986312,IR152_PGD_adv
26,VGG-Face,/content/face_module/dataset_extractedfaces/celeba_pairs/113117.jpg,/content/face_module/dataset_extractedfaces/celeba_pairs/129449.jpg,celeba_pairs,impersonation_attack,eval,IR152,MI_FGSM,vanilla,0.0440461039543151,IR152_MI_FGSM_adv
26,VGG-Face,/content/face_module/dataset_extractedfaces/celeba_pairs/113117.jpg,/content/face_module/dataset_extractedfaces/celeba_pairs/129449.jpg,celeba_pairs,impersonation_attack,eval,IR152,TI_FGSM,vanilla,0.080934852361679,IR152_TI_FGSM_adv
26,VGG-Face,/content/face_module/dataset_extractedfaces/celeba_pairs/113117.jpg,/content/face_module/dataset_extractedfaces/celeba_pairs/129449.jpg,celeba_pairs,impersonation_attack,eval,IR152,SI_NI_FGSM,vanilla,0.0567506365478038,IR152_SI_NI_FGSM_adv
26,VGG-Face,/content/face_module/dataset_extractedfaces/celeba_pairs/113117.jpg,/content/face_module/dataset_extractedfaces/celeba_pairs/129449.jpg,celeba_pairs,impersonation_attack,eval,IR152,MI_ADMIX_DI_TI,vanilla,0.0927519500255584,IR152_MI_ADMIX_DI_TI_adv
34,ArcFace,/content/face_module/dataset_extractedfaces/celeba_pairs/001430.jpg,/content/face_module/dataset_extractedfaces/celeba_pairs/046649.jpg,celeba_pairs,impersonation_attack,eval,IR152,clean,clean,-0.0490606576204299,IR152_clean
34,Facenet512,/content/face_module/dataset_extractedfaces/celeba_pairs/001430.jpg,/content/face_module/dataset_extractedfaces/celeba_pairs/046649.jpg,celeba_pairs,impersonation_attack,eval,IR152,clean,clean,-0.0490606576204299,IR152_clean
34,GhostFaceNet,/content/face_module/dataset_extractedfaces/celeba_pairs/001430.jpg,/content/face_module/dataset_extractedfaces/celeba_pairs/046649.jpg,celeba_pairs,impersonation_attack,eval,IR152,clean,clean,-0.0490606576204299,IR152_clean
34,VGG-Face,/content/face_module/dataset_extractedfaces/celeba_pairs/001430.jpg,/content/face_module/dataset_extractedfaces/celeba_pairs/046649.jpg,celeba_pairs,impersonation_attack,eval,IR152,clean,clean,-0.0490606576204299,IR152_clean
34,ArcFace,/content/face_module/dataset_extractedfaces/celeba_pairs/001430.jpg,/content/face_module/dataset_extractedfaces/celeba_pairs/046649.jpg,celeba_pairs,impersonation_attack,eval,IR152,PGD,vanilla,0.0410907343029975,IR152_PGD_adv
34,ArcFace,/content/face_module/dataset_extractedfaces/celeba_pairs/001430.jpg,/content/face_module/dataset_extractedfaces/celeba_pairs/046649.jpg,celeba_pairs,impersonation_attack,eval,IR152,MI_FGSM,vanilla,0.1014443039894104,IR152_MI_FGSM_adv
34,ArcFace,/content/face_module/dataset_extractedfaces/celeba_pairs/001430.jpg,/content/face_module/dataset_extractedfaces/celeba_pairs/046649.jpg,celeba_pairs,impersonation_attack,eval,IR152,TI_FGSM,vanilla,0.0201875790953636,IR152_TI_FGSM_adv
34,ArcFace,/content/face_module/dataset_extractedfaces/celeba_pairs/001430.jpg,/content/face_module/dataset_extractedfaces/celeba_pairs/046649.jpg,celeba_pairs,impersonation_attack,eval,IR152,SI_NI_FGSM,vanilla,0.0947332680225372,IR152_SI_NI_FGSM_adv
34,ArcFace,/content/face_module/dataset_extractedfaces/celeba_pairs/001430.jpg,/content/face_module/dataset_extractedfaces/celeba_pairs/046649.jpg,celeba_pairs,impersonation_attack,eval,IR152,MI_ADMIX_DI_TI,vanilla,0.0558201111853122,IR152_MI_ADMIX_DI_TI_adv
34,Facenet512,/content/face_module/dataset_extractedfaces/celeba_pairs/001430.jpg,/content/face_module/dataset_extractedfaces/celeba_pairs/046649.jpg,celeba_pairs,impersonation_attack,eval,IR152,PGD,vanilla,0.0776248052716255,IR152_PGD_adv
34,Facenet512,/content/face_module/dataset_extractedfaces/celeba_pairs/001430.jpg,/content/face_module/dataset_extractedfaces/celeba_pairs/046649.jpg,celeba_pairs,impersonation_attack,eval,IR152,MI_FGSM,vanilla,0.1966728866100311,IR152_MI_FGSM_adv
34,Facenet512,/content/face_module/dataset_extractedfaces/celeba_pairs/001430.jpg,/content/face_module/dataset_extractedfaces/celeba_pairs/046649.jpg,celeba_pairs,impersonation_attack,eval,IR152,TI_FGSM,vanilla,0.1596063673496246,IR152_TI_FGSM_adv
34,Facenet512,/content/face_module/dataset_extractedfaces/celeba_pairs/001430.jpg,/content/face_module/dataset_extractedfaces/celeba_pairs/046649.jpg,celeba_pairs,impersonation_attack,eval,IR152,SI_NI_FGSM,vanilla,0.1916559487581253,IR152_SI_NI_FGSM_adv
34,Facenet512,/content/face_module/dataset_extractedfaces/celeba_pairs/001430.jpg,/content/face_module/dataset_extractedfaces/celeba_pairs/046649.jpg,celeba_pairs,impersonation_attack,eval,IR152,MI_ADMIX_DI_TI,vanilla,0.1892900764942169,IR152_MI_ADMIX_DI_TI_adv
34,GhostFaceNet,/content/face_module/dataset_extractedfaces/celeba_pairs/001430.jpg,/content/face_module/dataset_extractedfaces/celeba_pairs/046649.jpg,celeba_pairs,impersonation_attack,eval,IR152,PGD,vanilla,0.0212586522102355,IR152_PGD_adv
34,GhostFaceNet,/content/face_module/dataset_extractedfaces/celeba_pairs/001430.jpg,/content/face_module/dataset_extractedfaces/celeba_pairs/046649.jpg,celeba_pairs,impersonation_attack,eval,IR152,MI_FGSM,vanilla,0.0670964494347572,IR152_MI_FGSM_adv
34,GhostFaceNet,/content/face_module/dataset_extractedfaces/celeba_pairs/001430.jpg,/content/face_module/dataset_extractedfaces/celeba_pairs/046649.jpg,celeba_pairs,impersonation_attack,eval,IR152,TI_FGSM,vanilla,0.0453921891748905,IR152_TI_FGSM_adv
34,GhostFaceNet,/content/face_module/dataset_extractedfaces/celeba_pairs/001430.jpg,/content/face_module/dataset_extractedfaces/celeba_pairs/046649.jpg,celeba_pairs,impersonation_attack,eval,IR152,SI_NI_FGSM,vanilla,0.0333268567919731,IR152_SI_NI_FGSM_adv
34,GhostFaceNet,/content/face_module/dataset_extractedfaces/celeba_pairs/001430.jpg,/content/face_module/dataset_extractedfaces/celeba_pairs/046649.jpg,celeba_pairs,impersonation_attack,eval,IR152,MI_ADMIX_DI_TI,vanilla,0.0254298131912946,IR152_MI_ADMIX_DI_TI_adv
34,VGG-Face,/content/face_module/dataset_extractedfaces/celeba_pairs/001430.jpg,/content/face_module/dataset_extractedfaces/celeba_pairs/046649.jpg,celeba_pairs,impersonation_attack,eval,IR152,PGD,vanilla,-0.0081577412784099,IR152_PGD_adv
34,VGG-Face,/content/face_module/dataset_extractedfaces/celeba_pairs/001430.jpg,/content/face_module/dataset_extractedfaces/celeba_pairs/046649.jpg,celeba_pairs,impersonation_attack,eval,IR152,MI_FGSM,vanilla,0.063088446855545,IR152_MI_FGSM_adv
34,VGG-Face,/content/face_module/dataset_extractedfaces/celeba_pairs/001430.jpg,/content/face_module/dataset_extractedfaces/celeba_pairs/046649.jpg,celeba_pairs,impersonation_attack,eval,IR152,TI_FGSM,vanilla,-0.0103084249421954,IR152_TI_FGSM_adv
34,VGG-Face,/content/face_module/dataset_extractedfaces/celeba_pairs/001430.jpg,/content/face_module/dataset_extractedfaces/celeba_pairs/046649.jpg,celeba_pairs,impersonation_attack,eval,IR152,SI_NI_FGSM,vanilla,0.0173161569982767,IR152_SI_NI_FGSM_adv
34,VGG-Face,/content/face_module/dataset_extractedfaces/celeba_pairs/001430.jpg,/content/face_module/dataset_extractedfaces/celeba_pairs/046649.jpg,celeba_pairs,impersonation_attack,eval,IR152,MI_ADMIX_DI_TI,vanilla,0.0415978729724884,IR152_MI_ADMIX_DI_TI_adv
3,ArcFace,/content/face_module/dataset_extractedfaces/vggface2_pairs/n000007_0076_01.jpg,/content/face_module/dataset_extractedfaces/vggface2_pairs/n000005_0080_01.jpg,vggface2_pairs,impersonation_attack,eval,IR152,clean,clean,0.0970131680369377,IR152_clean
3,Facenet512,/content/face_module/dataset_extractedfaces/vggface2_pairs/n000007_0076_01.jpg,/content/face_module/dataset_extractedfaces/vggface2_pairs/n000005_0080_01.jpg,vggface2_pairs,impersonation_attack,eval,IR152,clean,clean,0.0970131680369377,IR152_clean
3,GhostFaceNet,/content/face_module/dataset_extractedfaces/vggface2_pairs/n000007_0076_01.jpg,/content/face_module/dataset_extractedfaces/vggface2_pairs/n000005_0080_01.jpg,vggface2_pairs,impersonation_attack,eval,IR152,clean,clean,0.0970131680369377,IR152_clean
3,VGG-Face,/content/face_module/dataset_extractedfaces/vggface2_pairs/n000007_0076_01.jpg,/content/face_module/dataset_extractedfaces/vggface2_pairs/n000005_0080_01.jpg,vggface2_pairs,impersonation_attack,eval,IR152,clean,clean,0.0970131680369377,IR152_clean
3,ArcFace,/content/face_module/dataset_extractedfaces/vggface2_pairs/n000007_0076_01.jpg,/content/face_module/dataset_extractedfaces/vggface2_pairs/n000005_0080_01.jpg,vggface2_pairs,impersonation_attack,eval,IR152,PGD,vanilla,0.1188846156001091,IR152_PGD_adv
3,ArcFace,/content/face_module/dataset_extractedfaces/vggface2_pairs/n000007_0076_01.jpg,/content/face_module/dataset_extractedfaces/vggface2_pairs/n000005_0080_01.jpg,vggface2_pairs,impersonation_attack,eval,IR152,MI_FGSM,vanilla,0.1498404294252395,IR152_MI_FGSM_adv
3,ArcFace,/content/face_module/dataset_extractedfaces/vggface2_pairs/n000007_0076_01.jpg,/content/face_module/dataset_extractedfaces/vggface2_pairs/n000005_0080_01.jpg,vggface2_pairs,impersonation_attack,eval,IR152,TI_FGSM,vanilla,0.1558329164981842,IR152_TI_FGSM_adv
3,ArcFace,/content/face_module/dataset_extractedfaces/vggface2_pairs/n000007_0076_01.jpg,/content/face_module/dataset_extractedfaces/vggface2_pairs/n000005_0080_01.jpg,vggface2_pairs,impersonation_attack,eval,IR152,SI_NI_FGSM,vanilla,0.1532461047172546,IR152_SI_NI_FGSM_adv
3,ArcFace,/content/face_module/dataset_extractedfaces/vggface2_pairs/n000007_0076_01.jpg,/content/face_module/dataset_extractedfaces/vggface2_pairs/n000005_0080_01.jpg,vggface2_pairs,impersonation_attack,eval,IR152,MI_ADMIX_DI_TI,vanilla,0.1412218362092971,IR152_MI_ADMIX_DI_TI_adv
3,Facenet512,/content/face_module/dataset_extractedfaces/vggface2_pairs/n000007_0076_01.jpg,/content/face_module/dataset_extractedfaces/vggface2_pairs/n000005_0080_01.jpg,vggface2_pairs,impersonation_attack,eval,IR152,PGD,vanilla,0.0877383053302764,IR152_PGD_adv
3,Facenet512,/content/face_module/dataset_extractedfaces/vggface2_pairs/n000007_0076_01.jpg,/content/face_module/dataset_extractedfaces/vggface2_pairs/n000005_0080_01.jpg,vggface2_pairs,impersonation_attack,eval,IR152,MI_FGSM,vanilla,0.0857479944825172,IR152_MI_FGSM_adv
3,Facenet512,/content/face_module/dataset_extractedfaces/vggface2_pairs/n000007_0076_01.jpg,/content/face_module/dataset_extractedfaces/vggface2_pairs/n000005_0080_01.jpg,vggface2_pairs,impersonation_attack,eval,IR152,TI_FGSM,vanilla,0.1041648834943771,IR152_TI_FGSM_adv
3,Facenet512,/content/face_module/dataset_extractedfaces/vggface2_pairs/n000007_0076_01.jpg,/content/face_module/dataset_extractedfaces/vggface2_pairs/n000005_0080_01.jpg,vggface2_pairs,impersonation_attack,eval,IR152,SI_NI_FGSM,vanilla,0.1092511638998985,IR152_SI_NI_FGSM_adv
3,Facenet512,/content/face_module/dataset_extractedfaces/vggface2_pairs/n000007_0076_01.jpg,/content/face_module/dataset_extractedfaces/vggface2_pairs/n000005_0080_01.jpg,vggface2_pairs,impersonation_attack,eval,IR152,MI_ADMIX_DI_TI,vanilla,0.1144797429442405,IR152_MI_ADMIX_DI_TI_adv
3,GhostFaceNet,/content/face_module/dataset_extractedfaces/vggface2_pairs/n000007_0076_01.jpg,/content/face_module/dataset_extractedfaces/vggface2_pairs/n000005_0080_01.jpg,vggface2_pairs,impersonation_attack,eval,IR152,PGD,vanilla,0.1150387674570083,IR152_PGD_adv
3,GhostFaceNet,/content/face_module/dataset_extractedfaces/vggface2_pairs/n000007_0076_01.jpg,/content/face_module/dataset_extractedfaces/vggface2_pairs/n000005_0080_01.jpg,vggface2_pairs,impersonation_attack,eval,IR152,MI_FGSM,vanilla,0.1269396841526031,IR152_MI_FGSM_adv
3,GhostFaceNet,/content/face_module/dataset_extractedfaces/vggface2_pairs/n000007_0076_01.jpg,/content/face_module/dataset_extractedfaces/vggface2_pairs/n000005_0080_01.jpg,vggface2_pairs,impersonation_attack,eval,IR152,TI_FGSM,vanilla,0.1121325492858886,IR152_TI_FGSM_adv
3,GhostFaceNet,/content/face_module/dataset_extractedfaces/vggface2_pairs/n000007_0076_01.jpg,/content/face_module/dataset_extractedfaces/vggface2_pairs/n000005_0080_01.jpg,vggface2_pairs,impersonation_attack,eval,IR152,SI_NI_FGSM,vanilla,0.1178290396928787,IR152_SI_NI_FGSM_adv
3,GhostFaceNet,/content/face_module/dataset_extractedfaces/vggface2_pairs/n000007_0076_01.jpg,/content/face_module/dataset_extractedfaces/vggface2_pairs/n000005_0080_01.jpg,vggface2_pairs,impersonation_attack,eval,IR152,MI_ADMIX_DI_TI,vanilla,0.1324087679386139,IR152_MI_ADMIX_DI_TI_adv
3,VGG-Face,/content/face_module/dataset_extractedfaces/vggface2_pairs/n000007_0076_01.jpg,/content/face_module/dataset_extractedfaces/vggface2_pairs/n000005_0080_01.jpg,vggface2_pairs,impersonation_attack,eval,IR152,PGD,vanilla,0.1142907887697219,IR152_PGD_adv
3,VGG-Face,/content/face_module/dataset_extractedfaces/vggface2_pairs/n000007_0076_01.jpg,/content/face_module/dataset_extractedfaces/vggface2_pairs/n000005_0080_01.jpg,vggface2_pairs,impersonation_attack,eval,IR152,MI_FGSM,vanilla,0.1120168417692184,IR152_MI_FGSM_adv
3,VGG-Face,/content/face_module/dataset_extractedfaces/vggface2_pairs/n000007_0076_01.jpg,/content/face_module/dataset_extractedfaces/vggface2_pairs/n000005_0080_01.jpg,vggface2_pairs,impersonation_attack,eval,IR152,TI_FGSM,vanilla,0.1253346502780914,IR152_TI_FGSM_adv
3,VGG-Face,/content/face_module/dataset_extractedfaces/vggface2_pairs/n000007_0076_01.jpg,/content/face_module/dataset_extractedfaces/vggface2_pairs/n000005_0080_01.jpg,vggface2_pairs,impersonation_attack,eval,IR152,SI_NI_FGSM,vanilla,0.1222061514854431,IR152_SI_NI_FGSM_adv
3,VGG-Face,/content/face_module/dataset_extractedfaces/vggface2_pairs/n000007_0076_01.jpg,/content/face_module/dataset_extractedfaces/vggface2_pairs/n000005_0080_01.jpg,vggface2_pairs,impersonation_attack,eval,IR152,MI_ADMIX_DI_TI,vanilla,0.1118409633636474,IR152_MI_ADMIX_DI_TI_adv
5,ArcFace,/content/face_module/dataset_extractedfaces/vggface2_pairs/n000004_0204_01.jpg,/content/face_module/dataset_extractedfaces/vggface2_pairs/n000002_0070_01.jpg,vggface2_pairs,impersonation_attack,eval,IR152,clean,clean,-0.0258322451263666,IR152_clean
5,Facenet512,/content/face_module/dataset_extractedfaces/vggface2_pairs/n000004_0204_01.jpg,/content/face_module/dataset_extractedfaces/vggface2_pairs/n000002_0070_01.jpg,vggface2_pairs,impersonation_attack,eval,IR152,clean,clean,-0.0258322451263666,IR152_clean
5,GhostFaceNet,/content/face_module/dataset_extractedfaces/vggface2_pairs/n000004_0204_01.jpg,/content/face_module/dataset_extractedfaces/vggface2_pairs/n000002_0070_01.jpg,vggface2_pairs,impersonation_attack,eval,IR152,clean,clean,-0.0258322451263666,IR152_clean
5,VGG-Face,/content/face_module/dataset_extractedfaces/vggface2_pairs/n000004_0204_01.jpg,/content/face_module/dataset_extractedfaces/vggface2_pairs/n000002_0070_01.jpg,vggface2_pairs,impersonation_attack,eval,IR152,clean,clean,-0.0258322451263666,IR152_clean
5,ArcFace,/content/face_module/dataset_extractedfaces/vggface2_pairs/n000004_0204_01.jpg,/content/face_module/dataset_extractedfaces/vggface2_pairs/n000002_0070_01.jpg,vggface2_pairs,impersonation_attack,eval,IR152,PGD,vanilla,0.017126390710473,IR152_PGD_adv
5,ArcFace,/content/face_module/dataset_extractedfaces/vggface2_pairs/n000004_0204_01.jpg,/content/face_module/dataset_extractedfaces/vggface2_pairs/n000002_0070_01.jpg,vggface2_pairs,impersonation_attack,eval,IR152,MI_FGSM,vanilla,0.1131744235754013,IR152_MI_FGSM_adv
5,ArcFace,/content/face_module/dataset_extractedfaces/vggface2_pairs/n000004_0204_01.jpg,/content/face_module/dataset_extractedfaces/vggface2_pairs/n000002_0070_01.jpg,vggface2_pairs,impersonation_attack,eval,IR152,TI_FGSM,vanilla,0.0527083277702331,IR152_TI_FGSM_adv
5,ArcFace,/content/face_module/dataset_extractedfaces/vggface2_pairs/n000004_0204_01.jpg,/content/face_module/dataset_extractedfaces/vggface2_pairs/n000002_0070_01.jpg,vggface2_pairs,impersonation_attack,eval,IR152,SI_NI_FGSM,vanilla,0.1180566474795341,IR152_SI_NI_FGSM_adv
5,ArcFace,/content/face_module/dataset_extractedfaces/vggface2_pairs/n000004_0204_01.jpg,/content/face_module/dataset_extractedfaces/vggface2_pairs/n000002_0070_01.jpg,vggface2_pairs,impersonation_attack,eval,IR152,MI_ADMIX_DI_TI,vanilla,0.0407544374465942,IR152_MI_ADMIX_DI_TI_adv
5,Facenet512,/content/face_module/dataset_extractedfaces/vggface2_pairs/n000004_0204_01.jpg,/content/face_module/dataset_extractedfaces/vggface2_pairs/n000002_0070_01.jpg,vggface2_pairs,impersonation_attack,eval,IR152,PGD,vanilla,-0.0169433690607547,IR152_PGD_adv
5,Facenet512,/content/face_module/dataset_extractedfaces/vggface2_pairs/n000004_0204_01.jpg,/content/face_module/dataset_extractedfaces/vggface2_pairs/n000002_0070_01.jpg,vggface2_pairs,impersonation_attack,eval,IR152,MI_FGSM,vanilla,0.0367831289768219,IR152_MI_FGSM_adv
5,Facenet512,/content/face_module/dataset_extractedfaces/vggface2_pairs/n000004_0204_01.jpg,/content/face_module/dataset_extractedfaces/vggface2_pairs/n000002_0070_01.jpg,vggface2_pairs,impersonation_attack,eval,IR152,TI_FGSM,vanilla,0.0056203268468379,IR152_TI_FGSM_adv
5,Facenet512,/content/face_module/dataset_extractedfaces/vggface2_pairs/n000004_0204_01.jpg,/content/face_module/dataset_extractedfaces/vggface2_pairs/n000002_0070_01.jpg,vggface2_pairs,impersonation_attack,eval,IR152,SI_NI_FGSM,vanilla,0.0227647311985492,IR152_SI_NI_FGSM_adv
5,Facenet512,/content/face_module/dataset_extractedfaces/vggface2_pairs/n000004_0204_01.jpg,/content/face_module/dataset_extractedfaces/vggface2_pairs/n000002_0070_01.jpg,vggface2_pairs,impersonation_attack,eval,IR152,MI_ADMIX_DI_TI,vanilla,0.0404288582503795,IR152_MI_ADMIX_DI_TI_adv
5,GhostFaceNet,/content/face_module/dataset_extractedfaces/vggface2_pairs/n000004_0204_01.jpg,/content/face_module/dataset_extractedfaces/vggface2_pairs/n000002_0070_01.jpg,vggface2_pairs,impersonation_attack,eval,IR152,PGD,vanilla,0.0844092890620231,IR152_PGD_adv
5,GhostFaceNet,/content/face_module/dataset_extractedfaces/vggface2_pairs/n000004_0204_01.jpg,/content/face_module/dataset_extractedfaces/vggface2_pairs/n000002_0070_01.jpg,vggface2_pairs,impersonation_attack,eval,IR152,MI_FGSM,vanilla,0.1240710318088531,IR152_MI_FGSM_adv
5,GhostFaceNet,/content/face_module/dataset_extractedfaces/vggface2_pairs/n000004_0204_01.jpg,/content/face_module/dataset_extractedfaces/vggface2_pairs/n000002_0070_01.jpg,vggface2_pairs,impersonation_attack,eval,IR152,TI_FGSM,vanilla,0.081119917333126,IR152_TI_FGSM_adv
5,GhostFaceNet,/content/face_module/dataset_extractedfaces/vggface2_pairs/n000004_0204_01.jpg,/content/face_module/dataset_extractedfaces/vggface2_pairs/n000002_0070_01.jpg,vggface2_pairs,impersonation_attack,eval,IR152,SI_NI_FGSM,vanilla,0.1571528315544128,IR152_SI_NI_FGSM_adv
5,GhostFaceNet,/content/face_module/dataset_extractedfaces/vggface2_pairs/n000004_0204_01.jpg,/content/face_module/dataset_extractedfaces/vggface2_pairs/n000002_0070_01.jpg,vggface2_pairs,impersonation_attack,eval,IR152,MI_ADMIX_DI_TI,vanilla,0.1270517110824585,IR152_MI_ADMIX_DI_TI_adv
5,VGG-Face,/content/face_module/dataset_extractedfaces/vggface2_pairs/n000004_0204_01.jpg,/content/face_module/dataset_extractedfaces/vggface2_pairs/n000002_0070_01.jpg,vggface2_pairs,impersonation_attack,eval,IR152,PGD,vanilla,-0.0298796761780977,IR152_PGD_adv
5,VGG-Face,/content/face_module/dataset_extractedfaces/vggface2_pairs/n000004_0204_01.jpg,/content/face_module/dataset_extractedfaces/vggface2_pairs/n000002_0070_01.jpg,vggface2_pairs,impersonation_attack,eval,IR152,MI_FGSM,vanilla,-0.0227609500288963,IR152_MI_FGSM_adv
5,VGG-Face,/content/face_module/dataset_extractedfaces/vggface2_pairs/n000004_0204_01.jpg,/content/face_module/dataset_extractedfaces/vggface2_pairs/n000002_0070_01.jpg,vggface2_pairs,impersonation_attack,eval,IR152,TI_FGSM,vanilla,-0.0108178108930587,IR152_TI_FGSM_adv
5,VGG-Face,/content/face_module/dataset_extractedfaces/vggface2_pairs/n000004_0204_01.jpg,/content/face_module/dataset_extractedfaces/vggface2_pairs/n000002_0070_01.jpg,vggface2_pairs,impersonation_attack,eval,IR152,SI_NI_FGSM,vanilla,-0.0132303442806005,IR152_SI_NI_FGSM_adv
5,VGG-Face,/content/face_module/dataset_extractedfaces/vggface2_pairs/n000004_0204_01.jpg,/content/face_module/dataset_extractedfaces/vggface2_pairs/n000002_0070_01.jpg,vggface2_pairs,impersonation_attack,eval,IR152,MI_ADMIX_DI_TI,vanilla,-0.0297954082489013,IR152_MI_ADMIX_DI_TI_adv
17,ArcFace,/content/face_module/dataset_extractedfaces/vggface2_pairs/n000016_0036_01.jpg,/content/face_module/dataset_extractedfaces/vggface2_pairs/n000012_0087_01.jpg,vggface2_pairs,impersonation_attack,eval,IR152,clean,clean,-0.0301508568227291,IR152_clean
17,Facenet512,/content/face_module/dataset_extractedfaces/vggface2_pairs/n000016_0036_01.jpg,/content/face_module/dataset_extractedfaces/vggface2_pairs/n000012_0087_01.jpg,vggface2_pairs,impersonation_attack,eval,IR152,clean,clean,-0.0301508568227291,IR152_clean
17,GhostFaceNet,/content/face_module/dataset_extractedfaces/vggface2_pairs/n000016_0036_01.jpg,/content/face_module/dataset_extractedfaces/vggface2_pairs/n000012_0087_01.jpg,vggface2_pairs,impersonation_attack,eval,IR152,clean,clean,-0.0301508568227291,IR152_clean
17,VGG-Face,/content/face_module/dataset_extractedfaces/vggface2_pairs/n000016_0036_01.jpg,/content/face_module/dataset_extractedfaces/vggface2_pairs/n000012_0087_01.jpg,vggface2_pairs,impersonation_attack,eval,IR152,clean,clean,-0.0301508568227291,IR152_clean
17,ArcFace,/content/face_module/dataset_extractedfaces/vggface2_pairs/n000016_0036_01.jpg,/content/face_module/dataset_extractedfaces/vggface2_pairs/n000012_0087_01.jpg,vggface2_pairs,impersonation_attack,eval,IR152,PGD,vanilla,0.0175802242010831,IR152_PGD_adv
17,ArcFace,/content/face_module/dataset_extractedfaces/vggface2_pairs/n000016_0036_01.jpg,/content/face_module/dataset_extractedfaces/vggface2_pairs/n000012_0087_01.jpg,vggface2_pairs,impersonation_attack,eval,IR152,MI_FGSM,vanilla,0.0900492742657661,IR152_MI_FGSM_adv
17,ArcFace,/content/face_module/dataset_extractedfaces/vggface2_pairs/n000016_0036_01.jpg,/content/face_module/dataset_extractedfaces/vggface2_pairs/n000012_0087_01.jpg,vggface2_pairs,impersonation_attack,eval,IR152,TI_FGSM,vanilla,0.0713429078459739,IR152_TI_FGSM_adv
17,ArcFace,/content/face_module/dataset_extractedfaces/vggface2_pairs/n000016_0036_01.jpg,/content/face_module/dataset_extractedfaces/vggface2_pairs/n000012_0087_01.jpg,vggface2_pairs,impersonation_attack,eval,IR152,SI_NI_FGSM,vanilla,0.0957421883940696,IR152_SI_NI_FGSM_adv
17,ArcFace,/content/face_module/dataset_extractedfaces/vggface2_pairs/n000016_0036_01.jpg,/content/face_module/dataset_extractedfaces/vggface2_pairs/n000012_0087_01.jpg,vggface2_pairs,impersonation_attack,eval,IR152,MI_ADMIX_DI_TI,vanilla,0.0936566814780235,IR152_MI_ADMIX_DI_TI_adv
17,Facenet512,/content/face_module/dataset_extractedfaces/vggface2_pairs/n000016_0036_01.jpg,/content/face_module/dataset_extractedfaces/vggface2_pairs/n000012_0087_01.jpg,vggface2_pairs,impersonation_attack,eval,IR152,PGD,vanilla,0.0567930154502391,IR152_PGD_adv
17,Facenet512,/content/face_module/dataset_extractedfaces/vggface2_pairs/n000016_0036_01.jpg,/content/face_module/dataset_extractedfaces/vggface2_pairs/n000012_0087_01.jpg,vggface2_pairs,impersonation_attack,eval,IR152,MI_FGSM,vanilla,0.1171934753656387,IR152_MI_FGSM_adv
17,Facenet512,/content/face_module/dataset_extractedfaces/vggface2_pairs/n000016_0036_01.jpg,/content/face_module/dataset_extractedfaces/vggface2_pairs/n000012_0087_01.jpg,vggface2_pairs,impersonation_attack,eval,IR152,TI_FGSM,vanilla,0.110147625207901,IR152_TI_FGSM_adv
17,Facenet512,/content/face_module/dataset_extractedfaces/vggface2_pairs/n000016_0036_01.jpg,/content/face_module/dataset_extractedfaces/vggface2_pairs/n000012_0087_01.jpg,vggface2_pairs,impersonation_attack,eval,IR152,SI_NI_FGSM,vanilla,0.1709822714328766,IR152_SI_NI_FGSM_adv
17,Facenet512,/content/face_module/dataset_extractedfaces/vggface2_pairs/n000016_0036_01.jpg,/content/face_module/dataset_extractedfaces/vggface2_pairs/n000012_0087_01.jpg,vggface2_pairs,impersonation_attack,eval,IR152,MI_ADMIX_DI_TI,vanilla,0.1972824782133102,IR152_MI_ADMIX_DI_TI_adv
17,GhostFaceNet,/content/face_module/dataset_extractedfaces/vggface2_pairs/n000016_0036_01.jpg,/content/face_module/dataset_extractedfaces/vggface2_pairs/n000012_0087_01.jpg,vggface2_pairs,impersonation_attack,eval,IR152,PGD,vanilla,-0.0057014776393771,IR152_PGD_adv
17,GhostFaceNet,/content/face_module/dataset_extractedfaces/vggface2_pairs/n000016_0036_01.jpg,/content/face_module/dataset_extractedfaces/vggface2_pairs/n000012_0087_01.jpg,vggface2_pairs,impersonation_attack,eval,IR152,MI_FGSM,vanilla,0.0457114540040493,IR152_MI_FGSM_adv
17,GhostFaceNet,/content/face_module/dataset_extractedfaces/vggface2_pairs/n000016_0036_01.jpg,/content/face_module/dataset_extractedfaces/vggface2_pairs/n000012_0087_01.jpg,vggface2_pairs,impersonation_attack,eval,IR152,TI_FGSM,vanilla,0.0119119742885231,IR152_TI_FGSM_adv
17,GhostFaceNet,/content/face_module/dataset_extractedfaces/vggface2_pairs/n000016_0036_01.jpg,/content/face_module/dataset_extractedfaces/vggface2_pairs/n000012_0087_01.jpg,vggface2_pairs,impersonation_attack,eval,IR152,SI_NI_FGSM,vanilla,0.0723911896347999,IR152_SI_NI_FGSM_adv
17,GhostFaceNet,/content/face_module/dataset_extractedfaces/vggface2_pairs/n000016_0036_01.jpg,/content/face_module/dataset_extractedfaces/vggface2_pairs/n000012_0087_01.jpg,vggface2_pairs,impersonation_attack,eval,IR152,MI_ADMIX_DI_TI,vanilla,0.001709428615868,IR152_MI_ADMIX_DI_TI_adv
17,VGG-Face,/content/face_module/dataset_extractedfaces/vggface2_pairs/n000016_0036_01.jpg,/content/face_module/dataset_extractedfaces/vggface2_pairs/n000012_0087_01.jpg,vggface2_pairs,impersonation_attack,eval,IR152,PGD,vanilla,0.0690350532531738,IR152_PGD_adv
17,VGG-Face,/content/face_module/dataset_extractedfaces/vggface2_pairs/n000016_0036_01.jpg,/content/face_module/dataset_extractedfaces/vggface2_pairs/n000012_0087_01.jpg,vggface2_pairs,impersonation_attack,eval,IR152,MI_FGSM,vanilla,0.0976282805204391,IR152_MI_FGSM_adv
17,VGG-Face,/content/face_module/dataset_extractedfaces/vggface2_pairs/n000016_0036_01.jpg,/content/face_module/dataset_extractedfaces/vggface2_pairs/n000012_0087_01.jpg,vggface2_pairs,impersonation_attack,eval,IR152,TI_FGSM,vanilla,0.1179765313863754,IR152_TI_FGSM_adv
17,VGG-Face,/content/face_module/dataset_extractedfaces/vggface2_pairs/n000016_0036_01.jpg,/content/face_module/dataset_extractedfaces/vggface2_pairs/n000012_0087_01.jpg,vggface2_pairs,impersonation_attack,eval,IR152,SI_NI_FGSM,vanilla,0.0700313076376915,IR152_SI_NI_FGSM_adv
17,VGG-Face,/content/face_module/dataset_extractedfaces/vggface2_pairs/n000016_0036_01.jpg,/content/face_module/dataset_extractedfaces/vggface2_pairs/n000012_0087_01.jpg,vggface2_pairs,impersonation_attack,eval,IR152,MI_ADMIX_DI_TI,vanilla,0.1397440731525421,IR152_MI_ADMIX_DI_TI_adv
19,ArcFace,/content/face_module/dataset_extractedfaces/vggface2_pairs/n000007_0012_01.jpg,/content/face_module/dataset_extractedfaces/vggface2_pairs/n000008_0101_01.jpg,vggface2_pairs,impersonation_attack,eval,IR152,clean,clean,-0.0336099937558174,IR152_clean
19,Facenet512,/content/face_module/dataset_extractedfaces/vggface2_pairs/n000007_0012_01.jpg,/content/face_module/dataset_extractedfaces/vggface2_pairs/n000008_0101_01.jpg,vggface2_pairs,impersonation_attack,eval,IR152,clean,clean,-0.0336099937558174,IR152_clean
19,GhostFaceNet,/content/face_module/dataset_extractedfaces/vggface2_pairs/n000007_0012_01.jpg,/content/face_module/dataset_extractedfaces/vggface2_pairs/n000008_0101_01.jpg,vggface2_pairs,impersonation_attack,eval,IR152,clean,clean,-0.0336099937558174,IR152_clean
19,VGG-Face,/content/face_module/dataset_extractedfaces/vggface2_pairs/n000007_0012_01.jpg,/content/face_module/dataset_extractedfaces/vggface2_pairs/n000008_0101_01.jpg,vggface2_pairs,impersonation_attack,eval,IR152,clean,clean,-0.0336099937558174,IR152_clean
19,ArcFace,/content/face_module/dataset_extractedfaces/vggface2_pairs/n000007_0012_01.jpg,/content/face_module/dataset_extractedfaces/vggface2_pairs/n000008_0101_01.jpg,vggface2_pairs,impersonation_attack,eval,IR152,PGD,vanilla,-0.0151768177747726,IR152_PGD_adv
19,ArcFace,/content/face_module/dataset_extractedfaces/vggface2_pairs/n000007_0012_01.jpg,/content/face_module/dataset_extractedfaces/vggface2_pairs/n000008_0101_01.jpg,vggface2_pairs,impersonation_attack,eval,IR152,MI_FGSM,vanilla,0.0151961334049701,IR152_MI_FGSM_adv
19,ArcFace,/content/face_module/dataset_extractedfaces/vggface2_pairs/n000007_0012_01.jpg,/content/face_module/dataset_extractedfaces/vggface2_pairs/n000008_0101_01.jpg,vggface2_pairs,impersonation_attack,eval,IR152,TI_FGSM,vanilla,-0.013010561466217,IR152_TI_FGSM_adv
19,ArcFace,/content/face_module/dataset_extractedfaces/vggface2_pairs/n000007_0012_01.jpg,/content/face_module/dataset_extractedfaces/vggface2_pairs/n000008_0101_01.jpg,vggface2_pairs,impersonation_attack,eval,IR152,SI_NI_FGSM,vanilla,0.0412556678056716,IR152_SI_NI_FGSM_adv
19,ArcFace,/content/face_module/dataset_extractedfaces/vggface2_pairs/n000007_0012_01.jpg,/content/face_module/dataset_extractedfaces/vggface2_pairs/n000008_0101_01.jpg,vggface2_pairs,impersonation_attack,eval,IR152,MI_ADMIX_DI_TI,vanilla,-0.0194832812994718,IR152_MI_ADMIX_DI_TI_adv
19,Facenet512,/content/face_module/dataset_extractedfaces/vggface2_pairs/n000007_0012_01.jpg,/content/face_module/dataset_extractedfaces/vggface2_pairs/n000008_0101_01.jpg,vggface2_pairs,impersonation_attack,eval,IR152,PGD,vanilla,0.0093949399888515,IR152_PGD_adv
19,Facenet512,/content/face_module/dataset_extractedfaces/vggface2_pairs/n000007_0012_01.jpg,/content/face_module/dataset_extractedfaces/vggface2_pairs/n000008_0101_01.jpg,vggface2_pairs,impersonation_attack,eval,IR152,MI_FGSM,vanilla,0.0180457755923271,IR152_MI_FGSM_adv
19,Facenet512,/content/face_module/dataset_extractedfaces/vggface2_pairs/n000007_0012_01.jpg,/content/face_module/dataset_extractedfaces/vggface2_pairs/n000008_0101_01.jpg,vggface2_pairs,impersonation_attack,eval,IR152,TI_FGSM,vanilla,-0.0205857437103986,IR152_TI_FGSM_adv
19,Facenet512,/content/face_module/dataset_extractedfaces/vggface2_pairs/n000007_0012_01.jpg,/content/face_module/dataset_extractedfaces/vggface2_pairs/n000008_0101_01.jpg,vggface2_pairs,impersonation_attack,eval,IR152,SI_NI_FGSM,vanilla,0.0282530728727579,IR152_SI_NI_FGSM_adv
19,Facenet512,/content/face_module/dataset_extractedfaces/vggface2_pairs/n000007_0012_01.jpg,/content/face_module/dataset_extractedfaces/vggface2_pairs/n000008_0101_01.jpg,vggface2_pairs,impersonation_attack,eval,IR152,MI_ADMIX_DI_TI,vanilla,-0.0017203651368618,IR152_MI_ADMIX_DI_TI_adv
19,GhostFaceNet,/content/face_module/dataset_extractedfaces/vggface2_pairs/n000007_0012_01.jpg,/content/face_module/dataset_extractedfaces/vggface2_pairs/n000008_0101_01.jpg,vggface2_pairs,impersonation_attack,eval,IR152,PGD,vanilla,-0.0186180844902992,IR152_PGD_adv
19,GhostFaceNet,/content/face_module/dataset_extractedfaces/vggface2_pairs/n000007_0012_01.jpg,/content/face_module/dataset_extractedfaces/vggface2_pairs/n000008_0101_01.jpg,vggface2_pairs,impersonation_attack,eval,IR152,MI_FGSM,vanilla,-0.0120175881311297,IR152_MI_FGSM_adv
19,GhostFaceNet,/content/face_module/dataset_extractedfaces/vggface2_pairs/n000007_0012_01.jpg,/content/face_module/dataset_extractedfaces/vggface2_pairs/n000008_0101_01.jpg,vggface2_pairs,impersonation_attack,eval,IR152,TI_FGSM,vanilla,-0.0043006809428334,IR152_TI_FGSM_adv
19,GhostFaceNet,/content/face_module/dataset_extractedfaces/vggface2_pairs/n000007_0012_01.jpg,/content/face_module/dataset_extractedfaces/vggface2_pairs/n000008_0101_01.jpg,vggface2_pairs,impersonation_attack,eval,IR152,SI_NI_FGSM,vanilla,0.0160982701927423,IR152_SI_NI_FGSM_adv
19,GhostFaceNet,/content/face_module/dataset_extractedfaces/vggface2_pairs/n000007_0012_01.jpg,/content/face_module/dataset_extractedfaces/vggface2_pairs/n000008_0101_01.jpg,vggface2_pairs,impersonation_attack,eval,IR152,MI_ADMIX_DI_TI,vanilla,-0.0084891263395547,IR152_MI_ADMIX_DI_TI_adv
19,VGG-Face,/content/face_module/dataset_extractedfaces/vggface2_pairs/n000007_0012_01.jpg,/content/face_module/dataset_extractedfaces/vggface2_pairs/n000008_0101_01.jpg,vggface2_pairs,impersonation_attack,eval,IR152,PGD,vanilla,0.0133520346134901,IR152_PGD_adv
19,VGG-Face,/content/face_module/dataset_extractedfaces/vggface2_pairs/n000007_0012_01.jpg,/content/face_module/dataset_extractedfaces/vggface2_pairs/n000008_0101_01.jpg,vggface2_pairs,impersonation_attack,eval,IR152,MI_FGSM,vanilla,0.0339441075921058,IR152_MI_FGSM_adv
19,VGG-Face,/content/face_module/dataset_extractedfaces/vggface2_pairs/n000007_0012_01.jpg,/content/face_module/dataset_extractedfaces/vggface2_pairs/n000008_0101_01.jpg,vggface2_pairs,impersonation_attack,eval,IR152,TI_FGSM,vanilla,0.0199493542313575,IR152_TI_FGSM_adv
19,VGG-Face,/content/face_module/dataset_extractedfaces/vggface2_pairs/n000007_0012_01.jpg,/content/face_module/dataset_extractedfaces/vggface2_pairs/n000008_0101_01.jpg,vggface2_pairs,impersonation_attack,eval,IR152,SI_NI_FGSM,vanilla,0.0407817400991916,IR152_SI_NI_FGSM_adv
19,VGG-Face,/content/face_module/dataset_extractedfaces/vggface2_pairs/n000007_0012_01.jpg,/content/face_module/dataset_extractedfaces/vggface2_pairs/n000008_0101_01.jpg,vggface2_pairs,impersonation_attack,eval,IR152,MI_ADMIX_DI_TI,vanilla,0.0104378471150994,IR152_MI_ADMIX_DI_TI_adv
21,ArcFace,/content/face_module/dataset_extractedfaces/vggface2_pairs/n000012_0183_01.jpg,/content/face_module/dataset_extractedfaces/vggface2_pairs/n000014_0113_01.jpg,vggface2_pairs,impersonation_attack,eval,IR152,clean,clean,-0.0263524763286113,IR152_clean
21,Facenet512,/content/face_module/dataset_extractedfaces/vggface2_pairs/n000012_0183_01.jpg,/content/face_module/dataset_extractedfaces/vggface2_pairs/n000014_0113_01.jpg,vggface2_pairs,impersonation_attack,eval,IR152,clean,clean,-0.0263524763286113,IR152_clean
21,GhostFaceNet,/content/face_module/dataset_extractedfaces/vggface2_pairs/n000012_0183_01.jpg,/content/face_module/dataset_extractedfaces/vggface2_pairs/n000014_0113_01.jpg,vggface2_pairs,impersonation_attack,eval,IR152,clean,clean,-0.0263524763286113,IR152_clean
21,VGG-Face,/content/face_module/dataset_extractedfaces/vggface2_pairs/n000012_0183_01.jpg,/content/face_module/dataset_extractedfaces/vggface2_pairs/n000014_0113_01.jpg,vggface2_pairs,impersonation_attack,eval,IR152,clean,clean,-0.0263524763286113,IR152_clean
21,ArcFace,/content/face_module/dataset_extractedfaces/vggface2_pairs/n000012_0183_01.jpg,/content/face_module/dataset_extractedfaces/vggface2_pairs/n000014_0113_01.jpg,vggface2_pairs,impersonation_attack,eval,IR152,PGD,vanilla,0.0101097039878368,IR152_PGD_adv
21,ArcFace,/content/face_module/dataset_extractedfaces/vggface2_pairs/n000012_0183_01.jpg,/content/face_module/dataset_extractedfaces/vggface2_pairs/n000014_0113_01.jpg,vggface2_pairs,impersonation_attack,eval,IR152,MI_FGSM,vanilla,0.0353353060781955,IR152_MI_FGSM_adv
21,ArcFace,/content/face_module/dataset_extractedfaces/vggface2_pairs/n000012_0183_01.jpg,/content/face_module/dataset_extractedfaces/vggface2_pairs/n000014_0113_01.jpg,vggface2_pairs,impersonation_attack,eval,IR152,TI_FGSM,vanilla,0.040207639336586,IR152_TI_FGSM_adv
21,ArcFace,/content/face_module/dataset_extractedfaces/vggface2_pairs/n000012_0183_01.jpg,/content/face_module/dataset_extractedfaces/vggface2_pairs/n000014_0113_01.jpg,vggface2_pairs,impersonation_attack,eval,IR152,SI_NI_FGSM,vanilla,0.089865893125534,IR152_SI_NI_FGSM_adv
21,ArcFace,/content/face_module/dataset_extractedfaces/vggface2_pairs/n000012_0183_01.jpg,/content/face_module/dataset_extractedfaces/vggface2_pairs/n000014_0113_01.jpg,vggface2_pairs,impersonation_attack,eval,IR152,MI_ADMIX_DI_TI,vanilla,0.0265725646167993,IR152_MI_ADMIX_DI_TI_adv
21,Facenet512,/content/face_module/dataset_extractedfaces/vggface2_pairs/n000012_0183_01.jpg,/content/face_module/dataset_extractedfaces/vggface2_pairs/n000014_0113_01.jpg,vggface2_pairs,impersonation_attack,eval,IR152,PGD,vanilla,-0.0023540575057268,IR152_PGD_adv
21,Facenet512,/content/face_module/dataset_extractedfaces/vggface2_pairs/n000012_0183_01.jpg,/content/face_module/dataset_extractedfaces/vggface2_pairs/n000014_0113_01.jpg,vggface2_pairs,impersonation_attack,eval,IR152,MI_FGSM,vanilla,0.0132738975808024,IR152_MI_FGSM_adv
21,Facenet512,/content/face_module/dataset_extractedfaces/vggface2_pairs/n000012_0183_01.jpg,/content/face_module/dataset_extractedfaces/vggface2_pairs/n000014_0113_01.jpg,vggface2_pairs,impersonation_attack,eval,IR152,TI_FGSM,vanilla,0.0106921140104532,IR152_TI_FGSM_adv
21,Facenet512,/content/face_module/dataset_extractedfaces/vggface2_pairs/n000012_0183_01.jpg,/content/face_module/dataset_extractedfaces/vggface2_pairs/n000014_0113_01.jpg,vggface2_pairs,impersonation_attack,eval,IR152,SI_NI_FGSM,vanilla,0.0286846868693828,IR152_SI_NI_FGSM_adv
21,Facenet512,/content/face_module/dataset_extractedfaces/vggface2_pairs/n000012_0183_01.jpg,/content/face_module/dataset_extractedfaces/vggface2_pairs/n000014_0113_01.jpg,vggface2_pairs,impersonation_attack,eval,IR152,MI_ADMIX_DI_TI,vanilla,0.011297102086246,IR152_MI_ADMIX_DI_TI_adv
21,GhostFaceNet,/content/face_module/dataset_extractedfaces/vggface2_pairs/n000012_0183_01.jpg,/content/face_module/dataset_extractedfaces/vggface2_pairs/n000014_0113_01.jpg,vggface2_pairs,impersonation_attack,eval,IR152,PGD,vanilla,-0.0063917320221662,IR152_PGD_adv
21,GhostFaceNet,/content/face_module/dataset_extractedfaces/vggface2_pairs/n000012_0183_01.jpg,/content/face_module/dataset_extractedfaces/vggface2_pairs/n000014_0113_01.jpg,vggface2_pairs,impersonation_attack,eval,IR152,MI_FGSM,vanilla,0.0169783160090446,IR152_MI_FGSM_adv
21,GhostFaceNet,/content/face_module/dataset_extractedfaces/vggface2_pairs/n000012_0183_01.jpg,/content/face_module/dataset_extractedfaces/vggface2_pairs/n000014_0113_01.jpg,vggface2_pairs,impersonation_attack,eval,IR152,TI_FGSM,vanilla,0.0048007667064666,IR152_TI_FGSM_adv
21,GhostFaceNet,/content/face_module/dataset_extractedfaces/vggface2_pairs/n000012_0183_01.jpg,/content/face_module/dataset_extractedfaces/vggface2_pairs/n000014_0113_01.jpg,vggface2_pairs,impersonation_attack,eval,IR152,SI_NI_FGSM,vanilla,0.0106507474556565,IR152_SI_NI_FGSM_adv
21,GhostFaceNet,/content/face_module/dataset_extractedfaces/vggface2_pairs/n000012_0183_01.jpg,/content/face_module/dataset_extractedfaces/vggface2_pairs/n000014_0113_01.jpg,vggface2_pairs,impersonation_attack,eval,IR152,MI_ADMIX_DI_TI,vanilla,0.0228309612721204,IR152_MI_ADMIX_DI_TI_adv
21,VGG-Face,/content/face_module/dataset_extractedfaces/vggface2_pairs/n000012_0183_01.jpg,/content/face_module/dataset_extractedfaces/vggface2_pairs/n000014_0113_01.jpg,vggface2_pairs,impersonation_attack,eval,IR152,PGD,vanilla,-0.0097200768068432,IR152_PGD_adv
21,VGG-Face,/content/face_module/dataset_extractedfaces/vggface2_pairs/n000012_0183_01.jpg,/content/face_module/dataset_extractedfaces/vggface2_pairs/n000014_0113_01.jpg,vggface2_pairs,impersonation_attack,eval,IR152,MI_FGSM,vanilla,-0.0255526285618543,IR152_MI_FGSM_adv
21,VGG-Face,/content/face_module/dataset_extractedfaces/vggface2_pairs/n000012_0183_01.jpg,/content/face_module/dataset_extractedfaces/vggface2_pairs/n000014_0113_01.jpg,vggface2_pairs,impersonation_attack,eval,IR152,TI_FGSM,vanilla,-0.0241178646683692,IR152_TI_FGSM_adv
21,VGG-Face,/content/face_module/dataset_extractedfaces/vggface2_pairs/n000012_0183_01.jpg,/content/face_module/dataset_extractedfaces/vggface2_pairs/n000014_0113_01.jpg,vggface2_pairs,impersonation_attack,eval,IR152,SI_NI_FGSM,vanilla,-0.011909145861864,IR152_SI_NI_FGSM_adv
21,VGG-Face,/content/face_module/dataset_extractedfaces/vggface2_pairs/n000012_0183_01.jpg,/content/face_module/dataset_extractedfaces/vggface2_pairs/n000014_0113_01.jpg,vggface2_pairs,impersonation_attack,eval,IR152,MI_ADMIX_DI_TI,vanilla,-0.0120222698897123,IR152_MI_ADMIX_DI_TI_adv
6,ArcFace,/content/face_module/dataset_extractedfaces/lfw_pairs/Luiz Inacio Lula da Silva_7.jpg,/content/face_module/dataset_extractedfaces/lfw_pairs/Luiz Inacio Lula da Silva_8.jpg,lfw_pairs,dodging_attack,eval,IR152,clean,clean,0.4096411168575287,IR152_clean
6,Facenet512,/content/face_module/dataset_extractedfaces/lfw_pairs/Luiz Inacio Lula da Silva_7.jpg,/content/face_module/dataset_extractedfaces/lfw_pairs/Luiz Inacio Lula da Silva_8.jpg,lfw_pairs,dodging_attack,eval,IR152,clean,clean,0.4096411168575287,IR152_clean
6,GhostFaceNet,/content/face_module/dataset_extractedfaces/lfw_pairs/Luiz Inacio Lula da Silva_7.jpg,/content/face_module/dataset_extractedfaces/lfw_pairs/Luiz Inacio Lula da Silva_8.jpg,lfw_pairs,dodging_attack,eval,IR152,clean,clean,0.4096411168575287,IR152_clean
6,VGG-Face,/content/face_module/dataset_extractedfaces/lfw_pairs/Luiz Inacio Lula da Silva_7.jpg,/content/face_module/dataset_extractedfaces/lfw_pairs/Luiz Inacio Lula da Silva_8.jpg,lfw_pairs,dodging_attack,eval,IR152,clean,clean,0.4096411168575287,IR152_clean
6,ArcFace,/content/face_module/dataset_extractedfaces/lfw_pairs/Luiz Inacio Lula da Silva_7.jpg,/content/face_module/dataset_extractedfaces/lfw_pairs/Luiz Inacio Lula da Silva_8.jpg,lfw_pairs,dodging_attack,eval,IR152,PGD,vanilla,0.4120087325572967,IR152_PGD_adv
6,ArcFace,/content/face_module/dataset_extractedfaces/lfw_pairs/Luiz Inacio Lula da Silva_7.jpg,/content/face_module/dataset_extractedfaces/lfw_pairs/Luiz Inacio Lula da Silva_8.jpg,lfw_pairs,dodging_attack,eval,IR152,MI_FGSM,vanilla,0.3008489608764648,IR152_MI_FGSM_adv
6,ArcFace,/content/face_module/dataset_extractedfaces/lfw_pairs/Luiz Inacio Lula da Silva_7.jpg,/content/face_module/dataset_extractedfaces/lfw_pairs/Luiz Inacio Lula da Silva_8.jpg,lfw_pairs,dodging_attack,eval,IR152,TI_FGSM,vanilla,0.2816517949104309,IR152_TI_FGSM_adv
6,ArcFace,/content/face_module/dataset_extractedfaces/lfw_pairs/Luiz Inacio Lula da Silva_7.jpg,/content/face_module/dataset_extractedfaces/lfw_pairs/Luiz Inacio Lula da Silva_8.jpg,lfw_pairs,dodging_attack,eval,IR152,SI_NI_FGSM,vanilla,0.2573063671588897,IR152_SI_NI_FGSM_adv
6,ArcFace,/content/face_module/dataset_extractedfaces/lfw_pairs/Luiz Inacio Lula da Silva_7.jpg,/content/face_module/dataset_extractedfaces/lfw_pairs/Luiz Inacio Lula da Silva_8.jpg,lfw_pairs,dodging_attack,eval,IR152,MI_ADMIX_DI_TI,vanilla,0.2889145910739898,IR152_MI_ADMIX_DI_TI_adv
6,Facenet512,/content/face_module/dataset_extractedfaces/lfw_pairs/Luiz Inacio Lula da Silva_7.jpg,/content/face_module/dataset_extractedfaces/lfw_pairs/Luiz Inacio Lula da Silva_8.jpg,lfw_pairs,dodging_attack,eval,IR152,PGD,vanilla,0.2449533194303512,IR152_PGD_adv
6,Facenet512,/content/face_module/dataset_extractedfaces/lfw_pairs/Luiz Inacio Lula da Silva_7.jpg,/content/face_module/dataset_extractedfaces/lfw_pairs/Luiz Inacio Lula da Silva_8.jpg,lfw_pairs,dodging_attack,eval,IR152,MI_FGSM,vanilla,0.1641642898321151,IR152_MI_FGSM_adv
6,Facenet512,/content/face_module/dataset_extractedfaces/lfw_pairs/Luiz Inacio Lula da Silva_7.jpg,/content/face_module/dataset_extractedfaces/lfw_pairs/Luiz Inacio Lula da Silva_8.jpg,lfw_pairs,dodging_attack,eval,IR152,TI_FGSM,vanilla,0.2394960075616836,IR152_TI_FGSM_adv
6,Facenet512,/content/face_module/dataset_extractedfaces/lfw_pairs/Luiz Inacio Lula da Silva_7.jpg,/content/face_module/dataset_extractedfaces/lfw_pairs/Luiz Inacio Lula da Silva_8.jpg,lfw_pairs,dodging_attack,eval,IR152,SI_NI_FGSM,vanilla,0.1414994001388549,IR152_SI_NI_FGSM_adv
6,Facenet512,/content/face_module/dataset_extractedfaces/lfw_pairs/Luiz Inacio Lula da Silva_7.jpg,/content/face_module/dataset_extractedfaces/lfw_pairs/Luiz Inacio Lula da Silva_8.jpg,lfw_pairs,dodging_attack,eval,IR152,MI_ADMIX_DI_TI,vanilla,0.2470082640647888,IR152_MI_ADMIX_DI_TI_adv
6,GhostFaceNet,/content/face_module/dataset_extractedfaces/lfw_pairs/Luiz Inacio Lula da Silva_7.jpg,/content/face_module/dataset_extractedfaces/lfw_pairs/Luiz Inacio Lula da Silva_8.jpg,lfw_pairs,dodging_attack,eval,IR152,PGD,vanilla,0.4224547743797302,IR152_PGD_adv
6,GhostFaceNet,/content/face_module/dataset_extractedfaces/lfw_pairs/Luiz Inacio Lula da Silva_7.jpg,/content/face_module/dataset_extractedfaces/lfw_pairs/Luiz Inacio Lula da Silva_8.jpg,lfw_pairs,dodging_attack,eval,IR152,MI_FGSM,vanilla,0.5132259130477905,IR152_MI_FGSM_adv
6,GhostFaceNet,/content/face_module/dataset_extractedfaces/lfw_pairs/Luiz Inacio Lula da Silva_7.jpg,/content/face_module/dataset_extractedfaces/lfw_pairs/Luiz Inacio Lula da Silva_8.jpg,lfw_pairs,dodging_attack,eval,IR152,TI_FGSM,vanilla,0.3565965890884399,IR152_TI_FGSM_adv
6,GhostFaceNet,/content/face_module/dataset_extractedfaces/lfw_pairs/Luiz Inacio Lula da Silva_7.jpg,/content/face_module/dataset_extractedfaces/lfw_pairs/Luiz Inacio Lula da Silva_8.jpg,lfw_pairs,dodging_attack,eval,IR152,SI_NI_FGSM,vanilla,0.4068286418914795,IR152_SI_NI_FGSM_adv
6,GhostFaceNet,/content/face_module/dataset_extractedfaces/lfw_pairs/Luiz Inacio Lula da Silva_7.jpg,/content/face_module/dataset_extractedfaces/lfw_pairs/Luiz Inacio Lula da Silva_8.jpg,lfw_pairs,dodging_attack,eval,IR152,MI_ADMIX_DI_TI,vanilla,0.3940178751945495,IR152_MI_ADMIX_DI_TI_adv
6,VGG-Face,/content/face_module/dataset_extractedfaces/lfw_pairs/Luiz Inacio Lula da Silva_7.jpg,/content/face_module/dataset_extractedfaces/lfw_pairs/Luiz Inacio Lula da Silva_8.jpg,lfw_pairs,dodging_attack,eval,IR152,PGD,vanilla,0.2583576440811157,IR152_PGD_adv
6,VGG-Face,/content/face_module/dataset_extractedfaces/lfw_pairs/Luiz Inacio Lula da Silva_7.jpg,/content/face_module/dataset_extractedfaces/lfw_pairs/Luiz Inacio Lula da Silva_8.jpg,lfw_pairs,dodging_attack,eval,IR152,MI_FGSM,vanilla,0.1420440971851349,IR152_MI_FGSM_adv
6,VGG-Face,/content/face_module/dataset_extractedfaces/lfw_pairs/Luiz Inacio Lula da Silva_7.jpg,/content/face_module/dataset_extractedfaces/lfw_pairs/Luiz Inacio Lula da Silva_8.jpg,lfw_pairs,dodging_attack,eval,IR152,TI_FGSM,vanilla,0.1923618763685226,IR152_TI_FGSM_adv
6,VGG-Face,/content/face_module/dataset_extractedfaces/lfw_pairs/Luiz Inacio Lula da Silva_7.jpg,/content/face_module/dataset_extractedfaces/lfw_pairs/Luiz Inacio Lula da Silva_8.jpg,lfw_pairs,dodging_attack,eval,IR152,SI_NI_FGSM,vanilla,0.1466458141803741,IR152_SI_NI_FGSM_adv
6,VGG-Face,/content/face_module/dataset_extractedfaces/lfw_pairs/Luiz Inacio Lula da Silva_7.jpg,/content/face_module/dataset_extractedfaces/lfw_pairs/Luiz Inacio Lula da Silva_8.jpg,lfw_pairs,dodging_attack,eval,IR152,MI_ADMIX_DI_TI,vanilla,0.088872879743576,IR152_MI_ADMIX_DI_TI_adv
9,ArcFace,/content/face_module/dataset_extractedfaces/lfw_pairs/Colin Powell_75.jpg,/content/face_module/dataset_extractedfaces/lfw_pairs/Colin Powell_76.jpg,lfw_pairs,dodging_attack,eval,IR152,clean,clean,0.6754658818244934,IR152_clean
9,Facenet512,/content/face_module/dataset_extractedfaces/lfw_pairs/Colin Powell_75.jpg,/content/face_module/dataset_extractedfaces/lfw_pairs/Colin Powell_76.jpg,lfw_pairs,dodging_attack,eval,IR152,clean,clean,0.6754658818244934,IR152_clean
9,GhostFaceNet,/content/face_module/dataset_extractedfaces/lfw_pairs/Colin Powell_75.jpg,/content/face_module/dataset_extractedfaces/lfw_pairs/Colin Powell_76.jpg,lfw_pairs,dodging_attack,eval,IR152,clean,clean,0.6754658818244934,IR152_clean
9,VGG-Face,/content/face_module/dataset_extractedfaces/lfw_pairs/Colin Powell_75.jpg,/content/face_module/dataset_extractedfaces/lfw_pairs/Colin Powell_76.jpg,lfw_pairs,dodging_attack,eval,IR152,clean,clean,0.6754658818244934,IR152_clean
9,ArcFace,/content/face_module/dataset_extractedfaces/lfw_pairs/Colin Powell_75.jpg,/content/face_module/dataset_extractedfaces/lfw_pairs/Colin Powell_76.jpg,lfw_pairs,dodging_attack,eval,IR152,PGD,vanilla,0.5891517400741577,IR152_PGD_adv
9,ArcFace,/content/face_module/dataset_extractedfaces/lfw_pairs/Colin Powell_75.jpg,/content/face_module/dataset_extractedfaces/lfw_pairs/Colin Powell_76.jpg,lfw_pairs,dodging_attack,eval,IR152,MI_FGSM,vanilla,0.4229615330696106,IR152_MI_FGSM_adv
9,ArcFace,/content/face_module/dataset_extractedfaces/lfw_pairs/Colin Powell_75.jpg,/content/face_module/dataset_extractedfaces/lfw_pairs/Colin Powell_76.jpg,lfw_pairs,dodging_attack,eval,IR152,TI_FGSM,vanilla,0.5866982936859131,IR152_TI_FGSM_adv
9,ArcFace,/content/face_module/dataset_extractedfaces/lfw_pairs/Colin Powell_75.jpg,/content/face_module/dataset_extractedfaces/lfw_pairs/Colin Powell_76.jpg,lfw_pairs,dodging_attack,eval,IR152,SI_NI_FGSM,vanilla,0.3518826365470886,IR152_SI_NI_FGSM_adv
9,ArcFace,/content/face_module/dataset_extractedfaces/lfw_pairs/Colin Powell_75.jpg,/content/face_module/dataset_extractedfaces/lfw_pairs/Colin Powell_76.jpg,lfw_pairs,dodging_attack,eval,IR152,MI_ADMIX_DI_TI,vanilla,0.4987432360649109,IR152_MI_ADMIX_DI_TI_adv
9,Facenet512,/content/face_module/dataset_extractedfaces/lfw_pairs/Colin Powell_75.jpg,/content/face_module/dataset_extractedfaces/lfw_pairs/Colin Powell_76.jpg,lfw_pairs,dodging_attack,eval,IR152,PGD,vanilla,0.5275804996490479,IR152_PGD_adv
9,Facenet512,/content/face_module/dataset_extractedfaces/lfw_pairs/Colin Powell_75.jpg,/content/face_module/dataset_extractedfaces/lfw_pairs/Colin Powell_76.jpg,lfw_pairs,dodging_attack,eval,IR152,MI_FGSM,vanilla,0.3021118640899658,IR152_MI_FGSM_adv
9,Facenet512,/content/face_module/dataset_extractedfaces/lfw_pairs/Colin Powell_75.jpg,/content/face_module/dataset_extractedfaces/lfw_pairs/Colin Powell_76.jpg,lfw_pairs,dodging_attack,eval,IR152,TI_FGSM,vanilla,0.4551021754741668,IR152_TI_FGSM_adv
9,Facenet512,/content/face_module/dataset_extractedfaces/lfw_pairs/Colin Powell_75.jpg,/content/face_module/dataset_extractedfaces/lfw_pairs/Colin Powell_76.jpg,lfw_pairs,dodging_attack,eval,IR152,SI_NI_FGSM,vanilla,0.3095197677612304,IR152_SI_NI_FGSM_adv
9,Facenet512,/content/face_module/dataset_extractedfaces/lfw_pairs/Colin Powell_75.jpg,/content/face_module/dataset_extractedfaces/lfw_pairs/Colin Powell_76.jpg,lfw_pairs,dodging_attack,eval,IR152,MI_ADMIX_DI_TI,vanilla,0.4155109822750091,IR152_MI_ADMIX_DI_TI_adv
9,GhostFaceNet,/content/face_module/dataset_extractedfaces/lfw_pairs/Colin Powell_75.jpg,/content/face_module/dataset_extractedfaces/lfw_pairs/Colin Powell_76.jpg,lfw_pairs,dodging_attack,eval,IR152,PGD,vanilla,0.6281111240386963,IR152_PGD_adv
9,GhostFaceNet,/content/face_module/dataset_extractedfaces/lfw_pairs/Colin Powell_75.jpg,/content/face_module/dataset_extractedfaces/lfw_pairs/Colin Powell_76.jpg,lfw_pairs,dodging_attack,eval,IR152,MI_FGSM,vanilla,0.5227947235107422,IR152_MI_FGSM_adv
9,GhostFaceNet,/content/face_module/dataset_extractedfaces/lfw_pairs/Colin Powell_75.jpg,/content/face_module/dataset_extractedfaces/lfw_pairs/Colin Powell_76.jpg,lfw_pairs,dodging_attack,eval,IR152,TI_FGSM,vanilla,0.5935315489768982,IR152_TI_FGSM_adv
9,GhostFaceNet,/content/face_module/dataset_extractedfaces/lfw_pairs/Colin Powell_75.jpg,/content/face_module/dataset_extractedfaces/lfw_pairs/Colin Powell_76.jpg,lfw_pairs,dodging_attack,eval,IR152,SI_NI_FGSM,vanilla,0.4973665773868561,IR152_SI_NI_FGSM_adv
9,GhostFaceNet,/content/face_module/dataset_extractedfaces/lfw_pairs/Colin Powell_75.jpg,/content/face_module/dataset_extractedfaces/lfw_pairs/Colin Powell_76.jpg,lfw_pairs,dodging_attack,eval,IR152,MI_ADMIX_DI_TI,vanilla,0.6432675123214722,IR152_MI_ADMIX_DI_TI_adv
9,VGG-Face,/content/face_module/dataset_extractedfaces/lfw_pairs/Colin Powell_75.jpg,/content/face_module/dataset_extractedfaces/lfw_pairs/Colin Powell_76.jpg,lfw_pairs,dodging_attack,eval,IR152,PGD,vanilla,0.605311393737793,IR152_PGD_adv
9,VGG-Face,/content/face_module/dataset_extractedfaces/lfw_pairs/Colin Powell_75.jpg,/content/face_module/dataset_extractedfaces/lfw_pairs/Colin Powell_76.jpg,lfw_pairs,dodging_attack,eval,IR152,MI_FGSM,vanilla,0.5448386669158936,IR152_MI_FGSM_adv
9,VGG-Face,/content/face_module/dataset_extractedfaces/lfw_pairs/Colin Powell_75.jpg,/content/face_module/dataset_extractedfaces/lfw_pairs/Colin Powell_76.jpg,lfw_pairs,dodging_attack,eval,IR152,TI_FGSM,vanilla,0.5137105584144592,IR152_TI_FGSM_adv
9,VGG-Face,/content/face_module/dataset_extractedfaces/lfw_pairs/Colin Powell_75.jpg,/content/face_module/dataset_extractedfaces/lfw_pairs/Colin Powell_76.jpg,lfw_pairs,dodging_attack,eval,IR152,SI_NI_FGSM,vanilla,0.5419270992279053,IR152_SI_NI_FGSM_adv
9,VGG-Face,/content/face_module/dataset_extractedfaces/lfw_pairs/Colin Powell_75.jpg,/content/face_module/dataset_extractedfaces/lfw_pairs/Colin Powell_76.jpg,lfw_pairs,dodging_attack,eval,IR152,MI_ADMIX_DI_TI,vanilla,0.5066173672676086,IR152_MI_ADMIX_DI_TI_adv
15,ArcFace,/content/face_module/dataset_extractedfaces/lfw_pairs/George W Bush_518.jpg,/content/face_module/dataset_extractedfaces/lfw_pairs/George W Bush_519.jpg,lfw_pairs,dodging_attack,eval,IR152,clean,clean,0.5632672309875488,IR152_clean
15,Facenet512,/content/face_module/dataset_extractedfaces/lfw_pairs/George W Bush_518.jpg,/content/face_module/dataset_extractedfaces/lfw_pairs/George W Bush_519.jpg,lfw_pairs,dodging_attack,eval,IR152,clean,clean,0.5632672309875488,IR152_clean
15,GhostFaceNet,/content/face_module/dataset_extractedfaces/lfw_pairs/George W Bush_518.jpg,/content/face_module/dataset_extractedfaces/lfw_pairs/George W Bush_519.jpg,lfw_pairs,dodging_attack,eval,IR152,clean,clean,0.5632672309875488,IR152_clean
15,VGG-Face,/content/face_module/dataset_extractedfaces/lfw_pairs/George W Bush_518.jpg,/content/face_module/dataset_extractedfaces/lfw_pairs/George W Bush_519.jpg,lfw_pairs,dodging_attack,eval,IR152,clean,clean,0.5632672309875488,IR152_clean
15,ArcFace,/content/face_module/dataset_extractedfaces/lfw_pairs/George W Bush_518.jpg,/content/face_module/dataset_extractedfaces/lfw_pairs/George W Bush_519.jpg,lfw_pairs,dodging_attack,eval,IR152,PGD,vanilla,0.4299647510051727,IR152_PGD_adv
15,ArcFace,/content/face_module/dataset_extractedfaces/lfw_pairs/George W Bush_518.jpg,/content/face_module/dataset_extractedfaces/lfw_pairs/George W Bush_519.jpg,lfw_pairs,dodging_attack,eval,IR152,MI_FGSM,vanilla,0.2230546772480011,IR152_MI_FGSM_adv
15,ArcFace,/content/face_module/dataset_extractedfaces/lfw_pairs/George W Bush_518.jpg,/content/face_module/dataset_extractedfaces/lfw_pairs/George W Bush_519.jpg,lfw_pairs,dodging_attack,eval,IR152,TI_FGSM,vanilla,0.2949119210243225,IR152_TI_FGSM_adv
15,ArcFace,/content/face_module/dataset_extractedfaces/lfw_pairs/George W Bush_518.jpg,/content/face_module/dataset_extractedfaces/lfw_pairs/George W Bush_519.jpg,lfw_pairs,dodging_attack,eval,IR152,SI_NI_FGSM,vanilla,0.1230685412883758,IR152_SI_NI_FGSM_adv
15,ArcFace,/content/face_module/dataset_extractedfaces/lfw_pairs/George W Bush_518.jpg,/content/face_module/dataset_extractedfaces/lfw_pairs/George W Bush_519.jpg,lfw_pairs,dodging_attack,eval,IR152,MI_ADMIX_DI_TI,vanilla,0.3406595885753631,IR152_MI_ADMIX_DI_TI_adv
15,Facenet512,/content/face_module/dataset_extractedfaces/lfw_pairs/George W Bush_518.jpg,/content/face_module/dataset_extractedfaces/lfw_pairs/George W Bush_519.jpg,lfw_pairs,dodging_attack,eval,IR152,PGD,vanilla,0.382490873336792,IR152_PGD_adv
15,Facenet512,/content/face_module/dataset_extractedfaces/lfw_pairs/George W Bush_518.jpg,/content/face_module/dataset_extractedfaces/lfw_pairs/George W Bush_519.jpg,lfw_pairs,dodging_attack,eval,IR152,MI_FGSM,vanilla,0.2198568880558014,IR152_MI_FGSM_adv
15,Facenet512,/content/face_module/dataset_extractedfaces/lfw_pairs/George W Bush_518.jpg,/content/face_module/dataset_extractedfaces/lfw_pairs/George W Bush_519.jpg,lfw_pairs,dodging_attack,eval,IR152,TI_FGSM,vanilla,0.294814258813858,IR152_TI_FGSM_adv
15,Facenet512,/content/face_module/dataset_extractedfaces/lfw_pairs/George W Bush_518.jpg,/content/face_module/dataset_extractedfaces/lfw_pairs/George W Bush_519.jpg,lfw_pairs,dodging_attack,eval,IR152,SI_NI_FGSM,vanilla,0.2221217453479766,IR152_SI_NI_FGSM_adv
15,Facenet512,/content/face_module/dataset_extractedfaces/lfw_pairs/George W Bush_518.jpg,/content/face_module/dataset_extractedfaces/lfw_pairs/George W Bush_519.jpg,lfw_pairs,dodging_attack,eval,IR152,MI_ADMIX_DI_TI,vanilla,0.2229908406734466,IR152_MI_ADMIX_DI_TI_adv
15,GhostFaceNet,/content/face_module/dataset_extractedfaces/lfw_pairs/George W Bush_518.jpg,/content/face_module/dataset_extractedfaces/lfw_pairs/George W Bush_519.jpg,lfw_pairs,dodging_attack,eval,IR152,PGD,vanilla,0.501437783241272,IR152_PGD_adv
15,GhostFaceNet,/content/face_module/dataset_extractedfaces/lfw_pairs/George W Bush_518.jpg,/content/face_module/dataset_extractedfaces/lfw_pairs/George W Bush_519.jpg,lfw_pairs,dodging_attack,eval,IR152,MI_FGSM,vanilla,0.4093985557556152,IR152_MI_FGSM_adv
15,GhostFaceNet,/content/face_module/dataset_extractedfaces/lfw_pairs/George W Bush_518.jpg,/content/face_module/dataset_extractedfaces/lfw_pairs/George W Bush_519.jpg,lfw_pairs,dodging_attack,eval,IR152,TI_FGSM,vanilla,0.4709263443946838,IR152_TI_FGSM_adv
15,GhostFaceNet,/content/face_module/dataset_extractedfaces/lfw_pairs/George W Bush_518.jpg,/content/face_module/dataset_extractedfaces/lfw_pairs/George W Bush_519.jpg,lfw_pairs,dodging_attack,eval,IR152,SI_NI_FGSM,vanilla,0.4211302995681762,IR152_SI_NI_FGSM_adv
15,GhostFaceNet,/content/face_module/dataset_extractedfaces/lfw_pairs/George W Bush_518.jpg,/content/face_module/dataset_extractedfaces/lfw_pairs/George W Bush_519.jpg,lfw_pairs,dodging_attack,eval,IR152,MI_ADMIX_DI_TI,vanilla,0.4462427198886871,IR152_MI_ADMIX_DI_TI_adv
15,VGG-Face,/content/face_module/dataset_extractedfaces/lfw_pairs/George W Bush_518.jpg,/content/face_module/dataset_extractedfaces/lfw_pairs/George W Bush_519.jpg,lfw_pairs,dodging_attack,eval,IR152,PGD,vanilla,0.412279725074768,IR152_PGD_adv
15,VGG-Face,/content/face_module/dataset_extractedfaces/lfw_pairs/George W Bush_518.jpg,/content/face_module/dataset_extractedfaces/lfw_pairs/George W Bush_519.jpg,lfw_pairs,dodging_attack,eval,IR152,MI_FGSM,vanilla,0.3165062069892883,IR152_MI_FGSM_adv
15,VGG-Face,/content/face_module/dataset_extractedfaces/lfw_pairs/George W Bush_518.jpg,/content/face_module/dataset_extractedfaces/lfw_pairs/George W Bush_519.jpg,lfw_pairs,dodging_attack,eval,IR152,TI_FGSM,vanilla,0.3585456907749176,IR152_TI_FGSM_adv
15,VGG-Face,/content/face_module/dataset_extractedfaces/lfw_pairs/George W Bush_518.jpg,/content/face_module/dataset_extractedfaces/lfw_pairs/George W Bush_519.jpg,lfw_pairs,dodging_attack,eval,IR152,SI_NI_FGSM,vanilla,0.3147463500499725,IR152_SI_NI_FGSM_adv
15,VGG-Face,/content/face_module/dataset_extractedfaces/lfw_pairs/George W Bush_518.jpg,/content/face_module/dataset_extractedfaces/lfw_pairs/George W Bush_519.jpg,lfw_pairs,dodging_attack,eval,IR152,MI_ADMIX_DI_TI,vanilla,0.2512488961219787,IR152_MI_ADMIX_DI_TI_adv
16,ArcFace,/content/face_module/dataset_extractedfaces/lfw_pairs/Colin Powell_24.jpg,/content/face_module/dataset_extractedfaces/lfw_pairs/Colin Powell_25.jpg,lfw_pairs,dodging_attack,eval,IR152,clean,clean,0.5704071521759033,IR152_clean
16,Facenet512,/content/face_module/dataset_extractedfaces/lfw_pairs/Colin Powell_24.jpg,/content/face_module/dataset_extractedfaces/lfw_pairs/Colin Powell_25.jpg,lfw_pairs,dodging_attack,eval,IR152,clean,clean,0.5704071521759033,IR152_clean
16,GhostFaceNet,/content/face_module/dataset_extractedfaces/lfw_pairs/Colin Powell_24.jpg,/content/face_module/dataset_extractedfaces/lfw_pairs/Colin Powell_25.jpg,lfw_pairs,dodging_attack,eval,IR152,clean,clean,0.5704071521759033,IR152_clean
16,VGG-Face,/content/face_module/dataset_extractedfaces/lfw_pairs/Colin Powell_24.jpg,/content/face_module/dataset_extractedfaces/lfw_pairs/Colin Powell_25.jpg,lfw_pairs,dodging_attack,eval,IR152,clean,clean,0.5704071521759033,IR152_clean
16,ArcFace,/content/face_module/dataset_extractedfaces/lfw_pairs/Colin Powell_24.jpg,/content/face_module/dataset_extractedfaces/lfw_pairs/Colin Powell_25.jpg,lfw_pairs,dodging_attack,eval,IR152,PGD,vanilla,0.5541350245475769,IR152_PGD_adv
16,ArcFace,/content/face_module/dataset_extractedfaces/lfw_pairs/Colin Powell_24.jpg,/content/face_module/dataset_extractedfaces/lfw_pairs/Colin Powell_25.jpg,lfw_pairs,dodging_attack,eval,IR152,MI_FGSM,vanilla,0.3592849373817444,IR152_MI_FGSM_adv
16,ArcFace,/content/face_module/dataset_extractedfaces/lfw_pairs/Colin Powell_24.jpg,/content/face_module/dataset_extractedfaces/lfw_pairs/Colin Powell_25.jpg,lfw_pairs,dodging_attack,eval,IR152,TI_FGSM,vanilla,0.5091980695724487,IR152_TI_FGSM_adv
16,ArcFace,/content/face_module/dataset_extractedfaces/lfw_pairs/Colin Powell_24.jpg,/content/face_module/dataset_extractedfaces/lfw_pairs/Colin Powell_25.jpg,lfw_pairs,dodging_attack,eval,IR152,SI_NI_FGSM,vanilla,0.2010016441345214,IR152_SI_NI_FGSM_adv
16,ArcFace,/content/face_module/dataset_extractedfaces/lfw_pairs/Colin Powell_24.jpg,/content/face_module/dataset_extractedfaces/lfw_pairs/Colin Powell_25.jpg,lfw_pairs,dodging_attack,eval,IR152,MI_ADMIX_DI_TI,vanilla,0.4645030796527862,IR152_MI_ADMIX_DI_TI_adv
16,Facenet512,/content/face_module/dataset_extractedfaces/lfw_pairs/Colin Powell_24.jpg,/content/face_module/dataset_extractedfaces/lfw_pairs/Colin Powell_25.jpg,lfw_pairs,dodging_attack,eval,IR152,PGD,vanilla,0.4000028967857361,IR152_PGD_adv
16,Facenet512,/content/face_module/dataset_extractedfaces/lfw_pairs/Colin Powell_24.jpg,/content/face_module/dataset_extractedfaces/lfw_pairs/Colin Powell_25.jpg,lfw_pairs,dodging_attack,eval,IR152,MI_FGSM,vanilla,0.3155335187911987,IR152_MI_FGSM_adv
16,Facenet512,/content/face_module/dataset_extractedfaces/lfw_pairs/Colin Powell_24.jpg,/content/face_module/dataset_extractedfaces/lfw_pairs/Colin Powell_25.jpg,lfw_pairs,dodging_attack,eval,IR152,TI_FGSM,vanilla,0.2793478667736053,IR152_TI_FGSM_adv
16,Facenet512,/content/face_module/dataset_extractedfaces/lfw_pairs/Colin Powell_24.jpg,/content/face_module/dataset_extractedfaces/lfw_pairs/Colin Powell_25.jpg,lfw_pairs,dodging_attack,eval,IR152,SI_NI_FGSM,vanilla,0.2029013633728027,IR152_SI_NI_FGSM_adv
16,Facenet512,/content/face_module/dataset_extractedfaces/lfw_pairs/Colin Powell_24.jpg,/content/face_module/dataset_extractedfaces/lfw_pairs/Colin Powell_25.jpg,lfw_pairs,dodging_attack,eval,IR152,MI_ADMIX_DI_TI,vanilla,0.2572701573371887,IR152_MI_ADMIX_DI_TI_adv
16,GhostFaceNet,/content/face_module/dataset_extractedfaces/lfw_pairs/Colin Powell_24.jpg,/content/face_module/dataset_extractedfaces/lfw_pairs/Colin Powell_25.jpg,lfw_pairs,dodging_attack,eval,IR152,PGD,vanilla,0.5314520597457886,IR152_PGD_adv
16,GhostFaceNet,/content/face_module/dataset_extractedfaces/lfw_pairs/Colin Powell_24.jpg,/content/face_module/dataset_extractedfaces/lfw_pairs/Colin Powell_25.jpg,lfw_pairs,dodging_attack,eval,IR152,MI_FGSM,vanilla,0.4447935819625854,IR152_MI_FGSM_adv
16,GhostFaceNet,/content/face_module/dataset_extractedfaces/lfw_pairs/Colin Powell_24.jpg,/content/face_module/dataset_extractedfaces/lfw_pairs/Colin Powell_25.jpg,lfw_pairs,dodging_attack,eval,IR152,TI_FGSM,vanilla,0.4760784208774566,IR152_TI_FGSM_adv
16,GhostFaceNet,/content/face_module/dataset_extractedfaces/lfw_pairs/Colin Powell_24.jpg,/content/face_module/dataset_extractedfaces/lfw_pairs/Colin Powell_25.jpg,lfw_pairs,dodging_attack,eval,IR152,SI_NI_FGSM,vanilla,0.4077375531196594,IR152_SI_NI_FGSM_adv
16,GhostFaceNet,/content/face_module/dataset_extractedfaces/lfw_pairs/Colin Powell_24.jpg,/content/face_module/dataset_extractedfaces/lfw_pairs/Colin Powell_25.jpg,lfw_pairs,dodging_attack,eval,IR152,MI_ADMIX_DI_TI,vanilla,0.4943177402019501,IR152_MI_ADMIX_DI_TI_adv
16,VGG-Face,/content/face_module/dataset_extractedfaces/lfw_pairs/Colin Powell_24.jpg,/content/face_module/dataset_extractedfaces/lfw_pairs/Colin Powell_25.jpg,lfw_pairs,dodging_attack,eval,IR152,PGD,vanilla,0.5344209671020508,IR152_PGD_adv
16,VGG-Face,/content/face_module/dataset_extractedfaces/lfw_pairs/Colin Powell_24.jpg,/content/face_module/dataset_extractedfaces/lfw_pairs/Colin Powell_25.jpg,lfw_pairs,dodging_attack,eval,IR152,MI_FGSM,vanilla,0.3743603229522705,IR152_MI_FGSM_adv
16,VGG-Face,/content/face_module/dataset_extractedfaces/lfw_pairs/Colin Powell_24.jpg,/content/face_module/dataset_extractedfaces/lfw_pairs/Colin Powell_25.jpg,lfw_pairs,dodging_attack,eval,IR152,TI_FGSM,vanilla,0.4641792774200439,IR152_TI_FGSM_adv
16,VGG-Face,/content/face_module/dataset_extractedfaces/lfw_pairs/Colin Powell_24.jpg,/content/face_module/dataset_extractedfaces/lfw_pairs/Colin Powell_25.jpg,lfw_pairs,dodging_attack,eval,IR152,SI_NI_FGSM,vanilla,0.3953545689582824,IR152_SI_NI_FGSM_adv
16,VGG-Face,/content/face_module/dataset_extractedfaces/lfw_pairs/Colin Powell_24.jpg,/content/face_module/dataset_extractedfaces/lfw_pairs/Colin Powell_25.jpg,lfw_pairs,dodging_attack,eval,IR152,MI_ADMIX_DI_TI,vanilla,0.3142908215522766,IR152_MI_ADMIX_DI_TI_adv
23,ArcFace,/content/face_module/dataset_extractedfaces/lfw_pairs/Tom Daschle_5.jpg,/content/face_module/dataset_extractedfaces/lfw_pairs/Tom Daschle_6.jpg,lfw_pairs,dodging_attack,eval,IR152,clean,clean,0.6403071284294128,IR152_clean
23,Facenet512,/content/face_module/dataset_extractedfaces/lfw_pairs/Tom Daschle_5.jpg,/content/face_module/dataset_extractedfaces/lfw_pairs/Tom Daschle_6.jpg,lfw_pairs,dodging_attack,eval,IR152,clean,clean,0.6403071284294128,IR152_clean
23,GhostFaceNet,/content/face_module/dataset_extractedfaces/lfw_pairs/Tom Daschle_5.jpg,/content/face_module/dataset_extractedfaces/lfw_pairs/Tom Daschle_6.jpg,lfw_pairs,dodging_attack,eval,IR152,clean,clean,0.6403071284294128,IR152_clean
23,VGG-Face,/content/face_module/dataset_extractedfaces/lfw_pairs/Tom Daschle_5.jpg,/content/face_module/dataset_extractedfaces/lfw_pairs/Tom Daschle_6.jpg,lfw_pairs,dodging_attack,eval,IR152,clean,clean,0.6403071284294128,IR152_clean
23,ArcFace,/content/face_module/dataset_extractedfaces/lfw_pairs/Tom Daschle_5.jpg,/content/face_module/dataset_extractedfaces/lfw_pairs/Tom Daschle_6.jpg,lfw_pairs,dodging_attack,eval,IR152,PGD,vanilla,0.5410127639770508,IR152_PGD_adv
23,ArcFace,/content/face_module/dataset_extractedfaces/lfw_pairs/Tom Daschle_5.jpg,/content/face_module/dataset_extractedfaces/lfw_pairs/Tom Daschle_6.jpg,lfw_pairs,dodging_attack,eval,IR152,MI_FGSM,vanilla,0.4752573668956756,IR152_MI_FGSM_adv
23,ArcFace,/content/face_module/dataset_extractedfaces/lfw_pairs/Tom Daschle_5.jpg,/content/face_module/dataset_extractedfaces/lfw_pairs/Tom Daschle_6.jpg,lfw_pairs,dodging_attack,eval,IR152,TI_FGSM,vanilla,0.5597521662712097,IR152_TI_FGSM_adv
23,ArcFace,/content/face_module/dataset_extractedfaces/lfw_pairs/Tom Daschle_5.jpg,/content/face_module/dataset_extractedfaces/lfw_pairs/Tom Daschle_6.jpg,lfw_pairs,dodging_attack,eval,IR152,SI_NI_FGSM,vanilla,0.4265428185462951,IR152_SI_NI_FGSM_adv
23,ArcFace,/content/face_module/dataset_extractedfaces/lfw_pairs/Tom Daschle_5.jpg,/content/face_module/dataset_extractedfaces/lfw_pairs/Tom Daschle_6.jpg,lfw_pairs,dodging_attack,eval,IR152,MI_ADMIX_DI_TI,vanilla,0.5636534690856934,IR152_MI_ADMIX_DI_TI_adv
23,Facenet512,/content/face_module/dataset_extractedfaces/lfw_pairs/Tom Daschle_5.jpg,/content/face_module/dataset_extractedfaces/lfw_pairs/Tom Daschle_6.jpg,lfw_pairs,dodging_attack,eval,IR152,PGD,vanilla,0.5342610478401184,IR152_PGD_adv
23,Facenet512,/content/face_module/dataset_extractedfaces/lfw_pairs/Tom Daschle_5.jpg,/content/face_module/dataset_extractedfaces/lfw_pairs/Tom Daschle_6.jpg,lfw_pairs,dodging_attack,eval,IR152,MI_FGSM,vanilla,0.4458196759223938,IR152_MI_FGSM_adv
23,Facenet512,/content/face_module/dataset_extractedfaces/lfw_pairs/Tom Daschle_5.jpg,/content/face_module/dataset_extractedfaces/lfw_pairs/Tom Daschle_6.jpg,lfw_pairs,dodging_attack,eval,IR152,TI_FGSM,vanilla,0.4460108578205108,IR152_TI_FGSM_adv
23,Facenet512,/content/face_module/dataset_extractedfaces/lfw_pairs/Tom Daschle_5.jpg,/content/face_module/dataset_extractedfaces/lfw_pairs/Tom Daschle_6.jpg,lfw_pairs,dodging_attack,eval,IR152,SI_NI_FGSM,vanilla,0.3360243439674377,IR152_SI_NI_FGSM_adv
23,Facenet512,/content/face_module/dataset_extractedfaces/lfw_pairs/Tom Daschle_5.jpg,/content/face_module/dataset_extractedfaces/lfw_pairs/Tom Daschle_6.jpg,lfw_pairs,dodging_attack,eval,IR152,MI_ADMIX_DI_TI,vanilla,0.3694373965263366,IR152_MI_ADMIX_DI_TI_adv
23,GhostFaceNet,/content/face_module/dataset_extractedfaces/lfw_pairs/Tom Daschle_5.jpg,/content/face_module/dataset_extractedfaces/lfw_pairs/Tom Daschle_6.jpg,lfw_pairs,dodging_attack,eval,IR152,PGD,vanilla,0.6043604612350464,IR152_PGD_adv
23,GhostFaceNet,/content/face_module/dataset_extractedfaces/lfw_pairs/Tom Daschle_5.jpg,/content/face_module/dataset_extractedfaces/lfw_pairs/Tom Daschle_6.jpg,lfw_pairs,dodging_attack,eval,IR152,MI_FGSM,vanilla,0.5280244946479797,IR152_MI_FGSM_adv
23,GhostFaceNet,/content/face_module/dataset_extractedfaces/lfw_pairs/Tom Daschle_5.jpg,/content/face_module/dataset_extractedfaces/lfw_pairs/Tom Daschle_6.jpg,lfw_pairs,dodging_attack,eval,IR152,TI_FGSM,vanilla,0.6459124088287354,IR152_TI_FGSM_adv
23,GhostFaceNet,/content/face_module/dataset_extractedfaces/lfw_pairs/Tom Daschle_5.jpg,/content/face_module/dataset_extractedfaces/lfw_pairs/Tom Daschle_6.jpg,lfw_pairs,dodging_attack,eval,IR152,SI_NI_FGSM,vanilla,0.5138891935348511,IR152_SI_NI_FGSM_adv
23,GhostFaceNet,/content/face_module/dataset_extractedfaces/lfw_pairs/Tom Daschle_5.jpg,/content/face_module/dataset_extractedfaces/lfw_pairs/Tom Daschle_6.jpg,lfw_pairs,dodging_attack,eval,IR152,MI_ADMIX_DI_TI,vanilla,0.6121116280555725,IR152_MI_ADMIX_DI_TI_adv
23,VGG-Face,/content/face_module/dataset_extractedfaces/lfw_pairs/Tom Daschle_5.jpg,/content/face_module/dataset_extractedfaces/lfw_pairs/Tom Daschle_6.jpg,lfw_pairs,dodging_attack,eval,IR152,PGD,vanilla,0.5183928608894348,IR152_PGD_adv
23,VGG-Face,/content/face_module/dataset_extractedfaces/lfw_pairs/Tom Daschle_5.jpg,/content/face_module/dataset_extractedfaces/lfw_pairs/Tom Daschle_6.jpg,lfw_pairs,dodging_attack,eval,IR152,MI_FGSM,vanilla,0.3580191135406494,IR152_MI_FGSM_adv
23,VGG-Face,/content/face_module/dataset_extractedfaces/lfw_pairs/Tom Daschle_5.jpg,/content/face_module/dataset_extractedfaces/lfw_pairs/Tom Daschle_6.jpg,lfw_pairs,dodging_attack,eval,IR152,TI_FGSM,vanilla,0.4227007031440735,IR152_TI_FGSM_adv
23,VGG-Face,/content/face_module/dataset_extractedfaces/lfw_pairs/Tom Daschle_5.jpg,/content/face_module/dataset_extractedfaces/lfw_pairs/Tom Daschle_6.jpg,lfw_pairs,dodging_attack,eval,IR152,SI_NI_FGSM,vanilla,0.3482757806777954,IR152_SI_NI_FGSM_adv
23,VGG-Face,/content/face_module/dataset_extractedfaces/lfw_pairs/Tom Daschle_5.jpg,/content/face_module/dataset_extractedfaces/lfw_pairs/Tom Daschle_6.jpg,lfw_pairs,dodging_attack,eval,IR152,MI_ADMIX_DI_TI,vanilla,0.3447262346744537,IR152_MI_ADMIX_DI_TI_adv
18,ArcFace,/content/face_module/dataset_extractedfaces/celeba_pairs/092809.jpg,/content/face_module/dataset_extractedfaces/celeba_pairs/108708.jpg,celeba_pairs,dodging_attack,eval,IR152,clean,clean,0.707098126411438,IR152_clean
18,Facenet512,/content/face_module/dataset_extractedfaces/celeba_pairs/092809.jpg,/content/face_module/dataset_extractedfaces/celeba_pairs/108708.jpg,celeba_pairs,dodging_attack,eval,IR152,clean,clean,0.707098126411438,IR152_clean
18,GhostFaceNet,/content/face_module/dataset_extractedfaces/celeba_pairs/092809.jpg,/content/face_module/dataset_extractedfaces/celeba_pairs/108708.jpg,celeba_pairs,dodging_attack,eval,IR152,clean,clean,0.707098126411438,IR152_clean
18,VGG-Face,/content/face_module/dataset_extractedfaces/celeba_pairs/092809.jpg,/content/face_module/dataset_extractedfaces/celeba_pairs/108708.jpg,celeba_pairs,dodging_attack,eval,IR152,clean,clean,0.707098126411438,IR152_clean
18,ArcFace,/content/face_module/dataset_extractedfaces/celeba_pairs/092809.jpg,/content/face_module/dataset_extractedfaces/celeba_pairs/108708.jpg,celeba_pairs,dodging_attack,eval,IR152,PGD,vanilla,0.5250512957572937,IR152_PGD_adv
18,ArcFace,/content/face_module/dataset_extractedfaces/celeba_pairs/092809.jpg,/content/face_module/dataset_extractedfaces/celeba_pairs/108708.jpg,celeba_pairs,dodging_attack,eval,IR152,MI_FGSM,vanilla,0.3683866262435913,IR152_MI_FGSM_adv
18,ArcFace,/content/face_module/dataset_extractedfaces/celeba_pairs/092809.jpg,/content/face_module/dataset_extractedfaces/celeba_pairs/108708.jpg,celeba_pairs,dodging_attack,eval,IR152,TI_FGSM,vanilla,0.4395140707492828,IR152_TI_FGSM_adv
18,ArcFace,/content/face_module/dataset_extractedfaces/celeba_pairs/092809.jpg,/content/face_module/dataset_extractedfaces/celeba_pairs/108708.jpg,celeba_pairs,dodging_attack,eval,IR152,SI_NI_FGSM,vanilla,0.249238520860672,IR152_SI_NI_FGSM_adv
18,ArcFace,/content/face_module/dataset_extractedfaces/celeba_pairs/092809.jpg,/content/face_module/dataset_extractedfaces/celeba_pairs/108708.jpg,celeba_pairs,dodging_attack,eval,IR152,MI_ADMIX_DI_TI,vanilla,0.4301378130912781,IR152_MI_ADMIX_DI_TI_adv
18,Facenet512,/content/face_module/dataset_extractedfaces/celeba_pairs/092809.jpg,/content/face_module/dataset_extractedfaces/celeba_pairs/108708.jpg,celeba_pairs,dodging_attack,eval,IR152,PGD,vanilla,0.4450293779373169,IR152_PGD_adv
18,Facenet512,/content/face_module/dataset_extractedfaces/celeba_pairs/092809.jpg,/content/face_module/dataset_extractedfaces/celeba_pairs/108708.jpg,celeba_pairs,dodging_attack,eval,IR152,MI_FGSM,vanilla,0.3581679463386535,IR152_MI_FGSM_adv
18,Facenet512,/content/face_module/dataset_extractedfaces/celeba_pairs/092809.jpg,/content/face_module/dataset_extractedfaces/celeba_pairs/108708.jpg,celeba_pairs,dodging_attack,eval,IR152,TI_FGSM,vanilla,0.3399025201797485,IR152_TI_FGSM_adv
18,Facenet512,/content/face_module/dataset_extractedfaces/celeba_pairs/092809.jpg,/content/face_module/dataset_extractedfaces/celeba_pairs/108708.jpg,celeba_pairs,dodging_attack,eval,IR152,SI_NI_FGSM,vanilla,0.278088629245758,IR152_SI_NI_FGSM_adv
18,Facenet512,/content/face_module/dataset_extractedfaces/celeba_pairs/092809.jpg,/content/face_module/dataset_extractedfaces/celeba_pairs/108708.jpg,celeba_pairs,dodging_attack,eval,IR152,MI_ADMIX_DI_TI,vanilla,0.3258090317249298,IR152_MI_ADMIX_DI_TI_adv
18,GhostFaceNet,/content/face_module/dataset_extractedfaces/celeba_pairs/092809.jpg,/content/face_module/dataset_extractedfaces/celeba_pairs/108708.jpg,celeba_pairs,dodging_attack,eval,IR152,PGD,vanilla,0.5416331887245178,IR152_PGD_adv
18,GhostFaceNet,/content/face_module/dataset_extractedfaces/celeba_pairs/092809.jpg,/content/face_module/dataset_extractedfaces/celeba_pairs/108708.jpg,celeba_pairs,dodging_attack,eval,IR152,MI_FGSM,vanilla,0.3929468989372253,IR152_MI_FGSM_adv
18,GhostFaceNet,/content/face_module/dataset_extractedfaces/celeba_pairs/092809.jpg,/content/face_module/dataset_extractedfaces/celeba_pairs/108708.jpg,celeba_pairs,dodging_attack,eval,IR152,TI_FGSM,vanilla,0.5325095653533936,IR152_TI_FGSM_adv
18,GhostFaceNet,/content/face_module/dataset_extractedfaces/celeba_pairs/092809.jpg,/content/face_module/dataset_extractedfaces/celeba_pairs/108708.jpg,celeba_pairs,dodging_attack,eval,IR152,SI_NI_FGSM,vanilla,0.3425393104553222,IR152_SI_NI_FGSM_adv
18,GhostFaceNet,/content/face_module/dataset_extractedfaces/celeba_pairs/092809.jpg,/content/face_module/dataset_extractedfaces/celeba_pairs/108708.jpg,celeba_pairs,dodging_attack,eval,IR152,MI_ADMIX_DI_TI,vanilla,0.5182042717933655,IR152_MI_ADMIX_DI_TI_adv
18,VGG-Face,/content/face_module/dataset_extractedfaces/celeba_pairs/092809.jpg,/content/face_module/dataset_extractedfaces/celeba_pairs/108708.jpg,celeba_pairs,dodging_attack,eval,IR152,PGD,vanilla,0.4458411335945129,IR152_PGD_adv
18,VGG-Face,/content/face_module/dataset_extractedfaces/celeba_pairs/092809.jpg,/content/face_module/dataset_extractedfaces/celeba_pairs/108708.jpg,celeba_pairs,dodging_attack,eval,IR152,MI_FGSM,vanilla,0.2969729900360107,IR152_MI_FGSM_adv
18,VGG-Face,/content/face_module/dataset_extractedfaces/celeba_pairs/092809.jpg,/content/face_module/dataset_extractedfaces/celeba_pairs/108708.jpg,celeba_pairs,dodging_attack,eval,IR152,TI_FGSM,vanilla,0.3578558564186096,IR152_TI_FGSM_adv
18,VGG-Face,/content/face_module/dataset_extractedfaces/celeba_pairs/092809.jpg,/content/face_module/dataset_extractedfaces/celeba_pairs/108708.jpg,celeba_pairs,dodging_attack,eval,IR152,SI_NI_FGSM,vanilla,0.3560862243175506,IR152_SI_NI_FGSM_adv
18,VGG-Face,/content/face_module/dataset_extractedfaces/celeba_pairs/092809.jpg,/content/face_module/dataset_extractedfaces/celeba_pairs/108708.jpg,celeba_pairs,dodging_attack,eval,IR152,MI_ADMIX_DI_TI,vanilla,0.292454332113266,IR152_MI_ADMIX_DI_TI_adv
27,ArcFace,/content/face_module/dataset_extractedfaces/celeba_pairs/023869.jpg,/content/face_module/dataset_extractedfaces/celeba_pairs/024923.jpg,celeba_pairs,dodging_attack,eval,IR152,clean,clean,0.7295129299163818,IR152_clean
27,Facenet512,/content/face_module/dataset_extractedfaces/celeba_pairs/023869.jpg,/content/face_module/dataset_extractedfaces/celeba_pairs/024923.jpg,celeba_pairs,dodging_attack,eval,IR152,clean,clean,0.7295129299163818,IR152_clean
27,GhostFaceNet,/content/face_module/dataset_extractedfaces/celeba_pairs/023869.jpg,/content/face_module/dataset_extractedfaces/celeba_pairs/024923.jpg,celeba_pairs,dodging_attack,eval,IR152,clean,clean,0.7295129299163818,IR152_clean
27,VGG-Face,/content/face_module/dataset_extractedfaces/celeba_pairs/023869.jpg,/content/face_module/dataset_extractedfaces/celeba_pairs/024923.jpg,celeba_pairs,dodging_attack,eval,IR152,clean,clean,0.7295129299163818,IR152_clean
27,ArcFace,/content/face_module/dataset_extractedfaces/celeba_pairs/023869.jpg,/content/face_module/dataset_extractedfaces/celeba_pairs/024923.jpg,celeba_pairs,dodging_attack,eval,IR152,PGD,vanilla,0.6430703401565552,IR152_PGD_adv
27,ArcFace,/content/face_module/dataset_extractedfaces/celeba_pairs/023869.jpg,/content/face_module/dataset_extractedfaces/celeba_pairs/024923.jpg,celeba_pairs,dodging_attack,eval,IR152,MI_FGSM,vanilla,0.5497156381607056,IR152_MI_FGSM_adv
27,ArcFace,/content/face_module/dataset_extractedfaces/celeba_pairs/023869.jpg,/content/face_module/dataset_extractedfaces/celeba_pairs/024923.jpg,celeba_pairs,dodging_attack,eval,IR152,TI_FGSM,vanilla,0.5712336897850037,IR152_TI_FGSM_adv
27,ArcFace,/content/face_module/dataset_extractedfaces/celeba_pairs/023869.jpg,/content/face_module/dataset_extractedfaces/celeba_pairs/024923.jpg,celeba_pairs,dodging_attack,eval,IR152,SI_NI_FGSM,vanilla,0.4531523883342743,IR152_SI_NI_FGSM_adv
27,ArcFace,/content/face_module/dataset_extractedfaces/celeba_pairs/023869.jpg,/content/face_module/dataset_extractedfaces/celeba_pairs/024923.jpg,celeba_pairs,dodging_attack,eval,IR152,MI_ADMIX_DI_TI,vanilla,0.5141425132751465,IR152_MI_ADMIX_DI_TI_adv
27,Facenet512,/content/face_module/dataset_extractedfaces/celeba_pairs/023869.jpg,/content/face_module/dataset_extractedfaces/celeba_pairs/024923.jpg,celeba_pairs,dodging_attack,eval,IR152,PGD,vanilla,0.6085295677185059,IR152_PGD_adv
27,Facenet512,/content/face_module/dataset_extractedfaces/celeba_pairs/023869.jpg,/content/face_module/dataset_extractedfaces/celeba_pairs/024923.jpg,celeba_pairs,dodging_attack,eval,IR152,MI_FGSM,vanilla,0.4841665029525757,IR152_MI_FGSM_adv
27,Facenet512,/content/face_module/dataset_extractedfaces/celeba_pairs/023869.jpg,/content/face_module/dataset_extractedfaces/celeba_pairs/024923.jpg,celeba_pairs,dodging_attack,eval,IR152,TI_FGSM,vanilla,0.5738692879676819,IR152_TI_FGSM_adv
27,Facenet512,/content/face_module/dataset_extractedfaces/celeba_pairs/023869.jpg,/content/face_module/dataset_extractedfaces/celeba_pairs/024923.jpg,celeba_pairs,dodging_attack,eval,IR152,SI_NI_FGSM,vanilla,0.4919282793998718,IR152_SI_NI_FGSM_adv
27,Facenet512,/content/face_module/dataset_extractedfaces/celeba_pairs/023869.jpg,/content/face_module/dataset_extractedfaces/celeba_pairs/024923.jpg,celeba_pairs,dodging_attack,eval,IR152,MI_ADMIX_DI_TI,vanilla,0.4897209405899048,IR152_MI_ADMIX_DI_TI_adv
27,GhostFaceNet,/content/face_module/dataset_extractedfaces/celeba_pairs/023869.jpg,/content/face_module/dataset_extractedfaces/celeba_pairs/024923.jpg,celeba_pairs,dodging_attack,eval,IR152,PGD,vanilla,0.6416856050491333,IR152_PGD_adv
27,GhostFaceNet,/content/face_module/dataset_extractedfaces/celeba_pairs/023869.jpg,/content/face_module/dataset_extractedfaces/celeba_pairs/024923.jpg,celeba_pairs,dodging_attack,eval,IR152,MI_FGSM,vanilla,0.6314491629600525,IR152_MI_FGSM_adv
27,GhostFaceNet,/content/face_module/dataset_extractedfaces/celeba_pairs/023869.jpg,/content/face_module/dataset_extractedfaces/celeba_pairs/024923.jpg,celeba_pairs,dodging_attack,eval,IR152,TI_FGSM,vanilla,0.6598707437515259,IR152_TI_FGSM_adv
27,GhostFaceNet,/content/face_module/dataset_extractedfaces/celeba_pairs/023869.jpg,/content/face_module/dataset_extractedfaces/celeba_pairs/024923.jpg,celeba_pairs,dodging_attack,eval,IR152,SI_NI_FGSM,vanilla,0.5868162512779236,IR152_SI_NI_FGSM_adv
27,GhostFaceNet,/content/face_module/dataset_extractedfaces/celeba_pairs/023869.jpg,/content/face_module/dataset_extractedfaces/celeba_pairs/024923.jpg,celeba_pairs,dodging_attack,eval,IR152,MI_ADMIX_DI_TI,vanilla,0.6043360829353333,IR152_MI_ADMIX_DI_TI_adv
27,VGG-Face,/content/face_module/dataset_extractedfaces/celeba_pairs/023869.jpg,/content/face_module/dataset_extractedfaces/celeba_pairs/024923.jpg,celeba_pairs,dodging_attack,eval,IR152,PGD,vanilla,0.6135119199752808,IR152_PGD_adv
27,VGG-Face,/content/face_module/dataset_extractedfaces/celeba_pairs/023869.jpg,/content/face_module/dataset_extractedfaces/celeba_pairs/024923.jpg,celeba_pairs,dodging_attack,eval,IR152,MI_FGSM,vanilla,0.5616153478622437,IR152_MI_FGSM_adv
27,VGG-Face,/content/face_module/dataset_extractedfaces/celeba_pairs/023869.jpg,/content/face_module/dataset_extractedfaces/celeba_pairs/024923.jpg,celeba_pairs,dodging_attack,eval,IR152,TI_FGSM,vanilla,0.6079979538917542,IR152_TI_FGSM_adv
27,VGG-Face,/content/face_module/dataset_extractedfaces/celeba_pairs/023869.jpg,/content/face_module/dataset_extractedfaces/celeba_pairs/024923.jpg,celeba_pairs,dodging_attack,eval,IR152,SI_NI_FGSM,vanilla,0.6092674732208252,IR152_SI_NI_FGSM_adv
27,VGG-Face,/content/face_module/dataset_extractedfaces/celeba_pairs/023869.jpg,/content/face_module/dataset_extractedfaces/celeba_pairs/024923.jpg,celeba_pairs,dodging_attack,eval,IR152,MI_ADMIX_DI_TI,vanilla,0.5310423970222473,IR152_MI_ADMIX_DI_TI_adv
28,ArcFace,/content/face_module/dataset_extractedfaces/celeba_pairs/130980.jpg,/content/face_module/dataset_extractedfaces/celeba_pairs/147767.jpg,celeba_pairs,dodging_attack,eval,IR152,clean,clean,0.6864032745361328,IR152_clean
28,Facenet512,/content/face_module/dataset_extractedfaces/celeba_pairs/130980.jpg,/content/face_module/dataset_extractedfaces/celeba_pairs/147767.jpg,celeba_pairs,dodging_attack,eval,IR152,clean,clean,0.6864032745361328,IR152_clean
28,GhostFaceNet,/content/face_module/dataset_extractedfaces/celeba_pairs/130980.jpg,/content/face_module/dataset_extractedfaces/celeba_pairs/147767.jpg,celeba_pairs,dodging_attack,eval,IR152,clean,clean,0.6864032745361328,IR152_clean
28,VGG-Face,/content/face_module/dataset_extractedfaces/celeba_pairs/130980.jpg,/content/face_module/dataset_extractedfaces/celeba_pairs/147767.jpg,celeba_pairs,dodging_attack,eval,IR152,clean,clean,0.6864032745361328,IR152_clean
28,ArcFace,/content/face_module/dataset_extractedfaces/celeba_pairs/130980.jpg,/content/face_module/dataset_extractedfaces/celeba_pairs/147767.jpg,celeba_pairs,dodging_attack,eval,IR152,PGD,vanilla,0.6056681871414185,IR152_PGD_adv
28,ArcFace,/content/face_module/dataset_extractedfaces/celeba_pairs/130980.jpg,/content/face_module/dataset_extractedfaces/celeba_pairs/147767.jpg,celeba_pairs,dodging_attack,eval,IR152,MI_FGSM,vanilla,0.5147337317466736,IR152_MI_FGSM_adv
28,ArcFace,/content/face_module/dataset_extractedfaces/celeba_pairs/130980.jpg,/content/face_module/dataset_extractedfaces/celeba_pairs/147767.jpg,celeba_pairs,dodging_attack,eval,IR152,TI_FGSM,vanilla,0.552022397518158,IR152_TI_FGSM_adv
28,ArcFace,/content/face_module/dataset_extractedfaces/celeba_pairs/130980.jpg,/content/face_module/dataset_extractedfaces/celeba_pairs/147767.jpg,celeba_pairs,dodging_attack,eval,IR152,SI_NI_FGSM,vanilla,0.5276476740837097,IR152_SI_NI_FGSM_adv
28,ArcFace,/content/face_module/dataset_extractedfaces/celeba_pairs/130980.jpg,/content/face_module/dataset_extractedfaces/celeba_pairs/147767.jpg,celeba_pairs,dodging_attack,eval,IR152,MI_ADMIX_DI_TI,vanilla,0.5202135443687439,IR152_MI_ADMIX_DI_TI_adv
28,Facenet512,/content/face_module/dataset_extractedfaces/celeba_pairs/130980.jpg,/content/face_module/dataset_extractedfaces/celeba_pairs/147767.jpg,celeba_pairs,dodging_attack,eval,IR152,PGD,vanilla,0.3575592041015625,IR152_PGD_adv
28,Facenet512,/content/face_module/dataset_extractedfaces/celeba_pairs/130980.jpg,/content/face_module/dataset_extractedfaces/celeba_pairs/147767.jpg,celeba_pairs,dodging_attack,eval,IR152,MI_FGSM,vanilla,0.2307237684726715,IR152_MI_FGSM_adv
28,Facenet512,/content/face_module/dataset_extractedfaces/celeba_pairs/130980.jpg,/content/face_module/dataset_extractedfaces/celeba_pairs/147767.jpg,celeba_pairs,dodging_attack,eval,IR152,TI_FGSM,vanilla,0.2650851309299469,IR152_TI_FGSM_adv
28,Facenet512,/content/face_module/dataset_extractedfaces/celeba_pairs/130980.jpg,/content/face_module/dataset_extractedfaces/celeba_pairs/147767.jpg,celeba_pairs,dodging_attack,eval,IR152,SI_NI_FGSM,vanilla,0.2190877646207809,IR152_SI_NI_FGSM_adv
28,Facenet512,/content/face_module/dataset_extractedfaces/celeba_pairs/130980.jpg,/content/face_module/dataset_extractedfaces/celeba_pairs/147767.jpg,celeba_pairs,dodging_attack,eval,IR152,MI_ADMIX_DI_TI,vanilla,0.3868960440158844,IR152_MI_ADMIX_DI_TI_adv
28,GhostFaceNet,/content/face_module/dataset_extractedfaces/celeba_pairs/130980.jpg,/content/face_module/dataset_extractedfaces/celeba_pairs/147767.jpg,celeba_pairs,dodging_attack,eval,IR152,PGD,vanilla,0.648471474647522,IR152_PGD_adv
28,GhostFaceNet,/content/face_module/dataset_extractedfaces/celeba_pairs/130980.jpg,/content/face_module/dataset_extractedfaces/celeba_pairs/147767.jpg,celeba_pairs,dodging_attack,eval,IR152,MI_FGSM,vanilla,0.5818586349487305,IR152_MI_FGSM_adv
28,GhostFaceNet,/content/face_module/dataset_extractedfaces/celeba_pairs/130980.jpg,/content/face_module/dataset_extractedfaces/celeba_pairs/147767.jpg,celeba_pairs,dodging_attack,eval,IR152,TI_FGSM,vanilla,0.6396093368530273,IR152_TI_FGSM_adv
28,GhostFaceNet,/content/face_module/dataset_extractedfaces/celeba_pairs/130980.jpg,/content/face_module/dataset_extractedfaces/celeba_pairs/147767.jpg,celeba_pairs,dodging_attack,eval,IR152,SI_NI_FGSM,vanilla,0.5968376398086548,IR152_SI_NI_FGSM_adv
28,GhostFaceNet,/content/face_module/dataset_extractedfaces/celeba_pairs/130980.jpg,/content/face_module/dataset_extractedfaces/celeba_pairs/147767.jpg,celeba_pairs,dodging_attack,eval,IR152,MI_ADMIX_DI_TI,vanilla,0.5850706100463867,IR152_MI_ADMIX_DI_TI_adv
28,VGG-Face,/content/face_module/dataset_extractedfaces/celeba_pairs/130980.jpg,/content/face_module/dataset_extractedfaces/celeba_pairs/147767.jpg,celeba_pairs,dodging_attack,eval,IR152,PGD,vanilla,0.5253952741622925,IR152_PGD_adv
28,VGG-Face,/content/face_module/dataset_extractedfaces/celeba_pairs/130980.jpg,/content/face_module/dataset_extractedfaces/celeba_pairs/147767.jpg,celeba_pairs,dodging_attack,eval,IR152,MI_FGSM,vanilla,0.3869907259941101,IR152_MI_FGSM_adv
28,VGG-Face,/content/face_module/dataset_extractedfaces/celeba_pairs/130980.jpg,/content/face_module/dataset_extractedfaces/celeba_pairs/147767.jpg,celeba_pairs,dodging_attack,eval,IR152,TI_FGSM,vanilla,0.414067804813385,IR152_TI_FGSM_adv
28,VGG-Face,/content/face_module/dataset_extractedfaces/celeba_pairs/130980.jpg,/content/face_module/dataset_extractedfaces/celeba_pairs/147767.jpg,celeba_pairs,dodging_attack,eval,IR152,SI_NI_FGSM,vanilla,0.4131538569927215,IR152_SI_NI_FGSM_adv
28,VGG-Face,/content/face_module/dataset_extractedfaces/celeba_pairs/130980.jpg,/content/face_module/dataset_extractedfaces/celeba_pairs/147767.jpg,celeba_pairs,dodging_attack,eval,IR152,MI_ADMIX_DI_TI,vanilla,0.3077675700187683,IR152_MI_ADMIX_DI_TI_adv
30,ArcFace,/content/face_module/dataset_extractedfaces/celeba_pairs/042909.jpg,/content/face_module/dataset_extractedfaces/celeba_pairs/048579.jpg,celeba_pairs,dodging_attack,eval,IR152,clean,clean,0.676694929599762,IR152_clean
30,Facenet512,/content/face_module/dataset_extractedfaces/celeba_pairs/042909.jpg,/content/face_module/dataset_extractedfaces/celeba_pairs/048579.jpg,celeba_pairs,dodging_attack,eval,IR152,clean,clean,0.676694929599762,IR152_clean
30,GhostFaceNet,/content/face_module/dataset_extractedfaces/celeba_pairs/042909.jpg,/content/face_module/dataset_extractedfaces/celeba_pairs/048579.jpg,celeba_pairs,dodging_attack,eval,IR152,clean,clean,0.676694929599762,IR152_clean
30,VGG-Face,/content/face_module/dataset_extractedfaces/celeba_pairs/042909.jpg,/content/face_module/dataset_extractedfaces/celeba_pairs/048579.jpg,celeba_pairs,dodging_attack,eval,IR152,clean,clean,0.676694929599762,IR152_clean
30,ArcFace,/content/face_module/dataset_extractedfaces/celeba_pairs/042909.jpg,/content/face_module/dataset_extractedfaces/celeba_pairs/048579.jpg,celeba_pairs,dodging_attack,eval,IR152,PGD,vanilla,0.4685090184211731,IR152_PGD_adv
30,ArcFace,/content/face_module/dataset_extractedfaces/celeba_pairs/042909.jpg,/content/face_module/dataset_extractedfaces/celeba_pairs/048579.jpg,celeba_pairs,dodging_attack,eval,IR152,MI_FGSM,vanilla,0.2628040015697479,IR152_MI_FGSM_adv
30,ArcFace,/content/face_module/dataset_extractedfaces/celeba_pairs/042909.jpg,/content/face_module/dataset_extractedfaces/celeba_pairs/048579.jpg,celeba_pairs,dodging_attack,eval,IR152,TI_FGSM,vanilla,0.3514670729637146,IR152_TI_FGSM_adv
30,ArcFace,/content/face_module/dataset_extractedfaces/celeba_pairs/042909.jpg,/content/face_module/dataset_extractedfaces/celeba_pairs/048579.jpg,celeba_pairs,dodging_attack,eval,IR152,SI_NI_FGSM,vanilla,0.2391545176506042,IR152_SI_NI_FGSM_adv
30,ArcFace,/content/face_module/dataset_extractedfaces/celeba_pairs/042909.jpg,/content/face_module/dataset_extractedfaces/celeba_pairs/048579.jpg,celeba_pairs,dodging_attack,eval,IR152,MI_ADMIX_DI_TI,vanilla,0.2556638717651367,IR152_MI_ADMIX_DI_TI_adv
30,Facenet512,/content/face_module/dataset_extractedfaces/celeba_pairs/042909.jpg,/content/face_module/dataset_extractedfaces/celeba_pairs/048579.jpg,celeba_pairs,dodging_attack,eval,IR152,PGD,vanilla,0.3718604743480682,IR152_PGD_adv
30,Facenet512,/content/face_module/dataset_extractedfaces/celeba_pairs/042909.jpg,/content/face_module/dataset_extractedfaces/celeba_pairs/048579.jpg,celeba_pairs,dodging_attack,eval,IR152,MI_FGSM,vanilla,0.2856183648109436,IR152_MI_FGSM_adv
30,Facenet512,/content/face_module/dataset_extractedfaces/celeba_pairs/042909.jpg,/content/face_module/dataset_extractedfaces/celeba_pairs/048579.jpg,celeba_pairs,dodging_attack,eval,IR152,TI_FGSM,vanilla,0.2918663918972015,IR152_TI_FGSM_adv
30,Facenet512,/content/face_module/dataset_extractedfaces/celeba_pairs/042909.jpg,/content/face_module/dataset_extractedfaces/celeba_pairs/048579.jpg,celeba_pairs,dodging_attack,eval,IR152,SI_NI_FGSM,vanilla,0.309636652469635,IR152_SI_NI_FGSM_adv
30,Facenet512,/content/face_module/dataset_extractedfaces/celeba_pairs/042909.jpg,/content/face_module/dataset_extractedfaces/celeba_pairs/048579.jpg,celeba_pairs,dodging_attack,eval,IR152,MI_ADMIX_DI_TI,vanilla,0.3176246881484985,IR152_MI_ADMIX_DI_TI_adv
30,GhostFaceNet,/content/face_module/dataset_extractedfaces/celeba_pairs/042909.jpg,/content/face_module/dataset_extractedfaces/celeba_pairs/048579.jpg,celeba_pairs,dodging_attack,eval,IR152,PGD,vanilla,0.4935985803604126,IR152_PGD_adv
30,GhostFaceNet,/content/face_module/dataset_extractedfaces/celeba_pairs/042909.jpg,/content/face_module/dataset_extractedfaces/celeba_pairs/048579.jpg,celeba_pairs,dodging_attack,eval,IR152,MI_FGSM,vanilla,0.2914895415306091,IR152_MI_FGSM_adv
30,GhostFaceNet,/content/face_module/dataset_extractedfaces/celeba_pairs/042909.jpg,/content/face_module/dataset_extractedfaces/celeba_pairs/048579.jpg,celeba_pairs,dodging_attack,eval,IR152,TI_FGSM,vanilla,0.433056116104126,IR152_TI_FGSM_adv
30,GhostFaceNet,/content/face_module/dataset_extractedfaces/celeba_pairs/042909.jpg,/content/face_module/dataset_extractedfaces/celeba_pairs/048579.jpg,celeba_pairs,dodging_attack,eval,IR152,SI_NI_FGSM,vanilla,0.315680056810379,IR152_SI_NI_FGSM_adv
30,GhostFaceNet,/content/face_module/dataset_extractedfaces/celeba_pairs/042909.jpg,/content/face_module/dataset_extractedfaces/celeba_pairs/048579.jpg,celeba_pairs,dodging_attack,eval,IR152,MI_ADMIX_DI_TI,vanilla,0.4446662962436676,IR152_MI_ADMIX_DI_TI_adv
30,VGG-Face,/content/face_module/dataset_extractedfaces/celeba_pairs/042909.jpg,/content/face_module/dataset_extractedfaces/celeba_pairs/048579.jpg,celeba_pairs,dodging_attack,eval,IR152,PGD,vanilla,0.4567677974700928,IR152_PGD_adv
30,VGG-Face,/content/face_module/dataset_extractedfaces/celeba_pairs/042909.jpg,/content/face_module/dataset_extractedfaces/celeba_pairs/048579.jpg,celeba_pairs,dodging_attack,eval,IR152,MI_FGSM,vanilla,0.2899065613746643,IR152_MI_FGSM_adv
30,VGG-Face,/content/face_module/dataset_extractedfaces/celeba_pairs/042909.jpg,/content/face_module/dataset_extractedfaces/celeba_pairs/048579.jpg,celeba_pairs,dodging_attack,eval,IR152,TI_FGSM,vanilla,0.403830736875534,IR152_TI_FGSM_adv
30,VGG-Face,/content/face_module/dataset_extractedfaces/celeba_pairs/042909.jpg,/content/face_module/dataset_extractedfaces/celeba_pairs/048579.jpg,celeba_pairs,dodging_attack,eval,IR152,SI_NI_FGSM,vanilla,0.2876678705215454,IR152_SI_NI_FGSM_adv
30,VGG-Face,/content/face_module/dataset_extractedfaces/celeba_pairs/042909.jpg,/content/face_module/dataset_extractedfaces/celeba_pairs/048579.jpg,celeba_pairs,dodging_attack,eval,IR152,MI_ADMIX_DI_TI,vanilla,0.3537849485874176,IR152_MI_ADMIX_DI_TI_adv
33,ArcFace,/content/face_module/dataset_extractedfaces/celeba_pairs/169016.jpg,/content/face_module/dataset_extractedfaces/celeba_pairs/171037.jpg,celeba_pairs,dodging_attack,eval,IR152,clean,clean,0.7868037819862366,IR152_clean
33,Facenet512,/content/face_module/dataset_extractedfaces/celeba_pairs/169016.jpg,/content/face_module/dataset_extractedfaces/celeba_pairs/171037.jpg,celeba_pairs,dodging_attack,eval,IR152,clean,clean,0.7868037819862366,IR152_clean
33,GhostFaceNet,/content/face_module/dataset_extractedfaces/celeba_pairs/169016.jpg,/content/face_module/dataset_extractedfaces/celeba_pairs/171037.jpg,celeba_pairs,dodging_attack,eval,IR152,clean,clean,0.7868037819862366,IR152_clean
33,VGG-Face,/content/face_module/dataset_extractedfaces/celeba_pairs/169016.jpg,/content/face_module/dataset_extractedfaces/celeba_pairs/171037.jpg,celeba_pairs,dodging_attack,eval,IR152,clean,clean,0.7868037819862366,IR152_clean
33,ArcFace,/content/face_module/dataset_extractedfaces/celeba_pairs/169016.jpg,/content/face_module/dataset_extractedfaces/celeba_pairs/171037.jpg,celeba_pairs,dodging_attack,eval,IR152,PGD,vanilla,0.665507435798645,IR152_PGD_adv
33,ArcFace,/content/face_module/dataset_extractedfaces/celeba_pairs/169016.jpg,/content/face_module/dataset_extractedfaces/celeba_pairs/171037.jpg,celeba_pairs,dodging_attack,eval,IR152,MI_FGSM,vanilla,0.545472264289856,IR152_MI_FGSM_adv
33,ArcFace,/content/face_module/dataset_extractedfaces/celeba_pairs/169016.jpg,/content/face_module/dataset_extractedfaces/celeba_pairs/171037.jpg,celeba_pairs,dodging_attack,eval,IR152,TI_FGSM,vanilla,0.5481061935424805,IR152_TI_FGSM_adv
33,ArcFace,/content/face_module/dataset_extractedfaces/celeba_pairs/169016.jpg,/content/face_module/dataset_extractedfaces/celeba_pairs/171037.jpg,celeba_pairs,dodging_attack,eval,IR152,SI_NI_FGSM,vanilla,0.5395285487174988,IR152_SI_NI_FGSM_adv
33,ArcFace,/content/face_module/dataset_extractedfaces/celeba_pairs/169016.jpg,/content/face_module/dataset_extractedfaces/celeba_pairs/171037.jpg,celeba_pairs,dodging_attack,eval,IR152,MI_ADMIX_DI_TI,vanilla,0.4985974431037903,IR152_MI_ADMIX_DI_TI_adv
33,Facenet512,/content/face_module/dataset_extractedfaces/celeba_pairs/169016.jpg,/content/face_module/dataset_extractedfaces/celeba_pairs/171037.jpg,celeba_pairs,dodging_attack,eval,IR152,PGD,vanilla,0.5191041231155396,IR152_PGD_adv
33,Facenet512,/content/face_module/dataset_extractedfaces/celeba_pairs/169016.jpg,/content/face_module/dataset_extractedfaces/celeba_pairs/171037.jpg,celeba_pairs,dodging_attack,eval,IR152,MI_FGSM,vanilla,0.4448620080947876,IR152_MI_FGSM_adv
33,Facenet512,/content/face_module/dataset_extractedfaces/celeba_pairs/169016.jpg,/content/face_module/dataset_extractedfaces/celeba_pairs/171037.jpg,celeba_pairs,dodging_attack,eval,IR152,TI_FGSM,vanilla,0.4399202466011047,IR152_TI_FGSM_adv
33,Facenet512,/content/face_module/dataset_extractedfaces/celeba_pairs/169016.jpg,/content/face_module/dataset_extractedfaces/celeba_pairs/171037.jpg,celeba_pairs,dodging_attack,eval,IR152,SI_NI_FGSM,vanilla,0.5417109727859497,IR152_SI_NI_FGSM_adv
33,Facenet512,/content/face_module/dataset_extractedfaces/celeba_pairs/169016.jpg,/content/face_module/dataset_extractedfaces/celeba_pairs/171037.jpg,celeba_pairs,dodging_attack,eval,IR152,MI_ADMIX_DI_TI,vanilla,0.4499544203281402,IR152_MI_ADMIX_DI_TI_adv
33,GhostFaceNet,/content/face_module/dataset_extractedfaces/celeba_pairs/169016.jpg,/content/face_module/dataset_extractedfaces/celeba_pairs/171037.jpg,celeba_pairs,dodging_attack,eval,IR152,PGD,vanilla,0.714942216873169,IR152_PGD_adv
33,GhostFaceNet,/content/face_module/dataset_extractedfaces/celeba_pairs/169016.jpg,/content/face_module/dataset_extractedfaces/celeba_pairs/171037.jpg,celeba_pairs,dodging_attack,eval,IR152,MI_FGSM,vanilla,0.5966290235519409,IR152_MI_FGSM_adv
33,GhostFaceNet,/content/face_module/dataset_extractedfaces/celeba_pairs/169016.jpg,/content/face_module/dataset_extractedfaces/celeba_pairs/171037.jpg,celeba_pairs,dodging_attack,eval,IR152,TI_FGSM,vanilla,0.6458961963653564,IR152_TI_FGSM_adv
33,GhostFaceNet,/content/face_module/dataset_extractedfaces/celeba_pairs/169016.jpg,/content/face_module/dataset_extractedfaces/celeba_pairs/171037.jpg,celeba_pairs,dodging_attack,eval,IR152,SI_NI_FGSM,vanilla,0.6029400825500488,IR152_SI_NI_FGSM_adv
33,GhostFaceNet,/content/face_module/dataset_extractedfaces/celeba_pairs/169016.jpg,/content/face_module/dataset_extractedfaces/celeba_pairs/171037.jpg,celeba_pairs,dodging_attack,eval,IR152,MI_ADMIX_DI_TI,vanilla,0.6390711069107056,IR152_MI_ADMIX_DI_TI_adv
33,VGG-Face,/content/face_module/dataset_extractedfaces/celeba_pairs/169016.jpg,/content/face_module/dataset_extractedfaces/celeba_pairs/171037.jpg,celeba_pairs,dodging_attack,eval,IR152,PGD,vanilla,0.5808740854263306,IR152_PGD_adv
33,VGG-Face,/content/face_module/dataset_extractedfaces/celeba_pairs/169016.jpg,/content/face_module/dataset_extractedfaces/celeba_pairs/171037.jpg,celeba_pairs,dodging_attack,eval,IR152,MI_FGSM,vanilla,0.4597684741020202,IR152_MI_FGSM_adv
33,VGG-Face,/content/face_module/dataset_extractedfaces/celeba_pairs/169016.jpg,/content/face_module/dataset_extractedfaces/celeba_pairs/171037.jpg,celeba_pairs,dodging_attack,eval,IR152,TI_FGSM,vanilla,0.4717437624931335,IR152_TI_FGSM_adv
33,VGG-Face,/content/face_module/dataset_extractedfaces/celeba_pairs/169016.jpg,/content/face_module/dataset_extractedfaces/celeba_pairs/171037.jpg,celeba_pairs,dodging_attack,eval,IR152,SI_NI_FGSM,vanilla,0.5119457244873047,IR152_SI_NI_FGSM_adv
33,VGG-Face,/content/face_module/dataset_extractedfaces/celeba_pairs/169016.jpg,/content/face_module/dataset_extractedfaces/celeba_pairs/171037.jpg,celeba_pairs,dodging_attack,eval,IR152,MI_ADMIX_DI_TI,vanilla,0.470637559890747,IR152_MI_ADMIX_DI_TI_adv
1,ArcFace,/content/face_module/dataset_extractedfaces/vggface2_pairs/n000007_0113_01.jpg,/content/face_module/dataset_extractedfaces/vggface2_pairs/n000007_0122_01.jpg,vggface2_pairs,dodging_attack,eval,IR152,clean,clean,0.634651780128479,IR152_clean
1,Facenet512,/content/face_module/dataset_extractedfaces/vggface2_pairs/n000007_0113_01.jpg,/content/face_module/dataset_extractedfaces/vggface2_pairs/n000007_0122_01.jpg,vggface2_pairs,dodging_attack,eval,IR152,clean,clean,0.634651780128479,IR152_clean
1,GhostFaceNet,/content/face_module/dataset_extractedfaces/vggface2_pairs/n000007_0113_01.jpg,/content/face_module/dataset_extractedfaces/vggface2_pairs/n000007_0122_01.jpg,vggface2_pairs,dodging_attack,eval,IR152,clean,clean,0.634651780128479,IR152_clean
1,VGG-Face,/content/face_module/dataset_extractedfaces/vggface2_pairs/n000007_0113_01.jpg,/content/face_module/dataset_extractedfaces/vggface2_pairs/n000007_0122_01.jpg,vggface2_pairs,dodging_attack,eval,IR152,clean,clean,0.634651780128479,IR152_clean
1,ArcFace,/content/face_module/dataset_extractedfaces/vggface2_pairs/n000007_0113_01.jpg,/content/face_module/dataset_extractedfaces/vggface2_pairs/n000007_0122_01.jpg,vggface2_pairs,dodging_attack,eval,IR152,PGD,vanilla,0.610622227191925,IR152_PGD_adv
1,ArcFace,/content/face_module/dataset_extractedfaces/vggface2_pairs/n000007_0113_01.jpg,/content/face_module/dataset_extractedfaces/vggface2_pairs/n000007_0122_01.jpg,vggface2_pairs,dodging_attack,eval,IR152,MI_FGSM,vanilla,0.5252344012260437,IR152_MI_FGSM_adv
1,ArcFace,/content/face_module/dataset_extractedfaces/vggface2_pairs/n000007_0113_01.jpg,/content/face_module/dataset_extractedfaces/vggface2_pairs/n000007_0122_01.jpg,vggface2_pairs,dodging_attack,eval,IR152,TI_FGSM,vanilla,0.523587703704834,IR152_TI_FGSM_adv
1,ArcFace,/content/face_module/dataset_extractedfaces/vggface2_pairs/n000007_0113_01.jpg,/content/face_module/dataset_extractedfaces/vggface2_pairs/n000007_0122_01.jpg,vggface2_pairs,dodging_attack,eval,IR152,SI_NI_FGSM,vanilla,0.5284762978553772,IR152_SI_NI_FGSM_adv
1,ArcFace,/content/face_module/dataset_extractedfaces/vggface2_pairs/n000007_0113_01.jpg,/content/face_module/dataset_extractedfaces/vggface2_pairs/n000007_0122_01.jpg,vggface2_pairs,dodging_attack,eval,IR152,MI_ADMIX_DI_TI,vanilla,0.5073912143707275,IR152_MI_ADMIX_DI_TI_adv
1,Facenet512,/content/face_module/dataset_extractedfaces/vggface2_pairs/n000007_0113_01.jpg,/content/face_module/dataset_extractedfaces/vggface2_pairs/n000007_0122_01.jpg,vggface2_pairs,dodging_attack,eval,IR152,PGD,vanilla,0.5015926361083984,IR152_PGD_adv
1,Facenet512,/content/face_module/dataset_extractedfaces/vggface2_pairs/n000007_0113_01.jpg,/content/face_module/dataset_extractedfaces/vggface2_pairs/n000007_0122_01.jpg,vggface2_pairs,dodging_attack,eval,IR152,MI_FGSM,vanilla,0.3688848316669464,IR152_MI_FGSM_adv
1,Facenet512,/content/face_module/dataset_extractedfaces/vggface2_pairs/n000007_0113_01.jpg,/content/face_module/dataset_extractedfaces/vggface2_pairs/n000007_0122_01.jpg,vggface2_pairs,dodging_attack,eval,IR152,TI_FGSM,vanilla,0.4220608472824096,IR152_TI_FGSM_adv
1,Facenet512,/content/face_module/dataset_extractedfaces/vggface2_pairs/n000007_0113_01.jpg,/content/face_module/dataset_extractedfaces/vggface2_pairs/n000007_0122_01.jpg,vggface2_pairs,dodging_attack,eval,IR152,SI_NI_FGSM,vanilla,0.3189489245414734,IR152_SI_NI_FGSM_adv
1,Facenet512,/content/face_module/dataset_extractedfaces/vggface2_pairs/n000007_0113_01.jpg,/content/face_module/dataset_extractedfaces/vggface2_pairs/n000007_0122_01.jpg,vggface2_pairs,dodging_attack,eval,IR152,MI_ADMIX_DI_TI,vanilla,0.4234932661056518,IR152_MI_ADMIX_DI_TI_adv
1,GhostFaceNet,/content/face_module/dataset_extractedfaces/vggface2_pairs/n000007_0113_01.jpg,/content/face_module/dataset_extractedfaces/vggface2_pairs/n000007_0122_01.jpg,vggface2_pairs,dodging_attack,eval,IR152,PGD,vanilla,0.6224581003189087,IR152_PGD_adv
1,GhostFaceNet,/content/face_module/dataset_extractedfaces/vggface2_pairs/n000007_0113_01.jpg,/content/face_module/dataset_extractedfaces/vggface2_pairs/n000007_0122_01.jpg,vggface2_pairs,dodging_attack,eval,IR152,MI_FGSM,vanilla,0.5875437259674072,IR152_MI_FGSM_adv
1,GhostFaceNet,/content/face_module/dataset_extractedfaces/vggface2_pairs/n000007_0113_01.jpg,/content/face_module/dataset_extractedfaces/vggface2_pairs/n000007_0122_01.jpg,vggface2_pairs,dodging_attack,eval,IR152,TI_FGSM,vanilla,0.5857689380645752,IR152_TI_FGSM_adv
1,GhostFaceNet,/content/face_module/dataset_extractedfaces/vggface2_pairs/n000007_0113_01.jpg,/content/face_module/dataset_extractedfaces/vggface2_pairs/n000007_0122_01.jpg,vggface2_pairs,dodging_attack,eval,IR152,SI_NI_FGSM,vanilla,0.5563617944717407,IR152_SI_NI_FGSM_adv
1,GhostFaceNet,/content/face_module/dataset_extractedfaces/vggface2_pairs/n000007_0113_01.jpg,/content/face_module/dataset_extractedfaces/vggface2_pairs/n000007_0122_01.jpg,vggface2_pairs,dodging_attack,eval,IR152,MI_ADMIX_DI_TI,vanilla,0.5829193592071533,IR152_MI_ADMIX_DI_TI_adv
1,VGG-Face,/content/face_module/dataset_extractedfaces/vggface2_pairs/n000007_0113_01.jpg,/content/face_module/dataset_extractedfaces/vggface2_pairs/n000007_0122_01.jpg,vggface2_pairs,dodging_attack,eval,IR152,PGD,vanilla,0.5035587549209595,IR152_PGD_adv
1,VGG-Face,/content/face_module/dataset_extractedfaces/vggface2_pairs/n000007_0113_01.jpg,/content/face_module/dataset_extractedfaces/vggface2_pairs/n000007_0122_01.jpg,vggface2_pairs,dodging_attack,eval,IR152,MI_FGSM,vanilla,0.2636589705944061,IR152_MI_FGSM_adv
1,VGG-Face,/content/face_module/dataset_extractedfaces/vggface2_pairs/n000007_0113_01.jpg,/content/face_module/dataset_extractedfaces/vggface2_pairs/n000007_0122_01.jpg,vggface2_pairs,dodging_attack,eval,IR152,TI_FGSM,vanilla,0.3887061476707458,IR152_TI_FGSM_adv
1,VGG-Face,/content/face_module/dataset_extractedfaces/vggface2_pairs/n000007_0113_01.jpg,/content/face_module/dataset_extractedfaces/vggface2_pairs/n000007_0122_01.jpg,vggface2_pairs,dodging_attack,eval,IR152,SI_NI_FGSM,vanilla,0.3050647974014282,IR152_SI_NI_FGSM_adv
1,VGG-Face,/content/face_module/dataset_extractedfaces/vggface2_pairs/n000007_0113_01.jpg,/content/face_module/dataset_extractedfaces/vggface2_pairs/n000007_0122_01.jpg,vggface2_pairs,dodging_attack,eval,IR152,MI_ADMIX_DI_TI,vanilla,0.3388734459877014,IR152_MI_ADMIX_DI_TI_adv
4,ArcFace,/content/face_module/dataset_extractedfaces/vggface2_pairs/n000008_0256_01.jpg,/content/face_module/dataset_extractedfaces/vggface2_pairs/n000008_0348_01.jpg,vggface2_pairs,dodging_attack,eval,IR152,clean,clean,0.3233876526355743,IR152_clean
4,Facenet512,/content/face_module/dataset_extractedfaces/vggface2_pairs/n000008_0256_01.jpg,/content/face_module/dataset_extractedfaces/vggface2_pairs/n000008_0348_01.jpg,vggface2_pairs,dodging_attack,eval,IR152,clean,clean,0.3233876526355743,IR152_clean
4,GhostFaceNet,/content/face_module/dataset_extractedfaces/vggface2_pairs/n000008_0256_01.jpg,/content/face_module/dataset_extractedfaces/vggface2_pairs/n000008_0348_01.jpg,vggface2_pairs,dodging_attack,eval,IR152,clean,clean,0.3233876526355743,IR152_clean
4,VGG-Face,/content/face_module/dataset_extractedfaces/vggface2_pairs/n000008_0256_01.jpg,/content/face_module/dataset_extractedfaces/vggface2_pairs/n000008_0348_01.jpg,vggface2_pairs,dodging_attack,eval,IR152,clean,clean,0.3233876526355743,IR152_clean
4,ArcFace,/content/face_module/dataset_extractedfaces/vggface2_pairs/n000008_0256_01.jpg,/content/face_module/dataset_extractedfaces/vggface2_pairs/n000008_0348_01.jpg,vggface2_pairs,dodging_attack,eval,IR152,PGD,vanilla,0.2916784882545471,IR152_PGD_adv
4,ArcFace,/content/face_module/dataset_extractedfaces/vggface2_pairs/n000008_0256_01.jpg,/content/face_module/dataset_extractedfaces/vggface2_pairs/n000008_0348_01.jpg,vggface2_pairs,dodging_attack,eval,IR152,MI_FGSM,vanilla,0.2533873319625854,IR152_MI_FGSM_adv
4,ArcFace,/content/face_module/dataset_extractedfaces/vggface2_pairs/n000008_0256_01.jpg,/content/face_module/dataset_extractedfaces/vggface2_pairs/n000008_0348_01.jpg,vggface2_pairs,dodging_attack,eval,IR152,TI_FGSM,vanilla,0.2479194700717926,IR152_TI_FGSM_adv
4,ArcFace,/content/face_module/dataset_extractedfaces/vggface2_pairs/n000008_0256_01.jpg,/content/face_module/dataset_extractedfaces/vggface2_pairs/n000008_0348_01.jpg,vggface2_pairs,dodging_attack,eval,IR152,SI_NI_FGSM,vanilla,0.2953948080539703,IR152_SI_NI_FGSM_adv
4,ArcFace,/content/face_module/dataset_extractedfaces/vggface2_pairs/n000008_0256_01.jpg,/content/face_module/dataset_extractedfaces/vggface2_pairs/n000008_0348_01.jpg,vggface2_pairs,dodging_attack,eval,IR152,MI_ADMIX_DI_TI,vanilla,0.2714104056358337,IR152_MI_ADMIX_DI_TI_adv
4,Facenet512,/content/face_module/dataset_extractedfaces/vggface2_pairs/n000008_0256_01.jpg,/content/face_module/dataset_extractedfaces/vggface2_pairs/n000008_0348_01.jpg,vggface2_pairs,dodging_attack,eval,IR152,PGD,vanilla,0.2874591946601867,IR152_PGD_adv
4,Facenet512,/content/face_module/dataset_extractedfaces/vggface2_pairs/n000008_0256_01.jpg,/content/face_module/dataset_extractedfaces/vggface2_pairs/n000008_0348_01.jpg,vggface2_pairs,dodging_attack,eval,IR152,MI_FGSM,vanilla,0.1840893030166626,IR152_MI_FGSM_adv
4,Facenet512,/content/face_module/dataset_extractedfaces/vggface2_pairs/n000008_0256_01.jpg,/content/face_module/dataset_extractedfaces/vggface2_pairs/n000008_0348_01.jpg,vggface2_pairs,dodging_attack,eval,IR152,TI_FGSM,vanilla,0.2471392005681991,IR152_TI_FGSM_adv
4,Facenet512,/content/face_module/dataset_extractedfaces/vggface2_pairs/n000008_0256_01.jpg,/content/face_module/dataset_extractedfaces/vggface2_pairs/n000008_0348_01.jpg,vggface2_pairs,dodging_attack,eval,IR152,SI_NI_FGSM,vanilla,0.1606451869010925,IR152_SI_NI_FGSM_adv
4,Facenet512,/content/face_module/dataset_extractedfaces/vggface2_pairs/n000008_0256_01.jpg,/content/face_module/dataset_extractedfaces/vggface2_pairs/n000008_0348_01.jpg,vggface2_pairs,dodging_attack,eval,IR152,MI_ADMIX_DI_TI,vanilla,0.2586894035339355,IR152_MI_ADMIX_DI_TI_adv
4,GhostFaceNet,/content/face_module/dataset_extractedfaces/vggface2_pairs/n000008_0256_01.jpg,/content/face_module/dataset_extractedfaces/vggface2_pairs/n000008_0348_01.jpg,vggface2_pairs,dodging_attack,eval,IR152,PGD,vanilla,0.2651332020759582,IR152_PGD_adv
4,GhostFaceNet,/content/face_module/dataset_extractedfaces/vggface2_pairs/n000008_0256_01.jpg,/content/face_module/dataset_extractedfaces/vggface2_pairs/n000008_0348_01.jpg,vggface2_pairs,dodging_attack,eval,IR152,MI_FGSM,vanilla,0.2247130870819091,IR152_MI_FGSM_adv
4,GhostFaceNet,/content/face_module/dataset_extractedfaces/vggface2_pairs/n000008_0256_01.jpg,/content/face_module/dataset_extractedfaces/vggface2_pairs/n000008_0348_01.jpg,vggface2_pairs,dodging_attack,eval,IR152,TI_FGSM,vanilla,0.1750853657722473,IR152_TI_FGSM_adv
4,GhostFaceNet,/content/face_module/dataset_extractedfaces/vggface2_pairs/n000008_0256_01.jpg,/content/face_module/dataset_extractedfaces/vggface2_pairs/n000008_0348_01.jpg,vggface2_pairs,dodging_attack,eval,IR152,SI_NI_FGSM,vanilla,0.2497788816690445,IR152_SI_NI_FGSM_adv
4,GhostFaceNet,/content/face_module/dataset_extractedfaces/vggface2_pairs/n000008_0256_01.jpg,/content/face_module/dataset_extractedfaces/vggface2_pairs/n000008_0348_01.jpg,vggface2_pairs,dodging_attack,eval,IR152,MI_ADMIX_DI_TI,vanilla,0.275823563337326,IR152_MI_ADMIX_DI_TI_adv
4,VGG-Face,/content/face_module/dataset_extractedfaces/vggface2_pairs/n000008_0256_01.jpg,/content/face_module/dataset_extractedfaces/vggface2_pairs/n000008_0348_01.jpg,vggface2_pairs,dodging_attack,eval,IR152,PGD,vanilla,0.2164807915687561,IR152_PGD_adv
4,VGG-Face,/content/face_module/dataset_extractedfaces/vggface2_pairs/n000008_0256_01.jpg,/content/face_module/dataset_extractedfaces/vggface2_pairs/n000008_0348_01.jpg,vggface2_pairs,dodging_attack,eval,IR152,MI_FGSM,vanilla,0.1752573698759079,IR152_MI_FGSM_adv
4,VGG-Face,/content/face_module/dataset_extractedfaces/vggface2_pairs/n000008_0256_01.jpg,/content/face_module/dataset_extractedfaces/vggface2_pairs/n000008_0348_01.jpg,vggface2_pairs,dodging_attack,eval,IR152,TI_FGSM,vanilla,0.2287033200263977,IR152_TI_FGSM_adv
4,VGG-Face,/content/face_module/dataset_extractedfaces/vggface2_pairs/n000008_0256_01.jpg,/content/face_module/dataset_extractedfaces/vggface2_pairs/n000008_0348_01.jpg,vggface2_pairs,dodging_attack,eval,IR152,SI_NI_FGSM,vanilla,0.1572946608066558,IR152_SI_NI_FGSM_adv
4,VGG-Face,/content/face_module/dataset_extractedfaces/vggface2_pairs/n000008_0256_01.jpg,/content/face_module/dataset_extractedfaces/vggface2_pairs/n000008_0348_01.jpg,vggface2_pairs,dodging_attack,eval,IR152,MI_ADMIX_DI_TI,vanilla,0.2071642875671386,IR152_MI_ADMIX_DI_TI_adv
7,ArcFace,/content/face_module/dataset_extractedfaces/vggface2_pairs/n000010_0058_01.jpg,/content/face_module/dataset_extractedfaces/vggface2_pairs/n000010_0081_01.jpg,vggface2_pairs,dodging_attack,eval,IR152,clean,clean,0.6537523865699768,IR152_clean
7,Facenet512,/content/face_module/dataset_extractedfaces/vggface2_pairs/n000010_0058_01.jpg,/content/face_module/dataset_extractedfaces/vggface2_pairs/n000010_0081_01.jpg,vggface2_pairs,dodging_attack,eval,IR152,clean,clean,0.6537523865699768,IR152_clean
7,GhostFaceNet,/content/face_module/dataset_extractedfaces/vggface2_pairs/n000010_0058_01.jpg,/content/face_module/dataset_extractedfaces/vggface2_pairs/n000010_0081_01.jpg,vggface2_pairs,dodging_attack,eval,IR152,clean,clean,0.6537523865699768,IR152_clean
7,VGG-Face,/content/face_module/dataset_extractedfaces/vggface2_pairs/n000010_0058_01.jpg,/content/face_module/dataset_extractedfaces/vggface2_pairs/n000010_0081_01.jpg,vggface2_pairs,dodging_attack,eval,IR152,clean,clean,0.6537523865699768,IR152_clean
7,ArcFace,/content/face_module/dataset_extractedfaces/vggface2_pairs/n000010_0058_01.jpg,/content/face_module/dataset_extractedfaces/vggface2_pairs/n000010_0081_01.jpg,vggface2_pairs,dodging_attack,eval,IR152,PGD,vanilla,0.4820814132690429,IR152_PGD_adv
7,ArcFace,/content/face_module/dataset_extractedfaces/vggface2_pairs/n000010_0058_01.jpg,/content/face_module/dataset_extractedfaces/vggface2_pairs/n000010_0081_01.jpg,vggface2_pairs,dodging_attack,eval,IR152,MI_FGSM,vanilla,0.328882098197937,IR152_MI_FGSM_adv
7,ArcFace,/content/face_module/dataset_extractedfaces/vggface2_pairs/n000010_0058_01.jpg,/content/face_module/dataset_extractedfaces/vggface2_pairs/n000010_0081_01.jpg,vggface2_pairs,dodging_attack,eval,IR152,TI_FGSM,vanilla,0.4168176054954529,IR152_TI_FGSM_adv
7,ArcFace,/content/face_module/dataset_extractedfaces/vggface2_pairs/n000010_0058_01.jpg,/content/face_module/dataset_extractedfaces/vggface2_pairs/n000010_0081_01.jpg,vggface2_pairs,dodging_attack,eval,IR152,SI_NI_FGSM,vanilla,0.3311459422111511,IR152_SI_NI_FGSM_adv
7,ArcFace,/content/face_module/dataset_extractedfaces/vggface2_pairs/n000010_0058_01.jpg,/content/face_module/dataset_extractedfaces/vggface2_pairs/n000010_0081_01.jpg,vggface2_pairs,dodging_attack,eval,IR152,MI_ADMIX_DI_TI,vanilla,0.4198497235774994,IR152_MI_ADMIX_DI_TI_adv
7,Facenet512,/content/face_module/dataset_extractedfaces/vggface2_pairs/n000010_0058_01.jpg,/content/face_module/dataset_extractedfaces/vggface2_pairs/n000010_0081_01.jpg,vggface2_pairs,dodging_attack,eval,IR152,PGD,vanilla,0.4319563508033752,IR152_PGD_adv
7,Facenet512,/content/face_module/dataset_extractedfaces/vggface2_pairs/n000010_0058_01.jpg,/content/face_module/dataset_extractedfaces/vggface2_pairs/n000010_0081_01.jpg,vggface2_pairs,dodging_attack,eval,IR152,MI_FGSM,vanilla,0.2824840247631073,IR152_MI_FGSM_adv
7,Facenet512,/content/face_module/dataset_extractedfaces/vggface2_pairs/n000010_0058_01.jpg,/content/face_module/dataset_extractedfaces/vggface2_pairs/n000010_0081_01.jpg,vggface2_pairs,dodging_attack,eval,IR152,TI_FGSM,vanilla,0.3524269759654999,IR152_TI_FGSM_adv
7,Facenet512,/content/face_module/dataset_extractedfaces/vggface2_pairs/n000010_0058_01.jpg,/content/face_module/dataset_extractedfaces/vggface2_pairs/n000010_0081_01.jpg,vggface2_pairs,dodging_attack,eval,IR152,SI_NI_FGSM,vanilla,0.3110272586345672,IR152_SI_NI_FGSM_adv
7,Facenet512,/content/face_module/dataset_extractedfaces/vggface2_pairs/n000010_0058_01.jpg,/content/face_module/dataset_extractedfaces/vggface2_pairs/n000010_0081_01.jpg,vggface2_pairs,dodging_attack,eval,IR152,MI_ADMIX_DI_TI,vanilla,0.3025629222393036,IR152_MI_ADMIX_DI_TI_adv
7,GhostFaceNet,/content/face_module/dataset_extractedfaces/vggface2_pairs/n000010_0058_01.jpg,/content/face_module/dataset_extractedfaces/vggface2_pairs/n000010_0081_01.jpg,vggface2_pairs,dodging_attack,eval,IR152,PGD,vanilla,0.5182181596755981,IR152_PGD_adv
7,GhostFaceNet,/content/face_module/dataset_extractedfaces/vggface2_pairs/n000010_0058_01.jpg,/content/face_module/dataset_extractedfaces/vggface2_pairs/n000010_0081_01.jpg,vggface2_pairs,dodging_attack,eval,IR152,MI_FGSM,vanilla,0.4344800412654876,IR152_MI_FGSM_adv
7,GhostFaceNet,/content/face_module/dataset_extractedfaces/vggface2_pairs/n000010_0058_01.jpg,/content/face_module/dataset_extractedfaces/vggface2_pairs/n000010_0081_01.jpg,vggface2_pairs,dodging_attack,eval,IR152,TI_FGSM,vanilla,0.3978846073150635,IR152_TI_FGSM_adv
7,GhostFaceNet,/content/face_module/dataset_extractedfaces/vggface2_pairs/n000010_0058_01.jpg,/content/face_module/dataset_extractedfaces/vggface2_pairs/n000010_0081_01.jpg,vggface2_pairs,dodging_attack,eval,IR152,SI_NI_FGSM,vanilla,0.4357433319091797,IR152_SI_NI_FGSM_adv
7,GhostFaceNet,/content/face_module/dataset_extractedfaces/vggface2_pairs/n000010_0058_01.jpg,/content/face_module/dataset_extractedfaces/vggface2_pairs/n000010_0081_01.jpg,vggface2_pairs,dodging_attack,eval,IR152,MI_ADMIX_DI_TI,vanilla,0.4257107973098755,IR152_MI_ADMIX_DI_TI_adv
7,VGG-Face,/content/face_module/dataset_extractedfaces/vggface2_pairs/n000010_0058_01.jpg,/content/face_module/dataset_extractedfaces/vggface2_pairs/n000010_0081_01.jpg,vggface2_pairs,dodging_attack,eval,IR152,PGD,vanilla,0.3703532218933105,IR152_PGD_adv
7,VGG-Face,/content/face_module/dataset_extractedfaces/vggface2_pairs/n000010_0058_01.jpg,/content/face_module/dataset_extractedfaces/vggface2_pairs/n000010_0081_01.jpg,vggface2_pairs,dodging_attack,eval,IR152,MI_FGSM,vanilla,0.184034377336502,IR152_MI_FGSM_adv
7,VGG-Face,/content/face_module/dataset_extractedfaces/vggface2_pairs/n000010_0058_01.jpg,/content/face_module/dataset_extractedfaces/vggface2_pairs/n000010_0081_01.jpg,vggface2_pairs,dodging_attack,eval,IR152,TI_FGSM,vanilla,0.3335083723068237,IR152_TI_FGSM_adv
7,VGG-Face,/content/face_module/dataset_extractedfaces/vggface2_pairs/n000010_0058_01.jpg,/content/face_module/dataset_extractedfaces/vggface2_pairs/n000010_0081_01.jpg,vggface2_pairs,dodging_attack,eval,IR152,SI_NI_FGSM,vanilla,0.2173515707254409,IR152_SI_NI_FGSM_adv
7,VGG-Face,/content/face_module/dataset_extractedfaces/vggface2_pairs/n000010_0058_01.jpg,/content/face_module/dataset_extractedfaces/vggface2_pairs/n000010_0081_01.jpg,vggface2_pairs,dodging_attack,eval,IR152,MI_ADMIX_DI_TI,vanilla,0.2304001897573471,IR152_MI_ADMIX_DI_TI_adv
10,ArcFace,/content/face_module/dataset_extractedfaces/vggface2_pairs/n000005_0022_01.jpg,/content/face_module/dataset_extractedfaces/vggface2_pairs/n000005_0076_01.jpg,vggface2_pairs,dodging_attack,eval,IR152,clean,clean,0.7079440355300903,IR152_clean
10,Facenet512,/content/face_module/dataset_extractedfaces/vggface2_pairs/n000005_0022_01.jpg,/content/face_module/dataset_extractedfaces/vggface2_pairs/n000005_0076_01.jpg,vggface2_pairs,dodging_attack,eval,IR152,clean,clean,0.7079440355300903,IR152_clean
10,GhostFaceNet,/content/face_module/dataset_extractedfaces/vggface2_pairs/n000005_0022_01.jpg,/content/face_module/dataset_extractedfaces/vggface2_pairs/n000005_0076_01.jpg,vggface2_pairs,dodging_attack,eval,IR152,clean,clean,0.7079440355300903,IR152_clean
10,VGG-Face,/content/face_module/dataset_extractedfaces/vggface2_pairs/n000005_0022_01.jpg,/content/face_module/dataset_extractedfaces/vggface2_pairs/n000005_0076_01.jpg,vggface2_pairs,dodging_attack,eval,IR152,clean,clean,0.7079440355300903,IR152_clean
10,ArcFace,/content/face_module/dataset_extractedfaces/vggface2_pairs/n000005_0022_01.jpg,/content/face_module/dataset_extractedfaces/vggface2_pairs/n000005_0076_01.jpg,vggface2_pairs,dodging_attack,eval,IR152,PGD,vanilla,0.6676803827285767,IR152_PGD_adv
10,ArcFace,/content/face_module/dataset_extractedfaces/vggface2_pairs/n000005_0022_01.jpg,/content/face_module/dataset_extractedfaces/vggface2_pairs/n000005_0076_01.jpg,vggface2_pairs,dodging_attack,eval,IR152,MI_FGSM,vanilla,0.5523749589920044,IR152_MI_FGSM_adv
10,ArcFace,/content/face_module/dataset_extractedfaces/vggface2_pairs/n000005_0022_01.jpg,/content/face_module/dataset_extractedfaces/vggface2_pairs/n000005_0076_01.jpg,vggface2_pairs,dodging_attack,eval,IR152,TI_FGSM,vanilla,0.6096179485321045,IR152_TI_FGSM_adv
10,ArcFace,/content/face_module/dataset_extractedfaces/vggface2_pairs/n000005_0022_01.jpg,/content/face_module/dataset_extractedfaces/vggface2_pairs/n000005_0076_01.jpg,vggface2_pairs,dodging_attack,eval,IR152,SI_NI_FGSM,vanilla,0.5651113986968994,IR152_SI_NI_FGSM_adv
10,ArcFace,/content/face_module/dataset_extractedfaces/vggface2_pairs/n000005_0022_01.jpg,/content/face_module/dataset_extractedfaces/vggface2_pairs/n000005_0076_01.jpg,vggface2_pairs,dodging_attack,eval,IR152,MI_ADMIX_DI_TI,vanilla,0.5934833288192749,IR152_MI_ADMIX_DI_TI_adv
10,Facenet512,/content/face_module/dataset_extractedfaces/vggface2_pairs/n000005_0022_01.jpg,/content/face_module/dataset_extractedfaces/vggface2_pairs/n000005_0076_01.jpg,vggface2_pairs,dodging_attack,eval,IR152,PGD,vanilla,0.5728591680526733,IR152_PGD_adv
10,Facenet512,/content/face_module/dataset_extractedfaces/vggface2_pairs/n000005_0022_01.jpg,/content/face_module/dataset_extractedfaces/vggface2_pairs/n000005_0076_01.jpg,vggface2_pairs,dodging_attack,eval,IR152,MI_FGSM,vanilla,0.4405469596385956,IR152_MI_FGSM_adv
10,Facenet512,/content/face_module/dataset_extractedfaces/vggface2_pairs/n000005_0022_01.jpg,/content/face_module/dataset_extractedfaces/vggface2_pairs/n000005_0076_01.jpg,vggface2_pairs,dodging_attack,eval,IR152,TI_FGSM,vanilla,0.4552304446697235,IR152_TI_FGSM_adv
10,Facenet512,/content/face_module/dataset_extractedfaces/vggface2_pairs/n000005_0022_01.jpg,/content/face_module/dataset_extractedfaces/vggface2_pairs/n000005_0076_01.jpg,vggface2_pairs,dodging_attack,eval,IR152,SI_NI_FGSM,vanilla,0.4434696137905121,IR152_SI_NI_FGSM_adv
10,Facenet512,/content/face_module/dataset_extractedfaces/vggface2_pairs/n000005_0022_01.jpg,/content/face_module/dataset_extractedfaces/vggface2_pairs/n000005_0076_01.jpg,vggface2_pairs,dodging_attack,eval,IR152,MI_ADMIX_DI_TI,vanilla,0.4205008745193481,IR152_MI_ADMIX_DI_TI_adv
10,GhostFaceNet,/content/face_module/dataset_extractedfaces/vggface2_pairs/n000005_0022_01.jpg,/content/face_module/dataset_extractedfaces/vggface2_pairs/n000005_0076_01.jpg,vggface2_pairs,dodging_attack,eval,IR152,PGD,vanilla,0.6415281891822815,IR152_PGD_adv
10,GhostFaceNet,/content/face_module/dataset_extractedfaces/vggface2_pairs/n000005_0022_01.jpg,/content/face_module/dataset_extractedfaces/vggface2_pairs/n000005_0076_01.jpg,vggface2_pairs,dodging_attack,eval,IR152,MI_FGSM,vanilla,0.5807743072509766,IR152_MI_FGSM_adv
10,GhostFaceNet,/content/face_module/dataset_extractedfaces/vggface2_pairs/n000005_0022_01.jpg,/content/face_module/dataset_extractedfaces/vggface2_pairs/n000005_0076_01.jpg,vggface2_pairs,dodging_attack,eval,IR152,TI_FGSM,vanilla,0.6574382185935974,IR152_TI_FGSM_adv
10,GhostFaceNet,/content/face_module/dataset_extractedfaces/vggface2_pairs/n000005_0022_01.jpg,/content/face_module/dataset_extractedfaces/vggface2_pairs/n000005_0076_01.jpg,vggface2_pairs,dodging_attack,eval,IR152,SI_NI_FGSM,vanilla,0.5441840887069702,IR152_SI_NI_FGSM_adv
10,GhostFaceNet,/content/face_module/dataset_extractedfaces/vggface2_pairs/n000005_0022_01.jpg,/content/face_module/dataset_extractedfaces/vggface2_pairs/n000005_0076_01.jpg,vggface2_pairs,dodging_attack,eval,IR152,MI_ADMIX_DI_TI,vanilla,0.6452996730804443,IR152_MI_ADMIX_DI_TI_adv
10,VGG-Face,/content/face_module/dataset_extractedfaces/vggface2_pairs/n000005_0022_01.jpg,/content/face_module/dataset_extractedfaces/vggface2_pairs/n000005_0076_01.jpg,vggface2_pairs,dodging_attack,eval,IR152,PGD,vanilla,0.580703616142273,IR152_PGD_adv
10,VGG-Face,/content/face_module/dataset_extractedfaces/vggface2_pairs/n000005_0022_01.jpg,/content/face_module/dataset_extractedfaces/vggface2_pairs/n000005_0076_01.jpg,vggface2_pairs,dodging_attack,eval,IR152,MI_FGSM,vanilla,0.4497263729572296,IR152_MI_FGSM_adv
10,VGG-Face,/content/face_module/dataset_extractedfaces/vggface2_pairs/n000005_0022_01.jpg,/content/face_module/dataset_extractedfaces/vggface2_pairs/n000005_0076_01.jpg,vggface2_pairs,dodging_attack,eval,IR152,TI_FGSM,vanilla,0.5396568179130554,IR152_TI_FGSM_adv
10,VGG-Face,/content/face_module/dataset_extractedfaces/vggface2_pairs/n000005_0022_01.jpg,/content/face_module/dataset_extractedfaces/vggface2_pairs/n000005_0076_01.jpg,vggface2_pairs,dodging_attack,eval,IR152,SI_NI_FGSM,vanilla,0.4937387108802795,IR152_SI_NI_FGSM_adv
10,VGG-Face,/content/face_module/dataset_extractedfaces/vggface2_pairs/n000005_0022_01.jpg,/content/face_module/dataset_extractedfaces/vggface2_pairs/n000005_0076_01.jpg,vggface2_pairs,dodging_attack,eval,IR152,MI_ADMIX_DI_TI,vanilla,0.4244864881038666,IR152_MI_ADMIX_DI_TI_adv
11,ArcFace,/content/face_module/dataset_extractedfaces/vggface2_pairs/n000007_0176_01.jpg,/content/face_module/dataset_extractedfaces/vggface2_pairs/n000007_0335_03.jpg,vggface2_pairs,dodging_attack,eval,IR152,clean,clean,0.476504236459732,IR152_clean
11,Facenet512,/content/face_module/dataset_extractedfaces/vggface2_pairs/n000007_0176_01.jpg,/content/face_module/dataset_extractedfaces/vggface2_pairs/n000007_0335_03.jpg,vggface2_pairs,dodging_attack,eval,IR152,clean,clean,0.476504236459732,IR152_clean
11,GhostFaceNet,/content/face_module/dataset_extractedfaces/vggface2_pairs/n000007_0176_01.jpg,/content/face_module/dataset_extractedfaces/vggface2_pairs/n000007_0335_03.jpg,vggface2_pairs,dodging_attack,eval,IR152,clean,clean,0.476504236459732,IR152_clean
11,VGG-Face,/content/face_module/dataset_extractedfaces/vggface2_pairs/n000007_0176_01.jpg,/content/face_module/dataset_extractedfaces/vggface2_pairs/n000007_0335_03.jpg,vggface2_pairs,dodging_attack,eval,IR152,clean,clean,0.476504236459732,IR152_clean
11,ArcFace,/content/face_module/dataset_extractedfaces/vggface2_pairs/n000007_0176_01.jpg,/content/face_module/dataset_extractedfaces/vggface2_pairs/n000007_0335_03.jpg,vggface2_pairs,dodging_attack,eval,IR152,PGD,vanilla,0.4165935516357422,IR152_PGD_adv
11,ArcFace,/content/face_module/dataset_extractedfaces/vggface2_pairs/n000007_0176_01.jpg,/content/face_module/dataset_extractedfaces/vggface2_pairs/n000007_0335_03.jpg,vggface2_pairs,dodging_attack,eval,IR152,MI_FGSM,vanilla,0.3097648024559021,IR152_MI_FGSM_adv
11,ArcFace,/content/face_module/dataset_extractedfaces/vggface2_pairs/n000007_0176_01.jpg,/content/face_module/dataset_extractedfaces/vggface2_pairs/n000007_0335_03.jpg,vggface2_pairs,dodging_attack,eval,IR152,TI_FGSM,vanilla,0.3230487704277038,IR152_TI_FGSM_adv
11,ArcFace,/content/face_module/dataset_extractedfaces/vggface2_pairs/n000007_0176_01.jpg,/content/face_module/dataset_extractedfaces/vggface2_pairs/n000007_0335_03.jpg,vggface2_pairs,dodging_attack,eval,IR152,SI_NI_FGSM,vanilla,0.2632622122764587,IR152_SI_NI_FGSM_adv
11,ArcFace,/content/face_module/dataset_extractedfaces/vggface2_pairs/n000007_0176_01.jpg,/content/face_module/dataset_extractedfaces/vggface2_pairs/n000007_0335_03.jpg,vggface2_pairs,dodging_attack,eval,IR152,MI_ADMIX_DI_TI,vanilla,0.31670081615448,IR152_MI_ADMIX_DI_TI_adv
11,Facenet512,/content/face_module/dataset_extractedfaces/vggface2_pairs/n000007_0176_01.jpg,/content/face_module/dataset_extractedfaces/vggface2_pairs/n000007_0335_03.jpg,vggface2_pairs,dodging_attack,eval,IR152,PGD,vanilla,0.3091241717338562,IR152_PGD_adv
11,Facenet512,/content/face_module/dataset_extractedfaces/vggface2_pairs/n000007_0176_01.jpg,/content/face_module/dataset_extractedfaces/vggface2_pairs/n000007_0335_03.jpg,vggface2_pairs,dodging_attack,eval,IR152,MI_FGSM,vanilla,0.2271688431501388,IR152_MI_FGSM_adv
11,Facenet512,/content/face_module/dataset_extractedfaces/vggface2_pairs/n000007_0176_01.jpg,/content/face_module/dataset_extractedfaces/vggface2_pairs/n000007_0335_03.jpg,vggface2_pairs,dodging_attack,eval,IR152,TI_FGSM,vanilla,0.2421857267618179,IR152_TI_FGSM_adv
11,Facenet512,/content/face_module/dataset_extractedfaces/vggface2_pairs/n000007_0176_01.jpg,/content/face_module/dataset_extractedfaces/vggface2_pairs/n000007_0335_03.jpg,vggface2_pairs,dodging_attack,eval,IR152,SI_NI_FGSM,vanilla,0.1977391690015792,IR152_SI_NI_FGSM_adv
11,Facenet512,/content/face_module/dataset_extractedfaces/vggface2_pairs/n000007_0176_01.jpg,/content/face_module/dataset_extractedfaces/vggface2_pairs/n000007_0335_03.jpg,vggface2_pairs,dodging_attack,eval,IR152,MI_ADMIX_DI_TI,vanilla,0.2421014010906219,IR152_MI_ADMIX_DI_TI_adv
11,GhostFaceNet,/content/face_module/dataset_extractedfaces/vggface2_pairs/n000007_0176_01.jpg,/content/face_module/dataset_extractedfaces/vggface2_pairs/n000007_0335_03.jpg,vggface2_pairs,dodging_attack,eval,IR152,PGD,vanilla,0.3961314558982849,IR152_PGD_adv
11,GhostFaceNet,/content/face_module/dataset_extractedfaces/vggface2_pairs/n000007_0176_01.jpg,/content/face_module/dataset_extractedfaces/vggface2_pairs/n000007_0335_03.jpg,vggface2_pairs,dodging_attack,eval,IR152,MI_FGSM,vanilla,0.3778284788131714,IR152_MI_FGSM_adv
11,GhostFaceNet,/content/face_module/dataset_extractedfaces/vggface2_pairs/n000007_0176_01.jpg,/content/face_module/dataset_extractedfaces/vggface2_pairs/n000007_0335_03.jpg,vggface2_pairs,dodging_attack,eval,IR152,TI_FGSM,vanilla,0.4455267786979675,IR152_TI_FGSM_adv
11,GhostFaceNet,/content/face_module/dataset_extractedfaces/vggface2_pairs/n000007_0176_01.jpg,/content/face_module/dataset_extractedfaces/vggface2_pairs/n000007_0335_03.jpg,vggface2_pairs,dodging_attack,eval,IR152,SI_NI_FGSM,vanilla,0.3278116583824157,IR152_SI_NI_FGSM_adv
11,GhostFaceNet,/content/face_module/dataset_extractedfaces/vggface2_pairs/n000007_0176_01.jpg,/content/face_module/dataset_extractedfaces/vggface2_pairs/n000007_0335_03.jpg,vggface2_pairs,dodging_attack,eval,IR152,MI_ADMIX_DI_TI,vanilla,0.4379356801509857,IR152_MI_ADMIX_DI_TI_adv
11,VGG-Face,/content/face_module/dataset_extractedfaces/vggface2_pairs/n000007_0176_01.jpg,/content/face_module/dataset_extractedfaces/vggface2_pairs/n000007_0335_03.jpg,vggface2_pairs,dodging_attack,eval,IR152,PGD,vanilla,0.3725666999816894,IR152_PGD_adv
11,VGG-Face,/content/face_module/dataset_extractedfaces/vggface2_pairs/n000007_0176_01.jpg,/content/face_module/dataset_extractedfaces/vggface2_pairs/n000007_0335_03.jpg,vggface2_pairs,dodging_attack,eval,IR152,MI_FGSM,vanilla,0.2605388462543487,IR152_MI_FGSM_adv
11,VGG-Face,/content/face_module/dataset_extractedfaces/vggface2_pairs/n000007_0176_01.jpg,/content/face_module/dataset_extractedfaces/vggface2_pairs/n000007_0335_03.jpg,vggface2_pairs,dodging_attack,eval,IR152,TI_FGSM,vanilla,0.302328497171402,IR152_TI_FGSM_adv
11,VGG-Face,/content/face_module/dataset_extractedfaces/vggface2_pairs/n000007_0176_01.jpg,/content/face_module/dataset_extractedfaces/vggface2_pairs/n000007_0335_03.jpg,vggface2_pairs,dodging_attack,eval,IR152,SI_NI_FGSM,vanilla,0.3276770114898681,IR152_SI_NI_FGSM_adv
11,VGG-Face,/content/face_module/dataset_extractedfaces/vggface2_pairs/n000007_0176_01.jpg,/content/face_module/dataset_extractedfaces/vggface2_pairs/n000007_0335_03.jpg,vggface2_pairs,dodging_attack,eval,IR152,MI_ADMIX_DI_TI,vanilla,0.2291179448366165,IR152_MI_ADMIX_DI_TI_adv
