row_id,attacker_model,img1,img2,dataset,attack_type,victim_model,attack_method,variant,similarity
0,ArcFace,/content/face_module/dataset_extractedfaces/lfw_pairs/Renee Zellweger_1.jpg,/content/face_module/dataset_extractedfaces/lfw_pairs/Catherine Deneuve_2.jpg,lfw_pairs,impersonation_attack,Facenet512,clean,clean,0.203782856464386
0,Facenet512,/content/face_module/dataset_extractedfaces/lfw_pairs/Renee Zellweger_1.jpg,/content/face_module/dataset_extractedfaces/lfw_pairs/Catherine Deneuve_2.jpg,lfw_pairs,impersonation_attack,Facenet512,clean,clean,0.203782856464386
0,GhostFaceNet,/content/face_module/dataset_extractedfaces/lfw_pairs/Renee Zellweger_1.jpg,/content/face_module/dataset_extractedfaces/lfw_pairs/Catherine Deneuve_2.jpg,lfw_pairs,impersonation_attack,Facenet512,clean,clean,0.203782856464386
0,VGG-Face,/content/face_module/dataset_extractedfaces/lfw_pairs/Renee Zellweger_1.jpg,/content/face_module/dataset_extractedfaces/lfw_pairs/Catherine Deneuve_2.jpg,lfw_pairs,impersonation_attack,Facenet512,clean,clean,0.203782856464386
0,ArcFace,/content/face_module/dataset_extractedfaces/lfw_pairs/Renee Zellweger_1.jpg,/content/face_module/dataset_extractedfaces/lfw_pairs/Catherine Deneuve_2.jpg,lfw_pairs,impersonation_attack,Facenet512,PGD,vanilla,0.4942782819271087
0,ArcFace,/content/face_module/dataset_extractedfaces/lfw_pairs/Renee Zellweger_1.jpg,/content/face_module/dataset_extractedfaces/lfw_pairs/Catherine Deneuve_2.jpg,lfw_pairs,impersonation_attack,Facenet512,MI_FGSM,vanilla,0.7072520852088928
0,ArcFace,/content/face_module/dataset_extractedfaces/lfw_pairs/Renee Zellweger_1.jpg,/content/face_module/dataset_extractedfaces/lfw_pairs/Catherine Deneuve_2.jpg,lfw_pairs,impersonation_attack,Facenet512,TI_FGSM,vanilla,0.6047835946083069
0,ArcFace,/content/face_module/dataset_extractedfaces/lfw_pairs/Renee Zellweger_1.jpg,/content/face_module/dataset_extractedfaces/lfw_pairs/Catherine Deneuve_2.jpg,lfw_pairs,impersonation_attack,Facenet512,SI_NI_FGSM,vanilla,0.664053201675415
0,ArcFace,/content/face_module/dataset_extractedfaces/lfw_pairs/Renee Zellweger_1.jpg,/content/face_module/dataset_extractedfaces/lfw_pairs/Catherine Deneuve_2.jpg,lfw_pairs,impersonation_attack,Facenet512,MI_ADMIX_DI_TI,vanilla,0.5582962036132812
0,GhostFaceNet,/content/face_module/dataset_extractedfaces/lfw_pairs/Renee Zellweger_1.jpg,/content/face_module/dataset_extractedfaces/lfw_pairs/Catherine Deneuve_2.jpg,lfw_pairs,impersonation_attack,Facenet512,PGD,vanilla,0.2904832661151886
0,GhostFaceNet,/content/face_module/dataset_extractedfaces/lfw_pairs/Renee Zellweger_1.jpg,/content/face_module/dataset_extractedfaces/lfw_pairs/Catherine Deneuve_2.jpg,lfw_pairs,impersonation_attack,Facenet512,MI_FGSM,vanilla,0.2587789297103882
0,GhostFaceNet,/content/face_module/dataset_extractedfaces/lfw_pairs/Renee Zellweger_1.jpg,/content/face_module/dataset_extractedfaces/lfw_pairs/Catherine Deneuve_2.jpg,lfw_pairs,impersonation_attack,Facenet512,TI_FGSM,vanilla,0.2494884133338928
0,GhostFaceNet,/content/face_module/dataset_extractedfaces/lfw_pairs/Renee Zellweger_1.jpg,/content/face_module/dataset_extractedfaces/lfw_pairs/Catherine Deneuve_2.jpg,lfw_pairs,impersonation_attack,Facenet512,SI_NI_FGSM,vanilla,0.2760870158672333
0,GhostFaceNet,/content/face_module/dataset_extractedfaces/lfw_pairs/Renee Zellweger_1.jpg,/content/face_module/dataset_extractedfaces/lfw_pairs/Catherine Deneuve_2.jpg,lfw_pairs,impersonation_attack,Facenet512,MI_ADMIX_DI_TI,vanilla,0.2673319280147552
0,VGG-Face,/content/face_module/dataset_extractedfaces/lfw_pairs/Renee Zellweger_1.jpg,/content/face_module/dataset_extractedfaces/lfw_pairs/Catherine Deneuve_2.jpg,lfw_pairs,impersonation_attack,Facenet512,PGD,vanilla,0.5822709798812866
0,VGG-Face,/content/face_module/dataset_extractedfaces/lfw_pairs/Renee Zellweger_1.jpg,/content/face_module/dataset_extractedfaces/lfw_pairs/Catherine Deneuve_2.jpg,lfw_pairs,impersonation_attack,Facenet512,MI_FGSM,vanilla,0.6922020316123962
0,VGG-Face,/content/face_module/dataset_extractedfaces/lfw_pairs/Renee Zellweger_1.jpg,/content/face_module/dataset_extractedfaces/lfw_pairs/Catherine Deneuve_2.jpg,lfw_pairs,impersonation_attack,Facenet512,TI_FGSM,vanilla,0.7006357312202454
0,VGG-Face,/content/face_module/dataset_extractedfaces/lfw_pairs/Renee Zellweger_1.jpg,/content/face_module/dataset_extractedfaces/lfw_pairs/Catherine Deneuve_2.jpg,lfw_pairs,impersonation_attack,Facenet512,SI_NI_FGSM,vanilla,0.6806488633155823
0,VGG-Face,/content/face_module/dataset_extractedfaces/lfw_pairs/Renee Zellweger_1.jpg,/content/face_module/dataset_extractedfaces/lfw_pairs/Catherine Deneuve_2.jpg,lfw_pairs,impersonation_attack,Facenet512,MI_ADMIX_DI_TI,vanilla,0.7143954634666443
32,ArcFace,/content/face_module/dataset_extractedfaces/lfw_pairs/Donald Rumsfeld_105.jpg,/content/face_module/dataset_extractedfaces/lfw_pairs/Paul Burrell_11.jpg,lfw_pairs,impersonation_attack,Facenet512,clean,clean,0.0512039475142955
32,Facenet512,/content/face_module/dataset_extractedfaces/lfw_pairs/Donald Rumsfeld_105.jpg,/content/face_module/dataset_extractedfaces/lfw_pairs/Paul Burrell_11.jpg,lfw_pairs,impersonation_attack,Facenet512,clean,clean,0.0512039475142955
32,GhostFaceNet,/content/face_module/dataset_extractedfaces/lfw_pairs/Donald Rumsfeld_105.jpg,/content/face_module/dataset_extractedfaces/lfw_pairs/Paul Burrell_11.jpg,lfw_pairs,impersonation_attack,Facenet512,clean,clean,0.0512039475142955
32,VGG-Face,/content/face_module/dataset_extractedfaces/lfw_pairs/Donald Rumsfeld_105.jpg,/content/face_module/dataset_extractedfaces/lfw_pairs/Paul Burrell_11.jpg,lfw_pairs,impersonation_attack,Facenet512,clean,clean,0.0512039475142955
32,ArcFace,/content/face_module/dataset_extractedfaces/lfw_pairs/Donald Rumsfeld_105.jpg,/content/face_module/dataset_extractedfaces/lfw_pairs/Paul Burrell_11.jpg,lfw_pairs,impersonation_attack,Facenet512,PGD,vanilla,0.2577483355998993
32,ArcFace,/content/face_module/dataset_extractedfaces/lfw_pairs/Donald Rumsfeld_105.jpg,/content/face_module/dataset_extractedfaces/lfw_pairs/Paul Burrell_11.jpg,lfw_pairs,impersonation_attack,Facenet512,MI_FGSM,vanilla,0.4561870694160461
32,ArcFace,/content/face_module/dataset_extractedfaces/lfw_pairs/Donald Rumsfeld_105.jpg,/content/face_module/dataset_extractedfaces/lfw_pairs/Paul Burrell_11.jpg,lfw_pairs,impersonation_attack,Facenet512,TI_FGSM,vanilla,0.366553395986557
32,ArcFace,/content/face_module/dataset_extractedfaces/lfw_pairs/Donald Rumsfeld_105.jpg,/content/face_module/dataset_extractedfaces/lfw_pairs/Paul Burrell_11.jpg,lfw_pairs,impersonation_attack,Facenet512,SI_NI_FGSM,vanilla,0.474687784910202
32,ArcFace,/content/face_module/dataset_extractedfaces/lfw_pairs/Donald Rumsfeld_105.jpg,/content/face_module/dataset_extractedfaces/lfw_pairs/Paul Burrell_11.jpg,lfw_pairs,impersonation_attack,Facenet512,MI_ADMIX_DI_TI,vanilla,0.4592261910438537
32,GhostFaceNet,/content/face_module/dataset_extractedfaces/lfw_pairs/Donald Rumsfeld_105.jpg,/content/face_module/dataset_extractedfaces/lfw_pairs/Paul Burrell_11.jpg,lfw_pairs,impersonation_attack,Facenet512,PGD,vanilla,0.1563951224088668
32,GhostFaceNet,/content/face_module/dataset_extractedfaces/lfw_pairs/Donald Rumsfeld_105.jpg,/content/face_module/dataset_extractedfaces/lfw_pairs/Paul Burrell_11.jpg,lfw_pairs,impersonation_attack,Facenet512,MI_FGSM,vanilla,0.2525214552879333
32,GhostFaceNet,/content/face_module/dataset_extractedfaces/lfw_pairs/Donald Rumsfeld_105.jpg,/content/face_module/dataset_extractedfaces/lfw_pairs/Paul Burrell_11.jpg,lfw_pairs,impersonation_attack,Facenet512,TI_FGSM,vanilla,0.1976511180400848
32,GhostFaceNet,/content/face_module/dataset_extractedfaces/lfw_pairs/Donald Rumsfeld_105.jpg,/content/face_module/dataset_extractedfaces/lfw_pairs/Paul Burrell_11.jpg,lfw_pairs,impersonation_attack,Facenet512,SI_NI_FGSM,vanilla,0.2703319191932678
32,GhostFaceNet,/content/face_module/dataset_extractedfaces/lfw_pairs/Donald Rumsfeld_105.jpg,/content/face_module/dataset_extractedfaces/lfw_pairs/Paul Burrell_11.jpg,lfw_pairs,impersonation_attack,Facenet512,MI_ADMIX_DI_TI,vanilla,0.2236122190952301
32,VGG-Face,/content/face_module/dataset_extractedfaces/lfw_pairs/Donald Rumsfeld_105.jpg,/content/face_module/dataset_extractedfaces/lfw_pairs/Paul Burrell_11.jpg,lfw_pairs,impersonation_attack,Facenet512,PGD,vanilla,0.2931715548038482
32,VGG-Face,/content/face_module/dataset_extractedfaces/lfw_pairs/Donald Rumsfeld_105.jpg,/content/face_module/dataset_extractedfaces/lfw_pairs/Paul Burrell_11.jpg,lfw_pairs,impersonation_attack,Facenet512,MI_FGSM,vanilla,0.4741781949996948
32,VGG-Face,/content/face_module/dataset_extractedfaces/lfw_pairs/Donald Rumsfeld_105.jpg,/content/face_module/dataset_extractedfaces/lfw_pairs/Paul Burrell_11.jpg,lfw_pairs,impersonation_attack,Facenet512,TI_FGSM,vanilla,0.3520598709583282
32,VGG-Face,/content/face_module/dataset_extractedfaces/lfw_pairs/Donald Rumsfeld_105.jpg,/content/face_module/dataset_extractedfaces/lfw_pairs/Paul Burrell_11.jpg,lfw_pairs,impersonation_attack,Facenet512,SI_NI_FGSM,vanilla,0.4598251283168793
32,VGG-Face,/content/face_module/dataset_extractedfaces/lfw_pairs/Donald Rumsfeld_105.jpg,/content/face_module/dataset_extractedfaces/lfw_pairs/Paul Burrell_11.jpg,lfw_pairs,impersonation_attack,Facenet512,MI_ADMIX_DI_TI,vanilla,0.5599310398101807
48,ArcFace,/content/face_module/dataset_extractedfaces/lfw_pairs/Renee Zellweger_14.jpg,/content/face_module/dataset_extractedfaces/lfw_pairs/Venus Williams_9.jpg,lfw_pairs,impersonation_attack,Facenet512,clean,clean,-0.15889273583889
48,Facenet512,/content/face_module/dataset_extractedfaces/lfw_pairs/Renee Zellweger_14.jpg,/content/face_module/dataset_extractedfaces/lfw_pairs/Venus Williams_9.jpg,lfw_pairs,impersonation_attack,Facenet512,clean,clean,-0.15889273583889
48,GhostFaceNet,/content/face_module/dataset_extractedfaces/lfw_pairs/Renee Zellweger_14.jpg,/content/face_module/dataset_extractedfaces/lfw_pairs/Venus Williams_9.jpg,lfw_pairs,impersonation_attack,Facenet512,clean,clean,-0.15889273583889
48,VGG-Face,/content/face_module/dataset_extractedfaces/lfw_pairs/Renee Zellweger_14.jpg,/content/face_module/dataset_extractedfaces/lfw_pairs/Venus Williams_9.jpg,lfw_pairs,impersonation_attack,Facenet512,clean,clean,-0.15889273583889
48,ArcFace,/content/face_module/dataset_extractedfaces/lfw_pairs/Renee Zellweger_14.jpg,/content/face_module/dataset_extractedfaces/lfw_pairs/Venus Williams_9.jpg,lfw_pairs,impersonation_attack,Facenet512,PGD,vanilla,-0.0667568445205688
48,ArcFace,/content/face_module/dataset_extractedfaces/lfw_pairs/Renee Zellweger_14.jpg,/content/face_module/dataset_extractedfaces/lfw_pairs/Venus Williams_9.jpg,lfw_pairs,impersonation_attack,Facenet512,MI_FGSM,vanilla,0.0080317938700318
48,ArcFace,/content/face_module/dataset_extractedfaces/lfw_pairs/Renee Zellweger_14.jpg,/content/face_module/dataset_extractedfaces/lfw_pairs/Venus Williams_9.jpg,lfw_pairs,impersonation_attack,Facenet512,TI_FGSM,vanilla,0.0764321461319923
48,ArcFace,/content/face_module/dataset_extractedfaces/lfw_pairs/Renee Zellweger_14.jpg,/content/face_module/dataset_extractedfaces/lfw_pairs/Venus Williams_9.jpg,lfw_pairs,impersonation_attack,Facenet512,SI_NI_FGSM,vanilla,0.0814985036849975
48,ArcFace,/content/face_module/dataset_extractedfaces/lfw_pairs/Renee Zellweger_14.jpg,/content/face_module/dataset_extractedfaces/lfw_pairs/Venus Williams_9.jpg,lfw_pairs,impersonation_attack,Facenet512,MI_ADMIX_DI_TI,vanilla,0.2122926414012909
48,GhostFaceNet,/content/face_module/dataset_extractedfaces/lfw_pairs/Renee Zellweger_14.jpg,/content/face_module/dataset_extractedfaces/lfw_pairs/Venus Williams_9.jpg,lfw_pairs,impersonation_attack,Facenet512,PGD,vanilla,-0.1161764189600944
48,GhostFaceNet,/content/face_module/dataset_extractedfaces/lfw_pairs/Renee Zellweger_14.jpg,/content/face_module/dataset_extractedfaces/lfw_pairs/Venus Williams_9.jpg,lfw_pairs,impersonation_attack,Facenet512,MI_FGSM,vanilla,-0.1624847799539566
48,GhostFaceNet,/content/face_module/dataset_extractedfaces/lfw_pairs/Renee Zellweger_14.jpg,/content/face_module/dataset_extractedfaces/lfw_pairs/Venus Williams_9.jpg,lfw_pairs,impersonation_attack,Facenet512,TI_FGSM,vanilla,-0.089884266257286
48,GhostFaceNet,/content/face_module/dataset_extractedfaces/lfw_pairs/Renee Zellweger_14.jpg,/content/face_module/dataset_extractedfaces/lfw_pairs/Venus Williams_9.jpg,lfw_pairs,impersonation_attack,Facenet512,SI_NI_FGSM,vanilla,-0.1215186938643455
48,GhostFaceNet,/content/face_module/dataset_extractedfaces/lfw_pairs/Renee Zellweger_14.jpg,/content/face_module/dataset_extractedfaces/lfw_pairs/Venus Williams_9.jpg,lfw_pairs,impersonation_attack,Facenet512,MI_ADMIX_DI_TI,vanilla,-0.130698874592781
48,VGG-Face,/content/face_module/dataset_extractedfaces/lfw_pairs/Renee Zellweger_14.jpg,/content/face_module/dataset_extractedfaces/lfw_pairs/Venus Williams_9.jpg,lfw_pairs,impersonation_attack,Facenet512,PGD,vanilla,-0.0181005578488111
48,VGG-Face,/content/face_module/dataset_extractedfaces/lfw_pairs/Renee Zellweger_14.jpg,/content/face_module/dataset_extractedfaces/lfw_pairs/Venus Williams_9.jpg,lfw_pairs,impersonation_attack,Facenet512,MI_FGSM,vanilla,0.1287943124771118
48,VGG-Face,/content/face_module/dataset_extractedfaces/lfw_pairs/Renee Zellweger_14.jpg,/content/face_module/dataset_extractedfaces/lfw_pairs/Venus Williams_9.jpg,lfw_pairs,impersonation_attack,Facenet512,TI_FGSM,vanilla,0.0795605182647705
48,VGG-Face,/content/face_module/dataset_extractedfaces/lfw_pairs/Renee Zellweger_14.jpg,/content/face_module/dataset_extractedfaces/lfw_pairs/Venus Williams_9.jpg,lfw_pairs,impersonation_attack,Facenet512,SI_NI_FGSM,vanilla,0.1261983662843704
48,VGG-Face,/content/face_module/dataset_extractedfaces/lfw_pairs/Renee Zellweger_14.jpg,/content/face_module/dataset_extractedfaces/lfw_pairs/Venus Williams_9.jpg,lfw_pairs,impersonation_attack,Facenet512,MI_ADMIX_DI_TI,vanilla,0.1702583879232406
57,ArcFace,/content/face_module/dataset_extractedfaces/lfw_pairs/Mike Weir_10.jpg,/content/face_module/dataset_extractedfaces/lfw_pairs/Luis Horna_2.jpg,lfw_pairs,impersonation_attack,Facenet512,clean,clean,0.1256767809391021
57,Facenet512,/content/face_module/dataset_extractedfaces/lfw_pairs/Mike Weir_10.jpg,/content/face_module/dataset_extractedfaces/lfw_pairs/Luis Horna_2.jpg,lfw_pairs,impersonation_attack,Facenet512,clean,clean,0.1256767809391021
57,GhostFaceNet,/content/face_module/dataset_extractedfaces/lfw_pairs/Mike Weir_10.jpg,/content/face_module/dataset_extractedfaces/lfw_pairs/Luis Horna_2.jpg,lfw_pairs,impersonation_attack,Facenet512,clean,clean,0.1256767809391021
57,VGG-Face,/content/face_module/dataset_extractedfaces/lfw_pairs/Mike Weir_10.jpg,/content/face_module/dataset_extractedfaces/lfw_pairs/Luis Horna_2.jpg,lfw_pairs,impersonation_attack,Facenet512,clean,clean,0.1256767809391021
57,ArcFace,/content/face_module/dataset_extractedfaces/lfw_pairs/Mike Weir_10.jpg,/content/face_module/dataset_extractedfaces/lfw_pairs/Luis Horna_2.jpg,lfw_pairs,impersonation_attack,Facenet512,PGD,vanilla,0.2290067821741104
57,ArcFace,/content/face_module/dataset_extractedfaces/lfw_pairs/Mike Weir_10.jpg,/content/face_module/dataset_extractedfaces/lfw_pairs/Luis Horna_2.jpg,lfw_pairs,impersonation_attack,Facenet512,MI_FGSM,vanilla,0.3935655355453491
57,ArcFace,/content/face_module/dataset_extractedfaces/lfw_pairs/Mike Weir_10.jpg,/content/face_module/dataset_extractedfaces/lfw_pairs/Luis Horna_2.jpg,lfw_pairs,impersonation_attack,Facenet512,TI_FGSM,vanilla,0.2201057374477386
57,ArcFace,/content/face_module/dataset_extractedfaces/lfw_pairs/Mike Weir_10.jpg,/content/face_module/dataset_extractedfaces/lfw_pairs/Luis Horna_2.jpg,lfw_pairs,impersonation_attack,Facenet512,SI_NI_FGSM,vanilla,0.4016419351100921
57,ArcFace,/content/face_module/dataset_extractedfaces/lfw_pairs/Mike Weir_10.jpg,/content/face_module/dataset_extractedfaces/lfw_pairs/Luis Horna_2.jpg,lfw_pairs,impersonation_attack,Facenet512,MI_ADMIX_DI_TI,vanilla,0.1942750960588455
57,GhostFaceNet,/content/face_module/dataset_extractedfaces/lfw_pairs/Mike Weir_10.jpg,/content/face_module/dataset_extractedfaces/lfw_pairs/Luis Horna_2.jpg,lfw_pairs,impersonation_attack,Facenet512,PGD,vanilla,0.184244692325592
57,GhostFaceNet,/content/face_module/dataset_extractedfaces/lfw_pairs/Mike Weir_10.jpg,/content/face_module/dataset_extractedfaces/lfw_pairs/Luis Horna_2.jpg,lfw_pairs,impersonation_attack,Facenet512,MI_FGSM,vanilla,0.3402514159679413
57,GhostFaceNet,/content/face_module/dataset_extractedfaces/lfw_pairs/Mike Weir_10.jpg,/content/face_module/dataset_extractedfaces/lfw_pairs/Luis Horna_2.jpg,lfw_pairs,impersonation_attack,Facenet512,TI_FGSM,vanilla,0.1558576673269271
57,GhostFaceNet,/content/face_module/dataset_extractedfaces/lfw_pairs/Mike Weir_10.jpg,/content/face_module/dataset_extractedfaces/lfw_pairs/Luis Horna_2.jpg,lfw_pairs,impersonation_attack,Facenet512,SI_NI_FGSM,vanilla,0.342704564332962
57,GhostFaceNet,/content/face_module/dataset_extractedfaces/lfw_pairs/Mike Weir_10.jpg,/content/face_module/dataset_extractedfaces/lfw_pairs/Luis Horna_2.jpg,lfw_pairs,impersonation_attack,Facenet512,MI_ADMIX_DI_TI,vanilla,0.1481968462467193
57,VGG-Face,/content/face_module/dataset_extractedfaces/lfw_pairs/Mike Weir_10.jpg,/content/face_module/dataset_extractedfaces/lfw_pairs/Luis Horna_2.jpg,lfw_pairs,impersonation_attack,Facenet512,PGD,vanilla,0.4132400155067444
57,VGG-Face,/content/face_module/dataset_extractedfaces/lfw_pairs/Mike Weir_10.jpg,/content/face_module/dataset_extractedfaces/lfw_pairs/Luis Horna_2.jpg,lfw_pairs,impersonation_attack,Facenet512,MI_FGSM,vanilla,0.5416526794433594
57,VGG-Face,/content/face_module/dataset_extractedfaces/lfw_pairs/Mike Weir_10.jpg,/content/face_module/dataset_extractedfaces/lfw_pairs/Luis Horna_2.jpg,lfw_pairs,impersonation_attack,Facenet512,TI_FGSM,vanilla,0.4676402509212494
57,VGG-Face,/content/face_module/dataset_extractedfaces/lfw_pairs/Mike Weir_10.jpg,/content/face_module/dataset_extractedfaces/lfw_pairs/Luis Horna_2.jpg,lfw_pairs,impersonation_attack,Facenet512,SI_NI_FGSM,vanilla,0.4539422392845154
57,VGG-Face,/content/face_module/dataset_extractedfaces/lfw_pairs/Mike Weir_10.jpg,/content/face_module/dataset_extractedfaces/lfw_pairs/Luis Horna_2.jpg,lfw_pairs,impersonation_attack,Facenet512,MI_ADMIX_DI_TI,vanilla,0.5175713300704956
60,ArcFace,/content/face_module/dataset_extractedfaces/lfw_pairs/Jason Kidd_9.jpg,/content/face_module/dataset_extractedfaces/lfw_pairs/Luiz Inacio Lula da Silva_22.jpg,lfw_pairs,impersonation_attack,Facenet512,clean,clean,0.1686833798885345
60,Facenet512,/content/face_module/dataset_extractedfaces/lfw_pairs/Jason Kidd_9.jpg,/content/face_module/dataset_extractedfaces/lfw_pairs/Luiz Inacio Lula da Silva_22.jpg,lfw_pairs,impersonation_attack,Facenet512,clean,clean,0.1686833798885345
60,GhostFaceNet,/content/face_module/dataset_extractedfaces/lfw_pairs/Jason Kidd_9.jpg,/content/face_module/dataset_extractedfaces/lfw_pairs/Luiz Inacio Lula da Silva_22.jpg,lfw_pairs,impersonation_attack,Facenet512,clean,clean,0.1686833798885345
60,VGG-Face,/content/face_module/dataset_extractedfaces/lfw_pairs/Jason Kidd_9.jpg,/content/face_module/dataset_extractedfaces/lfw_pairs/Luiz Inacio Lula da Silva_22.jpg,lfw_pairs,impersonation_attack,Facenet512,clean,clean,0.1686833798885345
60,ArcFace,/content/face_module/dataset_extractedfaces/lfw_pairs/Jason Kidd_9.jpg,/content/face_module/dataset_extractedfaces/lfw_pairs/Luiz Inacio Lula da Silva_22.jpg,lfw_pairs,impersonation_attack,Facenet512,PGD,vanilla,0.3394195139408111
60,ArcFace,/content/face_module/dataset_extractedfaces/lfw_pairs/Jason Kidd_9.jpg,/content/face_module/dataset_extractedfaces/lfw_pairs/Luiz Inacio Lula da Silva_22.jpg,lfw_pairs,impersonation_attack,Facenet512,MI_FGSM,vanilla,0.4549794197082519
60,ArcFace,/content/face_module/dataset_extractedfaces/lfw_pairs/Jason Kidd_9.jpg,/content/face_module/dataset_extractedfaces/lfw_pairs/Luiz Inacio Lula da Silva_22.jpg,lfw_pairs,impersonation_attack,Facenet512,TI_FGSM,vanilla,0.3110024034976959
60,ArcFace,/content/face_module/dataset_extractedfaces/lfw_pairs/Jason Kidd_9.jpg,/content/face_module/dataset_extractedfaces/lfw_pairs/Luiz Inacio Lula da Silva_22.jpg,lfw_pairs,impersonation_attack,Facenet512,SI_NI_FGSM,vanilla,0.4870750904083252
60,ArcFace,/content/face_module/dataset_extractedfaces/lfw_pairs/Jason Kidd_9.jpg,/content/face_module/dataset_extractedfaces/lfw_pairs/Luiz Inacio Lula da Silva_22.jpg,lfw_pairs,impersonation_attack,Facenet512,MI_ADMIX_DI_TI,vanilla,0.3537880182266235
60,GhostFaceNet,/content/face_module/dataset_extractedfaces/lfw_pairs/Jason Kidd_9.jpg,/content/face_module/dataset_extractedfaces/lfw_pairs/Luiz Inacio Lula da Silva_22.jpg,lfw_pairs,impersonation_attack,Facenet512,PGD,vanilla,0.2310141026973724
60,GhostFaceNet,/content/face_module/dataset_extractedfaces/lfw_pairs/Jason Kidd_9.jpg,/content/face_module/dataset_extractedfaces/lfw_pairs/Luiz Inacio Lula da Silva_22.jpg,lfw_pairs,impersonation_attack,Facenet512,MI_FGSM,vanilla,0.2667233943939209
60,GhostFaceNet,/content/face_module/dataset_extractedfaces/lfw_pairs/Jason Kidd_9.jpg,/content/face_module/dataset_extractedfaces/lfw_pairs/Luiz Inacio Lula da Silva_22.jpg,lfw_pairs,impersonation_attack,Facenet512,TI_FGSM,vanilla,0.1545828431844711
60,GhostFaceNet,/content/face_module/dataset_extractedfaces/lfw_pairs/Jason Kidd_9.jpg,/content/face_module/dataset_extractedfaces/lfw_pairs/Luiz Inacio Lula da Silva_22.jpg,lfw_pairs,impersonation_attack,Facenet512,SI_NI_FGSM,vanilla,0.2996508181095123
60,GhostFaceNet,/content/face_module/dataset_extractedfaces/lfw_pairs/Jason Kidd_9.jpg,/content/face_module/dataset_extractedfaces/lfw_pairs/Luiz Inacio Lula da Silva_22.jpg,lfw_pairs,impersonation_attack,Facenet512,MI_ADMIX_DI_TI,vanilla,0.1196883395314216
60,VGG-Face,/content/face_module/dataset_extractedfaces/lfw_pairs/Jason Kidd_9.jpg,/content/face_module/dataset_extractedfaces/lfw_pairs/Luiz Inacio Lula da Silva_22.jpg,lfw_pairs,impersonation_attack,Facenet512,PGD,vanilla,0.4978998005390167
60,VGG-Face,/content/face_module/dataset_extractedfaces/lfw_pairs/Jason Kidd_9.jpg,/content/face_module/dataset_extractedfaces/lfw_pairs/Luiz Inacio Lula da Silva_22.jpg,lfw_pairs,impersonation_attack,Facenet512,MI_FGSM,vanilla,0.6709112524986267
60,VGG-Face,/content/face_module/dataset_extractedfaces/lfw_pairs/Jason Kidd_9.jpg,/content/face_module/dataset_extractedfaces/lfw_pairs/Luiz Inacio Lula da Silva_22.jpg,lfw_pairs,impersonation_attack,Facenet512,TI_FGSM,vanilla,0.6083288788795471
60,VGG-Face,/content/face_module/dataset_extractedfaces/lfw_pairs/Jason Kidd_9.jpg,/content/face_module/dataset_extractedfaces/lfw_pairs/Luiz Inacio Lula da Silva_22.jpg,lfw_pairs,impersonation_attack,Facenet512,SI_NI_FGSM,vanilla,0.6676020622253418
60,VGG-Face,/content/face_module/dataset_extractedfaces/lfw_pairs/Jason Kidd_9.jpg,/content/face_module/dataset_extractedfaces/lfw_pairs/Luiz Inacio Lula da Silva_22.jpg,lfw_pairs,impersonation_attack,Facenet512,MI_ADMIX_DI_TI,vanilla,0.6682364344596863
2,ArcFace,/content/face_module/dataset_extractedfaces/celeba_pairs/107859.jpg,/content/face_module/dataset_extractedfaces/celeba_pairs/031892.jpg,celeba_pairs,impersonation_attack,Facenet512,clean,clean,0.0810721218585968
2,Facenet512,/content/face_module/dataset_extractedfaces/celeba_pairs/107859.jpg,/content/face_module/dataset_extractedfaces/celeba_pairs/031892.jpg,celeba_pairs,impersonation_attack,Facenet512,clean,clean,0.0810721218585968
2,GhostFaceNet,/content/face_module/dataset_extractedfaces/celeba_pairs/107859.jpg,/content/face_module/dataset_extractedfaces/celeba_pairs/031892.jpg,celeba_pairs,impersonation_attack,Facenet512,clean,clean,0.0810721218585968
2,VGG-Face,/content/face_module/dataset_extractedfaces/celeba_pairs/107859.jpg,/content/face_module/dataset_extractedfaces/celeba_pairs/031892.jpg,celeba_pairs,impersonation_attack,Facenet512,clean,clean,0.0810721218585968
2,ArcFace,/content/face_module/dataset_extractedfaces/celeba_pairs/107859.jpg,/content/face_module/dataset_extractedfaces/celeba_pairs/031892.jpg,celeba_pairs,impersonation_attack,Facenet512,PGD,vanilla,0.227551132440567
2,ArcFace,/content/face_module/dataset_extractedfaces/celeba_pairs/107859.jpg,/content/face_module/dataset_extractedfaces/celeba_pairs/031892.jpg,celeba_pairs,impersonation_attack,Facenet512,MI_FGSM,vanilla,0.4182010293006897
2,ArcFace,/content/face_module/dataset_extractedfaces/celeba_pairs/107859.jpg,/content/face_module/dataset_extractedfaces/celeba_pairs/031892.jpg,celeba_pairs,impersonation_attack,Facenet512,TI_FGSM,vanilla,0.3117941915988922
2,ArcFace,/content/face_module/dataset_extractedfaces/celeba_pairs/107859.jpg,/content/face_module/dataset_extractedfaces/celeba_pairs/031892.jpg,celeba_pairs,impersonation_attack,Facenet512,SI_NI_FGSM,vanilla,0.4787992238998413
2,ArcFace,/content/face_module/dataset_extractedfaces/celeba_pairs/107859.jpg,/content/face_module/dataset_extractedfaces/celeba_pairs/031892.jpg,celeba_pairs,impersonation_attack,Facenet512,MI_ADMIX_DI_TI,vanilla,0.306584358215332
2,GhostFaceNet,/content/face_module/dataset_extractedfaces/celeba_pairs/107859.jpg,/content/face_module/dataset_extractedfaces/celeba_pairs/031892.jpg,celeba_pairs,impersonation_attack,Facenet512,PGD,vanilla,0.0957641005516052
2,GhostFaceNet,/content/face_module/dataset_extractedfaces/celeba_pairs/107859.jpg,/content/face_module/dataset_extractedfaces/celeba_pairs/031892.jpg,celeba_pairs,impersonation_attack,Facenet512,MI_FGSM,vanilla,0.1790744513273239
2,GhostFaceNet,/content/face_module/dataset_extractedfaces/celeba_pairs/107859.jpg,/content/face_module/dataset_extractedfaces/celeba_pairs/031892.jpg,celeba_pairs,impersonation_attack,Facenet512,TI_FGSM,vanilla,0.1595000475645065
2,GhostFaceNet,/content/face_module/dataset_extractedfaces/celeba_pairs/107859.jpg,/content/face_module/dataset_extractedfaces/celeba_pairs/031892.jpg,celeba_pairs,impersonation_attack,Facenet512,SI_NI_FGSM,vanilla,0.2289906591176986
2,GhostFaceNet,/content/face_module/dataset_extractedfaces/celeba_pairs/107859.jpg,/content/face_module/dataset_extractedfaces/celeba_pairs/031892.jpg,celeba_pairs,impersonation_attack,Facenet512,MI_ADMIX_DI_TI,vanilla,0.2369223684072494
2,VGG-Face,/content/face_module/dataset_extractedfaces/celeba_pairs/107859.jpg,/content/face_module/dataset_extractedfaces/celeba_pairs/031892.jpg,celeba_pairs,impersonation_attack,Facenet512,PGD,vanilla,0.376444935798645
2,VGG-Face,/content/face_module/dataset_extractedfaces/celeba_pairs/107859.jpg,/content/face_module/dataset_extractedfaces/celeba_pairs/031892.jpg,celeba_pairs,impersonation_attack,Facenet512,MI_FGSM,vanilla,0.5892279148101807
2,VGG-Face,/content/face_module/dataset_extractedfaces/celeba_pairs/107859.jpg,/content/face_module/dataset_extractedfaces/celeba_pairs/031892.jpg,celeba_pairs,impersonation_attack,Facenet512,TI_FGSM,vanilla,0.4584244191646576
2,VGG-Face,/content/face_module/dataset_extractedfaces/celeba_pairs/107859.jpg,/content/face_module/dataset_extractedfaces/celeba_pairs/031892.jpg,celeba_pairs,impersonation_attack,Facenet512,SI_NI_FGSM,vanilla,0.507402241230011
2,VGG-Face,/content/face_module/dataset_extractedfaces/celeba_pairs/107859.jpg,/content/face_module/dataset_extractedfaces/celeba_pairs/031892.jpg,celeba_pairs,impersonation_attack,Facenet512,MI_ADMIX_DI_TI,vanilla,0.4855123162269592
8,ArcFace,/content/face_module/dataset_extractedfaces/celeba_pairs/023666.jpg,/content/face_module/dataset_extractedfaces/celeba_pairs/010959.jpg,celeba_pairs,impersonation_attack,Facenet512,clean,clean,-0.2507399916648865
8,Facenet512,/content/face_module/dataset_extractedfaces/celeba_pairs/023666.jpg,/content/face_module/dataset_extractedfaces/celeba_pairs/010959.jpg,celeba_pairs,impersonation_attack,Facenet512,clean,clean,-0.2507399916648865
8,GhostFaceNet,/content/face_module/dataset_extractedfaces/celeba_pairs/023666.jpg,/content/face_module/dataset_extractedfaces/celeba_pairs/010959.jpg,celeba_pairs,impersonation_attack,Facenet512,clean,clean,-0.2507399916648865
8,VGG-Face,/content/face_module/dataset_extractedfaces/celeba_pairs/023666.jpg,/content/face_module/dataset_extractedfaces/celeba_pairs/010959.jpg,celeba_pairs,impersonation_attack,Facenet512,clean,clean,-0.2507399916648865
8,ArcFace,/content/face_module/dataset_extractedfaces/celeba_pairs/023666.jpg,/content/face_module/dataset_extractedfaces/celeba_pairs/010959.jpg,celeba_pairs,impersonation_attack,Facenet512,PGD,vanilla,-0.0762747526168823
8,ArcFace,/content/face_module/dataset_extractedfaces/celeba_pairs/023666.jpg,/content/face_module/dataset_extractedfaces/celeba_pairs/010959.jpg,celeba_pairs,impersonation_attack,Facenet512,MI_FGSM,vanilla,0.0465324185788631
8,ArcFace,/content/face_module/dataset_extractedfaces/celeba_pairs/023666.jpg,/content/face_module/dataset_extractedfaces/celeba_pairs/010959.jpg,celeba_pairs,impersonation_attack,Facenet512,TI_FGSM,vanilla,-0.079793557524681
8,ArcFace,/content/face_module/dataset_extractedfaces/celeba_pairs/023666.jpg,/content/face_module/dataset_extractedfaces/celeba_pairs/010959.jpg,celeba_pairs,impersonation_attack,Facenet512,SI_NI_FGSM,vanilla,0.0631490275263786
8,ArcFace,/content/face_module/dataset_extractedfaces/celeba_pairs/023666.jpg,/content/face_module/dataset_extractedfaces/celeba_pairs/010959.jpg,celeba_pairs,impersonation_attack,Facenet512,MI_ADMIX_DI_TI,vanilla,0.0159420128911733
8,GhostFaceNet,/content/face_module/dataset_extractedfaces/celeba_pairs/023666.jpg,/content/face_module/dataset_extractedfaces/celeba_pairs/010959.jpg,celeba_pairs,impersonation_attack,Facenet512,PGD,vanilla,0.0146398618817329
8,GhostFaceNet,/content/face_module/dataset_extractedfaces/celeba_pairs/023666.jpg,/content/face_module/dataset_extractedfaces/celeba_pairs/010959.jpg,celeba_pairs,impersonation_attack,Facenet512,MI_FGSM,vanilla,0.1413168460130691
8,GhostFaceNet,/content/face_module/dataset_extractedfaces/celeba_pairs/023666.jpg,/content/face_module/dataset_extractedfaces/celeba_pairs/010959.jpg,celeba_pairs,impersonation_attack,Facenet512,TI_FGSM,vanilla,0.1361674517393112
8,GhostFaceNet,/content/face_module/dataset_extractedfaces/celeba_pairs/023666.jpg,/content/face_module/dataset_extractedfaces/celeba_pairs/010959.jpg,celeba_pairs,impersonation_attack,Facenet512,SI_NI_FGSM,vanilla,0.2054976373910904
8,GhostFaceNet,/content/face_module/dataset_extractedfaces/celeba_pairs/023666.jpg,/content/face_module/dataset_extractedfaces/celeba_pairs/010959.jpg,celeba_pairs,impersonation_attack,Facenet512,MI_ADMIX_DI_TI,vanilla,0.1492371261119842
8,VGG-Face,/content/face_module/dataset_extractedfaces/celeba_pairs/023666.jpg,/content/face_module/dataset_extractedfaces/celeba_pairs/010959.jpg,celeba_pairs,impersonation_attack,Facenet512,PGD,vanilla,0.0723117440938949
8,VGG-Face,/content/face_module/dataset_extractedfaces/celeba_pairs/023666.jpg,/content/face_module/dataset_extractedfaces/celeba_pairs/010959.jpg,celeba_pairs,impersonation_attack,Facenet512,MI_FGSM,vanilla,0.2032893598079681
8,VGG-Face,/content/face_module/dataset_extractedfaces/celeba_pairs/023666.jpg,/content/face_module/dataset_extractedfaces/celeba_pairs/010959.jpg,celeba_pairs,impersonation_attack,Facenet512,TI_FGSM,vanilla,0.1855748146772384
8,VGG-Face,/content/face_module/dataset_extractedfaces/celeba_pairs/023666.jpg,/content/face_module/dataset_extractedfaces/celeba_pairs/010959.jpg,celeba_pairs,impersonation_attack,Facenet512,SI_NI_FGSM,vanilla,0.1795002520084381
8,VGG-Face,/content/face_module/dataset_extractedfaces/celeba_pairs/023666.jpg,/content/face_module/dataset_extractedfaces/celeba_pairs/010959.jpg,celeba_pairs,impersonation_attack,Facenet512,MI_ADMIX_DI_TI,vanilla,0.2007632553577423
12,ArcFace,/content/face_module/dataset_extractedfaces/celeba_pairs/003089.jpg,/content/face_module/dataset_extractedfaces/celeba_pairs/016966.jpg,celeba_pairs,impersonation_attack,Facenet512,clean,clean,0.0975425988435745
12,Facenet512,/content/face_module/dataset_extractedfaces/celeba_pairs/003089.jpg,/content/face_module/dataset_extractedfaces/celeba_pairs/016966.jpg,celeba_pairs,impersonation_attack,Facenet512,clean,clean,0.0975425988435745
12,GhostFaceNet,/content/face_module/dataset_extractedfaces/celeba_pairs/003089.jpg,/content/face_module/dataset_extractedfaces/celeba_pairs/016966.jpg,celeba_pairs,impersonation_attack,Facenet512,clean,clean,0.0975425988435745
12,VGG-Face,/content/face_module/dataset_extractedfaces/celeba_pairs/003089.jpg,/content/face_module/dataset_extractedfaces/celeba_pairs/016966.jpg,celeba_pairs,impersonation_attack,Facenet512,clean,clean,0.0975425988435745
12,ArcFace,/content/face_module/dataset_extractedfaces/celeba_pairs/003089.jpg,/content/face_module/dataset_extractedfaces/celeba_pairs/016966.jpg,celeba_pairs,impersonation_attack,Facenet512,PGD,vanilla,0.1255263388156891
12,ArcFace,/content/face_module/dataset_extractedfaces/celeba_pairs/003089.jpg,/content/face_module/dataset_extractedfaces/celeba_pairs/016966.jpg,celeba_pairs,impersonation_attack,Facenet512,MI_FGSM,vanilla,0.1823492348194122
12,ArcFace,/content/face_module/dataset_extractedfaces/celeba_pairs/003089.jpg,/content/face_module/dataset_extractedfaces/celeba_pairs/016966.jpg,celeba_pairs,impersonation_attack,Facenet512,TI_FGSM,vanilla,0.1634848564863205
12,ArcFace,/content/face_module/dataset_extractedfaces/celeba_pairs/003089.jpg,/content/face_module/dataset_extractedfaces/celeba_pairs/016966.jpg,celeba_pairs,impersonation_attack,Facenet512,SI_NI_FGSM,vanilla,0.1674865335226059
12,ArcFace,/content/face_module/dataset_extractedfaces/celeba_pairs/003089.jpg,/content/face_module/dataset_extractedfaces/celeba_pairs/016966.jpg,celeba_pairs,impersonation_attack,Facenet512,MI_ADMIX_DI_TI,vanilla,0.1595963984727859
12,GhostFaceNet,/content/face_module/dataset_extractedfaces/celeba_pairs/003089.jpg,/content/face_module/dataset_extractedfaces/celeba_pairs/016966.jpg,celeba_pairs,impersonation_attack,Facenet512,PGD,vanilla,0.1450786590576172
12,GhostFaceNet,/content/face_module/dataset_extractedfaces/celeba_pairs/003089.jpg,/content/face_module/dataset_extractedfaces/celeba_pairs/016966.jpg,celeba_pairs,impersonation_attack,Facenet512,MI_FGSM,vanilla,0.200127512216568
12,GhostFaceNet,/content/face_module/dataset_extractedfaces/celeba_pairs/003089.jpg,/content/face_module/dataset_extractedfaces/celeba_pairs/016966.jpg,celeba_pairs,impersonation_attack,Facenet512,TI_FGSM,vanilla,0.1714118123054504
12,GhostFaceNet,/content/face_module/dataset_extractedfaces/celeba_pairs/003089.jpg,/content/face_module/dataset_extractedfaces/celeba_pairs/016966.jpg,celeba_pairs,impersonation_attack,Facenet512,SI_NI_FGSM,vanilla,0.2052076309919357
12,GhostFaceNet,/content/face_module/dataset_extractedfaces/celeba_pairs/003089.jpg,/content/face_module/dataset_extractedfaces/celeba_pairs/016966.jpg,celeba_pairs,impersonation_attack,Facenet512,MI_ADMIX_DI_TI,vanilla,0.1577419489622116
12,VGG-Face,/content/face_module/dataset_extractedfaces/celeba_pairs/003089.jpg,/content/face_module/dataset_extractedfaces/celeba_pairs/016966.jpg,celeba_pairs,impersonation_attack,Facenet512,PGD,vanilla,0.3452620804309845
12,VGG-Face,/content/face_module/dataset_extractedfaces/celeba_pairs/003089.jpg,/content/face_module/dataset_extractedfaces/celeba_pairs/016966.jpg,celeba_pairs,impersonation_attack,Facenet512,MI_FGSM,vanilla,0.3662143647670746
12,VGG-Face,/content/face_module/dataset_extractedfaces/celeba_pairs/003089.jpg,/content/face_module/dataset_extractedfaces/celeba_pairs/016966.jpg,celeba_pairs,impersonation_attack,Facenet512,TI_FGSM,vanilla,0.3852614164352417
12,VGG-Face,/content/face_module/dataset_extractedfaces/celeba_pairs/003089.jpg,/content/face_module/dataset_extractedfaces/celeba_pairs/016966.jpg,celeba_pairs,impersonation_attack,Facenet512,SI_NI_FGSM,vanilla,0.3542862236499786
12,VGG-Face,/content/face_module/dataset_extractedfaces/celeba_pairs/003089.jpg,/content/face_module/dataset_extractedfaces/celeba_pairs/016966.jpg,celeba_pairs,impersonation_attack,Facenet512,MI_ADMIX_DI_TI,vanilla,0.3415317237377167
26,ArcFace,/content/face_module/dataset_extractedfaces/celeba_pairs/113117.jpg,/content/face_module/dataset_extractedfaces/celeba_pairs/129449.jpg,celeba_pairs,impersonation_attack,Facenet512,clean,clean,-0.2090156823396682
26,Facenet512,/content/face_module/dataset_extractedfaces/celeba_pairs/113117.jpg,/content/face_module/dataset_extractedfaces/celeba_pairs/129449.jpg,celeba_pairs,impersonation_attack,Facenet512,clean,clean,-0.2090156823396682
26,GhostFaceNet,/content/face_module/dataset_extractedfaces/celeba_pairs/113117.jpg,/content/face_module/dataset_extractedfaces/celeba_pairs/129449.jpg,celeba_pairs,impersonation_attack,Facenet512,clean,clean,-0.2090156823396682
26,VGG-Face,/content/face_module/dataset_extractedfaces/celeba_pairs/113117.jpg,/content/face_module/dataset_extractedfaces/celeba_pairs/129449.jpg,celeba_pairs,impersonation_attack,Facenet512,clean,clean,-0.2090156823396682
26,ArcFace,/content/face_module/dataset_extractedfaces/celeba_pairs/113117.jpg,/content/face_module/dataset_extractedfaces/celeba_pairs/129449.jpg,celeba_pairs,impersonation_attack,Facenet512,PGD,vanilla,-0.1102819070219993
26,ArcFace,/content/face_module/dataset_extractedfaces/celeba_pairs/113117.jpg,/content/face_module/dataset_extractedfaces/celeba_pairs/129449.jpg,celeba_pairs,impersonation_attack,Facenet512,MI_FGSM,vanilla,-0.0603262968361377
26,ArcFace,/content/face_module/dataset_extractedfaces/celeba_pairs/113117.jpg,/content/face_module/dataset_extractedfaces/celeba_pairs/129449.jpg,celeba_pairs,impersonation_attack,Facenet512,TI_FGSM,vanilla,-0.0674785152077674
26,ArcFace,/content/face_module/dataset_extractedfaces/celeba_pairs/113117.jpg,/content/face_module/dataset_extractedfaces/celeba_pairs/129449.jpg,celeba_pairs,impersonation_attack,Facenet512,SI_NI_FGSM,vanilla,0.0157942008227109
26,ArcFace,/content/face_module/dataset_extractedfaces/celeba_pairs/113117.jpg,/content/face_module/dataset_extractedfaces/celeba_pairs/129449.jpg,celeba_pairs,impersonation_attack,Facenet512,MI_ADMIX_DI_TI,vanilla,-0.0932536795735359
26,GhostFaceNet,/content/face_module/dataset_extractedfaces/celeba_pairs/113117.jpg,/content/face_module/dataset_extractedfaces/celeba_pairs/129449.jpg,celeba_pairs,impersonation_attack,Facenet512,PGD,vanilla,-0.2412648051977157
26,GhostFaceNet,/content/face_module/dataset_extractedfaces/celeba_pairs/113117.jpg,/content/face_module/dataset_extractedfaces/celeba_pairs/129449.jpg,celeba_pairs,impersonation_attack,Facenet512,MI_FGSM,vanilla,-0.2272526025772094
26,GhostFaceNet,/content/face_module/dataset_extractedfaces/celeba_pairs/113117.jpg,/content/face_module/dataset_extractedfaces/celeba_pairs/129449.jpg,celeba_pairs,impersonation_attack,Facenet512,TI_FGSM,vanilla,-0.2292961627244949
26,GhostFaceNet,/content/face_module/dataset_extractedfaces/celeba_pairs/113117.jpg,/content/face_module/dataset_extractedfaces/celeba_pairs/129449.jpg,celeba_pairs,impersonation_attack,Facenet512,SI_NI_FGSM,vanilla,-0.2069727033376693
26,GhostFaceNet,/content/face_module/dataset_extractedfaces/celeba_pairs/113117.jpg,/content/face_module/dataset_extractedfaces/celeba_pairs/129449.jpg,celeba_pairs,impersonation_attack,Facenet512,MI_ADMIX_DI_TI,vanilla,-0.1976018846035003
26,VGG-Face,/content/face_module/dataset_extractedfaces/celeba_pairs/113117.jpg,/content/face_module/dataset_extractedfaces/celeba_pairs/129449.jpg,celeba_pairs,impersonation_attack,Facenet512,PGD,vanilla,0.0018751213792711
26,VGG-Face,/content/face_module/dataset_extractedfaces/celeba_pairs/113117.jpg,/content/face_module/dataset_extractedfaces/celeba_pairs/129449.jpg,celeba_pairs,impersonation_attack,Facenet512,MI_FGSM,vanilla,0.0556614585220813
26,VGG-Face,/content/face_module/dataset_extractedfaces/celeba_pairs/113117.jpg,/content/face_module/dataset_extractedfaces/celeba_pairs/129449.jpg,celeba_pairs,impersonation_attack,Facenet512,TI_FGSM,vanilla,0.0248264446854591
26,VGG-Face,/content/face_module/dataset_extractedfaces/celeba_pairs/113117.jpg,/content/face_module/dataset_extractedfaces/celeba_pairs/129449.jpg,celeba_pairs,impersonation_attack,Facenet512,SI_NI_FGSM,vanilla,0.0806812345981597
26,VGG-Face,/content/face_module/dataset_extractedfaces/celeba_pairs/113117.jpg,/content/face_module/dataset_extractedfaces/celeba_pairs/129449.jpg,celeba_pairs,impersonation_attack,Facenet512,MI_ADMIX_DI_TI,vanilla,0.0282873343676328
34,ArcFace,/content/face_module/dataset_extractedfaces/celeba_pairs/001430.jpg,/content/face_module/dataset_extractedfaces/celeba_pairs/046649.jpg,celeba_pairs,impersonation_attack,Facenet512,clean,clean,0.0368541441857814
34,Facenet512,/content/face_module/dataset_extractedfaces/celeba_pairs/001430.jpg,/content/face_module/dataset_extractedfaces/celeba_pairs/046649.jpg,celeba_pairs,impersonation_attack,Facenet512,clean,clean,0.0368541441857814
34,GhostFaceNet,/content/face_module/dataset_extractedfaces/celeba_pairs/001430.jpg,/content/face_module/dataset_extractedfaces/celeba_pairs/046649.jpg,celeba_pairs,impersonation_attack,Facenet512,clean,clean,0.0368541441857814
34,VGG-Face,/content/face_module/dataset_extractedfaces/celeba_pairs/001430.jpg,/content/face_module/dataset_extractedfaces/celeba_pairs/046649.jpg,celeba_pairs,impersonation_attack,Facenet512,clean,clean,0.0368541441857814
34,ArcFace,/content/face_module/dataset_extractedfaces/celeba_pairs/001430.jpg,/content/face_module/dataset_extractedfaces/celeba_pairs/046649.jpg,celeba_pairs,impersonation_attack,Facenet512,PGD,vanilla,0.1625007838010788
34,ArcFace,/content/face_module/dataset_extractedfaces/celeba_pairs/001430.jpg,/content/face_module/dataset_extractedfaces/celeba_pairs/046649.jpg,celeba_pairs,impersonation_attack,Facenet512,MI_FGSM,vanilla,0.4143625497817993
34,ArcFace,/content/face_module/dataset_extractedfaces/celeba_pairs/001430.jpg,/content/face_module/dataset_extractedfaces/celeba_pairs/046649.jpg,celeba_pairs,impersonation_attack,Facenet512,TI_FGSM,vanilla,0.2560829222202301
34,ArcFace,/content/face_module/dataset_extractedfaces/celeba_pairs/001430.jpg,/content/face_module/dataset_extractedfaces/celeba_pairs/046649.jpg,celeba_pairs,impersonation_attack,Facenet512,SI_NI_FGSM,vanilla,0.3720022141933441
34,ArcFace,/content/face_module/dataset_extractedfaces/celeba_pairs/001430.jpg,/content/face_module/dataset_extractedfaces/celeba_pairs/046649.jpg,celeba_pairs,impersonation_attack,Facenet512,MI_ADMIX_DI_TI,vanilla,0.3050847947597503
34,GhostFaceNet,/content/face_module/dataset_extractedfaces/celeba_pairs/001430.jpg,/content/face_module/dataset_extractedfaces/celeba_pairs/046649.jpg,celeba_pairs,impersonation_attack,Facenet512,PGD,vanilla,0.1251114010810852
34,GhostFaceNet,/content/face_module/dataset_extractedfaces/celeba_pairs/001430.jpg,/content/face_module/dataset_extractedfaces/celeba_pairs/046649.jpg,celeba_pairs,impersonation_attack,Facenet512,MI_FGSM,vanilla,0.175237700343132
34,GhostFaceNet,/content/face_module/dataset_extractedfaces/celeba_pairs/001430.jpg,/content/face_module/dataset_extractedfaces/celeba_pairs/046649.jpg,celeba_pairs,impersonation_attack,Facenet512,TI_FGSM,vanilla,0.1286025792360305
34,GhostFaceNet,/content/face_module/dataset_extractedfaces/celeba_pairs/001430.jpg,/content/face_module/dataset_extractedfaces/celeba_pairs/046649.jpg,celeba_pairs,impersonation_attack,Facenet512,SI_NI_FGSM,vanilla,0.0923612490296363
34,GhostFaceNet,/content/face_module/dataset_extractedfaces/celeba_pairs/001430.jpg,/content/face_module/dataset_extractedfaces/celeba_pairs/046649.jpg,celeba_pairs,impersonation_attack,Facenet512,MI_ADMIX_DI_TI,vanilla,0.2129975706338882
34,VGG-Face,/content/face_module/dataset_extractedfaces/celeba_pairs/001430.jpg,/content/face_module/dataset_extractedfaces/celeba_pairs/046649.jpg,celeba_pairs,impersonation_attack,Facenet512,PGD,vanilla,0.4878853261470794
34,VGG-Face,/content/face_module/dataset_extractedfaces/celeba_pairs/001430.jpg,/content/face_module/dataset_extractedfaces/celeba_pairs/046649.jpg,celeba_pairs,impersonation_attack,Facenet512,MI_FGSM,vanilla,0.5465592741966248
34,VGG-Face,/content/face_module/dataset_extractedfaces/celeba_pairs/001430.jpg,/content/face_module/dataset_extractedfaces/celeba_pairs/046649.jpg,celeba_pairs,impersonation_attack,Facenet512,TI_FGSM,vanilla,0.5612489581108093
34,VGG-Face,/content/face_module/dataset_extractedfaces/celeba_pairs/001430.jpg,/content/face_module/dataset_extractedfaces/celeba_pairs/046649.jpg,celeba_pairs,impersonation_attack,Facenet512,SI_NI_FGSM,vanilla,0.5085799694061279
34,VGG-Face,/content/face_module/dataset_extractedfaces/celeba_pairs/001430.jpg,/content/face_module/dataset_extractedfaces/celeba_pairs/046649.jpg,celeba_pairs,impersonation_attack,Facenet512,MI_ADMIX_DI_TI,vanilla,0.6076993346214294
3,ArcFace,/content/face_module/dataset_extractedfaces/vggface2_pairs/n000007_0076_01.jpg,/content/face_module/dataset_extractedfaces/vggface2_pairs/n000005_0080_01.jpg,vggface2_pairs,impersonation_attack,Facenet512,clean,clean,0.0153019521385431
3,Facenet512,/content/face_module/dataset_extractedfaces/vggface2_pairs/n000007_0076_01.jpg,/content/face_module/dataset_extractedfaces/vggface2_pairs/n000005_0080_01.jpg,vggface2_pairs,impersonation_attack,Facenet512,clean,clean,0.0153019521385431
3,GhostFaceNet,/content/face_module/dataset_extractedfaces/vggface2_pairs/n000007_0076_01.jpg,/content/face_module/dataset_extractedfaces/vggface2_pairs/n000005_0080_01.jpg,vggface2_pairs,impersonation_attack,Facenet512,clean,clean,0.0153019521385431
3,VGG-Face,/content/face_module/dataset_extractedfaces/vggface2_pairs/n000007_0076_01.jpg,/content/face_module/dataset_extractedfaces/vggface2_pairs/n000005_0080_01.jpg,vggface2_pairs,impersonation_attack,Facenet512,clean,clean,0.0153019521385431
3,ArcFace,/content/face_module/dataset_extractedfaces/vggface2_pairs/n000007_0076_01.jpg,/content/face_module/dataset_extractedfaces/vggface2_pairs/n000005_0080_01.jpg,vggface2_pairs,impersonation_attack,Facenet512,PGD,vanilla,0.0548090152442455
3,ArcFace,/content/face_module/dataset_extractedfaces/vggface2_pairs/n000007_0076_01.jpg,/content/face_module/dataset_extractedfaces/vggface2_pairs/n000005_0080_01.jpg,vggface2_pairs,impersonation_attack,Facenet512,MI_FGSM,vanilla,0.145241767168045
3,ArcFace,/content/face_module/dataset_extractedfaces/vggface2_pairs/n000007_0076_01.jpg,/content/face_module/dataset_extractedfaces/vggface2_pairs/n000005_0080_01.jpg,vggface2_pairs,impersonation_attack,Facenet512,TI_FGSM,vanilla,0.1957107633352279
3,ArcFace,/content/face_module/dataset_extractedfaces/vggface2_pairs/n000007_0076_01.jpg,/content/face_module/dataset_extractedfaces/vggface2_pairs/n000005_0080_01.jpg,vggface2_pairs,impersonation_attack,Facenet512,SI_NI_FGSM,vanilla,0.1837084889411926
3,ArcFace,/content/face_module/dataset_extractedfaces/vggface2_pairs/n000007_0076_01.jpg,/content/face_module/dataset_extractedfaces/vggface2_pairs/n000005_0080_01.jpg,vggface2_pairs,impersonation_attack,Facenet512,MI_ADMIX_DI_TI,vanilla,0.160467654466629
3,GhostFaceNet,/content/face_module/dataset_extractedfaces/vggface2_pairs/n000007_0076_01.jpg,/content/face_module/dataset_extractedfaces/vggface2_pairs/n000005_0080_01.jpg,vggface2_pairs,impersonation_attack,Facenet512,PGD,vanilla,0.0059910584241151
3,GhostFaceNet,/content/face_module/dataset_extractedfaces/vggface2_pairs/n000007_0076_01.jpg,/content/face_module/dataset_extractedfaces/vggface2_pairs/n000005_0080_01.jpg,vggface2_pairs,impersonation_attack,Facenet512,MI_FGSM,vanilla,0.0111488616093993
3,GhostFaceNet,/content/face_module/dataset_extractedfaces/vggface2_pairs/n000007_0076_01.jpg,/content/face_module/dataset_extractedfaces/vggface2_pairs/n000005_0080_01.jpg,vggface2_pairs,impersonation_attack,Facenet512,TI_FGSM,vanilla,0.0632441118359565
3,GhostFaceNet,/content/face_module/dataset_extractedfaces/vggface2_pairs/n000007_0076_01.jpg,/content/face_module/dataset_extractedfaces/vggface2_pairs/n000005_0080_01.jpg,vggface2_pairs,impersonation_attack,Facenet512,SI_NI_FGSM,vanilla,0.0159654580056667
3,GhostFaceNet,/content/face_module/dataset_extractedfaces/vggface2_pairs/n000007_0076_01.jpg,/content/face_module/dataset_extractedfaces/vggface2_pairs/n000005_0080_01.jpg,vggface2_pairs,impersonation_attack,Facenet512,MI_ADMIX_DI_TI,vanilla,0.0966108962893486
3,VGG-Face,/content/face_module/dataset_extractedfaces/vggface2_pairs/n000007_0076_01.jpg,/content/face_module/dataset_extractedfaces/vggface2_pairs/n000005_0080_01.jpg,vggface2_pairs,impersonation_attack,Facenet512,PGD,vanilla,0.0852957740426063
3,VGG-Face,/content/face_module/dataset_extractedfaces/vggface2_pairs/n000007_0076_01.jpg,/content/face_module/dataset_extractedfaces/vggface2_pairs/n000005_0080_01.jpg,vggface2_pairs,impersonation_attack,Facenet512,MI_FGSM,vanilla,0.1352361589670181
3,VGG-Face,/content/face_module/dataset_extractedfaces/vggface2_pairs/n000007_0076_01.jpg,/content/face_module/dataset_extractedfaces/vggface2_pairs/n000005_0080_01.jpg,vggface2_pairs,impersonation_attack,Facenet512,TI_FGSM,vanilla,0.1481025367975235
3,VGG-Face,/content/face_module/dataset_extractedfaces/vggface2_pairs/n000007_0076_01.jpg,/content/face_module/dataset_extractedfaces/vggface2_pairs/n000005_0080_01.jpg,vggface2_pairs,impersonation_attack,Facenet512,SI_NI_FGSM,vanilla,0.1056293100118637
3,VGG-Face,/content/face_module/dataset_extractedfaces/vggface2_pairs/n000007_0076_01.jpg,/content/face_module/dataset_extractedfaces/vggface2_pairs/n000005_0080_01.jpg,vggface2_pairs,impersonation_attack,Facenet512,MI_ADMIX_DI_TI,vanilla,0.1716962307691574
5,ArcFace,/content/face_module/dataset_extractedfaces/vggface2_pairs/n000004_0204_01.jpg,/content/face_module/dataset_extractedfaces/vggface2_pairs/n000002_0070_01.jpg,vggface2_pairs,impersonation_attack,Facenet512,clean,clean,-0.0816234424710273
5,Facenet512,/content/face_module/dataset_extractedfaces/vggface2_pairs/n000004_0204_01.jpg,/content/face_module/dataset_extractedfaces/vggface2_pairs/n000002_0070_01.jpg,vggface2_pairs,impersonation_attack,Facenet512,clean,clean,-0.0816234424710273
5,GhostFaceNet,/content/face_module/dataset_extractedfaces/vggface2_pairs/n000004_0204_01.jpg,/content/face_module/dataset_extractedfaces/vggface2_pairs/n000002_0070_01.jpg,vggface2_pairs,impersonation_attack,Facenet512,clean,clean,-0.0816234424710273
5,VGG-Face,/content/face_module/dataset_extractedfaces/vggface2_pairs/n000004_0204_01.jpg,/content/face_module/dataset_extractedfaces/vggface2_pairs/n000002_0070_01.jpg,vggface2_pairs,impersonation_attack,Facenet512,clean,clean,-0.0816234424710273
5,ArcFace,/content/face_module/dataset_extractedfaces/vggface2_pairs/n000004_0204_01.jpg,/content/face_module/dataset_extractedfaces/vggface2_pairs/n000002_0070_01.jpg,vggface2_pairs,impersonation_attack,Facenet512,PGD,vanilla,-0.0200349614024162
5,ArcFace,/content/face_module/dataset_extractedfaces/vggface2_pairs/n000004_0204_01.jpg,/content/face_module/dataset_extractedfaces/vggface2_pairs/n000002_0070_01.jpg,vggface2_pairs,impersonation_attack,Facenet512,MI_FGSM,vanilla,-0.059516716748476
5,ArcFace,/content/face_module/dataset_extractedfaces/vggface2_pairs/n000004_0204_01.jpg,/content/face_module/dataset_extractedfaces/vggface2_pairs/n000002_0070_01.jpg,vggface2_pairs,impersonation_attack,Facenet512,TI_FGSM,vanilla,0.0018458199920132
5,ArcFace,/content/face_module/dataset_extractedfaces/vggface2_pairs/n000004_0204_01.jpg,/content/face_module/dataset_extractedfaces/vggface2_pairs/n000002_0070_01.jpg,vggface2_pairs,impersonation_attack,Facenet512,SI_NI_FGSM,vanilla,-0.0278908368200063
5,ArcFace,/content/face_module/dataset_extractedfaces/vggface2_pairs/n000004_0204_01.jpg,/content/face_module/dataset_extractedfaces/vggface2_pairs/n000002_0070_01.jpg,vggface2_pairs,impersonation_attack,Facenet512,MI_ADMIX_DI_TI,vanilla,-0.0053830677643418
5,GhostFaceNet,/content/face_module/dataset_extractedfaces/vggface2_pairs/n000004_0204_01.jpg,/content/face_module/dataset_extractedfaces/vggface2_pairs/n000002_0070_01.jpg,vggface2_pairs,impersonation_attack,Facenet512,PGD,vanilla,-0.0252447016537189
5,GhostFaceNet,/content/face_module/dataset_extractedfaces/vggface2_pairs/n000004_0204_01.jpg,/content/face_module/dataset_extractedfaces/vggface2_pairs/n000002_0070_01.jpg,vggface2_pairs,impersonation_attack,Facenet512,MI_FGSM,vanilla,0.0057722148485481
5,GhostFaceNet,/content/face_module/dataset_extractedfaces/vggface2_pairs/n000004_0204_01.jpg,/content/face_module/dataset_extractedfaces/vggface2_pairs/n000002_0070_01.jpg,vggface2_pairs,impersonation_attack,Facenet512,TI_FGSM,vanilla,-0.0141170034185051
5,GhostFaceNet,/content/face_module/dataset_extractedfaces/vggface2_pairs/n000004_0204_01.jpg,/content/face_module/dataset_extractedfaces/vggface2_pairs/n000002_0070_01.jpg,vggface2_pairs,impersonation_attack,Facenet512,SI_NI_FGSM,vanilla,0.0353974066674709
5,GhostFaceNet,/content/face_module/dataset_extractedfaces/vggface2_pairs/n000004_0204_01.jpg,/content/face_module/dataset_extractedfaces/vggface2_pairs/n000002_0070_01.jpg,vggface2_pairs,impersonation_attack,Facenet512,MI_ADMIX_DI_TI,vanilla,0.0699561014771461
5,VGG-Face,/content/face_module/dataset_extractedfaces/vggface2_pairs/n000004_0204_01.jpg,/content/face_module/dataset_extractedfaces/vggface2_pairs/n000002_0070_01.jpg,vggface2_pairs,impersonation_attack,Facenet512,PGD,vanilla,0.1431727260351181
5,VGG-Face,/content/face_module/dataset_extractedfaces/vggface2_pairs/n000004_0204_01.jpg,/content/face_module/dataset_extractedfaces/vggface2_pairs/n000002_0070_01.jpg,vggface2_pairs,impersonation_attack,Facenet512,MI_FGSM,vanilla,0.1557164788246154
5,VGG-Face,/content/face_module/dataset_extractedfaces/vggface2_pairs/n000004_0204_01.jpg,/content/face_module/dataset_extractedfaces/vggface2_pairs/n000002_0070_01.jpg,vggface2_pairs,impersonation_attack,Facenet512,TI_FGSM,vanilla,0.1738771647214889
5,VGG-Face,/content/face_module/dataset_extractedfaces/vggface2_pairs/n000004_0204_01.jpg,/content/face_module/dataset_extractedfaces/vggface2_pairs/n000002_0070_01.jpg,vggface2_pairs,impersonation_attack,Facenet512,SI_NI_FGSM,vanilla,0.1116409078240394
5,VGG-Face,/content/face_module/dataset_extractedfaces/vggface2_pairs/n000004_0204_01.jpg,/content/face_module/dataset_extractedfaces/vggface2_pairs/n000002_0070_01.jpg,vggface2_pairs,impersonation_attack,Facenet512,MI_ADMIX_DI_TI,vanilla,0.1336732655763626
17,ArcFace,/content/face_module/dataset_extractedfaces/vggface2_pairs/n000016_0036_01.jpg,/content/face_module/dataset_extractedfaces/vggface2_pairs/n000012_0087_01.jpg,vggface2_pairs,impersonation_attack,Facenet512,clean,clean,-0.0131816715002059
17,Facenet512,/content/face_module/dataset_extractedfaces/vggface2_pairs/n000016_0036_01.jpg,/content/face_module/dataset_extractedfaces/vggface2_pairs/n000012_0087_01.jpg,vggface2_pairs,impersonation_attack,Facenet512,clean,clean,-0.0131816715002059
17,GhostFaceNet,/content/face_module/dataset_extractedfaces/vggface2_pairs/n000016_0036_01.jpg,/content/face_module/dataset_extractedfaces/vggface2_pairs/n000012_0087_01.jpg,vggface2_pairs,impersonation_attack,Facenet512,clean,clean,-0.0131816715002059
17,VGG-Face,/content/face_module/dataset_extractedfaces/vggface2_pairs/n000016_0036_01.jpg,/content/face_module/dataset_extractedfaces/vggface2_pairs/n000012_0087_01.jpg,vggface2_pairs,impersonation_attack,Facenet512,clean,clean,-0.0131816715002059
17,ArcFace,/content/face_module/dataset_extractedfaces/vggface2_pairs/n000016_0036_01.jpg,/content/face_module/dataset_extractedfaces/vggface2_pairs/n000012_0087_01.jpg,vggface2_pairs,impersonation_attack,Facenet512,PGD,vanilla,0.1842978298664093
17,ArcFace,/content/face_module/dataset_extractedfaces/vggface2_pairs/n000016_0036_01.jpg,/content/face_module/dataset_extractedfaces/vggface2_pairs/n000012_0087_01.jpg,vggface2_pairs,impersonation_attack,Facenet512,MI_FGSM,vanilla,0.4278884828090668
17,ArcFace,/content/face_module/dataset_extractedfaces/vggface2_pairs/n000016_0036_01.jpg,/content/face_module/dataset_extractedfaces/vggface2_pairs/n000012_0087_01.jpg,vggface2_pairs,impersonation_attack,Facenet512,TI_FGSM,vanilla,0.3228334486484527
17,ArcFace,/content/face_module/dataset_extractedfaces/vggface2_pairs/n000016_0036_01.jpg,/content/face_module/dataset_extractedfaces/vggface2_pairs/n000012_0087_01.jpg,vggface2_pairs,impersonation_attack,Facenet512,SI_NI_FGSM,vanilla,0.3886896669864654
17,ArcFace,/content/face_module/dataset_extractedfaces/vggface2_pairs/n000016_0036_01.jpg,/content/face_module/dataset_extractedfaces/vggface2_pairs/n000012_0087_01.jpg,vggface2_pairs,impersonation_attack,Facenet512,MI_ADMIX_DI_TI,vanilla,0.3243204355239868
17,GhostFaceNet,/content/face_module/dataset_extractedfaces/vggface2_pairs/n000016_0036_01.jpg,/content/face_module/dataset_extractedfaces/vggface2_pairs/n000012_0087_01.jpg,vggface2_pairs,impersonation_attack,Facenet512,PGD,vanilla,0.0499021038413047
17,GhostFaceNet,/content/face_module/dataset_extractedfaces/vggface2_pairs/n000016_0036_01.jpg,/content/face_module/dataset_extractedfaces/vggface2_pairs/n000012_0087_01.jpg,vggface2_pairs,impersonation_attack,Facenet512,MI_FGSM,vanilla,0.1890757530927658
17,GhostFaceNet,/content/face_module/dataset_extractedfaces/vggface2_pairs/n000016_0036_01.jpg,/content/face_module/dataset_extractedfaces/vggface2_pairs/n000012_0087_01.jpg,vggface2_pairs,impersonation_attack,Facenet512,TI_FGSM,vanilla,0.1012229323387146
17,GhostFaceNet,/content/face_module/dataset_extractedfaces/vggface2_pairs/n000016_0036_01.jpg,/content/face_module/dataset_extractedfaces/vggface2_pairs/n000012_0087_01.jpg,vggface2_pairs,impersonation_attack,Facenet512,SI_NI_FGSM,vanilla,0.2223986983299255
17,GhostFaceNet,/content/face_module/dataset_extractedfaces/vggface2_pairs/n000016_0036_01.jpg,/content/face_module/dataset_extractedfaces/vggface2_pairs/n000012_0087_01.jpg,vggface2_pairs,impersonation_attack,Facenet512,MI_ADMIX_DI_TI,vanilla,0.1532509475946426
17,VGG-Face,/content/face_module/dataset_extractedfaces/vggface2_pairs/n000016_0036_01.jpg,/content/face_module/dataset_extractedfaces/vggface2_pairs/n000012_0087_01.jpg,vggface2_pairs,impersonation_attack,Facenet512,PGD,vanilla,0.2341723144054412
17,VGG-Face,/content/face_module/dataset_extractedfaces/vggface2_pairs/n000016_0036_01.jpg,/content/face_module/dataset_extractedfaces/vggface2_pairs/n000012_0087_01.jpg,vggface2_pairs,impersonation_attack,Facenet512,MI_FGSM,vanilla,0.5575532913208008
17,VGG-Face,/content/face_module/dataset_extractedfaces/vggface2_pairs/n000016_0036_01.jpg,/content/face_module/dataset_extractedfaces/vggface2_pairs/n000012_0087_01.jpg,vggface2_pairs,impersonation_attack,Facenet512,TI_FGSM,vanilla,0.3999586105346679
17,VGG-Face,/content/face_module/dataset_extractedfaces/vggface2_pairs/n000016_0036_01.jpg,/content/face_module/dataset_extractedfaces/vggface2_pairs/n000012_0087_01.jpg,vggface2_pairs,impersonation_attack,Facenet512,SI_NI_FGSM,vanilla,0.5337426662445068
17,VGG-Face,/content/face_module/dataset_extractedfaces/vggface2_pairs/n000016_0036_01.jpg,/content/face_module/dataset_extractedfaces/vggface2_pairs/n000012_0087_01.jpg,vggface2_pairs,impersonation_attack,Facenet512,MI_ADMIX_DI_TI,vanilla,0.5781652927398682
19,ArcFace,/content/face_module/dataset_extractedfaces/vggface2_pairs/n000007_0012_01.jpg,/content/face_module/dataset_extractedfaces/vggface2_pairs/n000008_0101_01.jpg,vggface2_pairs,impersonation_attack,Facenet512,clean,clean,0.0531450435519218
19,Facenet512,/content/face_module/dataset_extractedfaces/vggface2_pairs/n000007_0012_01.jpg,/content/face_module/dataset_extractedfaces/vggface2_pairs/n000008_0101_01.jpg,vggface2_pairs,impersonation_attack,Facenet512,clean,clean,0.0531450435519218
19,GhostFaceNet,/content/face_module/dataset_extractedfaces/vggface2_pairs/n000007_0012_01.jpg,/content/face_module/dataset_extractedfaces/vggface2_pairs/n000008_0101_01.jpg,vggface2_pairs,impersonation_attack,Facenet512,clean,clean,0.0531450435519218
19,VGG-Face,/content/face_module/dataset_extractedfaces/vggface2_pairs/n000007_0012_01.jpg,/content/face_module/dataset_extractedfaces/vggface2_pairs/n000008_0101_01.jpg,vggface2_pairs,impersonation_attack,Facenet512,clean,clean,0.0531450435519218
19,ArcFace,/content/face_module/dataset_extractedfaces/vggface2_pairs/n000007_0012_01.jpg,/content/face_module/dataset_extractedfaces/vggface2_pairs/n000008_0101_01.jpg,vggface2_pairs,impersonation_attack,Facenet512,PGD,vanilla,0.1035641282796859
19,ArcFace,/content/face_module/dataset_extractedfaces/vggface2_pairs/n000007_0012_01.jpg,/content/face_module/dataset_extractedfaces/vggface2_pairs/n000008_0101_01.jpg,vggface2_pairs,impersonation_attack,Facenet512,MI_FGSM,vanilla,0.1346093118190765
19,ArcFace,/content/face_module/dataset_extractedfaces/vggface2_pairs/n000007_0012_01.jpg,/content/face_module/dataset_extractedfaces/vggface2_pairs/n000008_0101_01.jpg,vggface2_pairs,impersonation_attack,Facenet512,TI_FGSM,vanilla,0.0766682624816894
19,ArcFace,/content/face_module/dataset_extractedfaces/vggface2_pairs/n000007_0012_01.jpg,/content/face_module/dataset_extractedfaces/vggface2_pairs/n000008_0101_01.jpg,vggface2_pairs,impersonation_attack,Facenet512,SI_NI_FGSM,vanilla,0.1546565741300583
19,ArcFace,/content/face_module/dataset_extractedfaces/vggface2_pairs/n000007_0012_01.jpg,/content/face_module/dataset_extractedfaces/vggface2_pairs/n000008_0101_01.jpg,vggface2_pairs,impersonation_attack,Facenet512,MI_ADMIX_DI_TI,vanilla,0.0904659852385521
19,GhostFaceNet,/content/face_module/dataset_extractedfaces/vggface2_pairs/n000007_0012_01.jpg,/content/face_module/dataset_extractedfaces/vggface2_pairs/n000008_0101_01.jpg,vggface2_pairs,impersonation_attack,Facenet512,PGD,vanilla,0.0638786926865577
19,GhostFaceNet,/content/face_module/dataset_extractedfaces/vggface2_pairs/n000007_0012_01.jpg,/content/face_module/dataset_extractedfaces/vggface2_pairs/n000008_0101_01.jpg,vggface2_pairs,impersonation_attack,Facenet512,MI_FGSM,vanilla,0.1327978670597076
19,GhostFaceNet,/content/face_module/dataset_extractedfaces/vggface2_pairs/n000007_0012_01.jpg,/content/face_module/dataset_extractedfaces/vggface2_pairs/n000008_0101_01.jpg,vggface2_pairs,impersonation_attack,Facenet512,TI_FGSM,vanilla,0.0851926729083061
19,GhostFaceNet,/content/face_module/dataset_extractedfaces/vggface2_pairs/n000007_0012_01.jpg,/content/face_module/dataset_extractedfaces/vggface2_pairs/n000008_0101_01.jpg,vggface2_pairs,impersonation_attack,Facenet512,SI_NI_FGSM,vanilla,0.1406249403953552
19,GhostFaceNet,/content/face_module/dataset_extractedfaces/vggface2_pairs/n000007_0012_01.jpg,/content/face_module/dataset_extractedfaces/vggface2_pairs/n000008_0101_01.jpg,vggface2_pairs,impersonation_attack,Facenet512,MI_ADMIX_DI_TI,vanilla,0.1038261651992797
19,VGG-Face,/content/face_module/dataset_extractedfaces/vggface2_pairs/n000007_0012_01.jpg,/content/face_module/dataset_extractedfaces/vggface2_pairs/n000008_0101_01.jpg,vggface2_pairs,impersonation_attack,Facenet512,PGD,vanilla,0.1254978030920028
19,VGG-Face,/content/face_module/dataset_extractedfaces/vggface2_pairs/n000007_0012_01.jpg,/content/face_module/dataset_extractedfaces/vggface2_pairs/n000008_0101_01.jpg,vggface2_pairs,impersonation_attack,Facenet512,MI_FGSM,vanilla,0.1619134992361068
19,VGG-Face,/content/face_module/dataset_extractedfaces/vggface2_pairs/n000007_0012_01.jpg,/content/face_module/dataset_extractedfaces/vggface2_pairs/n000008_0101_01.jpg,vggface2_pairs,impersonation_attack,Facenet512,TI_FGSM,vanilla,0.1232804954051971
19,VGG-Face,/content/face_module/dataset_extractedfaces/vggface2_pairs/n000007_0012_01.jpg,/content/face_module/dataset_extractedfaces/vggface2_pairs/n000008_0101_01.jpg,vggface2_pairs,impersonation_attack,Facenet512,SI_NI_FGSM,vanilla,0.1444660127162933
19,VGG-Face,/content/face_module/dataset_extractedfaces/vggface2_pairs/n000007_0012_01.jpg,/content/face_module/dataset_extractedfaces/vggface2_pairs/n000008_0101_01.jpg,vggface2_pairs,impersonation_attack,Facenet512,MI_ADMIX_DI_TI,vanilla,0.120764784514904
21,ArcFace,/content/face_module/dataset_extractedfaces/vggface2_pairs/n000012_0183_01.jpg,/content/face_module/dataset_extractedfaces/vggface2_pairs/n000014_0113_01.jpg,vggface2_pairs,impersonation_attack,Facenet512,clean,clean,-0.202360600233078
21,Facenet512,/content/face_module/dataset_extractedfaces/vggface2_pairs/n000012_0183_01.jpg,/content/face_module/dataset_extractedfaces/vggface2_pairs/n000014_0113_01.jpg,vggface2_pairs,impersonation_attack,Facenet512,clean,clean,-0.202360600233078
21,GhostFaceNet,/content/face_module/dataset_extractedfaces/vggface2_pairs/n000012_0183_01.jpg,/content/face_module/dataset_extractedfaces/vggface2_pairs/n000014_0113_01.jpg,vggface2_pairs,impersonation_attack,Facenet512,clean,clean,-0.202360600233078
21,VGG-Face,/content/face_module/dataset_extractedfaces/vggface2_pairs/n000012_0183_01.jpg,/content/face_module/dataset_extractedfaces/vggface2_pairs/n000014_0113_01.jpg,vggface2_pairs,impersonation_attack,Facenet512,clean,clean,-0.202360600233078
21,ArcFace,/content/face_module/dataset_extractedfaces/vggface2_pairs/n000012_0183_01.jpg,/content/face_module/dataset_extractedfaces/vggface2_pairs/n000014_0113_01.jpg,vggface2_pairs,impersonation_attack,Facenet512,PGD,vanilla,-0.0984488874673843
21,ArcFace,/content/face_module/dataset_extractedfaces/vggface2_pairs/n000012_0183_01.jpg,/content/face_module/dataset_extractedfaces/vggface2_pairs/n000014_0113_01.jpg,vggface2_pairs,impersonation_attack,Facenet512,MI_FGSM,vanilla,-0.0056336573325097
21,ArcFace,/content/face_module/dataset_extractedfaces/vggface2_pairs/n000012_0183_01.jpg,/content/face_module/dataset_extractedfaces/vggface2_pairs/n000014_0113_01.jpg,vggface2_pairs,impersonation_attack,Facenet512,TI_FGSM,vanilla,-0.0081916321069002
21,ArcFace,/content/face_module/dataset_extractedfaces/vggface2_pairs/n000012_0183_01.jpg,/content/face_module/dataset_extractedfaces/vggface2_pairs/n000014_0113_01.jpg,vggface2_pairs,impersonation_attack,Facenet512,SI_NI_FGSM,vanilla,0.0376694165170192
21,ArcFace,/content/face_module/dataset_extractedfaces/vggface2_pairs/n000012_0183_01.jpg,/content/face_module/dataset_extractedfaces/vggface2_pairs/n000014_0113_01.jpg,vggface2_pairs,impersonation_attack,Facenet512,MI_ADMIX_DI_TI,vanilla,-0.0003476161509752
21,GhostFaceNet,/content/face_module/dataset_extractedfaces/vggface2_pairs/n000012_0183_01.jpg,/content/face_module/dataset_extractedfaces/vggface2_pairs/n000014_0113_01.jpg,vggface2_pairs,impersonation_attack,Facenet512,PGD,vanilla,-0.1636003851890564
21,GhostFaceNet,/content/face_module/dataset_extractedfaces/vggface2_pairs/n000012_0183_01.jpg,/content/face_module/dataset_extractedfaces/vggface2_pairs/n000014_0113_01.jpg,vggface2_pairs,impersonation_attack,Facenet512,MI_FGSM,vanilla,-0.1264074146747589
21,GhostFaceNet,/content/face_module/dataset_extractedfaces/vggface2_pairs/n000012_0183_01.jpg,/content/face_module/dataset_extractedfaces/vggface2_pairs/n000014_0113_01.jpg,vggface2_pairs,impersonation_attack,Facenet512,TI_FGSM,vanilla,-0.1237618848681449
21,GhostFaceNet,/content/face_module/dataset_extractedfaces/vggface2_pairs/n000012_0183_01.jpg,/content/face_module/dataset_extractedfaces/vggface2_pairs/n000014_0113_01.jpg,vggface2_pairs,impersonation_attack,Facenet512,SI_NI_FGSM,vanilla,-0.154398500919342
21,GhostFaceNet,/content/face_module/dataset_extractedfaces/vggface2_pairs/n000012_0183_01.jpg,/content/face_module/dataset_extractedfaces/vggface2_pairs/n000014_0113_01.jpg,vggface2_pairs,impersonation_attack,Facenet512,MI_ADMIX_DI_TI,vanilla,-0.1152904629707336
21,VGG-Face,/content/face_module/dataset_extractedfaces/vggface2_pairs/n000012_0183_01.jpg,/content/face_module/dataset_extractedfaces/vggface2_pairs/n000014_0113_01.jpg,vggface2_pairs,impersonation_attack,Facenet512,PGD,vanilla,-0.1460307240486145
21,VGG-Face,/content/face_module/dataset_extractedfaces/vggface2_pairs/n000012_0183_01.jpg,/content/face_module/dataset_extractedfaces/vggface2_pairs/n000014_0113_01.jpg,vggface2_pairs,impersonation_attack,Facenet512,MI_FGSM,vanilla,-0.0163439493626356
21,VGG-Face,/content/face_module/dataset_extractedfaces/vggface2_pairs/n000012_0183_01.jpg,/content/face_module/dataset_extractedfaces/vggface2_pairs/n000014_0113_01.jpg,vggface2_pairs,impersonation_attack,Facenet512,TI_FGSM,vanilla,-0.0329263098537921
21,VGG-Face,/content/face_module/dataset_extractedfaces/vggface2_pairs/n000012_0183_01.jpg,/content/face_module/dataset_extractedfaces/vggface2_pairs/n000014_0113_01.jpg,vggface2_pairs,impersonation_attack,Facenet512,SI_NI_FGSM,vanilla,-0.029898265376687
21,VGG-Face,/content/face_module/dataset_extractedfaces/vggface2_pairs/n000012_0183_01.jpg,/content/face_module/dataset_extractedfaces/vggface2_pairs/n000014_0113_01.jpg,vggface2_pairs,impersonation_attack,Facenet512,MI_ADMIX_DI_TI,vanilla,0.0092773810029029
6,ArcFace,/content/face_module/dataset_extractedfaces/lfw_pairs/Luiz Inacio Lula da Silva_7.jpg,/content/face_module/dataset_extractedfaces/lfw_pairs/Luiz Inacio Lula da Silva_8.jpg,lfw_pairs,dodging_attack,Facenet512,clean,clean,0.7516777515411377
6,Facenet512,/content/face_module/dataset_extractedfaces/lfw_pairs/Luiz Inacio Lula da Silva_7.jpg,/content/face_module/dataset_extractedfaces/lfw_pairs/Luiz Inacio Lula da Silva_8.jpg,lfw_pairs,dodging_attack,Facenet512,clean,clean,0.7516777515411377
6,GhostFaceNet,/content/face_module/dataset_extractedfaces/lfw_pairs/Luiz Inacio Lula da Silva_7.jpg,/content/face_module/dataset_extractedfaces/lfw_pairs/Luiz Inacio Lula da Silva_8.jpg,lfw_pairs,dodging_attack,Facenet512,clean,clean,0.7516777515411377
6,VGG-Face,/content/face_module/dataset_extractedfaces/lfw_pairs/Luiz Inacio Lula da Silva_7.jpg,/content/face_module/dataset_extractedfaces/lfw_pairs/Luiz Inacio Lula da Silva_8.jpg,lfw_pairs,dodging_attack,Facenet512,clean,clean,0.7516777515411377
6,ArcFace,/content/face_module/dataset_extractedfaces/lfw_pairs/Luiz Inacio Lula da Silva_7.jpg,/content/face_module/dataset_extractedfaces/lfw_pairs/Luiz Inacio Lula da Silva_8.jpg,lfw_pairs,dodging_attack,Facenet512,PGD,vanilla,0.5625064373016357
6,ArcFace,/content/face_module/dataset_extractedfaces/lfw_pairs/Luiz Inacio Lula da Silva_7.jpg,/content/face_module/dataset_extractedfaces/lfw_pairs/Luiz Inacio Lula da Silva_8.jpg,lfw_pairs,dodging_attack,Facenet512,MI_FGSM,vanilla,0.3551593124866485
6,ArcFace,/content/face_module/dataset_extractedfaces/lfw_pairs/Luiz Inacio Lula da Silva_7.jpg,/content/face_module/dataset_extractedfaces/lfw_pairs/Luiz Inacio Lula da Silva_8.jpg,lfw_pairs,dodging_attack,Facenet512,TI_FGSM,vanilla,0.5557596683502197
6,ArcFace,/content/face_module/dataset_extractedfaces/lfw_pairs/Luiz Inacio Lula da Silva_7.jpg,/content/face_module/dataset_extractedfaces/lfw_pairs/Luiz Inacio Lula da Silva_8.jpg,lfw_pairs,dodging_attack,Facenet512,SI_NI_FGSM,vanilla,0.3470732867717743
6,ArcFace,/content/face_module/dataset_extractedfaces/lfw_pairs/Luiz Inacio Lula da Silva_7.jpg,/content/face_module/dataset_extractedfaces/lfw_pairs/Luiz Inacio Lula da Silva_8.jpg,lfw_pairs,dodging_attack,Facenet512,MI_ADMIX_DI_TI,vanilla,0.5381124019622803
6,GhostFaceNet,/content/face_module/dataset_extractedfaces/lfw_pairs/Luiz Inacio Lula da Silva_7.jpg,/content/face_module/dataset_extractedfaces/lfw_pairs/Luiz Inacio Lula da Silva_8.jpg,lfw_pairs,dodging_attack,Facenet512,PGD,vanilla,0.7578441500663757
6,GhostFaceNet,/content/face_module/dataset_extractedfaces/lfw_pairs/Luiz Inacio Lula da Silva_7.jpg,/content/face_module/dataset_extractedfaces/lfw_pairs/Luiz Inacio Lula da Silva_8.jpg,lfw_pairs,dodging_attack,Facenet512,MI_FGSM,vanilla,0.6479810476303101
6,GhostFaceNet,/content/face_module/dataset_extractedfaces/lfw_pairs/Luiz Inacio Lula da Silva_7.jpg,/content/face_module/dataset_extractedfaces/lfw_pairs/Luiz Inacio Lula da Silva_8.jpg,lfw_pairs,dodging_attack,Facenet512,TI_FGSM,vanilla,0.6836531162261963
6,GhostFaceNet,/content/face_module/dataset_extractedfaces/lfw_pairs/Luiz Inacio Lula da Silva_7.jpg,/content/face_module/dataset_extractedfaces/lfw_pairs/Luiz Inacio Lula da Silva_8.jpg,lfw_pairs,dodging_attack,Facenet512,SI_NI_FGSM,vanilla,0.6039933562278748
6,GhostFaceNet,/content/face_module/dataset_extractedfaces/lfw_pairs/Luiz Inacio Lula da Silva_7.jpg,/content/face_module/dataset_extractedfaces/lfw_pairs/Luiz Inacio Lula da Silva_8.jpg,lfw_pairs,dodging_attack,Facenet512,MI_ADMIX_DI_TI,vanilla,0.6506736278533936
6,VGG-Face,/content/face_module/dataset_extractedfaces/lfw_pairs/Luiz Inacio Lula da Silva_7.jpg,/content/face_module/dataset_extractedfaces/lfw_pairs/Luiz Inacio Lula da Silva_8.jpg,lfw_pairs,dodging_attack,Facenet512,PGD,vanilla,0.3610481321811676
6,VGG-Face,/content/face_module/dataset_extractedfaces/lfw_pairs/Luiz Inacio Lula da Silva_7.jpg,/content/face_module/dataset_extractedfaces/lfw_pairs/Luiz Inacio Lula da Silva_8.jpg,lfw_pairs,dodging_attack,Facenet512,MI_FGSM,vanilla,0.2631124258041382
6,VGG-Face,/content/face_module/dataset_extractedfaces/lfw_pairs/Luiz Inacio Lula da Silva_7.jpg,/content/face_module/dataset_extractedfaces/lfw_pairs/Luiz Inacio Lula da Silva_8.jpg,lfw_pairs,dodging_attack,Facenet512,TI_FGSM,vanilla,0.3159459829330444
6,VGG-Face,/content/face_module/dataset_extractedfaces/lfw_pairs/Luiz Inacio Lula da Silva_7.jpg,/content/face_module/dataset_extractedfaces/lfw_pairs/Luiz Inacio Lula da Silva_8.jpg,lfw_pairs,dodging_attack,Facenet512,SI_NI_FGSM,vanilla,0.2540223598480224
6,VGG-Face,/content/face_module/dataset_extractedfaces/lfw_pairs/Luiz Inacio Lula da Silva_7.jpg,/content/face_module/dataset_extractedfaces/lfw_pairs/Luiz Inacio Lula da Silva_8.jpg,lfw_pairs,dodging_attack,Facenet512,MI_ADMIX_DI_TI,vanilla,0.3124861419200897
9,ArcFace,/content/face_module/dataset_extractedfaces/lfw_pairs/Colin Powell_75.jpg,/content/face_module/dataset_extractedfaces/lfw_pairs/Colin Powell_76.jpg,lfw_pairs,dodging_attack,Facenet512,clean,clean,0.821812093257904
9,Facenet512,/content/face_module/dataset_extractedfaces/lfw_pairs/Colin Powell_75.jpg,/content/face_module/dataset_extractedfaces/lfw_pairs/Colin Powell_76.jpg,lfw_pairs,dodging_attack,Facenet512,clean,clean,0.821812093257904
9,GhostFaceNet,/content/face_module/dataset_extractedfaces/lfw_pairs/Colin Powell_75.jpg,/content/face_module/dataset_extractedfaces/lfw_pairs/Colin Powell_76.jpg,lfw_pairs,dodging_attack,Facenet512,clean,clean,0.821812093257904
9,VGG-Face,/content/face_module/dataset_extractedfaces/lfw_pairs/Colin Powell_75.jpg,/content/face_module/dataset_extractedfaces/lfw_pairs/Colin Powell_76.jpg,lfw_pairs,dodging_attack,Facenet512,clean,clean,0.821812093257904
9,ArcFace,/content/face_module/dataset_extractedfaces/lfw_pairs/Colin Powell_75.jpg,/content/face_module/dataset_extractedfaces/lfw_pairs/Colin Powell_76.jpg,lfw_pairs,dodging_attack,Facenet512,PGD,vanilla,0.7831688523292542
9,ArcFace,/content/face_module/dataset_extractedfaces/lfw_pairs/Colin Powell_75.jpg,/content/face_module/dataset_extractedfaces/lfw_pairs/Colin Powell_76.jpg,lfw_pairs,dodging_attack,Facenet512,MI_FGSM,vanilla,0.7355303168296814
9,ArcFace,/content/face_module/dataset_extractedfaces/lfw_pairs/Colin Powell_75.jpg,/content/face_module/dataset_extractedfaces/lfw_pairs/Colin Powell_76.jpg,lfw_pairs,dodging_attack,Facenet512,TI_FGSM,vanilla,0.7161980271339417
9,ArcFace,/content/face_module/dataset_extractedfaces/lfw_pairs/Colin Powell_75.jpg,/content/face_module/dataset_extractedfaces/lfw_pairs/Colin Powell_76.jpg,lfw_pairs,dodging_attack,Facenet512,SI_NI_FGSM,vanilla,0.6683305501937866
9,ArcFace,/content/face_module/dataset_extractedfaces/lfw_pairs/Colin Powell_75.jpg,/content/face_module/dataset_extractedfaces/lfw_pairs/Colin Powell_76.jpg,lfw_pairs,dodging_attack,Facenet512,MI_ADMIX_DI_TI,vanilla,0.6863075494766235
9,GhostFaceNet,/content/face_module/dataset_extractedfaces/lfw_pairs/Colin Powell_75.jpg,/content/face_module/dataset_extractedfaces/lfw_pairs/Colin Powell_76.jpg,lfw_pairs,dodging_attack,Facenet512,PGD,vanilla,0.8075089454650879
9,GhostFaceNet,/content/face_module/dataset_extractedfaces/lfw_pairs/Colin Powell_75.jpg,/content/face_module/dataset_extractedfaces/lfw_pairs/Colin Powell_76.jpg,lfw_pairs,dodging_attack,Facenet512,MI_FGSM,vanilla,0.7788585424423218
9,GhostFaceNet,/content/face_module/dataset_extractedfaces/lfw_pairs/Colin Powell_75.jpg,/content/face_module/dataset_extractedfaces/lfw_pairs/Colin Powell_76.jpg,lfw_pairs,dodging_attack,Facenet512,TI_FGSM,vanilla,0.754043698310852
9,GhostFaceNet,/content/face_module/dataset_extractedfaces/lfw_pairs/Colin Powell_75.jpg,/content/face_module/dataset_extractedfaces/lfw_pairs/Colin Powell_76.jpg,lfw_pairs,dodging_attack,Facenet512,SI_NI_FGSM,vanilla,0.7112022042274475
9,GhostFaceNet,/content/face_module/dataset_extractedfaces/lfw_pairs/Colin Powell_75.jpg,/content/face_module/dataset_extractedfaces/lfw_pairs/Colin Powell_76.jpg,lfw_pairs,dodging_attack,Facenet512,MI_ADMIX_DI_TI,vanilla,0.7734634280204773
9,VGG-Face,/content/face_module/dataset_extractedfaces/lfw_pairs/Colin Powell_75.jpg,/content/face_module/dataset_extractedfaces/lfw_pairs/Colin Powell_76.jpg,lfw_pairs,dodging_attack,Facenet512,PGD,vanilla,0.6580066680908203
9,VGG-Face,/content/face_module/dataset_extractedfaces/lfw_pairs/Colin Powell_75.jpg,/content/face_module/dataset_extractedfaces/lfw_pairs/Colin Powell_76.jpg,lfw_pairs,dodging_attack,Facenet512,MI_FGSM,vanilla,0.5483629107475281
9,VGG-Face,/content/face_module/dataset_extractedfaces/lfw_pairs/Colin Powell_75.jpg,/content/face_module/dataset_extractedfaces/lfw_pairs/Colin Powell_76.jpg,lfw_pairs,dodging_attack,Facenet512,TI_FGSM,vanilla,0.6016122698783875
9,VGG-Face,/content/face_module/dataset_extractedfaces/lfw_pairs/Colin Powell_75.jpg,/content/face_module/dataset_extractedfaces/lfw_pairs/Colin Powell_76.jpg,lfw_pairs,dodging_attack,Facenet512,SI_NI_FGSM,vanilla,0.577950119972229
9,VGG-Face,/content/face_module/dataset_extractedfaces/lfw_pairs/Colin Powell_75.jpg,/content/face_module/dataset_extractedfaces/lfw_pairs/Colin Powell_76.jpg,lfw_pairs,dodging_attack,Facenet512,MI_ADMIX_DI_TI,vanilla,0.5229973196983337
15,ArcFace,/content/face_module/dataset_extractedfaces/lfw_pairs/George W Bush_518.jpg,/content/face_module/dataset_extractedfaces/lfw_pairs/George W Bush_519.jpg,lfw_pairs,dodging_attack,Facenet512,clean,clean,0.6876074075698853
15,Facenet512,/content/face_module/dataset_extractedfaces/lfw_pairs/George W Bush_518.jpg,/content/face_module/dataset_extractedfaces/lfw_pairs/George W Bush_519.jpg,lfw_pairs,dodging_attack,Facenet512,clean,clean,0.6876074075698853
15,GhostFaceNet,/content/face_module/dataset_extractedfaces/lfw_pairs/George W Bush_518.jpg,/content/face_module/dataset_extractedfaces/lfw_pairs/George W Bush_519.jpg,lfw_pairs,dodging_attack,Facenet512,clean,clean,0.6876074075698853
15,VGG-Face,/content/face_module/dataset_extractedfaces/lfw_pairs/George W Bush_518.jpg,/content/face_module/dataset_extractedfaces/lfw_pairs/George W Bush_519.jpg,lfw_pairs,dodging_attack,Facenet512,clean,clean,0.6876074075698853
15,ArcFace,/content/face_module/dataset_extractedfaces/lfw_pairs/George W Bush_518.jpg,/content/face_module/dataset_extractedfaces/lfw_pairs/George W Bush_519.jpg,lfw_pairs,dodging_attack,Facenet512,PGD,vanilla,0.5580369234085083
15,ArcFace,/content/face_module/dataset_extractedfaces/lfw_pairs/George W Bush_518.jpg,/content/face_module/dataset_extractedfaces/lfw_pairs/George W Bush_519.jpg,lfw_pairs,dodging_attack,Facenet512,MI_FGSM,vanilla,0.3963751494884491
15,ArcFace,/content/face_module/dataset_extractedfaces/lfw_pairs/George W Bush_518.jpg,/content/face_module/dataset_extractedfaces/lfw_pairs/George W Bush_519.jpg,lfw_pairs,dodging_attack,Facenet512,TI_FGSM,vanilla,0.4246216118335724
15,ArcFace,/content/face_module/dataset_extractedfaces/lfw_pairs/George W Bush_518.jpg,/content/face_module/dataset_extractedfaces/lfw_pairs/George W Bush_519.jpg,lfw_pairs,dodging_attack,Facenet512,SI_NI_FGSM,vanilla,0.3637896180152893
15,ArcFace,/content/face_module/dataset_extractedfaces/lfw_pairs/George W Bush_518.jpg,/content/face_module/dataset_extractedfaces/lfw_pairs/George W Bush_519.jpg,lfw_pairs,dodging_attack,Facenet512,MI_ADMIX_DI_TI,vanilla,0.4381180703639984
15,GhostFaceNet,/content/face_module/dataset_extractedfaces/lfw_pairs/George W Bush_518.jpg,/content/face_module/dataset_extractedfaces/lfw_pairs/George W Bush_519.jpg,lfw_pairs,dodging_attack,Facenet512,PGD,vanilla,0.6213297843933105
15,GhostFaceNet,/content/face_module/dataset_extractedfaces/lfw_pairs/George W Bush_518.jpg,/content/face_module/dataset_extractedfaces/lfw_pairs/George W Bush_519.jpg,lfw_pairs,dodging_attack,Facenet512,MI_FGSM,vanilla,0.4836922287940979
15,GhostFaceNet,/content/face_module/dataset_extractedfaces/lfw_pairs/George W Bush_518.jpg,/content/face_module/dataset_extractedfaces/lfw_pairs/George W Bush_519.jpg,lfw_pairs,dodging_attack,Facenet512,TI_FGSM,vanilla,0.548022449016571
15,GhostFaceNet,/content/face_module/dataset_extractedfaces/lfw_pairs/George W Bush_518.jpg,/content/face_module/dataset_extractedfaces/lfw_pairs/George W Bush_519.jpg,lfw_pairs,dodging_attack,Facenet512,SI_NI_FGSM,vanilla,0.5157928466796875
15,GhostFaceNet,/content/face_module/dataset_extractedfaces/lfw_pairs/George W Bush_518.jpg,/content/face_module/dataset_extractedfaces/lfw_pairs/George W Bush_519.jpg,lfw_pairs,dodging_attack,Facenet512,MI_ADMIX_DI_TI,vanilla,0.5302621126174927
15,VGG-Face,/content/face_module/dataset_extractedfaces/lfw_pairs/George W Bush_518.jpg,/content/face_module/dataset_extractedfaces/lfw_pairs/George W Bush_519.jpg,lfw_pairs,dodging_attack,Facenet512,PGD,vanilla,0.2413500547409057
15,VGG-Face,/content/face_module/dataset_extractedfaces/lfw_pairs/George W Bush_518.jpg,/content/face_module/dataset_extractedfaces/lfw_pairs/George W Bush_519.jpg,lfw_pairs,dodging_attack,Facenet512,MI_FGSM,vanilla,0.0857262462377548
15,VGG-Face,/content/face_module/dataset_extractedfaces/lfw_pairs/George W Bush_518.jpg,/content/face_module/dataset_extractedfaces/lfw_pairs/George W Bush_519.jpg,lfw_pairs,dodging_attack,Facenet512,TI_FGSM,vanilla,0.186915248632431
15,VGG-Face,/content/face_module/dataset_extractedfaces/lfw_pairs/George W Bush_518.jpg,/content/face_module/dataset_extractedfaces/lfw_pairs/George W Bush_519.jpg,lfw_pairs,dodging_attack,Facenet512,SI_NI_FGSM,vanilla,0.1019181609153747
15,VGG-Face,/content/face_module/dataset_extractedfaces/lfw_pairs/George W Bush_518.jpg,/content/face_module/dataset_extractedfaces/lfw_pairs/George W Bush_519.jpg,lfw_pairs,dodging_attack,Facenet512,MI_ADMIX_DI_TI,vanilla,0.1323574632406234
16,ArcFace,/content/face_module/dataset_extractedfaces/lfw_pairs/Colin Powell_24.jpg,/content/face_module/dataset_extractedfaces/lfw_pairs/Colin Powell_25.jpg,lfw_pairs,dodging_attack,Facenet512,clean,clean,0.7765311598777771
16,Facenet512,/content/face_module/dataset_extractedfaces/lfw_pairs/Colin Powell_24.jpg,/content/face_module/dataset_extractedfaces/lfw_pairs/Colin Powell_25.jpg,lfw_pairs,dodging_attack,Facenet512,clean,clean,0.7765311598777771
16,GhostFaceNet,/content/face_module/dataset_extractedfaces/lfw_pairs/Colin Powell_24.jpg,/content/face_module/dataset_extractedfaces/lfw_pairs/Colin Powell_25.jpg,lfw_pairs,dodging_attack,Facenet512,clean,clean,0.7765311598777771
16,VGG-Face,/content/face_module/dataset_extractedfaces/lfw_pairs/Colin Powell_24.jpg,/content/face_module/dataset_extractedfaces/lfw_pairs/Colin Powell_25.jpg,lfw_pairs,dodging_attack,Facenet512,clean,clean,0.7765311598777771
16,ArcFace,/content/face_module/dataset_extractedfaces/lfw_pairs/Colin Powell_24.jpg,/content/face_module/dataset_extractedfaces/lfw_pairs/Colin Powell_25.jpg,lfw_pairs,dodging_attack,Facenet512,PGD,vanilla,0.7129225730895996
16,ArcFace,/content/face_module/dataset_extractedfaces/lfw_pairs/Colin Powell_24.jpg,/content/face_module/dataset_extractedfaces/lfw_pairs/Colin Powell_25.jpg,lfw_pairs,dodging_attack,Facenet512,MI_FGSM,vanilla,0.6439745426177979
16,ArcFace,/content/face_module/dataset_extractedfaces/lfw_pairs/Colin Powell_24.jpg,/content/face_module/dataset_extractedfaces/lfw_pairs/Colin Powell_25.jpg,lfw_pairs,dodging_attack,Facenet512,TI_FGSM,vanilla,0.6846820712089539
16,ArcFace,/content/face_module/dataset_extractedfaces/lfw_pairs/Colin Powell_24.jpg,/content/face_module/dataset_extractedfaces/lfw_pairs/Colin Powell_25.jpg,lfw_pairs,dodging_attack,Facenet512,SI_NI_FGSM,vanilla,0.5923160910606384
16,ArcFace,/content/face_module/dataset_extractedfaces/lfw_pairs/Colin Powell_24.jpg,/content/face_module/dataset_extractedfaces/lfw_pairs/Colin Powell_25.jpg,lfw_pairs,dodging_attack,Facenet512,MI_ADMIX_DI_TI,vanilla,0.6579257845878601
16,GhostFaceNet,/content/face_module/dataset_extractedfaces/lfw_pairs/Colin Powell_24.jpg,/content/face_module/dataset_extractedfaces/lfw_pairs/Colin Powell_25.jpg,lfw_pairs,dodging_attack,Facenet512,PGD,vanilla,0.7135716676712036
16,GhostFaceNet,/content/face_module/dataset_extractedfaces/lfw_pairs/Colin Powell_24.jpg,/content/face_module/dataset_extractedfaces/lfw_pairs/Colin Powell_25.jpg,lfw_pairs,dodging_attack,Facenet512,MI_FGSM,vanilla,0.6787070035934448
16,GhostFaceNet,/content/face_module/dataset_extractedfaces/lfw_pairs/Colin Powell_24.jpg,/content/face_module/dataset_extractedfaces/lfw_pairs/Colin Powell_25.jpg,lfw_pairs,dodging_attack,Facenet512,TI_FGSM,vanilla,0.757311224937439
16,GhostFaceNet,/content/face_module/dataset_extractedfaces/lfw_pairs/Colin Powell_24.jpg,/content/face_module/dataset_extractedfaces/lfw_pairs/Colin Powell_25.jpg,lfw_pairs,dodging_attack,Facenet512,SI_NI_FGSM,vanilla,0.6784096956253052
16,GhostFaceNet,/content/face_module/dataset_extractedfaces/lfw_pairs/Colin Powell_24.jpg,/content/face_module/dataset_extractedfaces/lfw_pairs/Colin Powell_25.jpg,lfw_pairs,dodging_attack,Facenet512,MI_ADMIX_DI_TI,vanilla,0.7607946395874023
16,VGG-Face,/content/face_module/dataset_extractedfaces/lfw_pairs/Colin Powell_24.jpg,/content/face_module/dataset_extractedfaces/lfw_pairs/Colin Powell_25.jpg,lfw_pairs,dodging_attack,Facenet512,PGD,vanilla,0.550506591796875
16,VGG-Face,/content/face_module/dataset_extractedfaces/lfw_pairs/Colin Powell_24.jpg,/content/face_module/dataset_extractedfaces/lfw_pairs/Colin Powell_25.jpg,lfw_pairs,dodging_attack,Facenet512,MI_FGSM,vanilla,0.441440999507904
16,VGG-Face,/content/face_module/dataset_extractedfaces/lfw_pairs/Colin Powell_24.jpg,/content/face_module/dataset_extractedfaces/lfw_pairs/Colin Powell_25.jpg,lfw_pairs,dodging_attack,Facenet512,TI_FGSM,vanilla,0.5043237209320068
16,VGG-Face,/content/face_module/dataset_extractedfaces/lfw_pairs/Colin Powell_24.jpg,/content/face_module/dataset_extractedfaces/lfw_pairs/Colin Powell_25.jpg,lfw_pairs,dodging_attack,Facenet512,SI_NI_FGSM,vanilla,0.1857815831899643
16,VGG-Face,/content/face_module/dataset_extractedfaces/lfw_pairs/Colin Powell_24.jpg,/content/face_module/dataset_extractedfaces/lfw_pairs/Colin Powell_25.jpg,lfw_pairs,dodging_attack,Facenet512,MI_ADMIX_DI_TI,vanilla,0.4157890677452087
23,ArcFace,/content/face_module/dataset_extractedfaces/lfw_pairs/Tom Daschle_5.jpg,/content/face_module/dataset_extractedfaces/lfw_pairs/Tom Daschle_6.jpg,lfw_pairs,dodging_attack,Facenet512,clean,clean,0.7583966255187988
23,Facenet512,/content/face_module/dataset_extractedfaces/lfw_pairs/Tom Daschle_5.jpg,/content/face_module/dataset_extractedfaces/lfw_pairs/Tom Daschle_6.jpg,lfw_pairs,dodging_attack,Facenet512,clean,clean,0.7583966255187988
23,GhostFaceNet,/content/face_module/dataset_extractedfaces/lfw_pairs/Tom Daschle_5.jpg,/content/face_module/dataset_extractedfaces/lfw_pairs/Tom Daschle_6.jpg,lfw_pairs,dodging_attack,Facenet512,clean,clean,0.7583966255187988
23,VGG-Face,/content/face_module/dataset_extractedfaces/lfw_pairs/Tom Daschle_5.jpg,/content/face_module/dataset_extractedfaces/lfw_pairs/Tom Daschle_6.jpg,lfw_pairs,dodging_attack,Facenet512,clean,clean,0.7583966255187988
23,ArcFace,/content/face_module/dataset_extractedfaces/lfw_pairs/Tom Daschle_5.jpg,/content/face_module/dataset_extractedfaces/lfw_pairs/Tom Daschle_6.jpg,lfw_pairs,dodging_attack,Facenet512,PGD,vanilla,0.6655325889587402
23,ArcFace,/content/face_module/dataset_extractedfaces/lfw_pairs/Tom Daschle_5.jpg,/content/face_module/dataset_extractedfaces/lfw_pairs/Tom Daschle_6.jpg,lfw_pairs,dodging_attack,Facenet512,MI_FGSM,vanilla,0.6330423355102539
23,ArcFace,/content/face_module/dataset_extractedfaces/lfw_pairs/Tom Daschle_5.jpg,/content/face_module/dataset_extractedfaces/lfw_pairs/Tom Daschle_6.jpg,lfw_pairs,dodging_attack,Facenet512,TI_FGSM,vanilla,0.6769260764122009
23,ArcFace,/content/face_module/dataset_extractedfaces/lfw_pairs/Tom Daschle_5.jpg,/content/face_module/dataset_extractedfaces/lfw_pairs/Tom Daschle_6.jpg,lfw_pairs,dodging_attack,Facenet512,SI_NI_FGSM,vanilla,0.559643566608429
23,ArcFace,/content/face_module/dataset_extractedfaces/lfw_pairs/Tom Daschle_5.jpg,/content/face_module/dataset_extractedfaces/lfw_pairs/Tom Daschle_6.jpg,lfw_pairs,dodging_attack,Facenet512,MI_ADMIX_DI_TI,vanilla,0.6183025240898132
23,GhostFaceNet,/content/face_module/dataset_extractedfaces/lfw_pairs/Tom Daschle_5.jpg,/content/face_module/dataset_extractedfaces/lfw_pairs/Tom Daschle_6.jpg,lfw_pairs,dodging_attack,Facenet512,PGD,vanilla,0.7457517385482788
23,GhostFaceNet,/content/face_module/dataset_extractedfaces/lfw_pairs/Tom Daschle_5.jpg,/content/face_module/dataset_extractedfaces/lfw_pairs/Tom Daschle_6.jpg,lfw_pairs,dodging_attack,Facenet512,MI_FGSM,vanilla,0.6668772101402283
23,GhostFaceNet,/content/face_module/dataset_extractedfaces/lfw_pairs/Tom Daschle_5.jpg,/content/face_module/dataset_extractedfaces/lfw_pairs/Tom Daschle_6.jpg,lfw_pairs,dodging_attack,Facenet512,TI_FGSM,vanilla,0.7545267343521118
23,GhostFaceNet,/content/face_module/dataset_extractedfaces/lfw_pairs/Tom Daschle_5.jpg,/content/face_module/dataset_extractedfaces/lfw_pairs/Tom Daschle_6.jpg,lfw_pairs,dodging_attack,Facenet512,SI_NI_FGSM,vanilla,0.6864140629768372
23,GhostFaceNet,/content/face_module/dataset_extractedfaces/lfw_pairs/Tom Daschle_5.jpg,/content/face_module/dataset_extractedfaces/lfw_pairs/Tom Daschle_6.jpg,lfw_pairs,dodging_attack,Facenet512,MI_ADMIX_DI_TI,vanilla,0.7286391258239746
23,VGG-Face,/content/face_module/dataset_extractedfaces/lfw_pairs/Tom Daschle_5.jpg,/content/face_module/dataset_extractedfaces/lfw_pairs/Tom Daschle_6.jpg,lfw_pairs,dodging_attack,Facenet512,PGD,vanilla,0.4334112107753753
23,VGG-Face,/content/face_module/dataset_extractedfaces/lfw_pairs/Tom Daschle_5.jpg,/content/face_module/dataset_extractedfaces/lfw_pairs/Tom Daschle_6.jpg,lfw_pairs,dodging_attack,Facenet512,MI_FGSM,vanilla,0.2762689590454101
23,VGG-Face,/content/face_module/dataset_extractedfaces/lfw_pairs/Tom Daschle_5.jpg,/content/face_module/dataset_extractedfaces/lfw_pairs/Tom Daschle_6.jpg,lfw_pairs,dodging_attack,Facenet512,TI_FGSM,vanilla,0.3554027378559112
23,VGG-Face,/content/face_module/dataset_extractedfaces/lfw_pairs/Tom Daschle_5.jpg,/content/face_module/dataset_extractedfaces/lfw_pairs/Tom Daschle_6.jpg,lfw_pairs,dodging_attack,Facenet512,SI_NI_FGSM,vanilla,0.3302588760852813
23,VGG-Face,/content/face_module/dataset_extractedfaces/lfw_pairs/Tom Daschle_5.jpg,/content/face_module/dataset_extractedfaces/lfw_pairs/Tom Daschle_6.jpg,lfw_pairs,dodging_attack,Facenet512,MI_ADMIX_DI_TI,vanilla,0.2363724261522293
18,ArcFace,/content/face_module/dataset_extractedfaces/celeba_pairs/092809.jpg,/content/face_module/dataset_extractedfaces/celeba_pairs/108708.jpg,celeba_pairs,dodging_attack,Facenet512,clean,clean,0.7128066420555115
18,Facenet512,/content/face_module/dataset_extractedfaces/celeba_pairs/092809.jpg,/content/face_module/dataset_extractedfaces/celeba_pairs/108708.jpg,celeba_pairs,dodging_attack,Facenet512,clean,clean,0.7128066420555115
18,GhostFaceNet,/content/face_module/dataset_extractedfaces/celeba_pairs/092809.jpg,/content/face_module/dataset_extractedfaces/celeba_pairs/108708.jpg,celeba_pairs,dodging_attack,Facenet512,clean,clean,0.7128066420555115
18,VGG-Face,/content/face_module/dataset_extractedfaces/celeba_pairs/092809.jpg,/content/face_module/dataset_extractedfaces/celeba_pairs/108708.jpg,celeba_pairs,dodging_attack,Facenet512,clean,clean,0.7128066420555115
18,ArcFace,/content/face_module/dataset_extractedfaces/celeba_pairs/092809.jpg,/content/face_module/dataset_extractedfaces/celeba_pairs/108708.jpg,celeba_pairs,dodging_attack,Facenet512,PGD,vanilla,0.578941822052002
18,ArcFace,/content/face_module/dataset_extractedfaces/celeba_pairs/092809.jpg,/content/face_module/dataset_extractedfaces/celeba_pairs/108708.jpg,celeba_pairs,dodging_attack,Facenet512,MI_FGSM,vanilla,0.4526786506175995
18,ArcFace,/content/face_module/dataset_extractedfaces/celeba_pairs/092809.jpg,/content/face_module/dataset_extractedfaces/celeba_pairs/108708.jpg,celeba_pairs,dodging_attack,Facenet512,TI_FGSM,vanilla,0.5662528276443481
18,ArcFace,/content/face_module/dataset_extractedfaces/celeba_pairs/092809.jpg,/content/face_module/dataset_extractedfaces/celeba_pairs/108708.jpg,celeba_pairs,dodging_attack,Facenet512,SI_NI_FGSM,vanilla,0.3770679235458374
18,ArcFace,/content/face_module/dataset_extractedfaces/celeba_pairs/092809.jpg,/content/face_module/dataset_extractedfaces/celeba_pairs/108708.jpg,celeba_pairs,dodging_attack,Facenet512,MI_ADMIX_DI_TI,vanilla,0.5231997966766357
18,GhostFaceNet,/content/face_module/dataset_extractedfaces/celeba_pairs/092809.jpg,/content/face_module/dataset_extractedfaces/celeba_pairs/108708.jpg,celeba_pairs,dodging_attack,Facenet512,PGD,vanilla,0.6458636522293091
18,GhostFaceNet,/content/face_module/dataset_extractedfaces/celeba_pairs/092809.jpg,/content/face_module/dataset_extractedfaces/celeba_pairs/108708.jpg,celeba_pairs,dodging_attack,Facenet512,MI_FGSM,vanilla,0.5523669719696045
18,GhostFaceNet,/content/face_module/dataset_extractedfaces/celeba_pairs/092809.jpg,/content/face_module/dataset_extractedfaces/celeba_pairs/108708.jpg,celeba_pairs,dodging_attack,Facenet512,TI_FGSM,vanilla,0.6939904689788818
18,GhostFaceNet,/content/face_module/dataset_extractedfaces/celeba_pairs/092809.jpg,/content/face_module/dataset_extractedfaces/celeba_pairs/108708.jpg,celeba_pairs,dodging_attack,Facenet512,SI_NI_FGSM,vanilla,0.5227014422416687
18,GhostFaceNet,/content/face_module/dataset_extractedfaces/celeba_pairs/092809.jpg,/content/face_module/dataset_extractedfaces/celeba_pairs/108708.jpg,celeba_pairs,dodging_attack,Facenet512,MI_ADMIX_DI_TI,vanilla,0.6572440266609192
18,VGG-Face,/content/face_module/dataset_extractedfaces/celeba_pairs/092809.jpg,/content/face_module/dataset_extractedfaces/celeba_pairs/108708.jpg,celeba_pairs,dodging_attack,Facenet512,PGD,vanilla,0.4342109858989715
18,VGG-Face,/content/face_module/dataset_extractedfaces/celeba_pairs/092809.jpg,/content/face_module/dataset_extractedfaces/celeba_pairs/108708.jpg,celeba_pairs,dodging_attack,Facenet512,MI_FGSM,vanilla,0.3005001246929168
18,VGG-Face,/content/face_module/dataset_extractedfaces/celeba_pairs/092809.jpg,/content/face_module/dataset_extractedfaces/celeba_pairs/108708.jpg,celeba_pairs,dodging_attack,Facenet512,TI_FGSM,vanilla,0.4264601767063141
18,VGG-Face,/content/face_module/dataset_extractedfaces/celeba_pairs/092809.jpg,/content/face_module/dataset_extractedfaces/celeba_pairs/108708.jpg,celeba_pairs,dodging_attack,Facenet512,SI_NI_FGSM,vanilla,0.3891676962375641
18,VGG-Face,/content/face_module/dataset_extractedfaces/celeba_pairs/092809.jpg,/content/face_module/dataset_extractedfaces/celeba_pairs/108708.jpg,celeba_pairs,dodging_attack,Facenet512,MI_ADMIX_DI_TI,vanilla,0.3591690063476562
27,ArcFace,/content/face_module/dataset_extractedfaces/celeba_pairs/023869.jpg,/content/face_module/dataset_extractedfaces/celeba_pairs/024923.jpg,celeba_pairs,dodging_attack,Facenet512,clean,clean,0.8734110593795776
27,Facenet512,/content/face_module/dataset_extractedfaces/celeba_pairs/023869.jpg,/content/face_module/dataset_extractedfaces/celeba_pairs/024923.jpg,celeba_pairs,dodging_attack,Facenet512,clean,clean,0.8734110593795776
27,GhostFaceNet,/content/face_module/dataset_extractedfaces/celeba_pairs/023869.jpg,/content/face_module/dataset_extractedfaces/celeba_pairs/024923.jpg,celeba_pairs,dodging_attack,Facenet512,clean,clean,0.8734110593795776
27,VGG-Face,/content/face_module/dataset_extractedfaces/celeba_pairs/023869.jpg,/content/face_module/dataset_extractedfaces/celeba_pairs/024923.jpg,celeba_pairs,dodging_attack,Facenet512,clean,clean,0.8734110593795776
27,ArcFace,/content/face_module/dataset_extractedfaces/celeba_pairs/023869.jpg,/content/face_module/dataset_extractedfaces/celeba_pairs/024923.jpg,celeba_pairs,dodging_attack,Facenet512,PGD,vanilla,0.7860827445983887
27,ArcFace,/content/face_module/dataset_extractedfaces/celeba_pairs/023869.jpg,/content/face_module/dataset_extractedfaces/celeba_pairs/024923.jpg,celeba_pairs,dodging_attack,Facenet512,MI_FGSM,vanilla,0.6690019369125366
27,ArcFace,/content/face_module/dataset_extractedfaces/celeba_pairs/023869.jpg,/content/face_module/dataset_extractedfaces/celeba_pairs/024923.jpg,celeba_pairs,dodging_attack,Facenet512,TI_FGSM,vanilla,0.7230775356292725
27,ArcFace,/content/face_module/dataset_extractedfaces/celeba_pairs/023869.jpg,/content/face_module/dataset_extractedfaces/celeba_pairs/024923.jpg,celeba_pairs,dodging_attack,Facenet512,SI_NI_FGSM,vanilla,0.5621873736381531
27,ArcFace,/content/face_module/dataset_extractedfaces/celeba_pairs/023869.jpg,/content/face_module/dataset_extractedfaces/celeba_pairs/024923.jpg,celeba_pairs,dodging_attack,Facenet512,MI_ADMIX_DI_TI,vanilla,0.7342842221260071
27,GhostFaceNet,/content/face_module/dataset_extractedfaces/celeba_pairs/023869.jpg,/content/face_module/dataset_extractedfaces/celeba_pairs/024923.jpg,celeba_pairs,dodging_attack,Facenet512,PGD,vanilla,0.7961462736129761
27,GhostFaceNet,/content/face_module/dataset_extractedfaces/celeba_pairs/023869.jpg,/content/face_module/dataset_extractedfaces/celeba_pairs/024923.jpg,celeba_pairs,dodging_attack,Facenet512,MI_FGSM,vanilla,0.7038120031356812
27,GhostFaceNet,/content/face_module/dataset_extractedfaces/celeba_pairs/023869.jpg,/content/face_module/dataset_extractedfaces/celeba_pairs/024923.jpg,celeba_pairs,dodging_attack,Facenet512,TI_FGSM,vanilla,0.7936536073684692
27,GhostFaceNet,/content/face_module/dataset_extractedfaces/celeba_pairs/023869.jpg,/content/face_module/dataset_extractedfaces/celeba_pairs/024923.jpg,celeba_pairs,dodging_attack,Facenet512,SI_NI_FGSM,vanilla,0.6795517206192017
27,GhostFaceNet,/content/face_module/dataset_extractedfaces/celeba_pairs/023869.jpg,/content/face_module/dataset_extractedfaces/celeba_pairs/024923.jpg,celeba_pairs,dodging_attack,Facenet512,MI_ADMIX_DI_TI,vanilla,0.7565267086029053
27,VGG-Face,/content/face_module/dataset_extractedfaces/celeba_pairs/023869.jpg,/content/face_module/dataset_extractedfaces/celeba_pairs/024923.jpg,celeba_pairs,dodging_attack,Facenet512,PGD,vanilla,0.577644944190979
27,VGG-Face,/content/face_module/dataset_extractedfaces/celeba_pairs/023869.jpg,/content/face_module/dataset_extractedfaces/celeba_pairs/024923.jpg,celeba_pairs,dodging_attack,Facenet512,MI_FGSM,vanilla,0.3790850639343261
27,VGG-Face,/content/face_module/dataset_extractedfaces/celeba_pairs/023869.jpg,/content/face_module/dataset_extractedfaces/celeba_pairs/024923.jpg,celeba_pairs,dodging_attack,Facenet512,TI_FGSM,vanilla,0.5146422982215881
27,VGG-Face,/content/face_module/dataset_extractedfaces/celeba_pairs/023869.jpg,/content/face_module/dataset_extractedfaces/celeba_pairs/024923.jpg,celeba_pairs,dodging_attack,Facenet512,SI_NI_FGSM,vanilla,0.4130319654941559
27,VGG-Face,/content/face_module/dataset_extractedfaces/celeba_pairs/023869.jpg,/content/face_module/dataset_extractedfaces/celeba_pairs/024923.jpg,celeba_pairs,dodging_attack,Facenet512,MI_ADMIX_DI_TI,vanilla,0.381844699382782
28,ArcFace,/content/face_module/dataset_extractedfaces/celeba_pairs/130980.jpg,/content/face_module/dataset_extractedfaces/celeba_pairs/147767.jpg,celeba_pairs,dodging_attack,Facenet512,clean,clean,0.7959234118461609
28,Facenet512,/content/face_module/dataset_extractedfaces/celeba_pairs/130980.jpg,/content/face_module/dataset_extractedfaces/celeba_pairs/147767.jpg,celeba_pairs,dodging_attack,Facenet512,clean,clean,0.7959234118461609
28,GhostFaceNet,/content/face_module/dataset_extractedfaces/celeba_pairs/130980.jpg,/content/face_module/dataset_extractedfaces/celeba_pairs/147767.jpg,celeba_pairs,dodging_attack,Facenet512,clean,clean,0.7959234118461609
28,VGG-Face,/content/face_module/dataset_extractedfaces/celeba_pairs/130980.jpg,/content/face_module/dataset_extractedfaces/celeba_pairs/147767.jpg,celeba_pairs,dodging_attack,Facenet512,clean,clean,0.7959234118461609
28,ArcFace,/content/face_module/dataset_extractedfaces/celeba_pairs/130980.jpg,/content/face_module/dataset_extractedfaces/celeba_pairs/147767.jpg,celeba_pairs,dodging_attack,Facenet512,PGD,vanilla,0.6343903541564941
28,ArcFace,/content/face_module/dataset_extractedfaces/celeba_pairs/130980.jpg,/content/face_module/dataset_extractedfaces/celeba_pairs/147767.jpg,celeba_pairs,dodging_attack,Facenet512,MI_FGSM,vanilla,0.5238559246063232
28,ArcFace,/content/face_module/dataset_extractedfaces/celeba_pairs/130980.jpg,/content/face_module/dataset_extractedfaces/celeba_pairs/147767.jpg,celeba_pairs,dodging_attack,Facenet512,TI_FGSM,vanilla,0.560240626335144
28,ArcFace,/content/face_module/dataset_extractedfaces/celeba_pairs/130980.jpg,/content/face_module/dataset_extractedfaces/celeba_pairs/147767.jpg,celeba_pairs,dodging_attack,Facenet512,SI_NI_FGSM,vanilla,0.5348840355873108
28,ArcFace,/content/face_module/dataset_extractedfaces/celeba_pairs/130980.jpg,/content/face_module/dataset_extractedfaces/celeba_pairs/147767.jpg,celeba_pairs,dodging_attack,Facenet512,MI_ADMIX_DI_TI,vanilla,0.5703782439231873
28,GhostFaceNet,/content/face_module/dataset_extractedfaces/celeba_pairs/130980.jpg,/content/face_module/dataset_extractedfaces/celeba_pairs/147767.jpg,celeba_pairs,dodging_attack,Facenet512,PGD,vanilla,0.7017340660095215
28,GhostFaceNet,/content/face_module/dataset_extractedfaces/celeba_pairs/130980.jpg,/content/face_module/dataset_extractedfaces/celeba_pairs/147767.jpg,celeba_pairs,dodging_attack,Facenet512,MI_FGSM,vanilla,0.6500526666641235
28,GhostFaceNet,/content/face_module/dataset_extractedfaces/celeba_pairs/130980.jpg,/content/face_module/dataset_extractedfaces/celeba_pairs/147767.jpg,celeba_pairs,dodging_attack,Facenet512,TI_FGSM,vanilla,0.6827877163887024
28,GhostFaceNet,/content/face_module/dataset_extractedfaces/celeba_pairs/130980.jpg,/content/face_module/dataset_extractedfaces/celeba_pairs/147767.jpg,celeba_pairs,dodging_attack,Facenet512,SI_NI_FGSM,vanilla,0.7032153010368347
28,GhostFaceNet,/content/face_module/dataset_extractedfaces/celeba_pairs/130980.jpg,/content/face_module/dataset_extractedfaces/celeba_pairs/147767.jpg,celeba_pairs,dodging_attack,Facenet512,MI_ADMIX_DI_TI,vanilla,0.6835556626319885
28,VGG-Face,/content/face_module/dataset_extractedfaces/celeba_pairs/130980.jpg,/content/face_module/dataset_extractedfaces/celeba_pairs/147767.jpg,celeba_pairs,dodging_attack,Facenet512,PGD,vanilla,0.60382479429245
28,VGG-Face,/content/face_module/dataset_extractedfaces/celeba_pairs/130980.jpg,/content/face_module/dataset_extractedfaces/celeba_pairs/147767.jpg,celeba_pairs,dodging_attack,Facenet512,MI_FGSM,vanilla,0.5166338086128235
28,VGG-Face,/content/face_module/dataset_extractedfaces/celeba_pairs/130980.jpg,/content/face_module/dataset_extractedfaces/celeba_pairs/147767.jpg,celeba_pairs,dodging_attack,Facenet512,TI_FGSM,vanilla,0.5267332196235657
28,VGG-Face,/content/face_module/dataset_extractedfaces/celeba_pairs/130980.jpg,/content/face_module/dataset_extractedfaces/celeba_pairs/147767.jpg,celeba_pairs,dodging_attack,Facenet512,SI_NI_FGSM,vanilla,0.5128903388977051
28,VGG-Face,/content/face_module/dataset_extractedfaces/celeba_pairs/130980.jpg,/content/face_module/dataset_extractedfaces/celeba_pairs/147767.jpg,celeba_pairs,dodging_attack,Facenet512,MI_ADMIX_DI_TI,vanilla,0.5355859994888306
30,ArcFace,/content/face_module/dataset_extractedfaces/celeba_pairs/042909.jpg,/content/face_module/dataset_extractedfaces/celeba_pairs/048579.jpg,celeba_pairs,dodging_attack,Facenet512,clean,clean,0.7042644619941711
30,Facenet512,/content/face_module/dataset_extractedfaces/celeba_pairs/042909.jpg,/content/face_module/dataset_extractedfaces/celeba_pairs/048579.jpg,celeba_pairs,dodging_attack,Facenet512,clean,clean,0.7042644619941711
30,GhostFaceNet,/content/face_module/dataset_extractedfaces/celeba_pairs/042909.jpg,/content/face_module/dataset_extractedfaces/celeba_pairs/048579.jpg,celeba_pairs,dodging_attack,Facenet512,clean,clean,0.7042644619941711
30,VGG-Face,/content/face_module/dataset_extractedfaces/celeba_pairs/042909.jpg,/content/face_module/dataset_extractedfaces/celeba_pairs/048579.jpg,celeba_pairs,dodging_attack,Facenet512,clean,clean,0.7042644619941711
30,ArcFace,/content/face_module/dataset_extractedfaces/celeba_pairs/042909.jpg,/content/face_module/dataset_extractedfaces/celeba_pairs/048579.jpg,celeba_pairs,dodging_attack,Facenet512,PGD,vanilla,0.4643411636352539
30,ArcFace,/content/face_module/dataset_extractedfaces/celeba_pairs/042909.jpg,/content/face_module/dataset_extractedfaces/celeba_pairs/048579.jpg,celeba_pairs,dodging_attack,Facenet512,MI_FGSM,vanilla,0.2888720035552978
30,ArcFace,/content/face_module/dataset_extractedfaces/celeba_pairs/042909.jpg,/content/face_module/dataset_extractedfaces/celeba_pairs/048579.jpg,celeba_pairs,dodging_attack,Facenet512,TI_FGSM,vanilla,0.2373688817024231
30,ArcFace,/content/face_module/dataset_extractedfaces/celeba_pairs/042909.jpg,/content/face_module/dataset_extractedfaces/celeba_pairs/048579.jpg,celeba_pairs,dodging_attack,Facenet512,SI_NI_FGSM,vanilla,0.2453473657369613
30,ArcFace,/content/face_module/dataset_extractedfaces/celeba_pairs/042909.jpg,/content/face_module/dataset_extractedfaces/celeba_pairs/048579.jpg,celeba_pairs,dodging_attack,Facenet512,MI_ADMIX_DI_TI,vanilla,0.204532116651535
30,GhostFaceNet,/content/face_module/dataset_extractedfaces/celeba_pairs/042909.jpg,/content/face_module/dataset_extractedfaces/celeba_pairs/048579.jpg,celeba_pairs,dodging_attack,Facenet512,PGD,vanilla,0.5197448134422302
30,GhostFaceNet,/content/face_module/dataset_extractedfaces/celeba_pairs/042909.jpg,/content/face_module/dataset_extractedfaces/celeba_pairs/048579.jpg,celeba_pairs,dodging_attack,Facenet512,MI_FGSM,vanilla,0.3171525001525879
30,GhostFaceNet,/content/face_module/dataset_extractedfaces/celeba_pairs/042909.jpg,/content/face_module/dataset_extractedfaces/celeba_pairs/048579.jpg,celeba_pairs,dodging_attack,Facenet512,TI_FGSM,vanilla,0.5286684632301331
30,GhostFaceNet,/content/face_module/dataset_extractedfaces/celeba_pairs/042909.jpg,/content/face_module/dataset_extractedfaces/celeba_pairs/048579.jpg,celeba_pairs,dodging_attack,Facenet512,SI_NI_FGSM,vanilla,0.2819050252437591
30,GhostFaceNet,/content/face_module/dataset_extractedfaces/celeba_pairs/042909.jpg,/content/face_module/dataset_extractedfaces/celeba_pairs/048579.jpg,celeba_pairs,dodging_attack,Facenet512,MI_ADMIX_DI_TI,vanilla,0.5096101760864258
30,VGG-Face,/content/face_module/dataset_extractedfaces/celeba_pairs/042909.jpg,/content/face_module/dataset_extractedfaces/celeba_pairs/048579.jpg,celeba_pairs,dodging_attack,Facenet512,PGD,vanilla,0.1967838853597641
30,VGG-Face,/content/face_module/dataset_extractedfaces/celeba_pairs/042909.jpg,/content/face_module/dataset_extractedfaces/celeba_pairs/048579.jpg,celeba_pairs,dodging_attack,Facenet512,MI_FGSM,vanilla,-0.1046905443072319
30,VGG-Face,/content/face_module/dataset_extractedfaces/celeba_pairs/042909.jpg,/content/face_module/dataset_extractedfaces/celeba_pairs/048579.jpg,celeba_pairs,dodging_attack,Facenet512,TI_FGSM,vanilla,0.116697758436203
30,VGG-Face,/content/face_module/dataset_extractedfaces/celeba_pairs/042909.jpg,/content/face_module/dataset_extractedfaces/celeba_pairs/048579.jpg,celeba_pairs,dodging_attack,Facenet512,SI_NI_FGSM,vanilla,0.0131130069494247
30,VGG-Face,/content/face_module/dataset_extractedfaces/celeba_pairs/042909.jpg,/content/face_module/dataset_extractedfaces/celeba_pairs/048579.jpg,celeba_pairs,dodging_attack,Facenet512,MI_ADMIX_DI_TI,vanilla,-0.0573386363685131
33,ArcFace,/content/face_module/dataset_extractedfaces/celeba_pairs/169016.jpg,/content/face_module/dataset_extractedfaces/celeba_pairs/171037.jpg,celeba_pairs,dodging_attack,Facenet512,clean,clean,0.9276920557022096
33,Facenet512,/content/face_module/dataset_extractedfaces/celeba_pairs/169016.jpg,/content/face_module/dataset_extractedfaces/celeba_pairs/171037.jpg,celeba_pairs,dodging_attack,Facenet512,clean,clean,0.9276920557022096
33,GhostFaceNet,/content/face_module/dataset_extractedfaces/celeba_pairs/169016.jpg,/content/face_module/dataset_extractedfaces/celeba_pairs/171037.jpg,celeba_pairs,dodging_attack,Facenet512,clean,clean,0.9276920557022096
33,VGG-Face,/content/face_module/dataset_extractedfaces/celeba_pairs/169016.jpg,/content/face_module/dataset_extractedfaces/celeba_pairs/171037.jpg,celeba_pairs,dodging_attack,Facenet512,clean,clean,0.9276920557022096
33,ArcFace,/content/face_module/dataset_extractedfaces/celeba_pairs/169016.jpg,/content/face_module/dataset_extractedfaces/celeba_pairs/171037.jpg,celeba_pairs,dodging_attack,Facenet512,PGD,vanilla,0.87325519323349
33,ArcFace,/content/face_module/dataset_extractedfaces/celeba_pairs/169016.jpg,/content/face_module/dataset_extractedfaces/celeba_pairs/171037.jpg,celeba_pairs,dodging_attack,Facenet512,MI_FGSM,vanilla,0.8145871758460999
33,ArcFace,/content/face_module/dataset_extractedfaces/celeba_pairs/169016.jpg,/content/face_module/dataset_extractedfaces/celeba_pairs/171037.jpg,celeba_pairs,dodging_attack,Facenet512,TI_FGSM,vanilla,0.8725516200065613
33,ArcFace,/content/face_module/dataset_extractedfaces/celeba_pairs/169016.jpg,/content/face_module/dataset_extractedfaces/celeba_pairs/171037.jpg,celeba_pairs,dodging_attack,Facenet512,SI_NI_FGSM,vanilla,0.8170089721679688
33,ArcFace,/content/face_module/dataset_extractedfaces/celeba_pairs/169016.jpg,/content/face_module/dataset_extractedfaces/celeba_pairs/171037.jpg,celeba_pairs,dodging_attack,Facenet512,MI_ADMIX_DI_TI,vanilla,0.8553394079208374
33,GhostFaceNet,/content/face_module/dataset_extractedfaces/celeba_pairs/169016.jpg,/content/face_module/dataset_extractedfaces/celeba_pairs/171037.jpg,celeba_pairs,dodging_attack,Facenet512,PGD,vanilla,0.8905317187309265
33,GhostFaceNet,/content/face_module/dataset_extractedfaces/celeba_pairs/169016.jpg,/content/face_module/dataset_extractedfaces/celeba_pairs/171037.jpg,celeba_pairs,dodging_attack,Facenet512,MI_FGSM,vanilla,0.8390013575553894
33,GhostFaceNet,/content/face_module/dataset_extractedfaces/celeba_pairs/169016.jpg,/content/face_module/dataset_extractedfaces/celeba_pairs/171037.jpg,celeba_pairs,dodging_attack,Facenet512,TI_FGSM,vanilla,0.8968012928962708
33,GhostFaceNet,/content/face_module/dataset_extractedfaces/celeba_pairs/169016.jpg,/content/face_module/dataset_extractedfaces/celeba_pairs/171037.jpg,celeba_pairs,dodging_attack,Facenet512,SI_NI_FGSM,vanilla,0.8329920172691345
33,GhostFaceNet,/content/face_module/dataset_extractedfaces/celeba_pairs/169016.jpg,/content/face_module/dataset_extractedfaces/celeba_pairs/171037.jpg,celeba_pairs,dodging_attack,Facenet512,MI_ADMIX_DI_TI,vanilla,0.9038109183311462
33,VGG-Face,/content/face_module/dataset_extractedfaces/celeba_pairs/169016.jpg,/content/face_module/dataset_extractedfaces/celeba_pairs/171037.jpg,celeba_pairs,dodging_attack,Facenet512,PGD,vanilla,0.7877874970436096
33,VGG-Face,/content/face_module/dataset_extractedfaces/celeba_pairs/169016.jpg,/content/face_module/dataset_extractedfaces/celeba_pairs/171037.jpg,celeba_pairs,dodging_attack,Facenet512,MI_FGSM,vanilla,0.6865164041519165
33,VGG-Face,/content/face_module/dataset_extractedfaces/celeba_pairs/169016.jpg,/content/face_module/dataset_extractedfaces/celeba_pairs/171037.jpg,celeba_pairs,dodging_attack,Facenet512,TI_FGSM,vanilla,0.775494396686554
33,VGG-Face,/content/face_module/dataset_extractedfaces/celeba_pairs/169016.jpg,/content/face_module/dataset_extractedfaces/celeba_pairs/171037.jpg,celeba_pairs,dodging_attack,Facenet512,SI_NI_FGSM,vanilla,0.7253683805465698
33,VGG-Face,/content/face_module/dataset_extractedfaces/celeba_pairs/169016.jpg,/content/face_module/dataset_extractedfaces/celeba_pairs/171037.jpg,celeba_pairs,dodging_attack,Facenet512,MI_ADMIX_DI_TI,vanilla,0.76671302318573
1,ArcFace,/content/face_module/dataset_extractedfaces/vggface2_pairs/n000007_0113_01.jpg,/content/face_module/dataset_extractedfaces/vggface2_pairs/n000007_0122_01.jpg,vggface2_pairs,dodging_attack,Facenet512,clean,clean,0.8227946758270264
1,Facenet512,/content/face_module/dataset_extractedfaces/vggface2_pairs/n000007_0113_01.jpg,/content/face_module/dataset_extractedfaces/vggface2_pairs/n000007_0122_01.jpg,vggface2_pairs,dodging_attack,Facenet512,clean,clean,0.8227946758270264
1,GhostFaceNet,/content/face_module/dataset_extractedfaces/vggface2_pairs/n000007_0113_01.jpg,/content/face_module/dataset_extractedfaces/vggface2_pairs/n000007_0122_01.jpg,vggface2_pairs,dodging_attack,Facenet512,clean,clean,0.8227946758270264
1,VGG-Face,/content/face_module/dataset_extractedfaces/vggface2_pairs/n000007_0113_01.jpg,/content/face_module/dataset_extractedfaces/vggface2_pairs/n000007_0122_01.jpg,vggface2_pairs,dodging_attack,Facenet512,clean,clean,0.8227946758270264
1,ArcFace,/content/face_module/dataset_extractedfaces/vggface2_pairs/n000007_0113_01.jpg,/content/face_module/dataset_extractedfaces/vggface2_pairs/n000007_0122_01.jpg,vggface2_pairs,dodging_attack,Facenet512,PGD,vanilla,0.7971355319023132
1,ArcFace,/content/face_module/dataset_extractedfaces/vggface2_pairs/n000007_0113_01.jpg,/content/face_module/dataset_extractedfaces/vggface2_pairs/n000007_0122_01.jpg,vggface2_pairs,dodging_attack,Facenet512,MI_FGSM,vanilla,0.6515635251998901
1,ArcFace,/content/face_module/dataset_extractedfaces/vggface2_pairs/n000007_0113_01.jpg,/content/face_module/dataset_extractedfaces/vggface2_pairs/n000007_0122_01.jpg,vggface2_pairs,dodging_attack,Facenet512,TI_FGSM,vanilla,0.7135008573532104
1,ArcFace,/content/face_module/dataset_extractedfaces/vggface2_pairs/n000007_0113_01.jpg,/content/face_module/dataset_extractedfaces/vggface2_pairs/n000007_0122_01.jpg,vggface2_pairs,dodging_attack,Facenet512,SI_NI_FGSM,vanilla,0.6261703968048096
1,ArcFace,/content/face_module/dataset_extractedfaces/vggface2_pairs/n000007_0113_01.jpg,/content/face_module/dataset_extractedfaces/vggface2_pairs/n000007_0122_01.jpg,vggface2_pairs,dodging_attack,Facenet512,MI_ADMIX_DI_TI,vanilla,0.6713559031486511
1,GhostFaceNet,/content/face_module/dataset_extractedfaces/vggface2_pairs/n000007_0113_01.jpg,/content/face_module/dataset_extractedfaces/vggface2_pairs/n000007_0122_01.jpg,vggface2_pairs,dodging_attack,Facenet512,PGD,vanilla,0.8337666988372803
1,GhostFaceNet,/content/face_module/dataset_extractedfaces/vggface2_pairs/n000007_0113_01.jpg,/content/face_module/dataset_extractedfaces/vggface2_pairs/n000007_0122_01.jpg,vggface2_pairs,dodging_attack,Facenet512,MI_FGSM,vanilla,0.8197677135467529
1,GhostFaceNet,/content/face_module/dataset_extractedfaces/vggface2_pairs/n000007_0113_01.jpg,/content/face_module/dataset_extractedfaces/vggface2_pairs/n000007_0122_01.jpg,vggface2_pairs,dodging_attack,Facenet512,TI_FGSM,vanilla,0.8033825159072876
1,GhostFaceNet,/content/face_module/dataset_extractedfaces/vggface2_pairs/n000007_0113_01.jpg,/content/face_module/dataset_extractedfaces/vggface2_pairs/n000007_0122_01.jpg,vggface2_pairs,dodging_attack,Facenet512,SI_NI_FGSM,vanilla,0.8065989017486572
1,GhostFaceNet,/content/face_module/dataset_extractedfaces/vggface2_pairs/n000007_0113_01.jpg,/content/face_module/dataset_extractedfaces/vggface2_pairs/n000007_0122_01.jpg,vggface2_pairs,dodging_attack,Facenet512,MI_ADMIX_DI_TI,vanilla,0.7695255279541016
1,VGG-Face,/content/face_module/dataset_extractedfaces/vggface2_pairs/n000007_0113_01.jpg,/content/face_module/dataset_extractedfaces/vggface2_pairs/n000007_0122_01.jpg,vggface2_pairs,dodging_attack,Facenet512,PGD,vanilla,0.3431460857391357
1,VGG-Face,/content/face_module/dataset_extractedfaces/vggface2_pairs/n000007_0113_01.jpg,/content/face_module/dataset_extractedfaces/vggface2_pairs/n000007_0122_01.jpg,vggface2_pairs,dodging_attack,Facenet512,MI_FGSM,vanilla,0.0113218957558274
1,VGG-Face,/content/face_module/dataset_extractedfaces/vggface2_pairs/n000007_0113_01.jpg,/content/face_module/dataset_extractedfaces/vggface2_pairs/n000007_0122_01.jpg,vggface2_pairs,dodging_attack,Facenet512,TI_FGSM,vanilla,0.1532421112060547
1,VGG-Face,/content/face_module/dataset_extractedfaces/vggface2_pairs/n000007_0113_01.jpg,/content/face_module/dataset_extractedfaces/vggface2_pairs/n000007_0122_01.jpg,vggface2_pairs,dodging_attack,Facenet512,SI_NI_FGSM,vanilla,0.0873023867607116
1,VGG-Face,/content/face_module/dataset_extractedfaces/vggface2_pairs/n000007_0113_01.jpg,/content/face_module/dataset_extractedfaces/vggface2_pairs/n000007_0122_01.jpg,vggface2_pairs,dodging_attack,Facenet512,MI_ADMIX_DI_TI,vanilla,0.0602670907974243
4,ArcFace,/content/face_module/dataset_extractedfaces/vggface2_pairs/n000008_0256_01.jpg,/content/face_module/dataset_extractedfaces/vggface2_pairs/n000008_0348_01.jpg,vggface2_pairs,dodging_attack,Facenet512,clean,clean,0.5209457278251648
4,Facenet512,/content/face_module/dataset_extractedfaces/vggface2_pairs/n000008_0256_01.jpg,/content/face_module/dataset_extractedfaces/vggface2_pairs/n000008_0348_01.jpg,vggface2_pairs,dodging_attack,Facenet512,clean,clean,0.5209457278251648
4,GhostFaceNet,/content/face_module/dataset_extractedfaces/vggface2_pairs/n000008_0256_01.jpg,/content/face_module/dataset_extractedfaces/vggface2_pairs/n000008_0348_01.jpg,vggface2_pairs,dodging_attack,Facenet512,clean,clean,0.5209457278251648
4,VGG-Face,/content/face_module/dataset_extractedfaces/vggface2_pairs/n000008_0256_01.jpg,/content/face_module/dataset_extractedfaces/vggface2_pairs/n000008_0348_01.jpg,vggface2_pairs,dodging_attack,Facenet512,clean,clean,0.5209457278251648
4,ArcFace,/content/face_module/dataset_extractedfaces/vggface2_pairs/n000008_0256_01.jpg,/content/face_module/dataset_extractedfaces/vggface2_pairs/n000008_0348_01.jpg,vggface2_pairs,dodging_attack,Facenet512,PGD,vanilla,0.4727292060852051
4,ArcFace,/content/face_module/dataset_extractedfaces/vggface2_pairs/n000008_0256_01.jpg,/content/face_module/dataset_extractedfaces/vggface2_pairs/n000008_0348_01.jpg,vggface2_pairs,dodging_attack,Facenet512,MI_FGSM,vanilla,0.4340252876281738
4,ArcFace,/content/face_module/dataset_extractedfaces/vggface2_pairs/n000008_0256_01.jpg,/content/face_module/dataset_extractedfaces/vggface2_pairs/n000008_0348_01.jpg,vggface2_pairs,dodging_attack,Facenet512,TI_FGSM,vanilla,0.4852324724197387
4,ArcFace,/content/face_module/dataset_extractedfaces/vggface2_pairs/n000008_0256_01.jpg,/content/face_module/dataset_extractedfaces/vggface2_pairs/n000008_0348_01.jpg,vggface2_pairs,dodging_attack,Facenet512,SI_NI_FGSM,vanilla,0.3451116383075714
4,ArcFace,/content/face_module/dataset_extractedfaces/vggface2_pairs/n000008_0256_01.jpg,/content/face_module/dataset_extractedfaces/vggface2_pairs/n000008_0348_01.jpg,vggface2_pairs,dodging_attack,Facenet512,MI_ADMIX_DI_TI,vanilla,0.4644294381141662
4,GhostFaceNet,/content/face_module/dataset_extractedfaces/vggface2_pairs/n000008_0256_01.jpg,/content/face_module/dataset_extractedfaces/vggface2_pairs/n000008_0348_01.jpg,vggface2_pairs,dodging_attack,Facenet512,PGD,vanilla,0.5324804186820984
4,GhostFaceNet,/content/face_module/dataset_extractedfaces/vggface2_pairs/n000008_0256_01.jpg,/content/face_module/dataset_extractedfaces/vggface2_pairs/n000008_0348_01.jpg,vggface2_pairs,dodging_attack,Facenet512,MI_FGSM,vanilla,0.5487431883811951
4,GhostFaceNet,/content/face_module/dataset_extractedfaces/vggface2_pairs/n000008_0256_01.jpg,/content/face_module/dataset_extractedfaces/vggface2_pairs/n000008_0348_01.jpg,vggface2_pairs,dodging_attack,Facenet512,TI_FGSM,vanilla,0.5278714895248413
4,GhostFaceNet,/content/face_module/dataset_extractedfaces/vggface2_pairs/n000008_0256_01.jpg,/content/face_module/dataset_extractedfaces/vggface2_pairs/n000008_0348_01.jpg,vggface2_pairs,dodging_attack,Facenet512,SI_NI_FGSM,vanilla,0.4876998662948608
4,GhostFaceNet,/content/face_module/dataset_extractedfaces/vggface2_pairs/n000008_0256_01.jpg,/content/face_module/dataset_extractedfaces/vggface2_pairs/n000008_0348_01.jpg,vggface2_pairs,dodging_attack,Facenet512,MI_ADMIX_DI_TI,vanilla,0.5226455926895142
4,VGG-Face,/content/face_module/dataset_extractedfaces/vggface2_pairs/n000008_0256_01.jpg,/content/face_module/dataset_extractedfaces/vggface2_pairs/n000008_0348_01.jpg,vggface2_pairs,dodging_attack,Facenet512,PGD,vanilla,0.2999935448169708
4,VGG-Face,/content/face_module/dataset_extractedfaces/vggface2_pairs/n000008_0256_01.jpg,/content/face_module/dataset_extractedfaces/vggface2_pairs/n000008_0348_01.jpg,vggface2_pairs,dodging_attack,Facenet512,MI_FGSM,vanilla,0.2209138125181198
4,VGG-Face,/content/face_module/dataset_extractedfaces/vggface2_pairs/n000008_0256_01.jpg,/content/face_module/dataset_extractedfaces/vggface2_pairs/n000008_0348_01.jpg,vggface2_pairs,dodging_attack,Facenet512,TI_FGSM,vanilla,0.3137438893318176
4,VGG-Face,/content/face_module/dataset_extractedfaces/vggface2_pairs/n000008_0256_01.jpg,/content/face_module/dataset_extractedfaces/vggface2_pairs/n000008_0348_01.jpg,vggface2_pairs,dodging_attack,Facenet512,SI_NI_FGSM,vanilla,0.1813040971755981
4,VGG-Face,/content/face_module/dataset_extractedfaces/vggface2_pairs/n000008_0256_01.jpg,/content/face_module/dataset_extractedfaces/vggface2_pairs/n000008_0348_01.jpg,vggface2_pairs,dodging_attack,Facenet512,MI_ADMIX_DI_TI,vanilla,0.3054353892803192
7,ArcFace,/content/face_module/dataset_extractedfaces/vggface2_pairs/n000010_0058_01.jpg,/content/face_module/dataset_extractedfaces/vggface2_pairs/n000010_0081_01.jpg,vggface2_pairs,dodging_attack,Facenet512,clean,clean,0.6818406581878662
7,Facenet512,/content/face_module/dataset_extractedfaces/vggface2_pairs/n000010_0058_01.jpg,/content/face_module/dataset_extractedfaces/vggface2_pairs/n000010_0081_01.jpg,vggface2_pairs,dodging_attack,Facenet512,clean,clean,0.6818406581878662
7,GhostFaceNet,/content/face_module/dataset_extractedfaces/vggface2_pairs/n000010_0058_01.jpg,/content/face_module/dataset_extractedfaces/vggface2_pairs/n000010_0081_01.jpg,vggface2_pairs,dodging_attack,Facenet512,clean,clean,0.6818406581878662
7,VGG-Face,/content/face_module/dataset_extractedfaces/vggface2_pairs/n000010_0058_01.jpg,/content/face_module/dataset_extractedfaces/vggface2_pairs/n000010_0081_01.jpg,vggface2_pairs,dodging_attack,Facenet512,clean,clean,0.6818406581878662
7,ArcFace,/content/face_module/dataset_extractedfaces/vggface2_pairs/n000010_0058_01.jpg,/content/face_module/dataset_extractedfaces/vggface2_pairs/n000010_0081_01.jpg,vggface2_pairs,dodging_attack,Facenet512,PGD,vanilla,0.552449107170105
7,ArcFace,/content/face_module/dataset_extractedfaces/vggface2_pairs/n000010_0058_01.jpg,/content/face_module/dataset_extractedfaces/vggface2_pairs/n000010_0081_01.jpg,vggface2_pairs,dodging_attack,Facenet512,MI_FGSM,vanilla,0.3876470327377319
7,ArcFace,/content/face_module/dataset_extractedfaces/vggface2_pairs/n000010_0058_01.jpg,/content/face_module/dataset_extractedfaces/vggface2_pairs/n000010_0081_01.jpg,vggface2_pairs,dodging_attack,Facenet512,TI_FGSM,vanilla,0.5006320476531982
7,ArcFace,/content/face_module/dataset_extractedfaces/vggface2_pairs/n000010_0058_01.jpg,/content/face_module/dataset_extractedfaces/vggface2_pairs/n000010_0081_01.jpg,vggface2_pairs,dodging_attack,Facenet512,SI_NI_FGSM,vanilla,0.2853899598121643
7,ArcFace,/content/face_module/dataset_extractedfaces/vggface2_pairs/n000010_0058_01.jpg,/content/face_module/dataset_extractedfaces/vggface2_pairs/n000010_0081_01.jpg,vggface2_pairs,dodging_attack,Facenet512,MI_ADMIX_DI_TI,vanilla,0.5374045968055725
7,GhostFaceNet,/content/face_module/dataset_extractedfaces/vggface2_pairs/n000010_0058_01.jpg,/content/face_module/dataset_extractedfaces/vggface2_pairs/n000010_0081_01.jpg,vggface2_pairs,dodging_attack,Facenet512,PGD,vanilla,0.568286657333374
7,GhostFaceNet,/content/face_module/dataset_extractedfaces/vggface2_pairs/n000010_0058_01.jpg,/content/face_module/dataset_extractedfaces/vggface2_pairs/n000010_0081_01.jpg,vggface2_pairs,dodging_attack,Facenet512,MI_FGSM,vanilla,0.5205790996551514
7,GhostFaceNet,/content/face_module/dataset_extractedfaces/vggface2_pairs/n000010_0058_01.jpg,/content/face_module/dataset_extractedfaces/vggface2_pairs/n000010_0081_01.jpg,vggface2_pairs,dodging_attack,Facenet512,TI_FGSM,vanilla,0.5915415287017822
7,GhostFaceNet,/content/face_module/dataset_extractedfaces/vggface2_pairs/n000010_0058_01.jpg,/content/face_module/dataset_extractedfaces/vggface2_pairs/n000010_0081_01.jpg,vggface2_pairs,dodging_attack,Facenet512,SI_NI_FGSM,vanilla,0.4713245034217834
7,GhostFaceNet,/content/face_module/dataset_extractedfaces/vggface2_pairs/n000010_0058_01.jpg,/content/face_module/dataset_extractedfaces/vggface2_pairs/n000010_0081_01.jpg,vggface2_pairs,dodging_attack,Facenet512,MI_ADMIX_DI_TI,vanilla,0.5374237298965454
7,VGG-Face,/content/face_module/dataset_extractedfaces/vggface2_pairs/n000010_0058_01.jpg,/content/face_module/dataset_extractedfaces/vggface2_pairs/n000010_0081_01.jpg,vggface2_pairs,dodging_attack,Facenet512,PGD,vanilla,0.3566412925720215
7,VGG-Face,/content/face_module/dataset_extractedfaces/vggface2_pairs/n000010_0058_01.jpg,/content/face_module/dataset_extractedfaces/vggface2_pairs/n000010_0081_01.jpg,vggface2_pairs,dodging_attack,Facenet512,MI_FGSM,vanilla,0.1946173906326294
7,VGG-Face,/content/face_module/dataset_extractedfaces/vggface2_pairs/n000010_0058_01.jpg,/content/face_module/dataset_extractedfaces/vggface2_pairs/n000010_0081_01.jpg,vggface2_pairs,dodging_attack,Facenet512,TI_FGSM,vanilla,0.3775590658187866
7,VGG-Face,/content/face_module/dataset_extractedfaces/vggface2_pairs/n000010_0058_01.jpg,/content/face_module/dataset_extractedfaces/vggface2_pairs/n000010_0081_01.jpg,vggface2_pairs,dodging_attack,Facenet512,SI_NI_FGSM,vanilla,0.2051380723714828
7,VGG-Face,/content/face_module/dataset_extractedfaces/vggface2_pairs/n000010_0058_01.jpg,/content/face_module/dataset_extractedfaces/vggface2_pairs/n000010_0081_01.jpg,vggface2_pairs,dodging_attack,Facenet512,MI_ADMIX_DI_TI,vanilla,0.3488801121711731
10,ArcFace,/content/face_module/dataset_extractedfaces/vggface2_pairs/n000005_0022_01.jpg,/content/face_module/dataset_extractedfaces/vggface2_pairs/n000005_0076_01.jpg,vggface2_pairs,dodging_attack,Facenet512,clean,clean,0.7888361811637878
10,Facenet512,/content/face_module/dataset_extractedfaces/vggface2_pairs/n000005_0022_01.jpg,/content/face_module/dataset_extractedfaces/vggface2_pairs/n000005_0076_01.jpg,vggface2_pairs,dodging_attack,Facenet512,clean,clean,0.7888361811637878
10,GhostFaceNet,/content/face_module/dataset_extractedfaces/vggface2_pairs/n000005_0022_01.jpg,/content/face_module/dataset_extractedfaces/vggface2_pairs/n000005_0076_01.jpg,vggface2_pairs,dodging_attack,Facenet512,clean,clean,0.7888361811637878
10,VGG-Face,/content/face_module/dataset_extractedfaces/vggface2_pairs/n000005_0022_01.jpg,/content/face_module/dataset_extractedfaces/vggface2_pairs/n000005_0076_01.jpg,vggface2_pairs,dodging_attack,Facenet512,clean,clean,0.7888361811637878
10,ArcFace,/content/face_module/dataset_extractedfaces/vggface2_pairs/n000005_0022_01.jpg,/content/face_module/dataset_extractedfaces/vggface2_pairs/n000005_0076_01.jpg,vggface2_pairs,dodging_attack,Facenet512,PGD,vanilla,0.7578111886978149
10,ArcFace,/content/face_module/dataset_extractedfaces/vggface2_pairs/n000005_0022_01.jpg,/content/face_module/dataset_extractedfaces/vggface2_pairs/n000005_0076_01.jpg,vggface2_pairs,dodging_attack,Facenet512,MI_FGSM,vanilla,0.6285651922225952
10,ArcFace,/content/face_module/dataset_extractedfaces/vggface2_pairs/n000005_0022_01.jpg,/content/face_module/dataset_extractedfaces/vggface2_pairs/n000005_0076_01.jpg,vggface2_pairs,dodging_attack,Facenet512,TI_FGSM,vanilla,0.6707668304443359
10,ArcFace,/content/face_module/dataset_extractedfaces/vggface2_pairs/n000005_0022_01.jpg,/content/face_module/dataset_extractedfaces/vggface2_pairs/n000005_0076_01.jpg,vggface2_pairs,dodging_attack,Facenet512,SI_NI_FGSM,vanilla,0.6116865277290344
10,ArcFace,/content/face_module/dataset_extractedfaces/vggface2_pairs/n000005_0022_01.jpg,/content/face_module/dataset_extractedfaces/vggface2_pairs/n000005_0076_01.jpg,vggface2_pairs,dodging_attack,Facenet512,MI_ADMIX_DI_TI,vanilla,0.666039228439331
10,GhostFaceNet,/content/face_module/dataset_extractedfaces/vggface2_pairs/n000005_0022_01.jpg,/content/face_module/dataset_extractedfaces/vggface2_pairs/n000005_0076_01.jpg,vggface2_pairs,dodging_attack,Facenet512,PGD,vanilla,0.7370193600654602
10,GhostFaceNet,/content/face_module/dataset_extractedfaces/vggface2_pairs/n000005_0022_01.jpg,/content/face_module/dataset_extractedfaces/vggface2_pairs/n000005_0076_01.jpg,vggface2_pairs,dodging_attack,Facenet512,MI_FGSM,vanilla,0.7073033452033997
10,GhostFaceNet,/content/face_module/dataset_extractedfaces/vggface2_pairs/n000005_0022_01.jpg,/content/face_module/dataset_extractedfaces/vggface2_pairs/n000005_0076_01.jpg,vggface2_pairs,dodging_attack,Facenet512,TI_FGSM,vanilla,0.7416203618049622
10,GhostFaceNet,/content/face_module/dataset_extractedfaces/vggface2_pairs/n000005_0022_01.jpg,/content/face_module/dataset_extractedfaces/vggface2_pairs/n000005_0076_01.jpg,vggface2_pairs,dodging_attack,Facenet512,SI_NI_FGSM,vanilla,0.7298866510391235
10,GhostFaceNet,/content/face_module/dataset_extractedfaces/vggface2_pairs/n000005_0022_01.jpg,/content/face_module/dataset_extractedfaces/vggface2_pairs/n000005_0076_01.jpg,vggface2_pairs,dodging_attack,Facenet512,MI_ADMIX_DI_TI,vanilla,0.7642654776573181
10,VGG-Face,/content/face_module/dataset_extractedfaces/vggface2_pairs/n000005_0022_01.jpg,/content/face_module/dataset_extractedfaces/vggface2_pairs/n000005_0076_01.jpg,vggface2_pairs,dodging_attack,Facenet512,PGD,vanilla,0.5954593420028687
10,VGG-Face,/content/face_module/dataset_extractedfaces/vggface2_pairs/n000005_0022_01.jpg,/content/face_module/dataset_extractedfaces/vggface2_pairs/n000005_0076_01.jpg,vggface2_pairs,dodging_attack,Facenet512,MI_FGSM,vanilla,0.447934091091156
10,VGG-Face,/content/face_module/dataset_extractedfaces/vggface2_pairs/n000005_0022_01.jpg,/content/face_module/dataset_extractedfaces/vggface2_pairs/n000005_0076_01.jpg,vggface2_pairs,dodging_attack,Facenet512,TI_FGSM,vanilla,0.5561636090278625
10,VGG-Face,/content/face_module/dataset_extractedfaces/vggface2_pairs/n000005_0022_01.jpg,/content/face_module/dataset_extractedfaces/vggface2_pairs/n000005_0076_01.jpg,vggface2_pairs,dodging_attack,Facenet512,SI_NI_FGSM,vanilla,0.4662754237651825
10,VGG-Face,/content/face_module/dataset_extractedfaces/vggface2_pairs/n000005_0022_01.jpg,/content/face_module/dataset_extractedfaces/vggface2_pairs/n000005_0076_01.jpg,vggface2_pairs,dodging_attack,Facenet512,MI_ADMIX_DI_TI,vanilla,0.4792373478412628
11,ArcFace,/content/face_module/dataset_extractedfaces/vggface2_pairs/n000007_0176_01.jpg,/content/face_module/dataset_extractedfaces/vggface2_pairs/n000007_0335_03.jpg,vggface2_pairs,dodging_attack,Facenet512,clean,clean,0.7133799195289612
11,Facenet512,/content/face_module/dataset_extractedfaces/vggface2_pairs/n000007_0176_01.jpg,/content/face_module/dataset_extractedfaces/vggface2_pairs/n000007_0335_03.jpg,vggface2_pairs,dodging_attack,Facenet512,clean,clean,0.7133799195289612
11,GhostFaceNet,/content/face_module/dataset_extractedfaces/vggface2_pairs/n000007_0176_01.jpg,/content/face_module/dataset_extractedfaces/vggface2_pairs/n000007_0335_03.jpg,vggface2_pairs,dodging_attack,Facenet512,clean,clean,0.7133799195289612
11,VGG-Face,/content/face_module/dataset_extractedfaces/vggface2_pairs/n000007_0176_01.jpg,/content/face_module/dataset_extractedfaces/vggface2_pairs/n000007_0335_03.jpg,vggface2_pairs,dodging_attack,Facenet512,clean,clean,0.7133799195289612
11,ArcFace,/content/face_module/dataset_extractedfaces/vggface2_pairs/n000007_0176_01.jpg,/content/face_module/dataset_extractedfaces/vggface2_pairs/n000007_0335_03.jpg,vggface2_pairs,dodging_attack,Facenet512,PGD,vanilla,0.6797031164169312
11,ArcFace,/content/face_module/dataset_extractedfaces/vggface2_pairs/n000007_0176_01.jpg,/content/face_module/dataset_extractedfaces/vggface2_pairs/n000007_0335_03.jpg,vggface2_pairs,dodging_attack,Facenet512,MI_FGSM,vanilla,0.6402269601821899
11,ArcFace,/content/face_module/dataset_extractedfaces/vggface2_pairs/n000007_0176_01.jpg,/content/face_module/dataset_extractedfaces/vggface2_pairs/n000007_0335_03.jpg,vggface2_pairs,dodging_attack,Facenet512,TI_FGSM,vanilla,0.6762506365776062
11,ArcFace,/content/face_module/dataset_extractedfaces/vggface2_pairs/n000007_0176_01.jpg,/content/face_module/dataset_extractedfaces/vggface2_pairs/n000007_0335_03.jpg,vggface2_pairs,dodging_attack,Facenet512,SI_NI_FGSM,vanilla,0.583692193031311
11,ArcFace,/content/face_module/dataset_extractedfaces/vggface2_pairs/n000007_0176_01.jpg,/content/face_module/dataset_extractedfaces/vggface2_pairs/n000007_0335_03.jpg,vggface2_pairs,dodging_attack,Facenet512,MI_ADMIX_DI_TI,vanilla,0.636083722114563
11,GhostFaceNet,/content/face_module/dataset_extractedfaces/vggface2_pairs/n000007_0176_01.jpg,/content/face_module/dataset_extractedfaces/vggface2_pairs/n000007_0335_03.jpg,vggface2_pairs,dodging_attack,Facenet512,PGD,vanilla,0.6562700867652893
11,GhostFaceNet,/content/face_module/dataset_extractedfaces/vggface2_pairs/n000007_0176_01.jpg,/content/face_module/dataset_extractedfaces/vggface2_pairs/n000007_0335_03.jpg,vggface2_pairs,dodging_attack,Facenet512,MI_FGSM,vanilla,0.5834689140319824
11,GhostFaceNet,/content/face_module/dataset_extractedfaces/vggface2_pairs/n000007_0176_01.jpg,/content/face_module/dataset_extractedfaces/vggface2_pairs/n000007_0335_03.jpg,vggface2_pairs,dodging_attack,Facenet512,TI_FGSM,vanilla,0.6847004294395447
11,GhostFaceNet,/content/face_module/dataset_extractedfaces/vggface2_pairs/n000007_0176_01.jpg,/content/face_module/dataset_extractedfaces/vggface2_pairs/n000007_0335_03.jpg,vggface2_pairs,dodging_attack,Facenet512,SI_NI_FGSM,vanilla,0.5503435134887695
11,GhostFaceNet,/content/face_module/dataset_extractedfaces/vggface2_pairs/n000007_0176_01.jpg,/content/face_module/dataset_extractedfaces/vggface2_pairs/n000007_0335_03.jpg,vggface2_pairs,dodging_attack,Facenet512,MI_ADMIX_DI_TI,vanilla,0.701234757900238
11,VGG-Face,/content/face_module/dataset_extractedfaces/vggface2_pairs/n000007_0176_01.jpg,/content/face_module/dataset_extractedfaces/vggface2_pairs/n000007_0335_03.jpg,vggface2_pairs,dodging_attack,Facenet512,PGD,vanilla,0.4605824947357178
11,VGG-Face,/content/face_module/dataset_extractedfaces/vggface2_pairs/n000007_0176_01.jpg,/content/face_module/dataset_extractedfaces/vggface2_pairs/n000007_0335_03.jpg,vggface2_pairs,dodging_attack,Facenet512,MI_FGSM,vanilla,0.1515706330537796
11,VGG-Face,/content/face_module/dataset_extractedfaces/vggface2_pairs/n000007_0176_01.jpg,/content/face_module/dataset_extractedfaces/vggface2_pairs/n000007_0335_03.jpg,vggface2_pairs,dodging_attack,Facenet512,TI_FGSM,vanilla,0.3678088784217834
11,VGG-Face,/content/face_module/dataset_extractedfaces/vggface2_pairs/n000007_0176_01.jpg,/content/face_module/dataset_extractedfaces/vggface2_pairs/n000007_0335_03.jpg,vggface2_pairs,dodging_attack,Facenet512,SI_NI_FGSM,vanilla,0.2820460796356201
11,VGG-Face,/content/face_module/dataset_extractedfaces/vggface2_pairs/n000007_0176_01.jpg,/content/face_module/dataset_extractedfaces/vggface2_pairs/n000007_0335_03.jpg,vggface2_pairs,dodging_attack,Facenet512,MI_ADMIX_DI_TI,vanilla,0.2241022735834121
0,ArcFace,/content/face_module/dataset_extractedfaces/lfw_pairs/Renee Zellweger_1.jpg,/content/face_module/dataset_extractedfaces/lfw_pairs/Catherine Deneuve_2.jpg,lfw_pairs,impersonation_attack,ArcFace,clean,clean,0.211386889219284
0,Facenet512,/content/face_module/dataset_extractedfaces/lfw_pairs/Renee Zellweger_1.jpg,/content/face_module/dataset_extractedfaces/lfw_pairs/Catherine Deneuve_2.jpg,lfw_pairs,impersonation_attack,ArcFace,clean,clean,0.211386889219284
0,GhostFaceNet,/content/face_module/dataset_extractedfaces/lfw_pairs/Renee Zellweger_1.jpg,/content/face_module/dataset_extractedfaces/lfw_pairs/Catherine Deneuve_2.jpg,lfw_pairs,impersonation_attack,ArcFace,clean,clean,0.211386889219284
0,VGG-Face,/content/face_module/dataset_extractedfaces/lfw_pairs/Renee Zellweger_1.jpg,/content/face_module/dataset_extractedfaces/lfw_pairs/Catherine Deneuve_2.jpg,lfw_pairs,impersonation_attack,ArcFace,clean,clean,0.211386889219284
0,Facenet512,/content/face_module/dataset_extractedfaces/lfw_pairs/Renee Zellweger_1.jpg,/content/face_module/dataset_extractedfaces/lfw_pairs/Catherine Deneuve_2.jpg,lfw_pairs,impersonation_attack,ArcFace,PGD,vanilla,0.4731300473213196
0,Facenet512,/content/face_module/dataset_extractedfaces/lfw_pairs/Renee Zellweger_1.jpg,/content/face_module/dataset_extractedfaces/lfw_pairs/Catherine Deneuve_2.jpg,lfw_pairs,impersonation_attack,ArcFace,MI_FGSM,vanilla,0.4877825677394867
0,Facenet512,/content/face_module/dataset_extractedfaces/lfw_pairs/Renee Zellweger_1.jpg,/content/face_module/dataset_extractedfaces/lfw_pairs/Catherine Deneuve_2.jpg,lfw_pairs,impersonation_attack,ArcFace,TI_FGSM,vanilla,0.4242787957191467
0,Facenet512,/content/face_module/dataset_extractedfaces/lfw_pairs/Renee Zellweger_1.jpg,/content/face_module/dataset_extractedfaces/lfw_pairs/Catherine Deneuve_2.jpg,lfw_pairs,impersonation_attack,ArcFace,SI_NI_FGSM,vanilla,0.5298627018928528
0,Facenet512,/content/face_module/dataset_extractedfaces/lfw_pairs/Renee Zellweger_1.jpg,/content/face_module/dataset_extractedfaces/lfw_pairs/Catherine Deneuve_2.jpg,lfw_pairs,impersonation_attack,ArcFace,MI_ADMIX_DI_TI,vanilla,0.5123964548110962
0,GhostFaceNet,/content/face_module/dataset_extractedfaces/lfw_pairs/Renee Zellweger_1.jpg,/content/face_module/dataset_extractedfaces/lfw_pairs/Catherine Deneuve_2.jpg,lfw_pairs,impersonation_attack,ArcFace,PGD,vanilla,0.2361951917409896
0,GhostFaceNet,/content/face_module/dataset_extractedfaces/lfw_pairs/Renee Zellweger_1.jpg,/content/face_module/dataset_extractedfaces/lfw_pairs/Catherine Deneuve_2.jpg,lfw_pairs,impersonation_attack,ArcFace,MI_FGSM,vanilla,0.2944851517677307
0,GhostFaceNet,/content/face_module/dataset_extractedfaces/lfw_pairs/Renee Zellweger_1.jpg,/content/face_module/dataset_extractedfaces/lfw_pairs/Catherine Deneuve_2.jpg,lfw_pairs,impersonation_attack,ArcFace,TI_FGSM,vanilla,0.2905876636505127
0,GhostFaceNet,/content/face_module/dataset_extractedfaces/lfw_pairs/Renee Zellweger_1.jpg,/content/face_module/dataset_extractedfaces/lfw_pairs/Catherine Deneuve_2.jpg,lfw_pairs,impersonation_attack,ArcFace,SI_NI_FGSM,vanilla,0.3268567621707916
0,GhostFaceNet,/content/face_module/dataset_extractedfaces/lfw_pairs/Renee Zellweger_1.jpg,/content/face_module/dataset_extractedfaces/lfw_pairs/Catherine Deneuve_2.jpg,lfw_pairs,impersonation_attack,ArcFace,MI_ADMIX_DI_TI,vanilla,0.2229238301515579
0,VGG-Face,/content/face_module/dataset_extractedfaces/lfw_pairs/Renee Zellweger_1.jpg,/content/face_module/dataset_extractedfaces/lfw_pairs/Catherine Deneuve_2.jpg,lfw_pairs,impersonation_attack,ArcFace,PGD,vanilla,0.430417001247406
0,VGG-Face,/content/face_module/dataset_extractedfaces/lfw_pairs/Renee Zellweger_1.jpg,/content/face_module/dataset_extractedfaces/lfw_pairs/Catherine Deneuve_2.jpg,lfw_pairs,impersonation_attack,ArcFace,MI_FGSM,vanilla,0.5089429020881653
0,VGG-Face,/content/face_module/dataset_extractedfaces/lfw_pairs/Renee Zellweger_1.jpg,/content/face_module/dataset_extractedfaces/lfw_pairs/Catherine Deneuve_2.jpg,lfw_pairs,impersonation_attack,ArcFace,TI_FGSM,vanilla,0.4770940840244293
0,VGG-Face,/content/face_module/dataset_extractedfaces/lfw_pairs/Renee Zellweger_1.jpg,/content/face_module/dataset_extractedfaces/lfw_pairs/Catherine Deneuve_2.jpg,lfw_pairs,impersonation_attack,ArcFace,SI_NI_FGSM,vanilla,0.4841453731060028
0,VGG-Face,/content/face_module/dataset_extractedfaces/lfw_pairs/Renee Zellweger_1.jpg,/content/face_module/dataset_extractedfaces/lfw_pairs/Catherine Deneuve_2.jpg,lfw_pairs,impersonation_attack,ArcFace,MI_ADMIX_DI_TI,vanilla,0.5151962041854858
32,ArcFace,/content/face_module/dataset_extractedfaces/lfw_pairs/Donald Rumsfeld_105.jpg,/content/face_module/dataset_extractedfaces/lfw_pairs/Paul Burrell_11.jpg,lfw_pairs,impersonation_attack,ArcFace,clean,clean,0.0229565761983394
32,Facenet512,/content/face_module/dataset_extractedfaces/lfw_pairs/Donald Rumsfeld_105.jpg,/content/face_module/dataset_extractedfaces/lfw_pairs/Paul Burrell_11.jpg,lfw_pairs,impersonation_attack,ArcFace,clean,clean,0.0229565761983394
32,GhostFaceNet,/content/face_module/dataset_extractedfaces/lfw_pairs/Donald Rumsfeld_105.jpg,/content/face_module/dataset_extractedfaces/lfw_pairs/Paul Burrell_11.jpg,lfw_pairs,impersonation_attack,ArcFace,clean,clean,0.0229565761983394
32,VGG-Face,/content/face_module/dataset_extractedfaces/lfw_pairs/Donald Rumsfeld_105.jpg,/content/face_module/dataset_extractedfaces/lfw_pairs/Paul Burrell_11.jpg,lfw_pairs,impersonation_attack,ArcFace,clean,clean,0.0229565761983394
32,Facenet512,/content/face_module/dataset_extractedfaces/lfw_pairs/Donald Rumsfeld_105.jpg,/content/face_module/dataset_extractedfaces/lfw_pairs/Paul Burrell_11.jpg,lfw_pairs,impersonation_attack,ArcFace,PGD,vanilla,0.1615359932184219
32,Facenet512,/content/face_module/dataset_extractedfaces/lfw_pairs/Donald Rumsfeld_105.jpg,/content/face_module/dataset_extractedfaces/lfw_pairs/Paul Burrell_11.jpg,lfw_pairs,impersonation_attack,ArcFace,MI_FGSM,vanilla,0.283612310886383
32,Facenet512,/content/face_module/dataset_extractedfaces/lfw_pairs/Donald Rumsfeld_105.jpg,/content/face_module/dataset_extractedfaces/lfw_pairs/Paul Burrell_11.jpg,lfw_pairs,impersonation_attack,ArcFace,TI_FGSM,vanilla,0.2956925332546234
32,Facenet512,/content/face_module/dataset_extractedfaces/lfw_pairs/Donald Rumsfeld_105.jpg,/content/face_module/dataset_extractedfaces/lfw_pairs/Paul Burrell_11.jpg,lfw_pairs,impersonation_attack,ArcFace,SI_NI_FGSM,vanilla,0.265236347913742
32,Facenet512,/content/face_module/dataset_extractedfaces/lfw_pairs/Donald Rumsfeld_105.jpg,/content/face_module/dataset_extractedfaces/lfw_pairs/Paul Burrell_11.jpg,lfw_pairs,impersonation_attack,ArcFace,MI_ADMIX_DI_TI,vanilla,0.358475387096405
32,GhostFaceNet,/content/face_module/dataset_extractedfaces/lfw_pairs/Donald Rumsfeld_105.jpg,/content/face_module/dataset_extractedfaces/lfw_pairs/Paul Burrell_11.jpg,lfw_pairs,impersonation_attack,ArcFace,PGD,vanilla,0.0194712672382593
32,GhostFaceNet,/content/face_module/dataset_extractedfaces/lfw_pairs/Donald Rumsfeld_105.jpg,/content/face_module/dataset_extractedfaces/lfw_pairs/Paul Burrell_11.jpg,lfw_pairs,impersonation_attack,ArcFace,MI_FGSM,vanilla,0.1139392480254173
32,GhostFaceNet,/content/face_module/dataset_extractedfaces/lfw_pairs/Donald Rumsfeld_105.jpg,/content/face_module/dataset_extractedfaces/lfw_pairs/Paul Burrell_11.jpg,lfw_pairs,impersonation_attack,ArcFace,TI_FGSM,vanilla,0.128688782453537
32,GhostFaceNet,/content/face_module/dataset_extractedfaces/lfw_pairs/Donald Rumsfeld_105.jpg,/content/face_module/dataset_extractedfaces/lfw_pairs/Paul Burrell_11.jpg,lfw_pairs,impersonation_attack,ArcFace,SI_NI_FGSM,vanilla,0.0998586192727088
32,GhostFaceNet,/content/face_module/dataset_extractedfaces/lfw_pairs/Donald Rumsfeld_105.jpg,/content/face_module/dataset_extractedfaces/lfw_pairs/Paul Burrell_11.jpg,lfw_pairs,impersonation_attack,ArcFace,MI_ADMIX_DI_TI,vanilla,0.1277571767568588
32,VGG-Face,/content/face_module/dataset_extractedfaces/lfw_pairs/Donald Rumsfeld_105.jpg,/content/face_module/dataset_extractedfaces/lfw_pairs/Paul Burrell_11.jpg,lfw_pairs,impersonation_attack,ArcFace,PGD,vanilla,0.2363224774599075
32,VGG-Face,/content/face_module/dataset_extractedfaces/lfw_pairs/Donald Rumsfeld_105.jpg,/content/face_module/dataset_extractedfaces/lfw_pairs/Paul Burrell_11.jpg,lfw_pairs,impersonation_attack,ArcFace,MI_FGSM,vanilla,0.2943587601184845
32,VGG-Face,/content/face_module/dataset_extractedfaces/lfw_pairs/Donald Rumsfeld_105.jpg,/content/face_module/dataset_extractedfaces/lfw_pairs/Paul Burrell_11.jpg,lfw_pairs,impersonation_attack,ArcFace,TI_FGSM,vanilla,0.2810840010643005
32,VGG-Face,/content/face_module/dataset_extractedfaces/lfw_pairs/Donald Rumsfeld_105.jpg,/content/face_module/dataset_extractedfaces/lfw_pairs/Paul Burrell_11.jpg,lfw_pairs,impersonation_attack,ArcFace,SI_NI_FGSM,vanilla,0.2538019716739654
32,VGG-Face,/content/face_module/dataset_extractedfaces/lfw_pairs/Donald Rumsfeld_105.jpg,/content/face_module/dataset_extractedfaces/lfw_pairs/Paul Burrell_11.jpg,lfw_pairs,impersonation_attack,ArcFace,MI_ADMIX_DI_TI,vanilla,0.3627150952816009
48,ArcFace,/content/face_module/dataset_extractedfaces/lfw_pairs/Renee Zellweger_14.jpg,/content/face_module/dataset_extractedfaces/lfw_pairs/Venus Williams_9.jpg,lfw_pairs,impersonation_attack,ArcFace,clean,clean,0.1083590984344482
48,Facenet512,/content/face_module/dataset_extractedfaces/lfw_pairs/Renee Zellweger_14.jpg,/content/face_module/dataset_extractedfaces/lfw_pairs/Venus Williams_9.jpg,lfw_pairs,impersonation_attack,ArcFace,clean,clean,0.1083590984344482
48,GhostFaceNet,/content/face_module/dataset_extractedfaces/lfw_pairs/Renee Zellweger_14.jpg,/content/face_module/dataset_extractedfaces/lfw_pairs/Venus Williams_9.jpg,lfw_pairs,impersonation_attack,ArcFace,clean,clean,0.1083590984344482
48,VGG-Face,/content/face_module/dataset_extractedfaces/lfw_pairs/Renee Zellweger_14.jpg,/content/face_module/dataset_extractedfaces/lfw_pairs/Venus Williams_9.jpg,lfw_pairs,impersonation_attack,ArcFace,clean,clean,0.1083590984344482
48,Facenet512,/content/face_module/dataset_extractedfaces/lfw_pairs/Renee Zellweger_14.jpg,/content/face_module/dataset_extractedfaces/lfw_pairs/Venus Williams_9.jpg,lfw_pairs,impersonation_attack,ArcFace,PGD,vanilla,0.2079863250255584
48,Facenet512,/content/face_module/dataset_extractedfaces/lfw_pairs/Renee Zellweger_14.jpg,/content/face_module/dataset_extractedfaces/lfw_pairs/Venus Williams_9.jpg,lfw_pairs,impersonation_attack,ArcFace,MI_FGSM,vanilla,0.255749762058258
48,Facenet512,/content/face_module/dataset_extractedfaces/lfw_pairs/Renee Zellweger_14.jpg,/content/face_module/dataset_extractedfaces/lfw_pairs/Venus Williams_9.jpg,lfw_pairs,impersonation_attack,ArcFace,TI_FGSM,vanilla,0.2772824466228485
48,Facenet512,/content/face_module/dataset_extractedfaces/lfw_pairs/Renee Zellweger_14.jpg,/content/face_module/dataset_extractedfaces/lfw_pairs/Venus Williams_9.jpg,lfw_pairs,impersonation_attack,ArcFace,SI_NI_FGSM,vanilla,0.2889515161514282
48,Facenet512,/content/face_module/dataset_extractedfaces/lfw_pairs/Renee Zellweger_14.jpg,/content/face_module/dataset_extractedfaces/lfw_pairs/Venus Williams_9.jpg,lfw_pairs,impersonation_attack,ArcFace,MI_ADMIX_DI_TI,vanilla,0.3008841276168823
48,GhostFaceNet,/content/face_module/dataset_extractedfaces/lfw_pairs/Renee Zellweger_14.jpg,/content/face_module/dataset_extractedfaces/lfw_pairs/Venus Williams_9.jpg,lfw_pairs,impersonation_attack,ArcFace,PGD,vanilla,0.1780970692634582
48,GhostFaceNet,/content/face_module/dataset_extractedfaces/lfw_pairs/Renee Zellweger_14.jpg,/content/face_module/dataset_extractedfaces/lfw_pairs/Venus Williams_9.jpg,lfw_pairs,impersonation_attack,ArcFace,MI_FGSM,vanilla,0.1491180211305618
48,GhostFaceNet,/content/face_module/dataset_extractedfaces/lfw_pairs/Renee Zellweger_14.jpg,/content/face_module/dataset_extractedfaces/lfw_pairs/Venus Williams_9.jpg,lfw_pairs,impersonation_attack,ArcFace,TI_FGSM,vanilla,0.1572974622249603
48,GhostFaceNet,/content/face_module/dataset_extractedfaces/lfw_pairs/Renee Zellweger_14.jpg,/content/face_module/dataset_extractedfaces/lfw_pairs/Venus Williams_9.jpg,lfw_pairs,impersonation_attack,ArcFace,SI_NI_FGSM,vanilla,0.194016546010971
48,GhostFaceNet,/content/face_module/dataset_extractedfaces/lfw_pairs/Renee Zellweger_14.jpg,/content/face_module/dataset_extractedfaces/lfw_pairs/Venus Williams_9.jpg,lfw_pairs,impersonation_attack,ArcFace,MI_ADMIX_DI_TI,vanilla,0.1411007046699524
48,VGG-Face,/content/face_module/dataset_extractedfaces/lfw_pairs/Renee Zellweger_14.jpg,/content/face_module/dataset_extractedfaces/lfw_pairs/Venus Williams_9.jpg,lfw_pairs,impersonation_attack,ArcFace,PGD,vanilla,0.2143919169902801
48,VGG-Face,/content/face_module/dataset_extractedfaces/lfw_pairs/Renee Zellweger_14.jpg,/content/face_module/dataset_extractedfaces/lfw_pairs/Venus Williams_9.jpg,lfw_pairs,impersonation_attack,ArcFace,MI_FGSM,vanilla,0.2413083463907241
48,VGG-Face,/content/face_module/dataset_extractedfaces/lfw_pairs/Renee Zellweger_14.jpg,/content/face_module/dataset_extractedfaces/lfw_pairs/Venus Williams_9.jpg,lfw_pairs,impersonation_attack,ArcFace,TI_FGSM,vanilla,0.2238521873950958
48,VGG-Face,/content/face_module/dataset_extractedfaces/lfw_pairs/Renee Zellweger_14.jpg,/content/face_module/dataset_extractedfaces/lfw_pairs/Venus Williams_9.jpg,lfw_pairs,impersonation_attack,ArcFace,SI_NI_FGSM,vanilla,0.2596140503883362
48,VGG-Face,/content/face_module/dataset_extractedfaces/lfw_pairs/Renee Zellweger_14.jpg,/content/face_module/dataset_extractedfaces/lfw_pairs/Venus Williams_9.jpg,lfw_pairs,impersonation_attack,ArcFace,MI_ADMIX_DI_TI,vanilla,0.3130152821540832
57,ArcFace,/content/face_module/dataset_extractedfaces/lfw_pairs/Mike Weir_10.jpg,/content/face_module/dataset_extractedfaces/lfw_pairs/Luis Horna_2.jpg,lfw_pairs,impersonation_attack,ArcFace,clean,clean,0.2939318716526031
57,Facenet512,/content/face_module/dataset_extractedfaces/lfw_pairs/Mike Weir_10.jpg,/content/face_module/dataset_extractedfaces/lfw_pairs/Luis Horna_2.jpg,lfw_pairs,impersonation_attack,ArcFace,clean,clean,0.2939318716526031
57,GhostFaceNet,/content/face_module/dataset_extractedfaces/lfw_pairs/Mike Weir_10.jpg,/content/face_module/dataset_extractedfaces/lfw_pairs/Luis Horna_2.jpg,lfw_pairs,impersonation_attack,ArcFace,clean,clean,0.2939318716526031
57,VGG-Face,/content/face_module/dataset_extractedfaces/lfw_pairs/Mike Weir_10.jpg,/content/face_module/dataset_extractedfaces/lfw_pairs/Luis Horna_2.jpg,lfw_pairs,impersonation_attack,ArcFace,clean,clean,0.2939318716526031
57,Facenet512,/content/face_module/dataset_extractedfaces/lfw_pairs/Mike Weir_10.jpg,/content/face_module/dataset_extractedfaces/lfw_pairs/Luis Horna_2.jpg,lfw_pairs,impersonation_attack,ArcFace,PGD,vanilla,0.3319967985153198
57,Facenet512,/content/face_module/dataset_extractedfaces/lfw_pairs/Mike Weir_10.jpg,/content/face_module/dataset_extractedfaces/lfw_pairs/Luis Horna_2.jpg,lfw_pairs,impersonation_attack,ArcFace,MI_FGSM,vanilla,0.3577035367488861
57,Facenet512,/content/face_module/dataset_extractedfaces/lfw_pairs/Mike Weir_10.jpg,/content/face_module/dataset_extractedfaces/lfw_pairs/Luis Horna_2.jpg,lfw_pairs,impersonation_attack,ArcFace,TI_FGSM,vanilla,0.3057874739170074
57,Facenet512,/content/face_module/dataset_extractedfaces/lfw_pairs/Mike Weir_10.jpg,/content/face_module/dataset_extractedfaces/lfw_pairs/Luis Horna_2.jpg,lfw_pairs,impersonation_attack,ArcFace,SI_NI_FGSM,vanilla,0.354470819234848
57,Facenet512,/content/face_module/dataset_extractedfaces/lfw_pairs/Mike Weir_10.jpg,/content/face_module/dataset_extractedfaces/lfw_pairs/Luis Horna_2.jpg,lfw_pairs,impersonation_attack,ArcFace,MI_ADMIX_DI_TI,vanilla,0.2791332900524139
57,GhostFaceNet,/content/face_module/dataset_extractedfaces/lfw_pairs/Mike Weir_10.jpg,/content/face_module/dataset_extractedfaces/lfw_pairs/Luis Horna_2.jpg,lfw_pairs,impersonation_attack,ArcFace,PGD,vanilla,0.3371086418628692
57,GhostFaceNet,/content/face_module/dataset_extractedfaces/lfw_pairs/Mike Weir_10.jpg,/content/face_module/dataset_extractedfaces/lfw_pairs/Luis Horna_2.jpg,lfw_pairs,impersonation_attack,ArcFace,MI_FGSM,vanilla,0.3783763349056244
57,GhostFaceNet,/content/face_module/dataset_extractedfaces/lfw_pairs/Mike Weir_10.jpg,/content/face_module/dataset_extractedfaces/lfw_pairs/Luis Horna_2.jpg,lfw_pairs,impersonation_attack,ArcFace,TI_FGSM,vanilla,0.3230848908424377
57,GhostFaceNet,/content/face_module/dataset_extractedfaces/lfw_pairs/Mike Weir_10.jpg,/content/face_module/dataset_extractedfaces/lfw_pairs/Luis Horna_2.jpg,lfw_pairs,impersonation_attack,ArcFace,SI_NI_FGSM,vanilla,0.336551696062088
57,GhostFaceNet,/content/face_module/dataset_extractedfaces/lfw_pairs/Mike Weir_10.jpg,/content/face_module/dataset_extractedfaces/lfw_pairs/Luis Horna_2.jpg,lfw_pairs,impersonation_attack,ArcFace,MI_ADMIX_DI_TI,vanilla,0.2944169342517853
57,VGG-Face,/content/face_module/dataset_extractedfaces/lfw_pairs/Mike Weir_10.jpg,/content/face_module/dataset_extractedfaces/lfw_pairs/Luis Horna_2.jpg,lfw_pairs,impersonation_attack,ArcFace,PGD,vanilla,0.3365054726600647
57,VGG-Face,/content/face_module/dataset_extractedfaces/lfw_pairs/Mike Weir_10.jpg,/content/face_module/dataset_extractedfaces/lfw_pairs/Luis Horna_2.jpg,lfw_pairs,impersonation_attack,ArcFace,MI_FGSM,vanilla,0.3896487951278686
57,VGG-Face,/content/face_module/dataset_extractedfaces/lfw_pairs/Mike Weir_10.jpg,/content/face_module/dataset_extractedfaces/lfw_pairs/Luis Horna_2.jpg,lfw_pairs,impersonation_attack,ArcFace,TI_FGSM,vanilla,0.3920149505138397
57,VGG-Face,/content/face_module/dataset_extractedfaces/lfw_pairs/Mike Weir_10.jpg,/content/face_module/dataset_extractedfaces/lfw_pairs/Luis Horna_2.jpg,lfw_pairs,impersonation_attack,ArcFace,SI_NI_FGSM,vanilla,0.4510166943073272
57,VGG-Face,/content/face_module/dataset_extractedfaces/lfw_pairs/Mike Weir_10.jpg,/content/face_module/dataset_extractedfaces/lfw_pairs/Luis Horna_2.jpg,lfw_pairs,impersonation_attack,ArcFace,MI_ADMIX_DI_TI,vanilla,0.3821273744106293
60,ArcFace,/content/face_module/dataset_extractedfaces/lfw_pairs/Jason Kidd_9.jpg,/content/face_module/dataset_extractedfaces/lfw_pairs/Luiz Inacio Lula da Silva_22.jpg,lfw_pairs,impersonation_attack,ArcFace,clean,clean,0.0810949504375457
60,Facenet512,/content/face_module/dataset_extractedfaces/lfw_pairs/Jason Kidd_9.jpg,/content/face_module/dataset_extractedfaces/lfw_pairs/Luiz Inacio Lula da Silva_22.jpg,lfw_pairs,impersonation_attack,ArcFace,clean,clean,0.0810949504375457
60,GhostFaceNet,/content/face_module/dataset_extractedfaces/lfw_pairs/Jason Kidd_9.jpg,/content/face_module/dataset_extractedfaces/lfw_pairs/Luiz Inacio Lula da Silva_22.jpg,lfw_pairs,impersonation_attack,ArcFace,clean,clean,0.0810949504375457
60,VGG-Face,/content/face_module/dataset_extractedfaces/lfw_pairs/Jason Kidd_9.jpg,/content/face_module/dataset_extractedfaces/lfw_pairs/Luiz Inacio Lula da Silva_22.jpg,lfw_pairs,impersonation_attack,ArcFace,clean,clean,0.0810949504375457
60,Facenet512,/content/face_module/dataset_extractedfaces/lfw_pairs/Jason Kidd_9.jpg,/content/face_module/dataset_extractedfaces/lfw_pairs/Luiz Inacio Lula da Silva_22.jpg,lfw_pairs,impersonation_attack,ArcFace,PGD,vanilla,0.2604486048221588
60,Facenet512,/content/face_module/dataset_extractedfaces/lfw_pairs/Jason Kidd_9.jpg,/content/face_module/dataset_extractedfaces/lfw_pairs/Luiz Inacio Lula da Silva_22.jpg,lfw_pairs,impersonation_attack,ArcFace,MI_FGSM,vanilla,0.3479527533054352
60,Facenet512,/content/face_module/dataset_extractedfaces/lfw_pairs/Jason Kidd_9.jpg,/content/face_module/dataset_extractedfaces/lfw_pairs/Luiz Inacio Lula da Silva_22.jpg,lfw_pairs,impersonation_attack,ArcFace,TI_FGSM,vanilla,0.3444232642650604
60,Facenet512,/content/face_module/dataset_extractedfaces/lfw_pairs/Jason Kidd_9.jpg,/content/face_module/dataset_extractedfaces/lfw_pairs/Luiz Inacio Lula da Silva_22.jpg,lfw_pairs,impersonation_attack,ArcFace,SI_NI_FGSM,vanilla,0.42916339635849
60,Facenet512,/content/face_module/dataset_extractedfaces/lfw_pairs/Jason Kidd_9.jpg,/content/face_module/dataset_extractedfaces/lfw_pairs/Luiz Inacio Lula da Silva_22.jpg,lfw_pairs,impersonation_attack,ArcFace,MI_ADMIX_DI_TI,vanilla,0.3102502822875976
60,GhostFaceNet,/content/face_module/dataset_extractedfaces/lfw_pairs/Jason Kidd_9.jpg,/content/face_module/dataset_extractedfaces/lfw_pairs/Luiz Inacio Lula da Silva_22.jpg,lfw_pairs,impersonation_attack,ArcFace,PGD,vanilla,0.0950569063425064
60,GhostFaceNet,/content/face_module/dataset_extractedfaces/lfw_pairs/Jason Kidd_9.jpg,/content/face_module/dataset_extractedfaces/lfw_pairs/Luiz Inacio Lula da Silva_22.jpg,lfw_pairs,impersonation_attack,ArcFace,MI_FGSM,vanilla,0.0758110508322715
60,GhostFaceNet,/content/face_module/dataset_extractedfaces/lfw_pairs/Jason Kidd_9.jpg,/content/face_module/dataset_extractedfaces/lfw_pairs/Luiz Inacio Lula da Silva_22.jpg,lfw_pairs,impersonation_attack,ArcFace,TI_FGSM,vanilla,0.0996504351496696
60,GhostFaceNet,/content/face_module/dataset_extractedfaces/lfw_pairs/Jason Kidd_9.jpg,/content/face_module/dataset_extractedfaces/lfw_pairs/Luiz Inacio Lula da Silva_22.jpg,lfw_pairs,impersonation_attack,ArcFace,SI_NI_FGSM,vanilla,0.2005613595247268
60,GhostFaceNet,/content/face_module/dataset_extractedfaces/lfw_pairs/Jason Kidd_9.jpg,/content/face_module/dataset_extractedfaces/lfw_pairs/Luiz Inacio Lula da Silva_22.jpg,lfw_pairs,impersonation_attack,ArcFace,MI_ADMIX_DI_TI,vanilla,0.0401731096208095
60,VGG-Face,/content/face_module/dataset_extractedfaces/lfw_pairs/Jason Kidd_9.jpg,/content/face_module/dataset_extractedfaces/lfw_pairs/Luiz Inacio Lula da Silva_22.jpg,lfw_pairs,impersonation_attack,ArcFace,PGD,vanilla,0.4413855373859405
60,VGG-Face,/content/face_module/dataset_extractedfaces/lfw_pairs/Jason Kidd_9.jpg,/content/face_module/dataset_extractedfaces/lfw_pairs/Luiz Inacio Lula da Silva_22.jpg,lfw_pairs,impersonation_attack,ArcFace,MI_FGSM,vanilla,0.4955231249332428
60,VGG-Face,/content/face_module/dataset_extractedfaces/lfw_pairs/Jason Kidd_9.jpg,/content/face_module/dataset_extractedfaces/lfw_pairs/Luiz Inacio Lula da Silva_22.jpg,lfw_pairs,impersonation_attack,ArcFace,TI_FGSM,vanilla,0.4467546045780182
60,VGG-Face,/content/face_module/dataset_extractedfaces/lfw_pairs/Jason Kidd_9.jpg,/content/face_module/dataset_extractedfaces/lfw_pairs/Luiz Inacio Lula da Silva_22.jpg,lfw_pairs,impersonation_attack,ArcFace,SI_NI_FGSM,vanilla,0.5014387965202332
60,VGG-Face,/content/face_module/dataset_extractedfaces/lfw_pairs/Jason Kidd_9.jpg,/content/face_module/dataset_extractedfaces/lfw_pairs/Luiz Inacio Lula da Silva_22.jpg,lfw_pairs,impersonation_attack,ArcFace,MI_ADMIX_DI_TI,vanilla,0.4549501240253448
2,ArcFace,/content/face_module/dataset_extractedfaces/celeba_pairs/107859.jpg,/content/face_module/dataset_extractedfaces/celeba_pairs/031892.jpg,celeba_pairs,impersonation_attack,ArcFace,clean,clean,0.2291036993265152
2,Facenet512,/content/face_module/dataset_extractedfaces/celeba_pairs/107859.jpg,/content/face_module/dataset_extractedfaces/celeba_pairs/031892.jpg,celeba_pairs,impersonation_attack,ArcFace,clean,clean,0.2291036993265152
2,GhostFaceNet,/content/face_module/dataset_extractedfaces/celeba_pairs/107859.jpg,/content/face_module/dataset_extractedfaces/celeba_pairs/031892.jpg,celeba_pairs,impersonation_attack,ArcFace,clean,clean,0.2291036993265152
2,VGG-Face,/content/face_module/dataset_extractedfaces/celeba_pairs/107859.jpg,/content/face_module/dataset_extractedfaces/celeba_pairs/031892.jpg,celeba_pairs,impersonation_attack,ArcFace,clean,clean,0.2291036993265152
2,Facenet512,/content/face_module/dataset_extractedfaces/celeba_pairs/107859.jpg,/content/face_module/dataset_extractedfaces/celeba_pairs/031892.jpg,celeba_pairs,impersonation_attack,ArcFace,PGD,vanilla,0.4290940165519714
2,Facenet512,/content/face_module/dataset_extractedfaces/celeba_pairs/107859.jpg,/content/face_module/dataset_extractedfaces/celeba_pairs/031892.jpg,celeba_pairs,impersonation_attack,ArcFace,MI_FGSM,vanilla,0.3414511382579803
2,Facenet512,/content/face_module/dataset_extractedfaces/celeba_pairs/107859.jpg,/content/face_module/dataset_extractedfaces/celeba_pairs/031892.jpg,celeba_pairs,impersonation_attack,ArcFace,TI_FGSM,vanilla,0.3217344880104065
2,Facenet512,/content/face_module/dataset_extractedfaces/celeba_pairs/107859.jpg,/content/face_module/dataset_extractedfaces/celeba_pairs/031892.jpg,celeba_pairs,impersonation_attack,ArcFace,SI_NI_FGSM,vanilla,0.2799090445041656
2,Facenet512,/content/face_module/dataset_extractedfaces/celeba_pairs/107859.jpg,/content/face_module/dataset_extractedfaces/celeba_pairs/031892.jpg,celeba_pairs,impersonation_attack,ArcFace,MI_ADMIX_DI_TI,vanilla,0.2061428129673004
2,GhostFaceNet,/content/face_module/dataset_extractedfaces/celeba_pairs/107859.jpg,/content/face_module/dataset_extractedfaces/celeba_pairs/031892.jpg,celeba_pairs,impersonation_attack,ArcFace,PGD,vanilla,0.2369593679904937
2,GhostFaceNet,/content/face_module/dataset_extractedfaces/celeba_pairs/107859.jpg,/content/face_module/dataset_extractedfaces/celeba_pairs/031892.jpg,celeba_pairs,impersonation_attack,ArcFace,MI_FGSM,vanilla,0.199272483587265
2,GhostFaceNet,/content/face_module/dataset_extractedfaces/celeba_pairs/107859.jpg,/content/face_module/dataset_extractedfaces/celeba_pairs/031892.jpg,celeba_pairs,impersonation_attack,ArcFace,TI_FGSM,vanilla,0.2486708909273147
2,GhostFaceNet,/content/face_module/dataset_extractedfaces/celeba_pairs/107859.jpg,/content/face_module/dataset_extractedfaces/celeba_pairs/031892.jpg,celeba_pairs,impersonation_attack,ArcFace,SI_NI_FGSM,vanilla,0.1608167737722396
2,GhostFaceNet,/content/face_module/dataset_extractedfaces/celeba_pairs/107859.jpg,/content/face_module/dataset_extractedfaces/celeba_pairs/031892.jpg,celeba_pairs,impersonation_attack,ArcFace,MI_ADMIX_DI_TI,vanilla,0.171372503042221
2,VGG-Face,/content/face_module/dataset_extractedfaces/celeba_pairs/107859.jpg,/content/face_module/dataset_extractedfaces/celeba_pairs/031892.jpg,celeba_pairs,impersonation_attack,ArcFace,PGD,vanilla,0.3463079631328583
2,VGG-Face,/content/face_module/dataset_extractedfaces/celeba_pairs/107859.jpg,/content/face_module/dataset_extractedfaces/celeba_pairs/031892.jpg,celeba_pairs,impersonation_attack,ArcFace,MI_FGSM,vanilla,0.2843014299869537
2,VGG-Face,/content/face_module/dataset_extractedfaces/celeba_pairs/107859.jpg,/content/face_module/dataset_extractedfaces/celeba_pairs/031892.jpg,celeba_pairs,impersonation_attack,ArcFace,TI_FGSM,vanilla,0.3869014084339142
2,VGG-Face,/content/face_module/dataset_extractedfaces/celeba_pairs/107859.jpg,/content/face_module/dataset_extractedfaces/celeba_pairs/031892.jpg,celeba_pairs,impersonation_attack,ArcFace,SI_NI_FGSM,vanilla,0.3451544046401977
2,VGG-Face,/content/face_module/dataset_extractedfaces/celeba_pairs/107859.jpg,/content/face_module/dataset_extractedfaces/celeba_pairs/031892.jpg,celeba_pairs,impersonation_attack,ArcFace,MI_ADMIX_DI_TI,vanilla,0.3676972985267639
8,ArcFace,/content/face_module/dataset_extractedfaces/celeba_pairs/023666.jpg,/content/face_module/dataset_extractedfaces/celeba_pairs/010959.jpg,celeba_pairs,impersonation_attack,ArcFace,clean,clean,0.1708461046218872
8,Facenet512,/content/face_module/dataset_extractedfaces/celeba_pairs/023666.jpg,/content/face_module/dataset_extractedfaces/celeba_pairs/010959.jpg,celeba_pairs,impersonation_attack,ArcFace,clean,clean,0.1708461046218872
8,GhostFaceNet,/content/face_module/dataset_extractedfaces/celeba_pairs/023666.jpg,/content/face_module/dataset_extractedfaces/celeba_pairs/010959.jpg,celeba_pairs,impersonation_attack,ArcFace,clean,clean,0.1708461046218872
8,VGG-Face,/content/face_module/dataset_extractedfaces/celeba_pairs/023666.jpg,/content/face_module/dataset_extractedfaces/celeba_pairs/010959.jpg,celeba_pairs,impersonation_attack,ArcFace,clean,clean,0.1708461046218872
8,Facenet512,/content/face_module/dataset_extractedfaces/celeba_pairs/023666.jpg,/content/face_module/dataset_extractedfaces/celeba_pairs/010959.jpg,celeba_pairs,impersonation_attack,ArcFace,PGD,vanilla,0.3432739675045013
8,Facenet512,/content/face_module/dataset_extractedfaces/celeba_pairs/023666.jpg,/content/face_module/dataset_extractedfaces/celeba_pairs/010959.jpg,celeba_pairs,impersonation_attack,ArcFace,MI_FGSM,vanilla,0.3119485378265381
8,Facenet512,/content/face_module/dataset_extractedfaces/celeba_pairs/023666.jpg,/content/face_module/dataset_extractedfaces/celeba_pairs/010959.jpg,celeba_pairs,impersonation_attack,ArcFace,TI_FGSM,vanilla,0.3208623826503753
8,Facenet512,/content/face_module/dataset_extractedfaces/celeba_pairs/023666.jpg,/content/face_module/dataset_extractedfaces/celeba_pairs/010959.jpg,celeba_pairs,impersonation_attack,ArcFace,SI_NI_FGSM,vanilla,0.426537424325943
8,Facenet512,/content/face_module/dataset_extractedfaces/celeba_pairs/023666.jpg,/content/face_module/dataset_extractedfaces/celeba_pairs/010959.jpg,celeba_pairs,impersonation_attack,ArcFace,MI_ADMIX_DI_TI,vanilla,0.3053140640258789
8,GhostFaceNet,/content/face_module/dataset_extractedfaces/celeba_pairs/023666.jpg,/content/face_module/dataset_extractedfaces/celeba_pairs/010959.jpg,celeba_pairs,impersonation_attack,ArcFace,PGD,vanilla,0.2406999468803405
8,GhostFaceNet,/content/face_module/dataset_extractedfaces/celeba_pairs/023666.jpg,/content/face_module/dataset_extractedfaces/celeba_pairs/010959.jpg,celeba_pairs,impersonation_attack,ArcFace,MI_FGSM,vanilla,0.2622721493244171
8,GhostFaceNet,/content/face_module/dataset_extractedfaces/celeba_pairs/023666.jpg,/content/face_module/dataset_extractedfaces/celeba_pairs/010959.jpg,celeba_pairs,impersonation_attack,ArcFace,TI_FGSM,vanilla,0.3109537065029144
8,GhostFaceNet,/content/face_module/dataset_extractedfaces/celeba_pairs/023666.jpg,/content/face_module/dataset_extractedfaces/celeba_pairs/010959.jpg,celeba_pairs,impersonation_attack,ArcFace,SI_NI_FGSM,vanilla,0.3281557559967041
8,GhostFaceNet,/content/face_module/dataset_extractedfaces/celeba_pairs/023666.jpg,/content/face_module/dataset_extractedfaces/celeba_pairs/010959.jpg,celeba_pairs,impersonation_attack,ArcFace,MI_ADMIX_DI_TI,vanilla,0.3185352087020874
8,VGG-Face,/content/face_module/dataset_extractedfaces/celeba_pairs/023666.jpg,/content/face_module/dataset_extractedfaces/celeba_pairs/010959.jpg,celeba_pairs,impersonation_attack,ArcFace,PGD,vanilla,0.397672027349472
8,VGG-Face,/content/face_module/dataset_extractedfaces/celeba_pairs/023666.jpg,/content/face_module/dataset_extractedfaces/celeba_pairs/010959.jpg,celeba_pairs,impersonation_attack,ArcFace,MI_FGSM,vanilla,0.3751890361309051
8,VGG-Face,/content/face_module/dataset_extractedfaces/celeba_pairs/023666.jpg,/content/face_module/dataset_extractedfaces/celeba_pairs/010959.jpg,celeba_pairs,impersonation_attack,ArcFace,TI_FGSM,vanilla,0.4356875717639923
8,VGG-Face,/content/face_module/dataset_extractedfaces/celeba_pairs/023666.jpg,/content/face_module/dataset_extractedfaces/celeba_pairs/010959.jpg,celeba_pairs,impersonation_attack,ArcFace,SI_NI_FGSM,vanilla,0.3683380484580993
8,VGG-Face,/content/face_module/dataset_extractedfaces/celeba_pairs/023666.jpg,/content/face_module/dataset_extractedfaces/celeba_pairs/010959.jpg,celeba_pairs,impersonation_attack,ArcFace,MI_ADMIX_DI_TI,vanilla,0.3643329441547394
12,ArcFace,/content/face_module/dataset_extractedfaces/celeba_pairs/003089.jpg,/content/face_module/dataset_extractedfaces/celeba_pairs/016966.jpg,celeba_pairs,impersonation_attack,ArcFace,clean,clean,0.207217201590538
12,Facenet512,/content/face_module/dataset_extractedfaces/celeba_pairs/003089.jpg,/content/face_module/dataset_extractedfaces/celeba_pairs/016966.jpg,celeba_pairs,impersonation_attack,ArcFace,clean,clean,0.207217201590538
12,GhostFaceNet,/content/face_module/dataset_extractedfaces/celeba_pairs/003089.jpg,/content/face_module/dataset_extractedfaces/celeba_pairs/016966.jpg,celeba_pairs,impersonation_attack,ArcFace,clean,clean,0.207217201590538
12,VGG-Face,/content/face_module/dataset_extractedfaces/celeba_pairs/003089.jpg,/content/face_module/dataset_extractedfaces/celeba_pairs/016966.jpg,celeba_pairs,impersonation_attack,ArcFace,clean,clean,0.207217201590538
12,Facenet512,/content/face_module/dataset_extractedfaces/celeba_pairs/003089.jpg,/content/face_module/dataset_extractedfaces/celeba_pairs/016966.jpg,celeba_pairs,impersonation_attack,ArcFace,PGD,vanilla,0.2843486368656158
12,Facenet512,/content/face_module/dataset_extractedfaces/celeba_pairs/003089.jpg,/content/face_module/dataset_extractedfaces/celeba_pairs/016966.jpg,celeba_pairs,impersonation_attack,ArcFace,MI_FGSM,vanilla,0.2761316299438476
12,Facenet512,/content/face_module/dataset_extractedfaces/celeba_pairs/003089.jpg,/content/face_module/dataset_extractedfaces/celeba_pairs/016966.jpg,celeba_pairs,impersonation_attack,ArcFace,TI_FGSM,vanilla,0.2857397496700287
12,Facenet512,/content/face_module/dataset_extractedfaces/celeba_pairs/003089.jpg,/content/face_module/dataset_extractedfaces/celeba_pairs/016966.jpg,celeba_pairs,impersonation_attack,ArcFace,SI_NI_FGSM,vanilla,0.2434909641742706
12,Facenet512,/content/face_module/dataset_extractedfaces/celeba_pairs/003089.jpg,/content/face_module/dataset_extractedfaces/celeba_pairs/016966.jpg,celeba_pairs,impersonation_attack,ArcFace,MI_ADMIX_DI_TI,vanilla,0.2623609900474548
12,GhostFaceNet,/content/face_module/dataset_extractedfaces/celeba_pairs/003089.jpg,/content/face_module/dataset_extractedfaces/celeba_pairs/016966.jpg,celeba_pairs,impersonation_attack,ArcFace,PGD,vanilla,0.2529961764812469
12,GhostFaceNet,/content/face_module/dataset_extractedfaces/celeba_pairs/003089.jpg,/content/face_module/dataset_extractedfaces/celeba_pairs/016966.jpg,celeba_pairs,impersonation_attack,ArcFace,MI_FGSM,vanilla,0.2551171481609344
12,GhostFaceNet,/content/face_module/dataset_extractedfaces/celeba_pairs/003089.jpg,/content/face_module/dataset_extractedfaces/celeba_pairs/016966.jpg,celeba_pairs,impersonation_attack,ArcFace,TI_FGSM,vanilla,0.3156277537345886
12,GhostFaceNet,/content/face_module/dataset_extractedfaces/celeba_pairs/003089.jpg,/content/face_module/dataset_extractedfaces/celeba_pairs/016966.jpg,celeba_pairs,impersonation_attack,ArcFace,SI_NI_FGSM,vanilla,0.2732946574687958
12,GhostFaceNet,/content/face_module/dataset_extractedfaces/celeba_pairs/003089.jpg,/content/face_module/dataset_extractedfaces/celeba_pairs/016966.jpg,celeba_pairs,impersonation_attack,ArcFace,MI_ADMIX_DI_TI,vanilla,0.2705199718475342
12,VGG-Face,/content/face_module/dataset_extractedfaces/celeba_pairs/003089.jpg,/content/face_module/dataset_extractedfaces/celeba_pairs/016966.jpg,celeba_pairs,impersonation_attack,ArcFace,PGD,vanilla,0.2893069386482239
12,VGG-Face,/content/face_module/dataset_extractedfaces/celeba_pairs/003089.jpg,/content/face_module/dataset_extractedfaces/celeba_pairs/016966.jpg,celeba_pairs,impersonation_attack,ArcFace,MI_FGSM,vanilla,0.2667088210582733
12,VGG-Face,/content/face_module/dataset_extractedfaces/celeba_pairs/003089.jpg,/content/face_module/dataset_extractedfaces/celeba_pairs/016966.jpg,celeba_pairs,impersonation_attack,ArcFace,TI_FGSM,vanilla,0.2935548722743988
12,VGG-Face,/content/face_module/dataset_extractedfaces/celeba_pairs/003089.jpg,/content/face_module/dataset_extractedfaces/celeba_pairs/016966.jpg,celeba_pairs,impersonation_attack,ArcFace,SI_NI_FGSM,vanilla,0.299704909324646
12,VGG-Face,/content/face_module/dataset_extractedfaces/celeba_pairs/003089.jpg,/content/face_module/dataset_extractedfaces/celeba_pairs/016966.jpg,celeba_pairs,impersonation_attack,ArcFace,MI_ADMIX_DI_TI,vanilla,0.2885414063930511
26,ArcFace,/content/face_module/dataset_extractedfaces/celeba_pairs/113117.jpg,/content/face_module/dataset_extractedfaces/celeba_pairs/129449.jpg,celeba_pairs,impersonation_attack,ArcFace,clean,clean,0.0089562684297561
26,Facenet512,/content/face_module/dataset_extractedfaces/celeba_pairs/113117.jpg,/content/face_module/dataset_extractedfaces/celeba_pairs/129449.jpg,celeba_pairs,impersonation_attack,ArcFace,clean,clean,0.0089562684297561
26,GhostFaceNet,/content/face_module/dataset_extractedfaces/celeba_pairs/113117.jpg,/content/face_module/dataset_extractedfaces/celeba_pairs/129449.jpg,celeba_pairs,impersonation_attack,ArcFace,clean,clean,0.0089562684297561
26,VGG-Face,/content/face_module/dataset_extractedfaces/celeba_pairs/113117.jpg,/content/face_module/dataset_extractedfaces/celeba_pairs/129449.jpg,celeba_pairs,impersonation_attack,ArcFace,clean,clean,0.0089562684297561
26,Facenet512,/content/face_module/dataset_extractedfaces/celeba_pairs/113117.jpg,/content/face_module/dataset_extractedfaces/celeba_pairs/129449.jpg,celeba_pairs,impersonation_attack,ArcFace,PGD,vanilla,0.0684318095445633
26,Facenet512,/content/face_module/dataset_extractedfaces/celeba_pairs/113117.jpg,/content/face_module/dataset_extractedfaces/celeba_pairs/129449.jpg,celeba_pairs,impersonation_attack,ArcFace,MI_FGSM,vanilla,0.0880553424358367
26,Facenet512,/content/face_module/dataset_extractedfaces/celeba_pairs/113117.jpg,/content/face_module/dataset_extractedfaces/celeba_pairs/129449.jpg,celeba_pairs,impersonation_attack,ArcFace,TI_FGSM,vanilla,0.0807575806975364
26,Facenet512,/content/face_module/dataset_extractedfaces/celeba_pairs/113117.jpg,/content/face_module/dataset_extractedfaces/celeba_pairs/129449.jpg,celeba_pairs,impersonation_attack,ArcFace,SI_NI_FGSM,vanilla,0.1477135717868805
26,Facenet512,/content/face_module/dataset_extractedfaces/celeba_pairs/113117.jpg,/content/face_module/dataset_extractedfaces/celeba_pairs/129449.jpg,celeba_pairs,impersonation_attack,ArcFace,MI_ADMIX_DI_TI,vanilla,0.0755962505936622
26,GhostFaceNet,/content/face_module/dataset_extractedfaces/celeba_pairs/113117.jpg,/content/face_module/dataset_extractedfaces/celeba_pairs/129449.jpg,celeba_pairs,impersonation_attack,ArcFace,PGD,vanilla,0.0265723690390586
26,GhostFaceNet,/content/face_module/dataset_extractedfaces/celeba_pairs/113117.jpg,/content/face_module/dataset_extractedfaces/celeba_pairs/129449.jpg,celeba_pairs,impersonation_attack,ArcFace,MI_FGSM,vanilla,0.0117637384682893
26,GhostFaceNet,/content/face_module/dataset_extractedfaces/celeba_pairs/113117.jpg,/content/face_module/dataset_extractedfaces/celeba_pairs/129449.jpg,celeba_pairs,impersonation_attack,ArcFace,TI_FGSM,vanilla,0.0198072120547294
26,GhostFaceNet,/content/face_module/dataset_extractedfaces/celeba_pairs/113117.jpg,/content/face_module/dataset_extractedfaces/celeba_pairs/129449.jpg,celeba_pairs,impersonation_attack,ArcFace,SI_NI_FGSM,vanilla,0.0140036661177873
26,GhostFaceNet,/content/face_module/dataset_extractedfaces/celeba_pairs/113117.jpg,/content/face_module/dataset_extractedfaces/celeba_pairs/129449.jpg,celeba_pairs,impersonation_attack,ArcFace,MI_ADMIX_DI_TI,vanilla,0.0123308356851339
26,VGG-Face,/content/face_module/dataset_extractedfaces/celeba_pairs/113117.jpg,/content/face_module/dataset_extractedfaces/celeba_pairs/129449.jpg,celeba_pairs,impersonation_attack,ArcFace,PGD,vanilla,0.1604167222976684
26,VGG-Face,/content/face_module/dataset_extractedfaces/celeba_pairs/113117.jpg,/content/face_module/dataset_extractedfaces/celeba_pairs/129449.jpg,celeba_pairs,impersonation_attack,ArcFace,MI_FGSM,vanilla,0.1973726898431778
26,VGG-Face,/content/face_module/dataset_extractedfaces/celeba_pairs/113117.jpg,/content/face_module/dataset_extractedfaces/celeba_pairs/129449.jpg,celeba_pairs,impersonation_attack,ArcFace,TI_FGSM,vanilla,0.2058782428503036
26,VGG-Face,/content/face_module/dataset_extractedfaces/celeba_pairs/113117.jpg,/content/face_module/dataset_extractedfaces/celeba_pairs/129449.jpg,celeba_pairs,impersonation_attack,ArcFace,SI_NI_FGSM,vanilla,0.197374016046524
26,VGG-Face,/content/face_module/dataset_extractedfaces/celeba_pairs/113117.jpg,/content/face_module/dataset_extractedfaces/celeba_pairs/129449.jpg,celeba_pairs,impersonation_attack,ArcFace,MI_ADMIX_DI_TI,vanilla,0.1638082265853881
34,ArcFace,/content/face_module/dataset_extractedfaces/celeba_pairs/001430.jpg,/content/face_module/dataset_extractedfaces/celeba_pairs/046649.jpg,celeba_pairs,impersonation_attack,ArcFace,clean,clean,0.1476317346096038
34,Facenet512,/content/face_module/dataset_extractedfaces/celeba_pairs/001430.jpg,/content/face_module/dataset_extractedfaces/celeba_pairs/046649.jpg,celeba_pairs,impersonation_attack,ArcFace,clean,clean,0.1476317346096038
34,GhostFaceNet,/content/face_module/dataset_extractedfaces/celeba_pairs/001430.jpg,/content/face_module/dataset_extractedfaces/celeba_pairs/046649.jpg,celeba_pairs,impersonation_attack,ArcFace,clean,clean,0.1476317346096038
34,VGG-Face,/content/face_module/dataset_extractedfaces/celeba_pairs/001430.jpg,/content/face_module/dataset_extractedfaces/celeba_pairs/046649.jpg,celeba_pairs,impersonation_attack,ArcFace,clean,clean,0.1476317346096038
34,Facenet512,/content/face_module/dataset_extractedfaces/celeba_pairs/001430.jpg,/content/face_module/dataset_extractedfaces/celeba_pairs/046649.jpg,celeba_pairs,impersonation_attack,ArcFace,PGD,vanilla,0.2822242677211761
34,Facenet512,/content/face_module/dataset_extractedfaces/celeba_pairs/001430.jpg,/content/face_module/dataset_extractedfaces/celeba_pairs/046649.jpg,celeba_pairs,impersonation_attack,ArcFace,MI_FGSM,vanilla,0.3224303126335144
34,Facenet512,/content/face_module/dataset_extractedfaces/celeba_pairs/001430.jpg,/content/face_module/dataset_extractedfaces/celeba_pairs/046649.jpg,celeba_pairs,impersonation_attack,ArcFace,TI_FGSM,vanilla,0.34650918841362
34,Facenet512,/content/face_module/dataset_extractedfaces/celeba_pairs/001430.jpg,/content/face_module/dataset_extractedfaces/celeba_pairs/046649.jpg,celeba_pairs,impersonation_attack,ArcFace,SI_NI_FGSM,vanilla,0.3503451943397522
34,Facenet512,/content/face_module/dataset_extractedfaces/celeba_pairs/001430.jpg,/content/face_module/dataset_extractedfaces/celeba_pairs/046649.jpg,celeba_pairs,impersonation_attack,ArcFace,MI_ADMIX_DI_TI,vanilla,0.3137792944908142
34,GhostFaceNet,/content/face_module/dataset_extractedfaces/celeba_pairs/001430.jpg,/content/face_module/dataset_extractedfaces/celeba_pairs/046649.jpg,celeba_pairs,impersonation_attack,ArcFace,PGD,vanilla,0.2004034519195556
34,GhostFaceNet,/content/face_module/dataset_extractedfaces/celeba_pairs/001430.jpg,/content/face_module/dataset_extractedfaces/celeba_pairs/046649.jpg,celeba_pairs,impersonation_attack,ArcFace,MI_FGSM,vanilla,0.2084031999111175
34,GhostFaceNet,/content/face_module/dataset_extractedfaces/celeba_pairs/001430.jpg,/content/face_module/dataset_extractedfaces/celeba_pairs/046649.jpg,celeba_pairs,impersonation_attack,ArcFace,TI_FGSM,vanilla,0.1531478464603424
34,GhostFaceNet,/content/face_module/dataset_extractedfaces/celeba_pairs/001430.jpg,/content/face_module/dataset_extractedfaces/celeba_pairs/046649.jpg,celeba_pairs,impersonation_attack,ArcFace,SI_NI_FGSM,vanilla,0.1642473638057708
34,GhostFaceNet,/content/face_module/dataset_extractedfaces/celeba_pairs/001430.jpg,/content/face_module/dataset_extractedfaces/celeba_pairs/046649.jpg,celeba_pairs,impersonation_attack,ArcFace,MI_ADMIX_DI_TI,vanilla,0.1707542687654495
34,VGG-Face,/content/face_module/dataset_extractedfaces/celeba_pairs/001430.jpg,/content/face_module/dataset_extractedfaces/celeba_pairs/046649.jpg,celeba_pairs,impersonation_attack,ArcFace,PGD,vanilla,0.312816858291626
34,VGG-Face,/content/face_module/dataset_extractedfaces/celeba_pairs/001430.jpg,/content/face_module/dataset_extractedfaces/celeba_pairs/046649.jpg,celeba_pairs,impersonation_attack,ArcFace,MI_FGSM,vanilla,0.2259292602539062
34,VGG-Face,/content/face_module/dataset_extractedfaces/celeba_pairs/001430.jpg,/content/face_module/dataset_extractedfaces/celeba_pairs/046649.jpg,celeba_pairs,impersonation_attack,ArcFace,TI_FGSM,vanilla,0.3440480828285217
34,VGG-Face,/content/face_module/dataset_extractedfaces/celeba_pairs/001430.jpg,/content/face_module/dataset_extractedfaces/celeba_pairs/046649.jpg,celeba_pairs,impersonation_attack,ArcFace,SI_NI_FGSM,vanilla,0.1834068447351455
34,VGG-Face,/content/face_module/dataset_extractedfaces/celeba_pairs/001430.jpg,/content/face_module/dataset_extractedfaces/celeba_pairs/046649.jpg,celeba_pairs,impersonation_attack,ArcFace,MI_ADMIX_DI_TI,vanilla,0.2901040315628052
3,ArcFace,/content/face_module/dataset_extractedfaces/vggface2_pairs/n000007_0076_01.jpg,/content/face_module/dataset_extractedfaces/vggface2_pairs/n000005_0080_01.jpg,vggface2_pairs,impersonation_attack,ArcFace,clean,clean,0.0339484401047229
3,Facenet512,/content/face_module/dataset_extractedfaces/vggface2_pairs/n000007_0076_01.jpg,/content/face_module/dataset_extractedfaces/vggface2_pairs/n000005_0080_01.jpg,vggface2_pairs,impersonation_attack,ArcFace,clean,clean,0.0339484401047229
3,GhostFaceNet,/content/face_module/dataset_extractedfaces/vggface2_pairs/n000007_0076_01.jpg,/content/face_module/dataset_extractedfaces/vggface2_pairs/n000005_0080_01.jpg,vggface2_pairs,impersonation_attack,ArcFace,clean,clean,0.0339484401047229
3,VGG-Face,/content/face_module/dataset_extractedfaces/vggface2_pairs/n000007_0076_01.jpg,/content/face_module/dataset_extractedfaces/vggface2_pairs/n000005_0080_01.jpg,vggface2_pairs,impersonation_attack,ArcFace,clean,clean,0.0339484401047229
3,Facenet512,/content/face_module/dataset_extractedfaces/vggface2_pairs/n000007_0076_01.jpg,/content/face_module/dataset_extractedfaces/vggface2_pairs/n000005_0080_01.jpg,vggface2_pairs,impersonation_attack,ArcFace,PGD,vanilla,0.146999254822731
3,Facenet512,/content/face_module/dataset_extractedfaces/vggface2_pairs/n000007_0076_01.jpg,/content/face_module/dataset_extractedfaces/vggface2_pairs/n000005_0080_01.jpg,vggface2_pairs,impersonation_attack,ArcFace,MI_FGSM,vanilla,0.1795031875371933
3,Facenet512,/content/face_module/dataset_extractedfaces/vggface2_pairs/n000007_0076_01.jpg,/content/face_module/dataset_extractedfaces/vggface2_pairs/n000005_0080_01.jpg,vggface2_pairs,impersonation_attack,ArcFace,TI_FGSM,vanilla,0.2175856828689575
3,Facenet512,/content/face_module/dataset_extractedfaces/vggface2_pairs/n000007_0076_01.jpg,/content/face_module/dataset_extractedfaces/vggface2_pairs/n000005_0080_01.jpg,vggface2_pairs,impersonation_attack,ArcFace,SI_NI_FGSM,vanilla,0.2447042614221573
3,Facenet512,/content/face_module/dataset_extractedfaces/vggface2_pairs/n000007_0076_01.jpg,/content/face_module/dataset_extractedfaces/vggface2_pairs/n000005_0080_01.jpg,vggface2_pairs,impersonation_attack,ArcFace,MI_ADMIX_DI_TI,vanilla,0.2399225234985351
3,GhostFaceNet,/content/face_module/dataset_extractedfaces/vggface2_pairs/n000007_0076_01.jpg,/content/face_module/dataset_extractedfaces/vggface2_pairs/n000005_0080_01.jpg,vggface2_pairs,impersonation_attack,ArcFace,PGD,vanilla,0.0884664878249168
3,GhostFaceNet,/content/face_module/dataset_extractedfaces/vggface2_pairs/n000007_0076_01.jpg,/content/face_module/dataset_extractedfaces/vggface2_pairs/n000005_0080_01.jpg,vggface2_pairs,impersonation_attack,ArcFace,MI_FGSM,vanilla,0.1153359487652778
3,GhostFaceNet,/content/face_module/dataset_extractedfaces/vggface2_pairs/n000007_0076_01.jpg,/content/face_module/dataset_extractedfaces/vggface2_pairs/n000005_0080_01.jpg,vggface2_pairs,impersonation_attack,ArcFace,TI_FGSM,vanilla,0.1038357764482498
3,GhostFaceNet,/content/face_module/dataset_extractedfaces/vggface2_pairs/n000007_0076_01.jpg,/content/face_module/dataset_extractedfaces/vggface2_pairs/n000005_0080_01.jpg,vggface2_pairs,impersonation_attack,ArcFace,SI_NI_FGSM,vanilla,0.0765489488840103
3,GhostFaceNet,/content/face_module/dataset_extractedfaces/vggface2_pairs/n000007_0076_01.jpg,/content/face_module/dataset_extractedfaces/vggface2_pairs/n000005_0080_01.jpg,vggface2_pairs,impersonation_attack,ArcFace,MI_ADMIX_DI_TI,vanilla,0.1320536583662033
3,VGG-Face,/content/face_module/dataset_extractedfaces/vggface2_pairs/n000007_0076_01.jpg,/content/face_module/dataset_extractedfaces/vggface2_pairs/n000005_0080_01.jpg,vggface2_pairs,impersonation_attack,ArcFace,PGD,vanilla,0.3189053535461426
3,VGG-Face,/content/face_module/dataset_extractedfaces/vggface2_pairs/n000007_0076_01.jpg,/content/face_module/dataset_extractedfaces/vggface2_pairs/n000005_0080_01.jpg,vggface2_pairs,impersonation_attack,ArcFace,MI_FGSM,vanilla,0.4164182245731354
3,VGG-Face,/content/face_module/dataset_extractedfaces/vggface2_pairs/n000007_0076_01.jpg,/content/face_module/dataset_extractedfaces/vggface2_pairs/n000005_0080_01.jpg,vggface2_pairs,impersonation_attack,ArcFace,TI_FGSM,vanilla,0.3132845759391784
3,VGG-Face,/content/face_module/dataset_extractedfaces/vggface2_pairs/n000007_0076_01.jpg,/content/face_module/dataset_extractedfaces/vggface2_pairs/n000005_0080_01.jpg,vggface2_pairs,impersonation_attack,ArcFace,SI_NI_FGSM,vanilla,0.3844180405139923
3,VGG-Face,/content/face_module/dataset_extractedfaces/vggface2_pairs/n000007_0076_01.jpg,/content/face_module/dataset_extractedfaces/vggface2_pairs/n000005_0080_01.jpg,vggface2_pairs,impersonation_attack,ArcFace,MI_ADMIX_DI_TI,vanilla,0.3326604962348938
5,ArcFace,/content/face_module/dataset_extractedfaces/vggface2_pairs/n000004_0204_01.jpg,/content/face_module/dataset_extractedfaces/vggface2_pairs/n000002_0070_01.jpg,vggface2_pairs,impersonation_attack,ArcFace,clean,clean,0.0034879823215305
5,Facenet512,/content/face_module/dataset_extractedfaces/vggface2_pairs/n000004_0204_01.jpg,/content/face_module/dataset_extractedfaces/vggface2_pairs/n000002_0070_01.jpg,vggface2_pairs,impersonation_attack,ArcFace,clean,clean,0.0034879823215305
5,GhostFaceNet,/content/face_module/dataset_extractedfaces/vggface2_pairs/n000004_0204_01.jpg,/content/face_module/dataset_extractedfaces/vggface2_pairs/n000002_0070_01.jpg,vggface2_pairs,impersonation_attack,ArcFace,clean,clean,0.0034879823215305
5,VGG-Face,/content/face_module/dataset_extractedfaces/vggface2_pairs/n000004_0204_01.jpg,/content/face_module/dataset_extractedfaces/vggface2_pairs/n000002_0070_01.jpg,vggface2_pairs,impersonation_attack,ArcFace,clean,clean,0.0034879823215305
5,Facenet512,/content/face_module/dataset_extractedfaces/vggface2_pairs/n000004_0204_01.jpg,/content/face_module/dataset_extractedfaces/vggface2_pairs/n000002_0070_01.jpg,vggface2_pairs,impersonation_attack,ArcFace,PGD,vanilla,0.0791315212845802
5,Facenet512,/content/face_module/dataset_extractedfaces/vggface2_pairs/n000004_0204_01.jpg,/content/face_module/dataset_extractedfaces/vggface2_pairs/n000002_0070_01.jpg,vggface2_pairs,impersonation_attack,ArcFace,MI_FGSM,vanilla,0.0974238291382789
5,Facenet512,/content/face_module/dataset_extractedfaces/vggface2_pairs/n000004_0204_01.jpg,/content/face_module/dataset_extractedfaces/vggface2_pairs/n000002_0070_01.jpg,vggface2_pairs,impersonation_attack,ArcFace,TI_FGSM,vanilla,0.0881457701325416
5,Facenet512,/content/face_module/dataset_extractedfaces/vggface2_pairs/n000004_0204_01.jpg,/content/face_module/dataset_extractedfaces/vggface2_pairs/n000002_0070_01.jpg,vggface2_pairs,impersonation_attack,ArcFace,SI_NI_FGSM,vanilla,0.0619946494698524
5,Facenet512,/content/face_module/dataset_extractedfaces/vggface2_pairs/n000004_0204_01.jpg,/content/face_module/dataset_extractedfaces/vggface2_pairs/n000002_0070_01.jpg,vggface2_pairs,impersonation_attack,ArcFace,MI_ADMIX_DI_TI,vanilla,0.0991605296730995
5,GhostFaceNet,/content/face_module/dataset_extractedfaces/vggface2_pairs/n000004_0204_01.jpg,/content/face_module/dataset_extractedfaces/vggface2_pairs/n000002_0070_01.jpg,vggface2_pairs,impersonation_attack,ArcFace,PGD,vanilla,0.0506809204816818
5,GhostFaceNet,/content/face_module/dataset_extractedfaces/vggface2_pairs/n000004_0204_01.jpg,/content/face_module/dataset_extractedfaces/vggface2_pairs/n000002_0070_01.jpg,vggface2_pairs,impersonation_attack,ArcFace,MI_FGSM,vanilla,0.0808021277189254
5,GhostFaceNet,/content/face_module/dataset_extractedfaces/vggface2_pairs/n000004_0204_01.jpg,/content/face_module/dataset_extractedfaces/vggface2_pairs/n000002_0070_01.jpg,vggface2_pairs,impersonation_attack,ArcFace,TI_FGSM,vanilla,0.0073568713851273
5,GhostFaceNet,/content/face_module/dataset_extractedfaces/vggface2_pairs/n000004_0204_01.jpg,/content/face_module/dataset_extractedfaces/vggface2_pairs/n000002_0070_01.jpg,vggface2_pairs,impersonation_attack,ArcFace,SI_NI_FGSM,vanilla,0.1035536155104637
5,GhostFaceNet,/content/face_module/dataset_extractedfaces/vggface2_pairs/n000004_0204_01.jpg,/content/face_module/dataset_extractedfaces/vggface2_pairs/n000002_0070_01.jpg,vggface2_pairs,impersonation_attack,ArcFace,MI_ADMIX_DI_TI,vanilla,0.0103701530024409
5,VGG-Face,/content/face_module/dataset_extractedfaces/vggface2_pairs/n000004_0204_01.jpg,/content/face_module/dataset_extractedfaces/vggface2_pairs/n000002_0070_01.jpg,vggface2_pairs,impersonation_attack,ArcFace,PGD,vanilla,-0.0076453536748886
5,VGG-Face,/content/face_module/dataset_extractedfaces/vggface2_pairs/n000004_0204_01.jpg,/content/face_module/dataset_extractedfaces/vggface2_pairs/n000002_0070_01.jpg,vggface2_pairs,impersonation_attack,ArcFace,MI_FGSM,vanilla,0.0395873822271823
5,VGG-Face,/content/face_module/dataset_extractedfaces/vggface2_pairs/n000004_0204_01.jpg,/content/face_module/dataset_extractedfaces/vggface2_pairs/n000002_0070_01.jpg,vggface2_pairs,impersonation_attack,ArcFace,TI_FGSM,vanilla,0.0009763678535819
5,VGG-Face,/content/face_module/dataset_extractedfaces/vggface2_pairs/n000004_0204_01.jpg,/content/face_module/dataset_extractedfaces/vggface2_pairs/n000002_0070_01.jpg,vggface2_pairs,impersonation_attack,ArcFace,SI_NI_FGSM,vanilla,0.0341239795088768
5,VGG-Face,/content/face_module/dataset_extractedfaces/vggface2_pairs/n000004_0204_01.jpg,/content/face_module/dataset_extractedfaces/vggface2_pairs/n000002_0070_01.jpg,vggface2_pairs,impersonation_attack,ArcFace,MI_ADMIX_DI_TI,vanilla,0.0722821503877639
17,ArcFace,/content/face_module/dataset_extractedfaces/vggface2_pairs/n000016_0036_01.jpg,/content/face_module/dataset_extractedfaces/vggface2_pairs/n000012_0087_01.jpg,vggface2_pairs,impersonation_attack,ArcFace,clean,clean,0.3356751501560211
17,Facenet512,/content/face_module/dataset_extractedfaces/vggface2_pairs/n000016_0036_01.jpg,/content/face_module/dataset_extractedfaces/vggface2_pairs/n000012_0087_01.jpg,vggface2_pairs,impersonation_attack,ArcFace,clean,clean,0.3356751501560211
17,GhostFaceNet,/content/face_module/dataset_extractedfaces/vggface2_pairs/n000016_0036_01.jpg,/content/face_module/dataset_extractedfaces/vggface2_pairs/n000012_0087_01.jpg,vggface2_pairs,impersonation_attack,ArcFace,clean,clean,0.3356751501560211
17,VGG-Face,/content/face_module/dataset_extractedfaces/vggface2_pairs/n000016_0036_01.jpg,/content/face_module/dataset_extractedfaces/vggface2_pairs/n000012_0087_01.jpg,vggface2_pairs,impersonation_attack,ArcFace,clean,clean,0.3356751501560211
17,Facenet512,/content/face_module/dataset_extractedfaces/vggface2_pairs/n000016_0036_01.jpg,/content/face_module/dataset_extractedfaces/vggface2_pairs/n000012_0087_01.jpg,vggface2_pairs,impersonation_attack,ArcFace,PGD,vanilla,0.5142999887466431
17,Facenet512,/content/face_module/dataset_extractedfaces/vggface2_pairs/n000016_0036_01.jpg,/content/face_module/dataset_extractedfaces/vggface2_pairs/n000012_0087_01.jpg,vggface2_pairs,impersonation_attack,ArcFace,MI_FGSM,vanilla,0.5796257853507996
17,Facenet512,/content/face_module/dataset_extractedfaces/vggface2_pairs/n000016_0036_01.jpg,/content/face_module/dataset_extractedfaces/vggface2_pairs/n000012_0087_01.jpg,vggface2_pairs,impersonation_attack,ArcFace,TI_FGSM,vanilla,0.5693302154541016
17,Facenet512,/content/face_module/dataset_extractedfaces/vggface2_pairs/n000016_0036_01.jpg,/content/face_module/dataset_extractedfaces/vggface2_pairs/n000012_0087_01.jpg,vggface2_pairs,impersonation_attack,ArcFace,SI_NI_FGSM,vanilla,0.6233353614807129
17,Facenet512,/content/face_module/dataset_extractedfaces/vggface2_pairs/n000016_0036_01.jpg,/content/face_module/dataset_extractedfaces/vggface2_pairs/n000012_0087_01.jpg,vggface2_pairs,impersonation_attack,ArcFace,MI_ADMIX_DI_TI,vanilla,0.5579574108123779
17,GhostFaceNet,/content/face_module/dataset_extractedfaces/vggface2_pairs/n000016_0036_01.jpg,/content/face_module/dataset_extractedfaces/vggface2_pairs/n000012_0087_01.jpg,vggface2_pairs,impersonation_attack,ArcFace,PGD,vanilla,0.3077961206436157
17,GhostFaceNet,/content/face_module/dataset_extractedfaces/vggface2_pairs/n000016_0036_01.jpg,/content/face_module/dataset_extractedfaces/vggface2_pairs/n000012_0087_01.jpg,vggface2_pairs,impersonation_attack,ArcFace,MI_FGSM,vanilla,0.3255126476287842
17,GhostFaceNet,/content/face_module/dataset_extractedfaces/vggface2_pairs/n000016_0036_01.jpg,/content/face_module/dataset_extractedfaces/vggface2_pairs/n000012_0087_01.jpg,vggface2_pairs,impersonation_attack,ArcFace,TI_FGSM,vanilla,0.3989043235778808
17,GhostFaceNet,/content/face_module/dataset_extractedfaces/vggface2_pairs/n000016_0036_01.jpg,/content/face_module/dataset_extractedfaces/vggface2_pairs/n000012_0087_01.jpg,vggface2_pairs,impersonation_attack,ArcFace,SI_NI_FGSM,vanilla,0.3118336200714111
17,GhostFaceNet,/content/face_module/dataset_extractedfaces/vggface2_pairs/n000016_0036_01.jpg,/content/face_module/dataset_extractedfaces/vggface2_pairs/n000012_0087_01.jpg,vggface2_pairs,impersonation_attack,ArcFace,MI_ADMIX_DI_TI,vanilla,0.3420614898204803
17,VGG-Face,/content/face_module/dataset_extractedfaces/vggface2_pairs/n000016_0036_01.jpg,/content/face_module/dataset_extractedfaces/vggface2_pairs/n000012_0087_01.jpg,vggface2_pairs,impersonation_attack,ArcFace,PGD,vanilla,0.4993570446968078
17,VGG-Face,/content/face_module/dataset_extractedfaces/vggface2_pairs/n000016_0036_01.jpg,/content/face_module/dataset_extractedfaces/vggface2_pairs/n000012_0087_01.jpg,vggface2_pairs,impersonation_attack,ArcFace,MI_FGSM,vanilla,0.5886799097061157
17,VGG-Face,/content/face_module/dataset_extractedfaces/vggface2_pairs/n000016_0036_01.jpg,/content/face_module/dataset_extractedfaces/vggface2_pairs/n000012_0087_01.jpg,vggface2_pairs,impersonation_attack,ArcFace,TI_FGSM,vanilla,0.5381072759628296
17,VGG-Face,/content/face_module/dataset_extractedfaces/vggface2_pairs/n000016_0036_01.jpg,/content/face_module/dataset_extractedfaces/vggface2_pairs/n000012_0087_01.jpg,vggface2_pairs,impersonation_attack,ArcFace,SI_NI_FGSM,vanilla,0.5606068968772888
17,VGG-Face,/content/face_module/dataset_extractedfaces/vggface2_pairs/n000016_0036_01.jpg,/content/face_module/dataset_extractedfaces/vggface2_pairs/n000012_0087_01.jpg,vggface2_pairs,impersonation_attack,ArcFace,MI_ADMIX_DI_TI,vanilla,0.5587723851203918
19,ArcFace,/content/face_module/dataset_extractedfaces/vggface2_pairs/n000007_0012_01.jpg,/content/face_module/dataset_extractedfaces/vggface2_pairs/n000008_0101_01.jpg,vggface2_pairs,impersonation_attack,ArcFace,clean,clean,0.1917919218540191
19,Facenet512,/content/face_module/dataset_extractedfaces/vggface2_pairs/n000007_0012_01.jpg,/content/face_module/dataset_extractedfaces/vggface2_pairs/n000008_0101_01.jpg,vggface2_pairs,impersonation_attack,ArcFace,clean,clean,0.1917919218540191
19,GhostFaceNet,/content/face_module/dataset_extractedfaces/vggface2_pairs/n000007_0012_01.jpg,/content/face_module/dataset_extractedfaces/vggface2_pairs/n000008_0101_01.jpg,vggface2_pairs,impersonation_attack,ArcFace,clean,clean,0.1917919218540191
19,VGG-Face,/content/face_module/dataset_extractedfaces/vggface2_pairs/n000007_0012_01.jpg,/content/face_module/dataset_extractedfaces/vggface2_pairs/n000008_0101_01.jpg,vggface2_pairs,impersonation_attack,ArcFace,clean,clean,0.1917919218540191
19,Facenet512,/content/face_module/dataset_extractedfaces/vggface2_pairs/n000007_0012_01.jpg,/content/face_module/dataset_extractedfaces/vggface2_pairs/n000008_0101_01.jpg,vggface2_pairs,impersonation_attack,ArcFace,PGD,vanilla,0.3037275075912475
19,Facenet512,/content/face_module/dataset_extractedfaces/vggface2_pairs/n000007_0012_01.jpg,/content/face_module/dataset_extractedfaces/vggface2_pairs/n000008_0101_01.jpg,vggface2_pairs,impersonation_attack,ArcFace,MI_FGSM,vanilla,0.3141390085220337
19,Facenet512,/content/face_module/dataset_extractedfaces/vggface2_pairs/n000007_0012_01.jpg,/content/face_module/dataset_extractedfaces/vggface2_pairs/n000008_0101_01.jpg,vggface2_pairs,impersonation_attack,ArcFace,TI_FGSM,vanilla,0.2520104050636291
19,Facenet512,/content/face_module/dataset_extractedfaces/vggface2_pairs/n000007_0012_01.jpg,/content/face_module/dataset_extractedfaces/vggface2_pairs/n000008_0101_01.jpg,vggface2_pairs,impersonation_attack,ArcFace,SI_NI_FGSM,vanilla,0.3785780668258667
19,Facenet512,/content/face_module/dataset_extractedfaces/vggface2_pairs/n000007_0012_01.jpg,/content/face_module/dataset_extractedfaces/vggface2_pairs/n000008_0101_01.jpg,vggface2_pairs,impersonation_attack,ArcFace,MI_ADMIX_DI_TI,vanilla,0.2833266854286194
19,GhostFaceNet,/content/face_module/dataset_extractedfaces/vggface2_pairs/n000007_0012_01.jpg,/content/face_module/dataset_extractedfaces/vggface2_pairs/n000008_0101_01.jpg,vggface2_pairs,impersonation_attack,ArcFace,PGD,vanilla,0.2461157292127609
19,GhostFaceNet,/content/face_module/dataset_extractedfaces/vggface2_pairs/n000007_0012_01.jpg,/content/face_module/dataset_extractedfaces/vggface2_pairs/n000008_0101_01.jpg,vggface2_pairs,impersonation_attack,ArcFace,MI_FGSM,vanilla,0.2543956637382507
19,GhostFaceNet,/content/face_module/dataset_extractedfaces/vggface2_pairs/n000007_0012_01.jpg,/content/face_module/dataset_extractedfaces/vggface2_pairs/n000008_0101_01.jpg,vggface2_pairs,impersonation_attack,ArcFace,TI_FGSM,vanilla,0.2091214060783386
19,GhostFaceNet,/content/face_module/dataset_extractedfaces/vggface2_pairs/n000007_0012_01.jpg,/content/face_module/dataset_extractedfaces/vggface2_pairs/n000008_0101_01.jpg,vggface2_pairs,impersonation_attack,ArcFace,SI_NI_FGSM,vanilla,0.3098467588424682
19,GhostFaceNet,/content/face_module/dataset_extractedfaces/vggface2_pairs/n000007_0012_01.jpg,/content/face_module/dataset_extractedfaces/vggface2_pairs/n000008_0101_01.jpg,vggface2_pairs,impersonation_attack,ArcFace,MI_ADMIX_DI_TI,vanilla,0.2216832339763641
19,VGG-Face,/content/face_module/dataset_extractedfaces/vggface2_pairs/n000007_0012_01.jpg,/content/face_module/dataset_extractedfaces/vggface2_pairs/n000008_0101_01.jpg,vggface2_pairs,impersonation_attack,ArcFace,PGD,vanilla,0.3606682121753692
19,VGG-Face,/content/face_module/dataset_extractedfaces/vggface2_pairs/n000007_0012_01.jpg,/content/face_module/dataset_extractedfaces/vggface2_pairs/n000008_0101_01.jpg,vggface2_pairs,impersonation_attack,ArcFace,MI_FGSM,vanilla,0.37801194190979
19,VGG-Face,/content/face_module/dataset_extractedfaces/vggface2_pairs/n000007_0012_01.jpg,/content/face_module/dataset_extractedfaces/vggface2_pairs/n000008_0101_01.jpg,vggface2_pairs,impersonation_attack,ArcFace,TI_FGSM,vanilla,0.3273102939128876
19,VGG-Face,/content/face_module/dataset_extractedfaces/vggface2_pairs/n000007_0012_01.jpg,/content/face_module/dataset_extractedfaces/vggface2_pairs/n000008_0101_01.jpg,vggface2_pairs,impersonation_attack,ArcFace,SI_NI_FGSM,vanilla,0.3311512172222137
19,VGG-Face,/content/face_module/dataset_extractedfaces/vggface2_pairs/n000007_0012_01.jpg,/content/face_module/dataset_extractedfaces/vggface2_pairs/n000008_0101_01.jpg,vggface2_pairs,impersonation_attack,ArcFace,MI_ADMIX_DI_TI,vanilla,0.3482181131839752
21,ArcFace,/content/face_module/dataset_extractedfaces/vggface2_pairs/n000012_0183_01.jpg,/content/face_module/dataset_extractedfaces/vggface2_pairs/n000014_0113_01.jpg,vggface2_pairs,impersonation_attack,ArcFace,clean,clean,0.1859162300825119
21,Facenet512,/content/face_module/dataset_extractedfaces/vggface2_pairs/n000012_0183_01.jpg,/content/face_module/dataset_extractedfaces/vggface2_pairs/n000014_0113_01.jpg,vggface2_pairs,impersonation_attack,ArcFace,clean,clean,0.1859162300825119
21,GhostFaceNet,/content/face_module/dataset_extractedfaces/vggface2_pairs/n000012_0183_01.jpg,/content/face_module/dataset_extractedfaces/vggface2_pairs/n000014_0113_01.jpg,vggface2_pairs,impersonation_attack,ArcFace,clean,clean,0.1859162300825119
21,VGG-Face,/content/face_module/dataset_extractedfaces/vggface2_pairs/n000012_0183_01.jpg,/content/face_module/dataset_extractedfaces/vggface2_pairs/n000014_0113_01.jpg,vggface2_pairs,impersonation_attack,ArcFace,clean,clean,0.1859162300825119
21,Facenet512,/content/face_module/dataset_extractedfaces/vggface2_pairs/n000012_0183_01.jpg,/content/face_module/dataset_extractedfaces/vggface2_pairs/n000014_0113_01.jpg,vggface2_pairs,impersonation_attack,ArcFace,PGD,vanilla,0.3252528607845306
21,Facenet512,/content/face_module/dataset_extractedfaces/vggface2_pairs/n000012_0183_01.jpg,/content/face_module/dataset_extractedfaces/vggface2_pairs/n000014_0113_01.jpg,vggface2_pairs,impersonation_attack,ArcFace,MI_FGSM,vanilla,0.3709401786327362
21,Facenet512,/content/face_module/dataset_extractedfaces/vggface2_pairs/n000012_0183_01.jpg,/content/face_module/dataset_extractedfaces/vggface2_pairs/n000014_0113_01.jpg,vggface2_pairs,impersonation_attack,ArcFace,TI_FGSM,vanilla,0.3678027987480163
21,Facenet512,/content/face_module/dataset_extractedfaces/vggface2_pairs/n000012_0183_01.jpg,/content/face_module/dataset_extractedfaces/vggface2_pairs/n000014_0113_01.jpg,vggface2_pairs,impersonation_attack,ArcFace,SI_NI_FGSM,vanilla,0.4435777962207794
21,Facenet512,/content/face_module/dataset_extractedfaces/vggface2_pairs/n000012_0183_01.jpg,/content/face_module/dataset_extractedfaces/vggface2_pairs/n000014_0113_01.jpg,vggface2_pairs,impersonation_attack,ArcFace,MI_ADMIX_DI_TI,vanilla,0.3903680145740509
21,GhostFaceNet,/content/face_module/dataset_extractedfaces/vggface2_pairs/n000012_0183_01.jpg,/content/face_module/dataset_extractedfaces/vggface2_pairs/n000014_0113_01.jpg,vggface2_pairs,impersonation_attack,ArcFace,PGD,vanilla,0.2598888874053955
21,GhostFaceNet,/content/face_module/dataset_extractedfaces/vggface2_pairs/n000012_0183_01.jpg,/content/face_module/dataset_extractedfaces/vggface2_pairs/n000014_0113_01.jpg,vggface2_pairs,impersonation_attack,ArcFace,MI_FGSM,vanilla,0.3027592897415161
21,GhostFaceNet,/content/face_module/dataset_extractedfaces/vggface2_pairs/n000012_0183_01.jpg,/content/face_module/dataset_extractedfaces/vggface2_pairs/n000014_0113_01.jpg,vggface2_pairs,impersonation_attack,ArcFace,TI_FGSM,vanilla,0.278845340013504
21,GhostFaceNet,/content/face_module/dataset_extractedfaces/vggface2_pairs/n000012_0183_01.jpg,/content/face_module/dataset_extractedfaces/vggface2_pairs/n000014_0113_01.jpg,vggface2_pairs,impersonation_attack,ArcFace,SI_NI_FGSM,vanilla,0.3079381287097931
21,GhostFaceNet,/content/face_module/dataset_extractedfaces/vggface2_pairs/n000012_0183_01.jpg,/content/face_module/dataset_extractedfaces/vggface2_pairs/n000014_0113_01.jpg,vggface2_pairs,impersonation_attack,ArcFace,MI_ADMIX_DI_TI,vanilla,0.2677260935306549
21,VGG-Face,/content/face_module/dataset_extractedfaces/vggface2_pairs/n000012_0183_01.jpg,/content/face_module/dataset_extractedfaces/vggface2_pairs/n000014_0113_01.jpg,vggface2_pairs,impersonation_attack,ArcFace,PGD,vanilla,0.3404824733734131
21,VGG-Face,/content/face_module/dataset_extractedfaces/vggface2_pairs/n000012_0183_01.jpg,/content/face_module/dataset_extractedfaces/vggface2_pairs/n000014_0113_01.jpg,vggface2_pairs,impersonation_attack,ArcFace,MI_FGSM,vanilla,0.397835910320282
21,VGG-Face,/content/face_module/dataset_extractedfaces/vggface2_pairs/n000012_0183_01.jpg,/content/face_module/dataset_extractedfaces/vggface2_pairs/n000014_0113_01.jpg,vggface2_pairs,impersonation_attack,ArcFace,TI_FGSM,vanilla,0.3837804198265075
21,VGG-Face,/content/face_module/dataset_extractedfaces/vggface2_pairs/n000012_0183_01.jpg,/content/face_module/dataset_extractedfaces/vggface2_pairs/n000014_0113_01.jpg,vggface2_pairs,impersonation_attack,ArcFace,SI_NI_FGSM,vanilla,0.4091656506061554
21,VGG-Face,/content/face_module/dataset_extractedfaces/vggface2_pairs/n000012_0183_01.jpg,/content/face_module/dataset_extractedfaces/vggface2_pairs/n000014_0113_01.jpg,vggface2_pairs,impersonation_attack,ArcFace,MI_ADMIX_DI_TI,vanilla,0.3877460062503814
6,ArcFace,/content/face_module/dataset_extractedfaces/lfw_pairs/Luiz Inacio Lula da Silva_7.jpg,/content/face_module/dataset_extractedfaces/lfw_pairs/Luiz Inacio Lula da Silva_8.jpg,lfw_pairs,dodging_attack,ArcFace,clean,clean,0.748854398727417
6,Facenet512,/content/face_module/dataset_extractedfaces/lfw_pairs/Luiz Inacio Lula da Silva_7.jpg,/content/face_module/dataset_extractedfaces/lfw_pairs/Luiz Inacio Lula da Silva_8.jpg,lfw_pairs,dodging_attack,ArcFace,clean,clean,0.748854398727417
6,GhostFaceNet,/content/face_module/dataset_extractedfaces/lfw_pairs/Luiz Inacio Lula da Silva_7.jpg,/content/face_module/dataset_extractedfaces/lfw_pairs/Luiz Inacio Lula da Silva_8.jpg,lfw_pairs,dodging_attack,ArcFace,clean,clean,0.748854398727417
6,VGG-Face,/content/face_module/dataset_extractedfaces/lfw_pairs/Luiz Inacio Lula da Silva_7.jpg,/content/face_module/dataset_extractedfaces/lfw_pairs/Luiz Inacio Lula da Silva_8.jpg,lfw_pairs,dodging_attack,ArcFace,clean,clean,0.748854398727417
6,Facenet512,/content/face_module/dataset_extractedfaces/lfw_pairs/Luiz Inacio Lula da Silva_7.jpg,/content/face_module/dataset_extractedfaces/lfw_pairs/Luiz Inacio Lula da Silva_8.jpg,lfw_pairs,dodging_attack,ArcFace,PGD,vanilla,0.5593910217285156
6,Facenet512,/content/face_module/dataset_extractedfaces/lfw_pairs/Luiz Inacio Lula da Silva_7.jpg,/content/face_module/dataset_extractedfaces/lfw_pairs/Luiz Inacio Lula da Silva_8.jpg,lfw_pairs,dodging_attack,ArcFace,MI_FGSM,vanilla,0.4284066557884216
6,Facenet512,/content/face_module/dataset_extractedfaces/lfw_pairs/Luiz Inacio Lula da Silva_7.jpg,/content/face_module/dataset_extractedfaces/lfw_pairs/Luiz Inacio Lula da Silva_8.jpg,lfw_pairs,dodging_attack,ArcFace,TI_FGSM,vanilla,0.4616219997406006
6,Facenet512,/content/face_module/dataset_extractedfaces/lfw_pairs/Luiz Inacio Lula da Silva_7.jpg,/content/face_module/dataset_extractedfaces/lfw_pairs/Luiz Inacio Lula da Silva_8.jpg,lfw_pairs,dodging_attack,ArcFace,SI_NI_FGSM,vanilla,0.4030269980430603
6,Facenet512,/content/face_module/dataset_extractedfaces/lfw_pairs/Luiz Inacio Lula da Silva_7.jpg,/content/face_module/dataset_extractedfaces/lfw_pairs/Luiz Inacio Lula da Silva_8.jpg,lfw_pairs,dodging_attack,ArcFace,MI_ADMIX_DI_TI,vanilla,0.421600878238678
6,GhostFaceNet,/content/face_module/dataset_extractedfaces/lfw_pairs/Luiz Inacio Lula da Silva_7.jpg,/content/face_module/dataset_extractedfaces/lfw_pairs/Luiz Inacio Lula da Silva_8.jpg,lfw_pairs,dodging_attack,ArcFace,PGD,vanilla,0.741240918636322
6,GhostFaceNet,/content/face_module/dataset_extractedfaces/lfw_pairs/Luiz Inacio Lula da Silva_7.jpg,/content/face_module/dataset_extractedfaces/lfw_pairs/Luiz Inacio Lula da Silva_8.jpg,lfw_pairs,dodging_attack,ArcFace,MI_FGSM,vanilla,0.6982089281082153
6,GhostFaceNet,/content/face_module/dataset_extractedfaces/lfw_pairs/Luiz Inacio Lula da Silva_7.jpg,/content/face_module/dataset_extractedfaces/lfw_pairs/Luiz Inacio Lula da Silva_8.jpg,lfw_pairs,dodging_attack,ArcFace,TI_FGSM,vanilla,0.7110609412193298
6,GhostFaceNet,/content/face_module/dataset_extractedfaces/lfw_pairs/Luiz Inacio Lula da Silva_7.jpg,/content/face_module/dataset_extractedfaces/lfw_pairs/Luiz Inacio Lula da Silva_8.jpg,lfw_pairs,dodging_attack,ArcFace,SI_NI_FGSM,vanilla,0.6753332614898682
6,GhostFaceNet,/content/face_module/dataset_extractedfaces/lfw_pairs/Luiz Inacio Lula da Silva_7.jpg,/content/face_module/dataset_extractedfaces/lfw_pairs/Luiz Inacio Lula da Silva_8.jpg,lfw_pairs,dodging_attack,ArcFace,MI_ADMIX_DI_TI,vanilla,0.721408486366272
6,VGG-Face,/content/face_module/dataset_extractedfaces/lfw_pairs/Luiz Inacio Lula da Silva_7.jpg,/content/face_module/dataset_extractedfaces/lfw_pairs/Luiz Inacio Lula da Silva_8.jpg,lfw_pairs,dodging_attack,ArcFace,PGD,vanilla,0.5443103909492493
6,VGG-Face,/content/face_module/dataset_extractedfaces/lfw_pairs/Luiz Inacio Lula da Silva_7.jpg,/content/face_module/dataset_extractedfaces/lfw_pairs/Luiz Inacio Lula da Silva_8.jpg,lfw_pairs,dodging_attack,ArcFace,MI_FGSM,vanilla,0.4129428267478943
6,VGG-Face,/content/face_module/dataset_extractedfaces/lfw_pairs/Luiz Inacio Lula da Silva_7.jpg,/content/face_module/dataset_extractedfaces/lfw_pairs/Luiz Inacio Lula da Silva_8.jpg,lfw_pairs,dodging_attack,ArcFace,TI_FGSM,vanilla,0.5053765773773193
6,VGG-Face,/content/face_module/dataset_extractedfaces/lfw_pairs/Luiz Inacio Lula da Silva_7.jpg,/content/face_module/dataset_extractedfaces/lfw_pairs/Luiz Inacio Lula da Silva_8.jpg,lfw_pairs,dodging_attack,ArcFace,SI_NI_FGSM,vanilla,0.4253193736076355
6,VGG-Face,/content/face_module/dataset_extractedfaces/lfw_pairs/Luiz Inacio Lula da Silva_7.jpg,/content/face_module/dataset_extractedfaces/lfw_pairs/Luiz Inacio Lula da Silva_8.jpg,lfw_pairs,dodging_attack,ArcFace,MI_ADMIX_DI_TI,vanilla,0.4169079065322876
9,ArcFace,/content/face_module/dataset_extractedfaces/lfw_pairs/Colin Powell_75.jpg,/content/face_module/dataset_extractedfaces/lfw_pairs/Colin Powell_76.jpg,lfw_pairs,dodging_attack,ArcFace,clean,clean,0.2683092653751373
9,Facenet512,/content/face_module/dataset_extractedfaces/lfw_pairs/Colin Powell_75.jpg,/content/face_module/dataset_extractedfaces/lfw_pairs/Colin Powell_76.jpg,lfw_pairs,dodging_attack,ArcFace,clean,clean,0.2683092653751373
9,GhostFaceNet,/content/face_module/dataset_extractedfaces/lfw_pairs/Colin Powell_75.jpg,/content/face_module/dataset_extractedfaces/lfw_pairs/Colin Powell_76.jpg,lfw_pairs,dodging_attack,ArcFace,clean,clean,0.2683092653751373
9,VGG-Face,/content/face_module/dataset_extractedfaces/lfw_pairs/Colin Powell_75.jpg,/content/face_module/dataset_extractedfaces/lfw_pairs/Colin Powell_76.jpg,lfw_pairs,dodging_attack,ArcFace,clean,clean,0.2683092653751373
9,Facenet512,/content/face_module/dataset_extractedfaces/lfw_pairs/Colin Powell_75.jpg,/content/face_module/dataset_extractedfaces/lfw_pairs/Colin Powell_76.jpg,lfw_pairs,dodging_attack,ArcFace,PGD,vanilla,0.1699440628290176
9,Facenet512,/content/face_module/dataset_extractedfaces/lfw_pairs/Colin Powell_75.jpg,/content/face_module/dataset_extractedfaces/lfw_pairs/Colin Powell_76.jpg,lfw_pairs,dodging_attack,ArcFace,MI_FGSM,vanilla,0.1320075243711471
9,Facenet512,/content/face_module/dataset_extractedfaces/lfw_pairs/Colin Powell_75.jpg,/content/face_module/dataset_extractedfaces/lfw_pairs/Colin Powell_76.jpg,lfw_pairs,dodging_attack,ArcFace,TI_FGSM,vanilla,0.1941563487052917
9,Facenet512,/content/face_module/dataset_extractedfaces/lfw_pairs/Colin Powell_75.jpg,/content/face_module/dataset_extractedfaces/lfw_pairs/Colin Powell_76.jpg,lfw_pairs,dodging_attack,ArcFace,SI_NI_FGSM,vanilla,0.0408152006566524
9,Facenet512,/content/face_module/dataset_extractedfaces/lfw_pairs/Colin Powell_75.jpg,/content/face_module/dataset_extractedfaces/lfw_pairs/Colin Powell_76.jpg,lfw_pairs,dodging_attack,ArcFace,MI_ADMIX_DI_TI,vanilla,0.2136617302894592
9,GhostFaceNet,/content/face_module/dataset_extractedfaces/lfw_pairs/Colin Powell_75.jpg,/content/face_module/dataset_extractedfaces/lfw_pairs/Colin Powell_76.jpg,lfw_pairs,dodging_attack,ArcFace,PGD,vanilla,0.2677614688873291
9,GhostFaceNet,/content/face_module/dataset_extractedfaces/lfw_pairs/Colin Powell_75.jpg,/content/face_module/dataset_extractedfaces/lfw_pairs/Colin Powell_76.jpg,lfw_pairs,dodging_attack,ArcFace,MI_FGSM,vanilla,0.2218681424856186
9,GhostFaceNet,/content/face_module/dataset_extractedfaces/lfw_pairs/Colin Powell_75.jpg,/content/face_module/dataset_extractedfaces/lfw_pairs/Colin Powell_76.jpg,lfw_pairs,dodging_attack,ArcFace,TI_FGSM,vanilla,0.2552180290222168
9,GhostFaceNet,/content/face_module/dataset_extractedfaces/lfw_pairs/Colin Powell_75.jpg,/content/face_module/dataset_extractedfaces/lfw_pairs/Colin Powell_76.jpg,lfw_pairs,dodging_attack,ArcFace,SI_NI_FGSM,vanilla,0.282486081123352
9,GhostFaceNet,/content/face_module/dataset_extractedfaces/lfw_pairs/Colin Powell_75.jpg,/content/face_module/dataset_extractedfaces/lfw_pairs/Colin Powell_76.jpg,lfw_pairs,dodging_attack,ArcFace,MI_ADMIX_DI_TI,vanilla,0.2932783365249634
9,VGG-Face,/content/face_module/dataset_extractedfaces/lfw_pairs/Colin Powell_75.jpg,/content/face_module/dataset_extractedfaces/lfw_pairs/Colin Powell_76.jpg,lfw_pairs,dodging_attack,ArcFace,PGD,vanilla,0.2024064064025879
9,VGG-Face,/content/face_module/dataset_extractedfaces/lfw_pairs/Colin Powell_75.jpg,/content/face_module/dataset_extractedfaces/lfw_pairs/Colin Powell_76.jpg,lfw_pairs,dodging_attack,ArcFace,MI_FGSM,vanilla,0.1436887830495834
9,VGG-Face,/content/face_module/dataset_extractedfaces/lfw_pairs/Colin Powell_75.jpg,/content/face_module/dataset_extractedfaces/lfw_pairs/Colin Powell_76.jpg,lfw_pairs,dodging_attack,ArcFace,TI_FGSM,vanilla,0.1958559155464172
9,VGG-Face,/content/face_module/dataset_extractedfaces/lfw_pairs/Colin Powell_75.jpg,/content/face_module/dataset_extractedfaces/lfw_pairs/Colin Powell_76.jpg,lfw_pairs,dodging_attack,ArcFace,SI_NI_FGSM,vanilla,0.0965001434087753
9,VGG-Face,/content/face_module/dataset_extractedfaces/lfw_pairs/Colin Powell_75.jpg,/content/face_module/dataset_extractedfaces/lfw_pairs/Colin Powell_76.jpg,lfw_pairs,dodging_attack,ArcFace,MI_ADMIX_DI_TI,vanilla,0.2288129329681396
15,ArcFace,/content/face_module/dataset_extractedfaces/lfw_pairs/George W Bush_518.jpg,/content/face_module/dataset_extractedfaces/lfw_pairs/George W Bush_519.jpg,lfw_pairs,dodging_attack,ArcFace,clean,clean,0.6775954365730286
15,Facenet512,/content/face_module/dataset_extractedfaces/lfw_pairs/George W Bush_518.jpg,/content/face_module/dataset_extractedfaces/lfw_pairs/George W Bush_519.jpg,lfw_pairs,dodging_attack,ArcFace,clean,clean,0.6775954365730286
15,GhostFaceNet,/content/face_module/dataset_extractedfaces/lfw_pairs/George W Bush_518.jpg,/content/face_module/dataset_extractedfaces/lfw_pairs/George W Bush_519.jpg,lfw_pairs,dodging_attack,ArcFace,clean,clean,0.6775954365730286
15,VGG-Face,/content/face_module/dataset_extractedfaces/lfw_pairs/George W Bush_518.jpg,/content/face_module/dataset_extractedfaces/lfw_pairs/George W Bush_519.jpg,lfw_pairs,dodging_attack,ArcFace,clean,clean,0.6775954365730286
15,Facenet512,/content/face_module/dataset_extractedfaces/lfw_pairs/George W Bush_518.jpg,/content/face_module/dataset_extractedfaces/lfw_pairs/George W Bush_519.jpg,lfw_pairs,dodging_attack,ArcFace,PGD,vanilla,0.4361790418624878
15,Facenet512,/content/face_module/dataset_extractedfaces/lfw_pairs/George W Bush_518.jpg,/content/face_module/dataset_extractedfaces/lfw_pairs/George W Bush_519.jpg,lfw_pairs,dodging_attack,ArcFace,MI_FGSM,vanilla,0.395509660243988
15,Facenet512,/content/face_module/dataset_extractedfaces/lfw_pairs/George W Bush_518.jpg,/content/face_module/dataset_extractedfaces/lfw_pairs/George W Bush_519.jpg,lfw_pairs,dodging_attack,ArcFace,TI_FGSM,vanilla,0.3699895143508911
15,Facenet512,/content/face_module/dataset_extractedfaces/lfw_pairs/George W Bush_518.jpg,/content/face_module/dataset_extractedfaces/lfw_pairs/George W Bush_519.jpg,lfw_pairs,dodging_attack,ArcFace,SI_NI_FGSM,vanilla,0.3020560443401336
15,Facenet512,/content/face_module/dataset_extractedfaces/lfw_pairs/George W Bush_518.jpg,/content/face_module/dataset_extractedfaces/lfw_pairs/George W Bush_519.jpg,lfw_pairs,dodging_attack,ArcFace,MI_ADMIX_DI_TI,vanilla,0.4317963719367981
15,GhostFaceNet,/content/face_module/dataset_extractedfaces/lfw_pairs/George W Bush_518.jpg,/content/face_module/dataset_extractedfaces/lfw_pairs/George W Bush_519.jpg,lfw_pairs,dodging_attack,ArcFace,PGD,vanilla,0.6020243763923645
15,GhostFaceNet,/content/face_module/dataset_extractedfaces/lfw_pairs/George W Bush_518.jpg,/content/face_module/dataset_extractedfaces/lfw_pairs/George W Bush_519.jpg,lfw_pairs,dodging_attack,ArcFace,MI_FGSM,vanilla,0.4988171756267547
15,GhostFaceNet,/content/face_module/dataset_extractedfaces/lfw_pairs/George W Bush_518.jpg,/content/face_module/dataset_extractedfaces/lfw_pairs/George W Bush_519.jpg,lfw_pairs,dodging_attack,ArcFace,TI_FGSM,vanilla,0.5848134756088257
15,GhostFaceNet,/content/face_module/dataset_extractedfaces/lfw_pairs/George W Bush_518.jpg,/content/face_module/dataset_extractedfaces/lfw_pairs/George W Bush_519.jpg,lfw_pairs,dodging_attack,ArcFace,SI_NI_FGSM,vanilla,0.5312732458114624
15,GhostFaceNet,/content/face_module/dataset_extractedfaces/lfw_pairs/George W Bush_518.jpg,/content/face_module/dataset_extractedfaces/lfw_pairs/George W Bush_519.jpg,lfw_pairs,dodging_attack,ArcFace,MI_ADMIX_DI_TI,vanilla,0.5192421674728394
15,VGG-Face,/content/face_module/dataset_extractedfaces/lfw_pairs/George W Bush_518.jpg,/content/face_module/dataset_extractedfaces/lfw_pairs/George W Bush_519.jpg,lfw_pairs,dodging_attack,ArcFace,PGD,vanilla,0.4479658305644989
15,VGG-Face,/content/face_module/dataset_extractedfaces/lfw_pairs/George W Bush_518.jpg,/content/face_module/dataset_extractedfaces/lfw_pairs/George W Bush_519.jpg,lfw_pairs,dodging_attack,ArcFace,MI_FGSM,vanilla,0.3326110243797302
15,VGG-Face,/content/face_module/dataset_extractedfaces/lfw_pairs/George W Bush_518.jpg,/content/face_module/dataset_extractedfaces/lfw_pairs/George W Bush_519.jpg,lfw_pairs,dodging_attack,ArcFace,TI_FGSM,vanilla,0.3443712890148163
15,VGG-Face,/content/face_module/dataset_extractedfaces/lfw_pairs/George W Bush_518.jpg,/content/face_module/dataset_extractedfaces/lfw_pairs/George W Bush_519.jpg,lfw_pairs,dodging_attack,ArcFace,SI_NI_FGSM,vanilla,0.320752888917923
15,VGG-Face,/content/face_module/dataset_extractedfaces/lfw_pairs/George W Bush_518.jpg,/content/face_module/dataset_extractedfaces/lfw_pairs/George W Bush_519.jpg,lfw_pairs,dodging_attack,ArcFace,MI_ADMIX_DI_TI,vanilla,0.3792318701744079
16,ArcFace,/content/face_module/dataset_extractedfaces/lfw_pairs/Colin Powell_24.jpg,/content/face_module/dataset_extractedfaces/lfw_pairs/Colin Powell_25.jpg,lfw_pairs,dodging_attack,ArcFace,clean,clean,0.6158846616744995
16,Facenet512,/content/face_module/dataset_extractedfaces/lfw_pairs/Colin Powell_24.jpg,/content/face_module/dataset_extractedfaces/lfw_pairs/Colin Powell_25.jpg,lfw_pairs,dodging_attack,ArcFace,clean,clean,0.6158846616744995
16,GhostFaceNet,/content/face_module/dataset_extractedfaces/lfw_pairs/Colin Powell_24.jpg,/content/face_module/dataset_extractedfaces/lfw_pairs/Colin Powell_25.jpg,lfw_pairs,dodging_attack,ArcFace,clean,clean,0.6158846616744995
16,VGG-Face,/content/face_module/dataset_extractedfaces/lfw_pairs/Colin Powell_24.jpg,/content/face_module/dataset_extractedfaces/lfw_pairs/Colin Powell_25.jpg,lfw_pairs,dodging_attack,ArcFace,clean,clean,0.6158846616744995
16,Facenet512,/content/face_module/dataset_extractedfaces/lfw_pairs/Colin Powell_24.jpg,/content/face_module/dataset_extractedfaces/lfw_pairs/Colin Powell_25.jpg,lfw_pairs,dodging_attack,ArcFace,PGD,vanilla,0.4671740531921386
16,Facenet512,/content/face_module/dataset_extractedfaces/lfw_pairs/Colin Powell_24.jpg,/content/face_module/dataset_extractedfaces/lfw_pairs/Colin Powell_25.jpg,lfw_pairs,dodging_attack,ArcFace,MI_FGSM,vanilla,0.3972676694393158
16,Facenet512,/content/face_module/dataset_extractedfaces/lfw_pairs/Colin Powell_24.jpg,/content/face_module/dataset_extractedfaces/lfw_pairs/Colin Powell_25.jpg,lfw_pairs,dodging_attack,ArcFace,TI_FGSM,vanilla,0.4579576253890991
16,Facenet512,/content/face_module/dataset_extractedfaces/lfw_pairs/Colin Powell_24.jpg,/content/face_module/dataset_extractedfaces/lfw_pairs/Colin Powell_25.jpg,lfw_pairs,dodging_attack,ArcFace,SI_NI_FGSM,vanilla,0.3936402201652527
16,Facenet512,/content/face_module/dataset_extractedfaces/lfw_pairs/Colin Powell_24.jpg,/content/face_module/dataset_extractedfaces/lfw_pairs/Colin Powell_25.jpg,lfw_pairs,dodging_attack,ArcFace,MI_ADMIX_DI_TI,vanilla,0.4267188906669616
16,GhostFaceNet,/content/face_module/dataset_extractedfaces/lfw_pairs/Colin Powell_24.jpg,/content/face_module/dataset_extractedfaces/lfw_pairs/Colin Powell_25.jpg,lfw_pairs,dodging_attack,ArcFace,PGD,vanilla,0.5479490756988525
16,GhostFaceNet,/content/face_module/dataset_extractedfaces/lfw_pairs/Colin Powell_24.jpg,/content/face_module/dataset_extractedfaces/lfw_pairs/Colin Powell_25.jpg,lfw_pairs,dodging_attack,ArcFace,MI_FGSM,vanilla,0.5423589944839478
16,GhostFaceNet,/content/face_module/dataset_extractedfaces/lfw_pairs/Colin Powell_24.jpg,/content/face_module/dataset_extractedfaces/lfw_pairs/Colin Powell_25.jpg,lfw_pairs,dodging_attack,ArcFace,TI_FGSM,vanilla,0.551588773727417
16,GhostFaceNet,/content/face_module/dataset_extractedfaces/lfw_pairs/Colin Powell_24.jpg,/content/face_module/dataset_extractedfaces/lfw_pairs/Colin Powell_25.jpg,lfw_pairs,dodging_attack,ArcFace,SI_NI_FGSM,vanilla,0.4782544374465942
16,GhostFaceNet,/content/face_module/dataset_extractedfaces/lfw_pairs/Colin Powell_24.jpg,/content/face_module/dataset_extractedfaces/lfw_pairs/Colin Powell_25.jpg,lfw_pairs,dodging_attack,ArcFace,MI_ADMIX_DI_TI,vanilla,0.5275924801826477
16,VGG-Face,/content/face_module/dataset_extractedfaces/lfw_pairs/Colin Powell_24.jpg,/content/face_module/dataset_extractedfaces/lfw_pairs/Colin Powell_25.jpg,lfw_pairs,dodging_attack,ArcFace,PGD,vanilla,0.4337053298950195
16,VGG-Face,/content/face_module/dataset_extractedfaces/lfw_pairs/Colin Powell_24.jpg,/content/face_module/dataset_extractedfaces/lfw_pairs/Colin Powell_25.jpg,lfw_pairs,dodging_attack,ArcFace,MI_FGSM,vanilla,0.3773954808712005
16,VGG-Face,/content/face_module/dataset_extractedfaces/lfw_pairs/Colin Powell_24.jpg,/content/face_module/dataset_extractedfaces/lfw_pairs/Colin Powell_25.jpg,lfw_pairs,dodging_attack,ArcFace,TI_FGSM,vanilla,0.3976253867149353
16,VGG-Face,/content/face_module/dataset_extractedfaces/lfw_pairs/Colin Powell_24.jpg,/content/face_module/dataset_extractedfaces/lfw_pairs/Colin Powell_25.jpg,lfw_pairs,dodging_attack,ArcFace,SI_NI_FGSM,vanilla,0.4193575084209442
16,VGG-Face,/content/face_module/dataset_extractedfaces/lfw_pairs/Colin Powell_24.jpg,/content/face_module/dataset_extractedfaces/lfw_pairs/Colin Powell_25.jpg,lfw_pairs,dodging_attack,ArcFace,MI_ADMIX_DI_TI,vanilla,0.2982457280158996
23,ArcFace,/content/face_module/dataset_extractedfaces/lfw_pairs/Tom Daschle_5.jpg,/content/face_module/dataset_extractedfaces/lfw_pairs/Tom Daschle_6.jpg,lfw_pairs,dodging_attack,ArcFace,clean,clean,0.64194256067276
23,Facenet512,/content/face_module/dataset_extractedfaces/lfw_pairs/Tom Daschle_5.jpg,/content/face_module/dataset_extractedfaces/lfw_pairs/Tom Daschle_6.jpg,lfw_pairs,dodging_attack,ArcFace,clean,clean,0.64194256067276
23,GhostFaceNet,/content/face_module/dataset_extractedfaces/lfw_pairs/Tom Daschle_5.jpg,/content/face_module/dataset_extractedfaces/lfw_pairs/Tom Daschle_6.jpg,lfw_pairs,dodging_attack,ArcFace,clean,clean,0.64194256067276
23,VGG-Face,/content/face_module/dataset_extractedfaces/lfw_pairs/Tom Daschle_5.jpg,/content/face_module/dataset_extractedfaces/lfw_pairs/Tom Daschle_6.jpg,lfw_pairs,dodging_attack,ArcFace,clean,clean,0.64194256067276
23,Facenet512,/content/face_module/dataset_extractedfaces/lfw_pairs/Tom Daschle_5.jpg,/content/face_module/dataset_extractedfaces/lfw_pairs/Tom Daschle_6.jpg,lfw_pairs,dodging_attack,ArcFace,PGD,vanilla,0.4103029668331146
23,Facenet512,/content/face_module/dataset_extractedfaces/lfw_pairs/Tom Daschle_5.jpg,/content/face_module/dataset_extractedfaces/lfw_pairs/Tom Daschle_6.jpg,lfw_pairs,dodging_attack,ArcFace,MI_FGSM,vanilla,0.3145184218883514
23,Facenet512,/content/face_module/dataset_extractedfaces/lfw_pairs/Tom Daschle_5.jpg,/content/face_module/dataset_extractedfaces/lfw_pairs/Tom Daschle_6.jpg,lfw_pairs,dodging_attack,ArcFace,TI_FGSM,vanilla,0.4375555217266083
23,Facenet512,/content/face_module/dataset_extractedfaces/lfw_pairs/Tom Daschle_5.jpg,/content/face_module/dataset_extractedfaces/lfw_pairs/Tom Daschle_6.jpg,lfw_pairs,dodging_attack,ArcFace,SI_NI_FGSM,vanilla,0.359807938337326
23,Facenet512,/content/face_module/dataset_extractedfaces/lfw_pairs/Tom Daschle_5.jpg,/content/face_module/dataset_extractedfaces/lfw_pairs/Tom Daschle_6.jpg,lfw_pairs,dodging_attack,ArcFace,MI_ADMIX_DI_TI,vanilla,0.4093577861785888
23,GhostFaceNet,/content/face_module/dataset_extractedfaces/lfw_pairs/Tom Daschle_5.jpg,/content/face_module/dataset_extractedfaces/lfw_pairs/Tom Daschle_6.jpg,lfw_pairs,dodging_attack,ArcFace,PGD,vanilla,0.604523241519928
23,GhostFaceNet,/content/face_module/dataset_extractedfaces/lfw_pairs/Tom Daschle_5.jpg,/content/face_module/dataset_extractedfaces/lfw_pairs/Tom Daschle_6.jpg,lfw_pairs,dodging_attack,ArcFace,MI_FGSM,vanilla,0.5545989871025085
23,GhostFaceNet,/content/face_module/dataset_extractedfaces/lfw_pairs/Tom Daschle_5.jpg,/content/face_module/dataset_extractedfaces/lfw_pairs/Tom Daschle_6.jpg,lfw_pairs,dodging_attack,ArcFace,TI_FGSM,vanilla,0.6080421209335327
23,GhostFaceNet,/content/face_module/dataset_extractedfaces/lfw_pairs/Tom Daschle_5.jpg,/content/face_module/dataset_extractedfaces/lfw_pairs/Tom Daschle_6.jpg,lfw_pairs,dodging_attack,ArcFace,SI_NI_FGSM,vanilla,0.564208447933197
23,GhostFaceNet,/content/face_module/dataset_extractedfaces/lfw_pairs/Tom Daschle_5.jpg,/content/face_module/dataset_extractedfaces/lfw_pairs/Tom Daschle_6.jpg,lfw_pairs,dodging_attack,ArcFace,MI_ADMIX_DI_TI,vanilla,0.577594518661499
23,VGG-Face,/content/face_module/dataset_extractedfaces/lfw_pairs/Tom Daschle_5.jpg,/content/face_module/dataset_extractedfaces/lfw_pairs/Tom Daschle_6.jpg,lfw_pairs,dodging_attack,ArcFace,PGD,vanilla,0.418231338262558
23,VGG-Face,/content/face_module/dataset_extractedfaces/lfw_pairs/Tom Daschle_5.jpg,/content/face_module/dataset_extractedfaces/lfw_pairs/Tom Daschle_6.jpg,lfw_pairs,dodging_attack,ArcFace,MI_FGSM,vanilla,0.3498928546905517
23,VGG-Face,/content/face_module/dataset_extractedfaces/lfw_pairs/Tom Daschle_5.jpg,/content/face_module/dataset_extractedfaces/lfw_pairs/Tom Daschle_6.jpg,lfw_pairs,dodging_attack,ArcFace,TI_FGSM,vanilla,0.3833410441875458
23,VGG-Face,/content/face_module/dataset_extractedfaces/lfw_pairs/Tom Daschle_5.jpg,/content/face_module/dataset_extractedfaces/lfw_pairs/Tom Daschle_6.jpg,lfw_pairs,dodging_attack,ArcFace,SI_NI_FGSM,vanilla,0.4331429600715637
23,VGG-Face,/content/face_module/dataset_extractedfaces/lfw_pairs/Tom Daschle_5.jpg,/content/face_module/dataset_extractedfaces/lfw_pairs/Tom Daschle_6.jpg,lfw_pairs,dodging_attack,ArcFace,MI_ADMIX_DI_TI,vanilla,0.3807698488235473
18,ArcFace,/content/face_module/dataset_extractedfaces/celeba_pairs/092809.jpg,/content/face_module/dataset_extractedfaces/celeba_pairs/108708.jpg,celeba_pairs,dodging_attack,ArcFace,clean,clean,0.753417432308197
18,Facenet512,/content/face_module/dataset_extractedfaces/celeba_pairs/092809.jpg,/content/face_module/dataset_extractedfaces/celeba_pairs/108708.jpg,celeba_pairs,dodging_attack,ArcFace,clean,clean,0.753417432308197
18,GhostFaceNet,/content/face_module/dataset_extractedfaces/celeba_pairs/092809.jpg,/content/face_module/dataset_extractedfaces/celeba_pairs/108708.jpg,celeba_pairs,dodging_attack,ArcFace,clean,clean,0.753417432308197
18,VGG-Face,/content/face_module/dataset_extractedfaces/celeba_pairs/092809.jpg,/content/face_module/dataset_extractedfaces/celeba_pairs/108708.jpg,celeba_pairs,dodging_attack,ArcFace,clean,clean,0.753417432308197
18,Facenet512,/content/face_module/dataset_extractedfaces/celeba_pairs/092809.jpg,/content/face_module/dataset_extractedfaces/celeba_pairs/108708.jpg,celeba_pairs,dodging_attack,ArcFace,PGD,vanilla,0.5081837177276611
18,Facenet512,/content/face_module/dataset_extractedfaces/celeba_pairs/092809.jpg,/content/face_module/dataset_extractedfaces/celeba_pairs/108708.jpg,celeba_pairs,dodging_attack,ArcFace,MI_FGSM,vanilla,0.3469785749912262
18,Facenet512,/content/face_module/dataset_extractedfaces/celeba_pairs/092809.jpg,/content/face_module/dataset_extractedfaces/celeba_pairs/108708.jpg,celeba_pairs,dodging_attack,ArcFace,TI_FGSM,vanilla,0.4430006146430969
18,Facenet512,/content/face_module/dataset_extractedfaces/celeba_pairs/092809.jpg,/content/face_module/dataset_extractedfaces/celeba_pairs/108708.jpg,celeba_pairs,dodging_attack,ArcFace,SI_NI_FGSM,vanilla,0.3598180711269378
18,Facenet512,/content/face_module/dataset_extractedfaces/celeba_pairs/092809.jpg,/content/face_module/dataset_extractedfaces/celeba_pairs/108708.jpg,celeba_pairs,dodging_attack,ArcFace,MI_ADMIX_DI_TI,vanilla,0.3752440214157104
18,GhostFaceNet,/content/face_module/dataset_extractedfaces/celeba_pairs/092809.jpg,/content/face_module/dataset_extractedfaces/celeba_pairs/108708.jpg,celeba_pairs,dodging_attack,ArcFace,PGD,vanilla,0.6229615807533264
18,GhostFaceNet,/content/face_module/dataset_extractedfaces/celeba_pairs/092809.jpg,/content/face_module/dataset_extractedfaces/celeba_pairs/108708.jpg,celeba_pairs,dodging_attack,ArcFace,MI_FGSM,vanilla,0.5018234252929688
18,GhostFaceNet,/content/face_module/dataset_extractedfaces/celeba_pairs/092809.jpg,/content/face_module/dataset_extractedfaces/celeba_pairs/108708.jpg,celeba_pairs,dodging_attack,ArcFace,TI_FGSM,vanilla,0.6350731253623962
18,GhostFaceNet,/content/face_module/dataset_extractedfaces/celeba_pairs/092809.jpg,/content/face_module/dataset_extractedfaces/celeba_pairs/108708.jpg,celeba_pairs,dodging_attack,ArcFace,SI_NI_FGSM,vanilla,0.468908429145813
18,GhostFaceNet,/content/face_module/dataset_extractedfaces/celeba_pairs/092809.jpg,/content/face_module/dataset_extractedfaces/celeba_pairs/108708.jpg,celeba_pairs,dodging_attack,ArcFace,MI_ADMIX_DI_TI,vanilla,0.5894623398780823
18,VGG-Face,/content/face_module/dataset_extractedfaces/celeba_pairs/092809.jpg,/content/face_module/dataset_extractedfaces/celeba_pairs/108708.jpg,celeba_pairs,dodging_attack,ArcFace,PGD,vanilla,0.4790757596492767
18,VGG-Face,/content/face_module/dataset_extractedfaces/celeba_pairs/092809.jpg,/content/face_module/dataset_extractedfaces/celeba_pairs/108708.jpg,celeba_pairs,dodging_attack,ArcFace,MI_FGSM,vanilla,0.4180288314819336
18,VGG-Face,/content/face_module/dataset_extractedfaces/celeba_pairs/092809.jpg,/content/face_module/dataset_extractedfaces/celeba_pairs/108708.jpg,celeba_pairs,dodging_attack,ArcFace,TI_FGSM,vanilla,0.438748836517334
18,VGG-Face,/content/face_module/dataset_extractedfaces/celeba_pairs/092809.jpg,/content/face_module/dataset_extractedfaces/celeba_pairs/108708.jpg,celeba_pairs,dodging_attack,ArcFace,SI_NI_FGSM,vanilla,0.4409909248352051
18,VGG-Face,/content/face_module/dataset_extractedfaces/celeba_pairs/092809.jpg,/content/face_module/dataset_extractedfaces/celeba_pairs/108708.jpg,celeba_pairs,dodging_attack,ArcFace,MI_ADMIX_DI_TI,vanilla,0.4162719249725342
27,ArcFace,/content/face_module/dataset_extractedfaces/celeba_pairs/023869.jpg,/content/face_module/dataset_extractedfaces/celeba_pairs/024923.jpg,celeba_pairs,dodging_attack,ArcFace,clean,clean,0.7247549295425415
27,Facenet512,/content/face_module/dataset_extractedfaces/celeba_pairs/023869.jpg,/content/face_module/dataset_extractedfaces/celeba_pairs/024923.jpg,celeba_pairs,dodging_attack,ArcFace,clean,clean,0.7247549295425415
27,GhostFaceNet,/content/face_module/dataset_extractedfaces/celeba_pairs/023869.jpg,/content/face_module/dataset_extractedfaces/celeba_pairs/024923.jpg,celeba_pairs,dodging_attack,ArcFace,clean,clean,0.7247549295425415
27,VGG-Face,/content/face_module/dataset_extractedfaces/celeba_pairs/023869.jpg,/content/face_module/dataset_extractedfaces/celeba_pairs/024923.jpg,celeba_pairs,dodging_attack,ArcFace,clean,clean,0.7247549295425415
27,Facenet512,/content/face_module/dataset_extractedfaces/celeba_pairs/023869.jpg,/content/face_module/dataset_extractedfaces/celeba_pairs/024923.jpg,celeba_pairs,dodging_attack,ArcFace,PGD,vanilla,0.5741425156593323
27,Facenet512,/content/face_module/dataset_extractedfaces/celeba_pairs/023869.jpg,/content/face_module/dataset_extractedfaces/celeba_pairs/024923.jpg,celeba_pairs,dodging_attack,ArcFace,MI_FGSM,vanilla,0.4597311019897461
27,Facenet512,/content/face_module/dataset_extractedfaces/celeba_pairs/023869.jpg,/content/face_module/dataset_extractedfaces/celeba_pairs/024923.jpg,celeba_pairs,dodging_attack,ArcFace,TI_FGSM,vanilla,0.5246394276618958
27,Facenet512,/content/face_module/dataset_extractedfaces/celeba_pairs/023869.jpg,/content/face_module/dataset_extractedfaces/celeba_pairs/024923.jpg,celeba_pairs,dodging_attack,ArcFace,SI_NI_FGSM,vanilla,0.4133308827877044
27,Facenet512,/content/face_module/dataset_extractedfaces/celeba_pairs/023869.jpg,/content/face_module/dataset_extractedfaces/celeba_pairs/024923.jpg,celeba_pairs,dodging_attack,ArcFace,MI_ADMIX_DI_TI,vanilla,0.434011310338974
27,GhostFaceNet,/content/face_module/dataset_extractedfaces/celeba_pairs/023869.jpg,/content/face_module/dataset_extractedfaces/celeba_pairs/024923.jpg,celeba_pairs,dodging_attack,ArcFace,PGD,vanilla,0.649036705493927
27,GhostFaceNet,/content/face_module/dataset_extractedfaces/celeba_pairs/023869.jpg,/content/face_module/dataset_extractedfaces/celeba_pairs/024923.jpg,celeba_pairs,dodging_attack,ArcFace,MI_FGSM,vanilla,0.5154227614402771
27,GhostFaceNet,/content/face_module/dataset_extractedfaces/celeba_pairs/023869.jpg,/content/face_module/dataset_extractedfaces/celeba_pairs/024923.jpg,celeba_pairs,dodging_attack,ArcFace,TI_FGSM,vanilla,0.6073818802833557
27,GhostFaceNet,/content/face_module/dataset_extractedfaces/celeba_pairs/023869.jpg,/content/face_module/dataset_extractedfaces/celeba_pairs/024923.jpg,celeba_pairs,dodging_attack,ArcFace,SI_NI_FGSM,vanilla,0.5148590207099915
27,GhostFaceNet,/content/face_module/dataset_extractedfaces/celeba_pairs/023869.jpg,/content/face_module/dataset_extractedfaces/celeba_pairs/024923.jpg,celeba_pairs,dodging_attack,ArcFace,MI_ADMIX_DI_TI,vanilla,0.555792510509491
27,VGG-Face,/content/face_module/dataset_extractedfaces/celeba_pairs/023869.jpg,/content/face_module/dataset_extractedfaces/celeba_pairs/024923.jpg,celeba_pairs,dodging_attack,ArcFace,PGD,vanilla,0.6088482141494751
27,VGG-Face,/content/face_module/dataset_extractedfaces/celeba_pairs/023869.jpg,/content/face_module/dataset_extractedfaces/celeba_pairs/024923.jpg,celeba_pairs,dodging_attack,ArcFace,MI_FGSM,vanilla,0.5089570879936218
27,VGG-Face,/content/face_module/dataset_extractedfaces/celeba_pairs/023869.jpg,/content/face_module/dataset_extractedfaces/celeba_pairs/024923.jpg,celeba_pairs,dodging_attack,ArcFace,TI_FGSM,vanilla,0.611943781375885
27,VGG-Face,/content/face_module/dataset_extractedfaces/celeba_pairs/023869.jpg,/content/face_module/dataset_extractedfaces/celeba_pairs/024923.jpg,celeba_pairs,dodging_attack,ArcFace,SI_NI_FGSM,vanilla,0.5219735503196716
27,VGG-Face,/content/face_module/dataset_extractedfaces/celeba_pairs/023869.jpg,/content/face_module/dataset_extractedfaces/celeba_pairs/024923.jpg,celeba_pairs,dodging_attack,ArcFace,MI_ADMIX_DI_TI,vanilla,0.5252442955970764
28,ArcFace,/content/face_module/dataset_extractedfaces/celeba_pairs/130980.jpg,/content/face_module/dataset_extractedfaces/celeba_pairs/147767.jpg,celeba_pairs,dodging_attack,ArcFace,clean,clean,0.3586556613445282
28,Facenet512,/content/face_module/dataset_extractedfaces/celeba_pairs/130980.jpg,/content/face_module/dataset_extractedfaces/celeba_pairs/147767.jpg,celeba_pairs,dodging_attack,ArcFace,clean,clean,0.3586556613445282
28,GhostFaceNet,/content/face_module/dataset_extractedfaces/celeba_pairs/130980.jpg,/content/face_module/dataset_extractedfaces/celeba_pairs/147767.jpg,celeba_pairs,dodging_attack,ArcFace,clean,clean,0.3586556613445282
28,VGG-Face,/content/face_module/dataset_extractedfaces/celeba_pairs/130980.jpg,/content/face_module/dataset_extractedfaces/celeba_pairs/147767.jpg,celeba_pairs,dodging_attack,ArcFace,clean,clean,0.3586556613445282
28,Facenet512,/content/face_module/dataset_extractedfaces/celeba_pairs/130980.jpg,/content/face_module/dataset_extractedfaces/celeba_pairs/147767.jpg,celeba_pairs,dodging_attack,ArcFace,PGD,vanilla,0.153455451130867
28,Facenet512,/content/face_module/dataset_extractedfaces/celeba_pairs/130980.jpg,/content/face_module/dataset_extractedfaces/celeba_pairs/147767.jpg,celeba_pairs,dodging_attack,ArcFace,MI_FGSM,vanilla,0.1305176019668579
28,Facenet512,/content/face_module/dataset_extractedfaces/celeba_pairs/130980.jpg,/content/face_module/dataset_extractedfaces/celeba_pairs/147767.jpg,celeba_pairs,dodging_attack,ArcFace,TI_FGSM,vanilla,0.1201322600245475
28,Facenet512,/content/face_module/dataset_extractedfaces/celeba_pairs/130980.jpg,/content/face_module/dataset_extractedfaces/celeba_pairs/147767.jpg,celeba_pairs,dodging_attack,ArcFace,SI_NI_FGSM,vanilla,0.1493858247995376
28,Facenet512,/content/face_module/dataset_extractedfaces/celeba_pairs/130980.jpg,/content/face_module/dataset_extractedfaces/celeba_pairs/147767.jpg,celeba_pairs,dodging_attack,ArcFace,MI_ADMIX_DI_TI,vanilla,0.0966079160571098
28,GhostFaceNet,/content/face_module/dataset_extractedfaces/celeba_pairs/130980.jpg,/content/face_module/dataset_extractedfaces/celeba_pairs/147767.jpg,celeba_pairs,dodging_attack,ArcFace,PGD,vanilla,0.3134982287883758
28,GhostFaceNet,/content/face_module/dataset_extractedfaces/celeba_pairs/130980.jpg,/content/face_module/dataset_extractedfaces/celeba_pairs/147767.jpg,celeba_pairs,dodging_attack,ArcFace,MI_FGSM,vanilla,0.2970961034297943
28,GhostFaceNet,/content/face_module/dataset_extractedfaces/celeba_pairs/130980.jpg,/content/face_module/dataset_extractedfaces/celeba_pairs/147767.jpg,celeba_pairs,dodging_attack,ArcFace,TI_FGSM,vanilla,0.278415709733963
28,GhostFaceNet,/content/face_module/dataset_extractedfaces/celeba_pairs/130980.jpg,/content/face_module/dataset_extractedfaces/celeba_pairs/147767.jpg,celeba_pairs,dodging_attack,ArcFace,SI_NI_FGSM,vanilla,0.279245525598526
28,GhostFaceNet,/content/face_module/dataset_extractedfaces/celeba_pairs/130980.jpg,/content/face_module/dataset_extractedfaces/celeba_pairs/147767.jpg,celeba_pairs,dodging_attack,ArcFace,MI_ADMIX_DI_TI,vanilla,0.1948554813861847
28,VGG-Face,/content/face_module/dataset_extractedfaces/celeba_pairs/130980.jpg,/content/face_module/dataset_extractedfaces/celeba_pairs/147767.jpg,celeba_pairs,dodging_attack,ArcFace,PGD,vanilla,0.2634258568286896
28,VGG-Face,/content/face_module/dataset_extractedfaces/celeba_pairs/130980.jpg,/content/face_module/dataset_extractedfaces/celeba_pairs/147767.jpg,celeba_pairs,dodging_attack,ArcFace,MI_FGSM,vanilla,0.2115550637245178
28,VGG-Face,/content/face_module/dataset_extractedfaces/celeba_pairs/130980.jpg,/content/face_module/dataset_extractedfaces/celeba_pairs/147767.jpg,celeba_pairs,dodging_attack,ArcFace,TI_FGSM,vanilla,0.2051699459552765
28,VGG-Face,/content/face_module/dataset_extractedfaces/celeba_pairs/130980.jpg,/content/face_module/dataset_extractedfaces/celeba_pairs/147767.jpg,celeba_pairs,dodging_attack,ArcFace,SI_NI_FGSM,vanilla,0.1899135708808899
28,VGG-Face,/content/face_module/dataset_extractedfaces/celeba_pairs/130980.jpg,/content/face_module/dataset_extractedfaces/celeba_pairs/147767.jpg,celeba_pairs,dodging_attack,ArcFace,MI_ADMIX_DI_TI,vanilla,0.1577270925045013
30,ArcFace,/content/face_module/dataset_extractedfaces/celeba_pairs/042909.jpg,/content/face_module/dataset_extractedfaces/celeba_pairs/048579.jpg,celeba_pairs,dodging_attack,ArcFace,clean,clean,0.5551615953445435
30,Facenet512,/content/face_module/dataset_extractedfaces/celeba_pairs/042909.jpg,/content/face_module/dataset_extractedfaces/celeba_pairs/048579.jpg,celeba_pairs,dodging_attack,ArcFace,clean,clean,0.5551615953445435
30,GhostFaceNet,/content/face_module/dataset_extractedfaces/celeba_pairs/042909.jpg,/content/face_module/dataset_extractedfaces/celeba_pairs/048579.jpg,celeba_pairs,dodging_attack,ArcFace,clean,clean,0.5551615953445435
30,VGG-Face,/content/face_module/dataset_extractedfaces/celeba_pairs/042909.jpg,/content/face_module/dataset_extractedfaces/celeba_pairs/048579.jpg,celeba_pairs,dodging_attack,ArcFace,clean,clean,0.5551615953445435
30,Facenet512,/content/face_module/dataset_extractedfaces/celeba_pairs/042909.jpg,/content/face_module/dataset_extractedfaces/celeba_pairs/048579.jpg,celeba_pairs,dodging_attack,ArcFace,PGD,vanilla,0.3145179450511932
30,Facenet512,/content/face_module/dataset_extractedfaces/celeba_pairs/042909.jpg,/content/face_module/dataset_extractedfaces/celeba_pairs/048579.jpg,celeba_pairs,dodging_attack,ArcFace,MI_FGSM,vanilla,0.2296449095010757
30,Facenet512,/content/face_module/dataset_extractedfaces/celeba_pairs/042909.jpg,/content/face_module/dataset_extractedfaces/celeba_pairs/048579.jpg,celeba_pairs,dodging_attack,ArcFace,TI_FGSM,vanilla,0.2793738543987274
30,Facenet512,/content/face_module/dataset_extractedfaces/celeba_pairs/042909.jpg,/content/face_module/dataset_extractedfaces/celeba_pairs/048579.jpg,celeba_pairs,dodging_attack,ArcFace,SI_NI_FGSM,vanilla,0.2346644550561905
30,Facenet512,/content/face_module/dataset_extractedfaces/celeba_pairs/042909.jpg,/content/face_module/dataset_extractedfaces/celeba_pairs/048579.jpg,celeba_pairs,dodging_attack,ArcFace,MI_ADMIX_DI_TI,vanilla,0.256061315536499
30,GhostFaceNet,/content/face_module/dataset_extractedfaces/celeba_pairs/042909.jpg,/content/face_module/dataset_extractedfaces/celeba_pairs/048579.jpg,celeba_pairs,dodging_attack,ArcFace,PGD,vanilla,0.4417227804660797
30,GhostFaceNet,/content/face_module/dataset_extractedfaces/celeba_pairs/042909.jpg,/content/face_module/dataset_extractedfaces/celeba_pairs/048579.jpg,celeba_pairs,dodging_attack,ArcFace,MI_FGSM,vanilla,0.332756906747818
30,GhostFaceNet,/content/face_module/dataset_extractedfaces/celeba_pairs/042909.jpg,/content/face_module/dataset_extractedfaces/celeba_pairs/048579.jpg,celeba_pairs,dodging_attack,ArcFace,TI_FGSM,vanilla,0.440924733877182
30,GhostFaceNet,/content/face_module/dataset_extractedfaces/celeba_pairs/042909.jpg,/content/face_module/dataset_extractedfaces/celeba_pairs/048579.jpg,celeba_pairs,dodging_attack,ArcFace,SI_NI_FGSM,vanilla,0.2743654549121856
30,GhostFaceNet,/content/face_module/dataset_extractedfaces/celeba_pairs/042909.jpg,/content/face_module/dataset_extractedfaces/celeba_pairs/048579.jpg,celeba_pairs,dodging_attack,ArcFace,MI_ADMIX_DI_TI,vanilla,0.4161804914474487
30,VGG-Face,/content/face_module/dataset_extractedfaces/celeba_pairs/042909.jpg,/content/face_module/dataset_extractedfaces/celeba_pairs/048579.jpg,celeba_pairs,dodging_attack,ArcFace,PGD,vanilla,0.3488651812076568
30,VGG-Face,/content/face_module/dataset_extractedfaces/celeba_pairs/042909.jpg,/content/face_module/dataset_extractedfaces/celeba_pairs/048579.jpg,celeba_pairs,dodging_attack,ArcFace,MI_FGSM,vanilla,0.1980121284723281
30,VGG-Face,/content/face_module/dataset_extractedfaces/celeba_pairs/042909.jpg,/content/face_module/dataset_extractedfaces/celeba_pairs/048579.jpg,celeba_pairs,dodging_attack,ArcFace,TI_FGSM,vanilla,0.2886887490749359
30,VGG-Face,/content/face_module/dataset_extractedfaces/celeba_pairs/042909.jpg,/content/face_module/dataset_extractedfaces/celeba_pairs/048579.jpg,celeba_pairs,dodging_attack,ArcFace,SI_NI_FGSM,vanilla,0.2050880342721939
30,VGG-Face,/content/face_module/dataset_extractedfaces/celeba_pairs/042909.jpg,/content/face_module/dataset_extractedfaces/celeba_pairs/048579.jpg,celeba_pairs,dodging_attack,ArcFace,MI_ADMIX_DI_TI,vanilla,0.2053395509719848
33,ArcFace,/content/face_module/dataset_extractedfaces/celeba_pairs/169016.jpg,/content/face_module/dataset_extractedfaces/celeba_pairs/171037.jpg,celeba_pairs,dodging_attack,ArcFace,clean,clean,0.8753219842910767
33,Facenet512,/content/face_module/dataset_extractedfaces/celeba_pairs/169016.jpg,/content/face_module/dataset_extractedfaces/celeba_pairs/171037.jpg,celeba_pairs,dodging_attack,ArcFace,clean,clean,0.8753219842910767
33,GhostFaceNet,/content/face_module/dataset_extractedfaces/celeba_pairs/169016.jpg,/content/face_module/dataset_extractedfaces/celeba_pairs/171037.jpg,celeba_pairs,dodging_attack,ArcFace,clean,clean,0.8753219842910767
33,VGG-Face,/content/face_module/dataset_extractedfaces/celeba_pairs/169016.jpg,/content/face_module/dataset_extractedfaces/celeba_pairs/171037.jpg,celeba_pairs,dodging_attack,ArcFace,clean,clean,0.8753219842910767
33,Facenet512,/content/face_module/dataset_extractedfaces/celeba_pairs/169016.jpg,/content/face_module/dataset_extractedfaces/celeba_pairs/171037.jpg,celeba_pairs,dodging_attack,ArcFace,PGD,vanilla,0.7375275492668152
33,Facenet512,/content/face_module/dataset_extractedfaces/celeba_pairs/169016.jpg,/content/face_module/dataset_extractedfaces/celeba_pairs/171037.jpg,celeba_pairs,dodging_attack,ArcFace,MI_FGSM,vanilla,0.693014919757843
33,Facenet512,/content/face_module/dataset_extractedfaces/celeba_pairs/169016.jpg,/content/face_module/dataset_extractedfaces/celeba_pairs/171037.jpg,celeba_pairs,dodging_attack,ArcFace,TI_FGSM,vanilla,0.7420819401741028
33,Facenet512,/content/face_module/dataset_extractedfaces/celeba_pairs/169016.jpg,/content/face_module/dataset_extractedfaces/celeba_pairs/171037.jpg,celeba_pairs,dodging_attack,ArcFace,SI_NI_FGSM,vanilla,0.7745277285575867
33,Facenet512,/content/face_module/dataset_extractedfaces/celeba_pairs/169016.jpg,/content/face_module/dataset_extractedfaces/celeba_pairs/171037.jpg,celeba_pairs,dodging_attack,ArcFace,MI_ADMIX_DI_TI,vanilla,0.7249314785003662
33,GhostFaceNet,/content/face_module/dataset_extractedfaces/celeba_pairs/169016.jpg,/content/face_module/dataset_extractedfaces/celeba_pairs/171037.jpg,celeba_pairs,dodging_attack,ArcFace,PGD,vanilla,0.796660304069519
33,GhostFaceNet,/content/face_module/dataset_extractedfaces/celeba_pairs/169016.jpg,/content/face_module/dataset_extractedfaces/celeba_pairs/171037.jpg,celeba_pairs,dodging_attack,ArcFace,MI_FGSM,vanilla,0.7357378005981445
33,GhostFaceNet,/content/face_module/dataset_extractedfaces/celeba_pairs/169016.jpg,/content/face_module/dataset_extractedfaces/celeba_pairs/171037.jpg,celeba_pairs,dodging_attack,ArcFace,TI_FGSM,vanilla,0.7933089137077332
33,GhostFaceNet,/content/face_module/dataset_extractedfaces/celeba_pairs/169016.jpg,/content/face_module/dataset_extractedfaces/celeba_pairs/171037.jpg,celeba_pairs,dodging_attack,ArcFace,SI_NI_FGSM,vanilla,0.7293080687522888
33,GhostFaceNet,/content/face_module/dataset_extractedfaces/celeba_pairs/169016.jpg,/content/face_module/dataset_extractedfaces/celeba_pairs/171037.jpg,celeba_pairs,dodging_attack,ArcFace,MI_ADMIX_DI_TI,vanilla,0.7970787286758423
33,VGG-Face,/content/face_module/dataset_extractedfaces/celeba_pairs/169016.jpg,/content/face_module/dataset_extractedfaces/celeba_pairs/171037.jpg,celeba_pairs,dodging_attack,ArcFace,PGD,vanilla,0.687537670135498
33,VGG-Face,/content/face_module/dataset_extractedfaces/celeba_pairs/169016.jpg,/content/face_module/dataset_extractedfaces/celeba_pairs/171037.jpg,celeba_pairs,dodging_attack,ArcFace,MI_FGSM,vanilla,0.5862031579017639
33,VGG-Face,/content/face_module/dataset_extractedfaces/celeba_pairs/169016.jpg,/content/face_module/dataset_extractedfaces/celeba_pairs/171037.jpg,celeba_pairs,dodging_attack,ArcFace,TI_FGSM,vanilla,0.6502547264099121
33,VGG-Face,/content/face_module/dataset_extractedfaces/celeba_pairs/169016.jpg,/content/face_module/dataset_extractedfaces/celeba_pairs/171037.jpg,celeba_pairs,dodging_attack,ArcFace,SI_NI_FGSM,vanilla,0.6200741529464722
33,VGG-Face,/content/face_module/dataset_extractedfaces/celeba_pairs/169016.jpg,/content/face_module/dataset_extractedfaces/celeba_pairs/171037.jpg,celeba_pairs,dodging_attack,ArcFace,MI_ADMIX_DI_TI,vanilla,0.6172797679901123
1,ArcFace,/content/face_module/dataset_extractedfaces/vggface2_pairs/n000007_0113_01.jpg,/content/face_module/dataset_extractedfaces/vggface2_pairs/n000007_0122_01.jpg,vggface2_pairs,dodging_attack,ArcFace,clean,clean,0.3415668904781341
1,Facenet512,/content/face_module/dataset_extractedfaces/vggface2_pairs/n000007_0113_01.jpg,/content/face_module/dataset_extractedfaces/vggface2_pairs/n000007_0122_01.jpg,vggface2_pairs,dodging_attack,ArcFace,clean,clean,0.3415668904781341
1,GhostFaceNet,/content/face_module/dataset_extractedfaces/vggface2_pairs/n000007_0113_01.jpg,/content/face_module/dataset_extractedfaces/vggface2_pairs/n000007_0122_01.jpg,vggface2_pairs,dodging_attack,ArcFace,clean,clean,0.3415668904781341
1,VGG-Face,/content/face_module/dataset_extractedfaces/vggface2_pairs/n000007_0113_01.jpg,/content/face_module/dataset_extractedfaces/vggface2_pairs/n000007_0122_01.jpg,vggface2_pairs,dodging_attack,ArcFace,clean,clean,0.3415668904781341
1,Facenet512,/content/face_module/dataset_extractedfaces/vggface2_pairs/n000007_0113_01.jpg,/content/face_module/dataset_extractedfaces/vggface2_pairs/n000007_0122_01.jpg,vggface2_pairs,dodging_attack,ArcFace,PGD,vanilla,0.1912906020879745
1,Facenet512,/content/face_module/dataset_extractedfaces/vggface2_pairs/n000007_0113_01.jpg,/content/face_module/dataset_extractedfaces/vggface2_pairs/n000007_0122_01.jpg,vggface2_pairs,dodging_attack,ArcFace,MI_FGSM,vanilla,0.1423443704843521
1,Facenet512,/content/face_module/dataset_extractedfaces/vggface2_pairs/n000007_0113_01.jpg,/content/face_module/dataset_extractedfaces/vggface2_pairs/n000007_0122_01.jpg,vggface2_pairs,dodging_attack,ArcFace,TI_FGSM,vanilla,0.2098900377750396
1,Facenet512,/content/face_module/dataset_extractedfaces/vggface2_pairs/n000007_0113_01.jpg,/content/face_module/dataset_extractedfaces/vggface2_pairs/n000007_0122_01.jpg,vggface2_pairs,dodging_attack,ArcFace,SI_NI_FGSM,vanilla,0.1494316309690475
1,Facenet512,/content/face_module/dataset_extractedfaces/vggface2_pairs/n000007_0113_01.jpg,/content/face_module/dataset_extractedfaces/vggface2_pairs/n000007_0122_01.jpg,vggface2_pairs,dodging_attack,ArcFace,MI_ADMIX_DI_TI,vanilla,0.2123086005449295
1,GhostFaceNet,/content/face_module/dataset_extractedfaces/vggface2_pairs/n000007_0113_01.jpg,/content/face_module/dataset_extractedfaces/vggface2_pairs/n000007_0122_01.jpg,vggface2_pairs,dodging_attack,ArcFace,PGD,vanilla,0.3578888773918152
1,GhostFaceNet,/content/face_module/dataset_extractedfaces/vggface2_pairs/n000007_0113_01.jpg,/content/face_module/dataset_extractedfaces/vggface2_pairs/n000007_0122_01.jpg,vggface2_pairs,dodging_attack,ArcFace,MI_FGSM,vanilla,0.3235856890678406
1,GhostFaceNet,/content/face_module/dataset_extractedfaces/vggface2_pairs/n000007_0113_01.jpg,/content/face_module/dataset_extractedfaces/vggface2_pairs/n000007_0122_01.jpg,vggface2_pairs,dodging_attack,ArcFace,TI_FGSM,vanilla,0.3364275991916656
1,GhostFaceNet,/content/face_module/dataset_extractedfaces/vggface2_pairs/n000007_0113_01.jpg,/content/face_module/dataset_extractedfaces/vggface2_pairs/n000007_0122_01.jpg,vggface2_pairs,dodging_attack,ArcFace,SI_NI_FGSM,vanilla,0.3540107905864715
1,GhostFaceNet,/content/face_module/dataset_extractedfaces/vggface2_pairs/n000007_0113_01.jpg,/content/face_module/dataset_extractedfaces/vggface2_pairs/n000007_0122_01.jpg,vggface2_pairs,dodging_attack,ArcFace,MI_ADMIX_DI_TI,vanilla,0.3274522721767425
1,VGG-Face,/content/face_module/dataset_extractedfaces/vggface2_pairs/n000007_0113_01.jpg,/content/face_module/dataset_extractedfaces/vggface2_pairs/n000007_0122_01.jpg,vggface2_pairs,dodging_attack,ArcFace,PGD,vanilla,0.1825513392686844
1,VGG-Face,/content/face_module/dataset_extractedfaces/vggface2_pairs/n000007_0113_01.jpg,/content/face_module/dataset_extractedfaces/vggface2_pairs/n000007_0122_01.jpg,vggface2_pairs,dodging_attack,ArcFace,MI_FGSM,vanilla,0.1461956948041916
1,VGG-Face,/content/face_module/dataset_extractedfaces/vggface2_pairs/n000007_0113_01.jpg,/content/face_module/dataset_extractedfaces/vggface2_pairs/n000007_0122_01.jpg,vggface2_pairs,dodging_attack,ArcFace,TI_FGSM,vanilla,0.1822149157524109
1,VGG-Face,/content/face_module/dataset_extractedfaces/vggface2_pairs/n000007_0113_01.jpg,/content/face_module/dataset_extractedfaces/vggface2_pairs/n000007_0122_01.jpg,vggface2_pairs,dodging_attack,ArcFace,SI_NI_FGSM,vanilla,0.1560980230569839
1,VGG-Face,/content/face_module/dataset_extractedfaces/vggface2_pairs/n000007_0113_01.jpg,/content/face_module/dataset_extractedfaces/vggface2_pairs/n000007_0122_01.jpg,vggface2_pairs,dodging_attack,ArcFace,MI_ADMIX_DI_TI,vanilla,0.1297863721847534
4,ArcFace,/content/face_module/dataset_extractedfaces/vggface2_pairs/n000008_0256_01.jpg,/content/face_module/dataset_extractedfaces/vggface2_pairs/n000008_0348_01.jpg,vggface2_pairs,dodging_attack,ArcFace,clean,clean,0.0178652480244636
4,Facenet512,/content/face_module/dataset_extractedfaces/vggface2_pairs/n000008_0256_01.jpg,/content/face_module/dataset_extractedfaces/vggface2_pairs/n000008_0348_01.jpg,vggface2_pairs,dodging_attack,ArcFace,clean,clean,0.0178652480244636
4,GhostFaceNet,/content/face_module/dataset_extractedfaces/vggface2_pairs/n000008_0256_01.jpg,/content/face_module/dataset_extractedfaces/vggface2_pairs/n000008_0348_01.jpg,vggface2_pairs,dodging_attack,ArcFace,clean,clean,0.0178652480244636
4,VGG-Face,/content/face_module/dataset_extractedfaces/vggface2_pairs/n000008_0256_01.jpg,/content/face_module/dataset_extractedfaces/vggface2_pairs/n000008_0348_01.jpg,vggface2_pairs,dodging_attack,ArcFace,clean,clean,0.0178652480244636
4,Facenet512,/content/face_module/dataset_extractedfaces/vggface2_pairs/n000008_0256_01.jpg,/content/face_module/dataset_extractedfaces/vggface2_pairs/n000008_0348_01.jpg,vggface2_pairs,dodging_attack,ArcFace,PGD,vanilla,0.0225666482001543
4,Facenet512,/content/face_module/dataset_extractedfaces/vggface2_pairs/n000008_0256_01.jpg,/content/face_module/dataset_extractedfaces/vggface2_pairs/n000008_0348_01.jpg,vggface2_pairs,dodging_attack,ArcFace,MI_FGSM,vanilla,0.0343124642968177
4,Facenet512,/content/face_module/dataset_extractedfaces/vggface2_pairs/n000008_0256_01.jpg,/content/face_module/dataset_extractedfaces/vggface2_pairs/n000008_0348_01.jpg,vggface2_pairs,dodging_attack,ArcFace,TI_FGSM,vanilla,0.0169404800981283
4,Facenet512,/content/face_module/dataset_extractedfaces/vggface2_pairs/n000008_0256_01.jpg,/content/face_module/dataset_extractedfaces/vggface2_pairs/n000008_0348_01.jpg,vggface2_pairs,dodging_attack,ArcFace,SI_NI_FGSM,vanilla,0.0185190383344888
4,Facenet512,/content/face_module/dataset_extractedfaces/vggface2_pairs/n000008_0256_01.jpg,/content/face_module/dataset_extractedfaces/vggface2_pairs/n000008_0348_01.jpg,vggface2_pairs,dodging_attack,ArcFace,MI_ADMIX_DI_TI,vanilla,0.012663603760302
4,GhostFaceNet,/content/face_module/dataset_extractedfaces/vggface2_pairs/n000008_0256_01.jpg,/content/face_module/dataset_extractedfaces/vggface2_pairs/n000008_0348_01.jpg,vggface2_pairs,dodging_attack,ArcFace,PGD,vanilla,0.0038337623700499
4,GhostFaceNet,/content/face_module/dataset_extractedfaces/vggface2_pairs/n000008_0256_01.jpg,/content/face_module/dataset_extractedfaces/vggface2_pairs/n000008_0348_01.jpg,vggface2_pairs,dodging_attack,ArcFace,MI_FGSM,vanilla,0.0003616963513195
4,GhostFaceNet,/content/face_module/dataset_extractedfaces/vggface2_pairs/n000008_0256_01.jpg,/content/face_module/dataset_extractedfaces/vggface2_pairs/n000008_0348_01.jpg,vggface2_pairs,dodging_attack,ArcFace,TI_FGSM,vanilla,0.0323806628584861
4,GhostFaceNet,/content/face_module/dataset_extractedfaces/vggface2_pairs/n000008_0256_01.jpg,/content/face_module/dataset_extractedfaces/vggface2_pairs/n000008_0348_01.jpg,vggface2_pairs,dodging_attack,ArcFace,SI_NI_FGSM,vanilla,-0.0225381217896938
4,GhostFaceNet,/content/face_module/dataset_extractedfaces/vggface2_pairs/n000008_0256_01.jpg,/content/face_module/dataset_extractedfaces/vggface2_pairs/n000008_0348_01.jpg,vggface2_pairs,dodging_attack,ArcFace,MI_ADMIX_DI_TI,vanilla,0.0336043126881122
4,VGG-Face,/content/face_module/dataset_extractedfaces/vggface2_pairs/n000008_0256_01.jpg,/content/face_module/dataset_extractedfaces/vggface2_pairs/n000008_0348_01.jpg,vggface2_pairs,dodging_attack,ArcFace,PGD,vanilla,0.028043583035469
4,VGG-Face,/content/face_module/dataset_extractedfaces/vggface2_pairs/n000008_0256_01.jpg,/content/face_module/dataset_extractedfaces/vggface2_pairs/n000008_0348_01.jpg,vggface2_pairs,dodging_attack,ArcFace,MI_FGSM,vanilla,0.0037346230819821
4,VGG-Face,/content/face_module/dataset_extractedfaces/vggface2_pairs/n000008_0256_01.jpg,/content/face_module/dataset_extractedfaces/vggface2_pairs/n000008_0348_01.jpg,vggface2_pairs,dodging_attack,ArcFace,TI_FGSM,vanilla,0.011030338704586
4,VGG-Face,/content/face_module/dataset_extractedfaces/vggface2_pairs/n000008_0256_01.jpg,/content/face_module/dataset_extractedfaces/vggface2_pairs/n000008_0348_01.jpg,vggface2_pairs,dodging_attack,ArcFace,SI_NI_FGSM,vanilla,-0.0100174313411116
4,VGG-Face,/content/face_module/dataset_extractedfaces/vggface2_pairs/n000008_0256_01.jpg,/content/face_module/dataset_extractedfaces/vggface2_pairs/n000008_0348_01.jpg,vggface2_pairs,dodging_attack,ArcFace,MI_ADMIX_DI_TI,vanilla,0.0055317957885563
7,ArcFace,/content/face_module/dataset_extractedfaces/vggface2_pairs/n000010_0058_01.jpg,/content/face_module/dataset_extractedfaces/vggface2_pairs/n000010_0081_01.jpg,vggface2_pairs,dodging_attack,ArcFace,clean,clean,0.6302407383918762
7,Facenet512,/content/face_module/dataset_extractedfaces/vggface2_pairs/n000010_0058_01.jpg,/content/face_module/dataset_extractedfaces/vggface2_pairs/n000010_0081_01.jpg,vggface2_pairs,dodging_attack,ArcFace,clean,clean,0.6302407383918762
7,GhostFaceNet,/content/face_module/dataset_extractedfaces/vggface2_pairs/n000010_0058_01.jpg,/content/face_module/dataset_extractedfaces/vggface2_pairs/n000010_0081_01.jpg,vggface2_pairs,dodging_attack,ArcFace,clean,clean,0.6302407383918762
7,VGG-Face,/content/face_module/dataset_extractedfaces/vggface2_pairs/n000010_0058_01.jpg,/content/face_module/dataset_extractedfaces/vggface2_pairs/n000010_0081_01.jpg,vggface2_pairs,dodging_attack,ArcFace,clean,clean,0.6302407383918762
7,Facenet512,/content/face_module/dataset_extractedfaces/vggface2_pairs/n000010_0058_01.jpg,/content/face_module/dataset_extractedfaces/vggface2_pairs/n000010_0081_01.jpg,vggface2_pairs,dodging_attack,ArcFace,PGD,vanilla,0.4393830299377441
7,Facenet512,/content/face_module/dataset_extractedfaces/vggface2_pairs/n000010_0058_01.jpg,/content/face_module/dataset_extractedfaces/vggface2_pairs/n000010_0081_01.jpg,vggface2_pairs,dodging_attack,ArcFace,MI_FGSM,vanilla,0.3196246325969696
7,Facenet512,/content/face_module/dataset_extractedfaces/vggface2_pairs/n000010_0058_01.jpg,/content/face_module/dataset_extractedfaces/vggface2_pairs/n000010_0081_01.jpg,vggface2_pairs,dodging_attack,ArcFace,TI_FGSM,vanilla,0.4429879784584045
7,Facenet512,/content/face_module/dataset_extractedfaces/vggface2_pairs/n000010_0058_01.jpg,/content/face_module/dataset_extractedfaces/vggface2_pairs/n000010_0081_01.jpg,vggface2_pairs,dodging_attack,ArcFace,SI_NI_FGSM,vanilla,0.3721775710582733
7,Facenet512,/content/face_module/dataset_extractedfaces/vggface2_pairs/n000010_0058_01.jpg,/content/face_module/dataset_extractedfaces/vggface2_pairs/n000010_0081_01.jpg,vggface2_pairs,dodging_attack,ArcFace,MI_ADMIX_DI_TI,vanilla,0.4293225407600403
7,GhostFaceNet,/content/face_module/dataset_extractedfaces/vggface2_pairs/n000010_0058_01.jpg,/content/face_module/dataset_extractedfaces/vggface2_pairs/n000010_0081_01.jpg,vggface2_pairs,dodging_attack,ArcFace,PGD,vanilla,0.5134965181350708
7,GhostFaceNet,/content/face_module/dataset_extractedfaces/vggface2_pairs/n000010_0058_01.jpg,/content/face_module/dataset_extractedfaces/vggface2_pairs/n000010_0081_01.jpg,vggface2_pairs,dodging_attack,ArcFace,MI_FGSM,vanilla,0.4601724147796631
7,GhostFaceNet,/content/face_module/dataset_extractedfaces/vggface2_pairs/n000010_0058_01.jpg,/content/face_module/dataset_extractedfaces/vggface2_pairs/n000010_0081_01.jpg,vggface2_pairs,dodging_attack,ArcFace,TI_FGSM,vanilla,0.5307543873786926
7,GhostFaceNet,/content/face_module/dataset_extractedfaces/vggface2_pairs/n000010_0058_01.jpg,/content/face_module/dataset_extractedfaces/vggface2_pairs/n000010_0081_01.jpg,vggface2_pairs,dodging_attack,ArcFace,SI_NI_FGSM,vanilla,0.4693889021873474
7,GhostFaceNet,/content/face_module/dataset_extractedfaces/vggface2_pairs/n000010_0058_01.jpg,/content/face_module/dataset_extractedfaces/vggface2_pairs/n000010_0081_01.jpg,vggface2_pairs,dodging_attack,ArcFace,MI_ADMIX_DI_TI,vanilla,0.4771937727928161
7,VGG-Face,/content/face_module/dataset_extractedfaces/vggface2_pairs/n000010_0058_01.jpg,/content/face_module/dataset_extractedfaces/vggface2_pairs/n000010_0081_01.jpg,vggface2_pairs,dodging_attack,ArcFace,PGD,vanilla,0.3287984132766723
7,VGG-Face,/content/face_module/dataset_extractedfaces/vggface2_pairs/n000010_0058_01.jpg,/content/face_module/dataset_extractedfaces/vggface2_pairs/n000010_0081_01.jpg,vggface2_pairs,dodging_attack,ArcFace,MI_FGSM,vanilla,0.2384750097990036
7,VGG-Face,/content/face_module/dataset_extractedfaces/vggface2_pairs/n000010_0058_01.jpg,/content/face_module/dataset_extractedfaces/vggface2_pairs/n000010_0081_01.jpg,vggface2_pairs,dodging_attack,ArcFace,TI_FGSM,vanilla,0.3196472823619842
7,VGG-Face,/content/face_module/dataset_extractedfaces/vggface2_pairs/n000010_0058_01.jpg,/content/face_module/dataset_extractedfaces/vggface2_pairs/n000010_0081_01.jpg,vggface2_pairs,dodging_attack,ArcFace,SI_NI_FGSM,vanilla,0.2398454844951629
7,VGG-Face,/content/face_module/dataset_extractedfaces/vggface2_pairs/n000010_0058_01.jpg,/content/face_module/dataset_extractedfaces/vggface2_pairs/n000010_0081_01.jpg,vggface2_pairs,dodging_attack,ArcFace,MI_ADMIX_DI_TI,vanilla,0.2909128367900848
10,ArcFace,/content/face_module/dataset_extractedfaces/vggface2_pairs/n000005_0022_01.jpg,/content/face_module/dataset_extractedfaces/vggface2_pairs/n000005_0076_01.jpg,vggface2_pairs,dodging_attack,ArcFace,clean,clean,0.5862309336662292
10,Facenet512,/content/face_module/dataset_extractedfaces/vggface2_pairs/n000005_0022_01.jpg,/content/face_module/dataset_extractedfaces/vggface2_pairs/n000005_0076_01.jpg,vggface2_pairs,dodging_attack,ArcFace,clean,clean,0.5862309336662292
10,GhostFaceNet,/content/face_module/dataset_extractedfaces/vggface2_pairs/n000005_0022_01.jpg,/content/face_module/dataset_extractedfaces/vggface2_pairs/n000005_0076_01.jpg,vggface2_pairs,dodging_attack,ArcFace,clean,clean,0.5862309336662292
10,VGG-Face,/content/face_module/dataset_extractedfaces/vggface2_pairs/n000005_0022_01.jpg,/content/face_module/dataset_extractedfaces/vggface2_pairs/n000005_0076_01.jpg,vggface2_pairs,dodging_attack,ArcFace,clean,clean,0.5862309336662292
10,Facenet512,/content/face_module/dataset_extractedfaces/vggface2_pairs/n000005_0022_01.jpg,/content/face_module/dataset_extractedfaces/vggface2_pairs/n000005_0076_01.jpg,vggface2_pairs,dodging_attack,ArcFace,PGD,vanilla,0.4715795218944549
10,Facenet512,/content/face_module/dataset_extractedfaces/vggface2_pairs/n000005_0022_01.jpg,/content/face_module/dataset_extractedfaces/vggface2_pairs/n000005_0076_01.jpg,vggface2_pairs,dodging_attack,ArcFace,MI_FGSM,vanilla,0.4439953565597534
10,Facenet512,/content/face_module/dataset_extractedfaces/vggface2_pairs/n000005_0022_01.jpg,/content/face_module/dataset_extractedfaces/vggface2_pairs/n000005_0076_01.jpg,vggface2_pairs,dodging_attack,ArcFace,TI_FGSM,vanilla,0.4966959655284881
10,Facenet512,/content/face_module/dataset_extractedfaces/vggface2_pairs/n000005_0022_01.jpg,/content/face_module/dataset_extractedfaces/vggface2_pairs/n000005_0076_01.jpg,vggface2_pairs,dodging_attack,ArcFace,SI_NI_FGSM,vanilla,0.4134266078472137
10,Facenet512,/content/face_module/dataset_extractedfaces/vggface2_pairs/n000005_0022_01.jpg,/content/face_module/dataset_extractedfaces/vggface2_pairs/n000005_0076_01.jpg,vggface2_pairs,dodging_attack,ArcFace,MI_ADMIX_DI_TI,vanilla,0.4708307087421417
10,GhostFaceNet,/content/face_module/dataset_extractedfaces/vggface2_pairs/n000005_0022_01.jpg,/content/face_module/dataset_extractedfaces/vggface2_pairs/n000005_0076_01.jpg,vggface2_pairs,dodging_attack,ArcFace,PGD,vanilla,0.4919335544109344
10,GhostFaceNet,/content/face_module/dataset_extractedfaces/vggface2_pairs/n000005_0022_01.jpg,/content/face_module/dataset_extractedfaces/vggface2_pairs/n000005_0076_01.jpg,vggface2_pairs,dodging_attack,ArcFace,MI_FGSM,vanilla,0.4870589077472687
10,GhostFaceNet,/content/face_module/dataset_extractedfaces/vggface2_pairs/n000005_0022_01.jpg,/content/face_module/dataset_extractedfaces/vggface2_pairs/n000005_0076_01.jpg,vggface2_pairs,dodging_attack,ArcFace,TI_FGSM,vanilla,0.5400602221488953
10,GhostFaceNet,/content/face_module/dataset_extractedfaces/vggface2_pairs/n000005_0022_01.jpg,/content/face_module/dataset_extractedfaces/vggface2_pairs/n000005_0076_01.jpg,vggface2_pairs,dodging_attack,ArcFace,SI_NI_FGSM,vanilla,0.4645549952983856
10,GhostFaceNet,/content/face_module/dataset_extractedfaces/vggface2_pairs/n000005_0022_01.jpg,/content/face_module/dataset_extractedfaces/vggface2_pairs/n000005_0076_01.jpg,vggface2_pairs,dodging_attack,ArcFace,MI_ADMIX_DI_TI,vanilla,0.5818912386894226
10,VGG-Face,/content/face_module/dataset_extractedfaces/vggface2_pairs/n000005_0022_01.jpg,/content/face_module/dataset_extractedfaces/vggface2_pairs/n000005_0076_01.jpg,vggface2_pairs,dodging_attack,ArcFace,PGD,vanilla,0.4556713402271271
10,VGG-Face,/content/face_module/dataset_extractedfaces/vggface2_pairs/n000005_0022_01.jpg,/content/face_module/dataset_extractedfaces/vggface2_pairs/n000005_0076_01.jpg,vggface2_pairs,dodging_attack,ArcFace,MI_FGSM,vanilla,0.4004442989826202
10,VGG-Face,/content/face_module/dataset_extractedfaces/vggface2_pairs/n000005_0022_01.jpg,/content/face_module/dataset_extractedfaces/vggface2_pairs/n000005_0076_01.jpg,vggface2_pairs,dodging_attack,ArcFace,TI_FGSM,vanilla,0.4897790849208832
10,VGG-Face,/content/face_module/dataset_extractedfaces/vggface2_pairs/n000005_0022_01.jpg,/content/face_module/dataset_extractedfaces/vggface2_pairs/n000005_0076_01.jpg,vggface2_pairs,dodging_attack,ArcFace,SI_NI_FGSM,vanilla,0.3904590606689453
10,VGG-Face,/content/face_module/dataset_extractedfaces/vggface2_pairs/n000005_0022_01.jpg,/content/face_module/dataset_extractedfaces/vggface2_pairs/n000005_0076_01.jpg,vggface2_pairs,dodging_attack,ArcFace,MI_ADMIX_DI_TI,vanilla,0.4687113761901855
11,ArcFace,/content/face_module/dataset_extractedfaces/vggface2_pairs/n000007_0176_01.jpg,/content/face_module/dataset_extractedfaces/vggface2_pairs/n000007_0335_03.jpg,vggface2_pairs,dodging_attack,ArcFace,clean,clean,0.1998288035392761
11,Facenet512,/content/face_module/dataset_extractedfaces/vggface2_pairs/n000007_0176_01.jpg,/content/face_module/dataset_extractedfaces/vggface2_pairs/n000007_0335_03.jpg,vggface2_pairs,dodging_attack,ArcFace,clean,clean,0.1998288035392761
11,GhostFaceNet,/content/face_module/dataset_extractedfaces/vggface2_pairs/n000007_0176_01.jpg,/content/face_module/dataset_extractedfaces/vggface2_pairs/n000007_0335_03.jpg,vggface2_pairs,dodging_attack,ArcFace,clean,clean,0.1998288035392761
11,VGG-Face,/content/face_module/dataset_extractedfaces/vggface2_pairs/n000007_0176_01.jpg,/content/face_module/dataset_extractedfaces/vggface2_pairs/n000007_0335_03.jpg,vggface2_pairs,dodging_attack,ArcFace,clean,clean,0.1998288035392761
11,Facenet512,/content/face_module/dataset_extractedfaces/vggface2_pairs/n000007_0176_01.jpg,/content/face_module/dataset_extractedfaces/vggface2_pairs/n000007_0335_03.jpg,vggface2_pairs,dodging_attack,ArcFace,PGD,vanilla,0.1307883411645889
11,Facenet512,/content/face_module/dataset_extractedfaces/vggface2_pairs/n000007_0176_01.jpg,/content/face_module/dataset_extractedfaces/vggface2_pairs/n000007_0335_03.jpg,vggface2_pairs,dodging_attack,ArcFace,MI_FGSM,vanilla,0.1518521159887313
11,Facenet512,/content/face_module/dataset_extractedfaces/vggface2_pairs/n000007_0176_01.jpg,/content/face_module/dataset_extractedfaces/vggface2_pairs/n000007_0335_03.jpg,vggface2_pairs,dodging_attack,ArcFace,TI_FGSM,vanilla,0.1589424163103103
11,Facenet512,/content/face_module/dataset_extractedfaces/vggface2_pairs/n000007_0176_01.jpg,/content/face_module/dataset_extractedfaces/vggface2_pairs/n000007_0335_03.jpg,vggface2_pairs,dodging_attack,ArcFace,SI_NI_FGSM,vanilla,0.0830742046236991
11,Facenet512,/content/face_module/dataset_extractedfaces/vggface2_pairs/n000007_0176_01.jpg,/content/face_module/dataset_extractedfaces/vggface2_pairs/n000007_0335_03.jpg,vggface2_pairs,dodging_attack,ArcFace,MI_ADMIX_DI_TI,vanilla,0.181760087609291
11,GhostFaceNet,/content/face_module/dataset_extractedfaces/vggface2_pairs/n000007_0176_01.jpg,/content/face_module/dataset_extractedfaces/vggface2_pairs/n000007_0335_03.jpg,vggface2_pairs,dodging_attack,ArcFace,PGD,vanilla,0.2031977027654647
11,GhostFaceNet,/content/face_module/dataset_extractedfaces/vggface2_pairs/n000007_0176_01.jpg,/content/face_module/dataset_extractedfaces/vggface2_pairs/n000007_0335_03.jpg,vggface2_pairs,dodging_attack,ArcFace,MI_FGSM,vanilla,0.1865864247083664
11,GhostFaceNet,/content/face_module/dataset_extractedfaces/vggface2_pairs/n000007_0176_01.jpg,/content/face_module/dataset_extractedfaces/vggface2_pairs/n000007_0335_03.jpg,vggface2_pairs,dodging_attack,ArcFace,TI_FGSM,vanilla,0.2121604532003402
11,GhostFaceNet,/content/face_module/dataset_extractedfaces/vggface2_pairs/n000007_0176_01.jpg,/content/face_module/dataset_extractedfaces/vggface2_pairs/n000007_0335_03.jpg,vggface2_pairs,dodging_attack,ArcFace,SI_NI_FGSM,vanilla,0.1491301506757736
11,GhostFaceNet,/content/face_module/dataset_extractedfaces/vggface2_pairs/n000007_0176_01.jpg,/content/face_module/dataset_extractedfaces/vggface2_pairs/n000007_0335_03.jpg,vggface2_pairs,dodging_attack,ArcFace,MI_ADMIX_DI_TI,vanilla,0.209740549325943
11,VGG-Face,/content/face_module/dataset_extractedfaces/vggface2_pairs/n000007_0176_01.jpg,/content/face_module/dataset_extractedfaces/vggface2_pairs/n000007_0335_03.jpg,vggface2_pairs,dodging_attack,ArcFace,PGD,vanilla,0.1630751937627792
11,VGG-Face,/content/face_module/dataset_extractedfaces/vggface2_pairs/n000007_0176_01.jpg,/content/face_module/dataset_extractedfaces/vggface2_pairs/n000007_0335_03.jpg,vggface2_pairs,dodging_attack,ArcFace,MI_FGSM,vanilla,0.1340817511081695
11,VGG-Face,/content/face_module/dataset_extractedfaces/vggface2_pairs/n000007_0176_01.jpg,/content/face_module/dataset_extractedfaces/vggface2_pairs/n000007_0335_03.jpg,vggface2_pairs,dodging_attack,ArcFace,TI_FGSM,vanilla,0.1348684430122375
11,VGG-Face,/content/face_module/dataset_extractedfaces/vggface2_pairs/n000007_0176_01.jpg,/content/face_module/dataset_extractedfaces/vggface2_pairs/n000007_0335_03.jpg,vggface2_pairs,dodging_attack,ArcFace,SI_NI_FGSM,vanilla,0.0908563584089279
11,VGG-Face,/content/face_module/dataset_extractedfaces/vggface2_pairs/n000007_0176_01.jpg,/content/face_module/dataset_extractedfaces/vggface2_pairs/n000007_0335_03.jpg,vggface2_pairs,dodging_attack,ArcFace,MI_ADMIX_DI_TI,vanilla,0.1512478739023208
0,ArcFace,/content/face_module/dataset_extractedfaces/lfw_pairs/Renee Zellweger_1.jpg,/content/face_module/dataset_extractedfaces/lfw_pairs/Catherine Deneuve_2.jpg,lfw_pairs,impersonation_attack,GhostFaceNet,clean,clean,0.1619383841753006
0,Facenet512,/content/face_module/dataset_extractedfaces/lfw_pairs/Renee Zellweger_1.jpg,/content/face_module/dataset_extractedfaces/lfw_pairs/Catherine Deneuve_2.jpg,lfw_pairs,impersonation_attack,GhostFaceNet,clean,clean,0.1619383841753006
0,GhostFaceNet,/content/face_module/dataset_extractedfaces/lfw_pairs/Renee Zellweger_1.jpg,/content/face_module/dataset_extractedfaces/lfw_pairs/Catherine Deneuve_2.jpg,lfw_pairs,impersonation_attack,GhostFaceNet,clean,clean,0.1619383841753006
0,VGG-Face,/content/face_module/dataset_extractedfaces/lfw_pairs/Renee Zellweger_1.jpg,/content/face_module/dataset_extractedfaces/lfw_pairs/Catherine Deneuve_2.jpg,lfw_pairs,impersonation_attack,GhostFaceNet,clean,clean,0.1619383841753006
0,ArcFace,/content/face_module/dataset_extractedfaces/lfw_pairs/Renee Zellweger_1.jpg,/content/face_module/dataset_extractedfaces/lfw_pairs/Catherine Deneuve_2.jpg,lfw_pairs,impersonation_attack,GhostFaceNet,PGD,vanilla,0.1015942245721817
0,ArcFace,/content/face_module/dataset_extractedfaces/lfw_pairs/Renee Zellweger_1.jpg,/content/face_module/dataset_extractedfaces/lfw_pairs/Catherine Deneuve_2.jpg,lfw_pairs,impersonation_attack,GhostFaceNet,MI_FGSM,vanilla,0.0798156261444091
0,ArcFace,/content/face_module/dataset_extractedfaces/lfw_pairs/Renee Zellweger_1.jpg,/content/face_module/dataset_extractedfaces/lfw_pairs/Catherine Deneuve_2.jpg,lfw_pairs,impersonation_attack,GhostFaceNet,TI_FGSM,vanilla,0.1781003922224044
0,ArcFace,/content/face_module/dataset_extractedfaces/lfw_pairs/Renee Zellweger_1.jpg,/content/face_module/dataset_extractedfaces/lfw_pairs/Catherine Deneuve_2.jpg,lfw_pairs,impersonation_attack,GhostFaceNet,SI_NI_FGSM,vanilla,0.0782970562577247
0,ArcFace,/content/face_module/dataset_extractedfaces/lfw_pairs/Renee Zellweger_1.jpg,/content/face_module/dataset_extractedfaces/lfw_pairs/Catherine Deneuve_2.jpg,lfw_pairs,impersonation_attack,GhostFaceNet,MI_ADMIX_DI_TI,vanilla,0.1508165150880813
0,Facenet512,/content/face_module/dataset_extractedfaces/lfw_pairs/Renee Zellweger_1.jpg,/content/face_module/dataset_extractedfaces/lfw_pairs/Catherine Deneuve_2.jpg,lfw_pairs,impersonation_attack,GhostFaceNet,PGD,vanilla,0.1122274249792099
0,Facenet512,/content/face_module/dataset_extractedfaces/lfw_pairs/Renee Zellweger_1.jpg,/content/face_module/dataset_extractedfaces/lfw_pairs/Catherine Deneuve_2.jpg,lfw_pairs,impersonation_attack,GhostFaceNet,MI_FGSM,vanilla,0.0679763108491897
0,Facenet512,/content/face_module/dataset_extractedfaces/lfw_pairs/Renee Zellweger_1.jpg,/content/face_module/dataset_extractedfaces/lfw_pairs/Catherine Deneuve_2.jpg,lfw_pairs,impersonation_attack,GhostFaceNet,TI_FGSM,vanilla,0.133324384689331
0,Facenet512,/content/face_module/dataset_extractedfaces/lfw_pairs/Renee Zellweger_1.jpg,/content/face_module/dataset_extractedfaces/lfw_pairs/Catherine Deneuve_2.jpg,lfw_pairs,impersonation_attack,GhostFaceNet,SI_NI_FGSM,vanilla,0.1099966019392013
0,Facenet512,/content/face_module/dataset_extractedfaces/lfw_pairs/Renee Zellweger_1.jpg,/content/face_module/dataset_extractedfaces/lfw_pairs/Catherine Deneuve_2.jpg,lfw_pairs,impersonation_attack,GhostFaceNet,MI_ADMIX_DI_TI,vanilla,0.0621764250099659
0,VGG-Face,/content/face_module/dataset_extractedfaces/lfw_pairs/Renee Zellweger_1.jpg,/content/face_module/dataset_extractedfaces/lfw_pairs/Catherine Deneuve_2.jpg,lfw_pairs,impersonation_attack,GhostFaceNet,PGD,vanilla,0.101790502667427
0,VGG-Face,/content/face_module/dataset_extractedfaces/lfw_pairs/Renee Zellweger_1.jpg,/content/face_module/dataset_extractedfaces/lfw_pairs/Catherine Deneuve_2.jpg,lfw_pairs,impersonation_attack,GhostFaceNet,MI_FGSM,vanilla,0.1149543672800064
0,VGG-Face,/content/face_module/dataset_extractedfaces/lfw_pairs/Renee Zellweger_1.jpg,/content/face_module/dataset_extractedfaces/lfw_pairs/Catherine Deneuve_2.jpg,lfw_pairs,impersonation_attack,GhostFaceNet,TI_FGSM,vanilla,0.1223988980054855
0,VGG-Face,/content/face_module/dataset_extractedfaces/lfw_pairs/Renee Zellweger_1.jpg,/content/face_module/dataset_extractedfaces/lfw_pairs/Catherine Deneuve_2.jpg,lfw_pairs,impersonation_attack,GhostFaceNet,SI_NI_FGSM,vanilla,0.121613971889019
0,VGG-Face,/content/face_module/dataset_extractedfaces/lfw_pairs/Renee Zellweger_1.jpg,/content/face_module/dataset_extractedfaces/lfw_pairs/Catherine Deneuve_2.jpg,lfw_pairs,impersonation_attack,GhostFaceNet,MI_ADMIX_DI_TI,vanilla,0.1117116808891296
32,ArcFace,/content/face_module/dataset_extractedfaces/lfw_pairs/Donald Rumsfeld_105.jpg,/content/face_module/dataset_extractedfaces/lfw_pairs/Paul Burrell_11.jpg,lfw_pairs,impersonation_attack,GhostFaceNet,clean,clean,0.1424880474805832
32,Facenet512,/content/face_module/dataset_extractedfaces/lfw_pairs/Donald Rumsfeld_105.jpg,/content/face_module/dataset_extractedfaces/lfw_pairs/Paul Burrell_11.jpg,lfw_pairs,impersonation_attack,GhostFaceNet,clean,clean,0.1424880474805832
32,GhostFaceNet,/content/face_module/dataset_extractedfaces/lfw_pairs/Donald Rumsfeld_105.jpg,/content/face_module/dataset_extractedfaces/lfw_pairs/Paul Burrell_11.jpg,lfw_pairs,impersonation_attack,GhostFaceNet,clean,clean,0.1424880474805832
32,VGG-Face,/content/face_module/dataset_extractedfaces/lfw_pairs/Donald Rumsfeld_105.jpg,/content/face_module/dataset_extractedfaces/lfw_pairs/Paul Burrell_11.jpg,lfw_pairs,impersonation_attack,GhostFaceNet,clean,clean,0.1424880474805832
32,ArcFace,/content/face_module/dataset_extractedfaces/lfw_pairs/Donald Rumsfeld_105.jpg,/content/face_module/dataset_extractedfaces/lfw_pairs/Paul Burrell_11.jpg,lfw_pairs,impersonation_attack,GhostFaceNet,PGD,vanilla,0.1522175073623657
32,ArcFace,/content/face_module/dataset_extractedfaces/lfw_pairs/Donald Rumsfeld_105.jpg,/content/face_module/dataset_extractedfaces/lfw_pairs/Paul Burrell_11.jpg,lfw_pairs,impersonation_attack,GhostFaceNet,MI_FGSM,vanilla,0.2133059799671173
32,ArcFace,/content/face_module/dataset_extractedfaces/lfw_pairs/Donald Rumsfeld_105.jpg,/content/face_module/dataset_extractedfaces/lfw_pairs/Paul Burrell_11.jpg,lfw_pairs,impersonation_attack,GhostFaceNet,TI_FGSM,vanilla,0.1248302310705185
32,ArcFace,/content/face_module/dataset_extractedfaces/lfw_pairs/Donald Rumsfeld_105.jpg,/content/face_module/dataset_extractedfaces/lfw_pairs/Paul Burrell_11.jpg,lfw_pairs,impersonation_attack,GhostFaceNet,SI_NI_FGSM,vanilla,0.2233567237854004
32,ArcFace,/content/face_module/dataset_extractedfaces/lfw_pairs/Donald Rumsfeld_105.jpg,/content/face_module/dataset_extractedfaces/lfw_pairs/Paul Burrell_11.jpg,lfw_pairs,impersonation_attack,GhostFaceNet,MI_ADMIX_DI_TI,vanilla,0.1507578045129776
32,Facenet512,/content/face_module/dataset_extractedfaces/lfw_pairs/Donald Rumsfeld_105.jpg,/content/face_module/dataset_extractedfaces/lfw_pairs/Paul Burrell_11.jpg,lfw_pairs,impersonation_attack,GhostFaceNet,PGD,vanilla,0.2088486701250076
32,Facenet512,/content/face_module/dataset_extractedfaces/lfw_pairs/Donald Rumsfeld_105.jpg,/content/face_module/dataset_extractedfaces/lfw_pairs/Paul Burrell_11.jpg,lfw_pairs,impersonation_attack,GhostFaceNet,MI_FGSM,vanilla,0.1263905465602874
32,Facenet512,/content/face_module/dataset_extractedfaces/lfw_pairs/Donald Rumsfeld_105.jpg,/content/face_module/dataset_extractedfaces/lfw_pairs/Paul Burrell_11.jpg,lfw_pairs,impersonation_attack,GhostFaceNet,TI_FGSM,vanilla,0.1672353446483612
32,Facenet512,/content/face_module/dataset_extractedfaces/lfw_pairs/Donald Rumsfeld_105.jpg,/content/face_module/dataset_extractedfaces/lfw_pairs/Paul Burrell_11.jpg,lfw_pairs,impersonation_attack,GhostFaceNet,SI_NI_FGSM,vanilla,0.1517397761344909
32,Facenet512,/content/face_module/dataset_extractedfaces/lfw_pairs/Donald Rumsfeld_105.jpg,/content/face_module/dataset_extractedfaces/lfw_pairs/Paul Burrell_11.jpg,lfw_pairs,impersonation_attack,GhostFaceNet,MI_ADMIX_DI_TI,vanilla,0.2154733091592788
32,VGG-Face,/content/face_module/dataset_extractedfaces/lfw_pairs/Donald Rumsfeld_105.jpg,/content/face_module/dataset_extractedfaces/lfw_pairs/Paul Burrell_11.jpg,lfw_pairs,impersonation_attack,GhostFaceNet,PGD,vanilla,0.2317650616168975
32,VGG-Face,/content/face_module/dataset_extractedfaces/lfw_pairs/Donald Rumsfeld_105.jpg,/content/face_module/dataset_extractedfaces/lfw_pairs/Paul Burrell_11.jpg,lfw_pairs,impersonation_attack,GhostFaceNet,MI_FGSM,vanilla,0.200723648071289
32,VGG-Face,/content/face_module/dataset_extractedfaces/lfw_pairs/Donald Rumsfeld_105.jpg,/content/face_module/dataset_extractedfaces/lfw_pairs/Paul Burrell_11.jpg,lfw_pairs,impersonation_attack,GhostFaceNet,TI_FGSM,vanilla,0.2328293919563293
32,VGG-Face,/content/face_module/dataset_extractedfaces/lfw_pairs/Donald Rumsfeld_105.jpg,/content/face_module/dataset_extractedfaces/lfw_pairs/Paul Burrell_11.jpg,lfw_pairs,impersonation_attack,GhostFaceNet,SI_NI_FGSM,vanilla,0.2335914224386215
32,VGG-Face,/content/face_module/dataset_extractedfaces/lfw_pairs/Donald Rumsfeld_105.jpg,/content/face_module/dataset_extractedfaces/lfw_pairs/Paul Burrell_11.jpg,lfw_pairs,impersonation_attack,GhostFaceNet,MI_ADMIX_DI_TI,vanilla,0.2538392543792724
48,ArcFace,/content/face_module/dataset_extractedfaces/lfw_pairs/Renee Zellweger_14.jpg,/content/face_module/dataset_extractedfaces/lfw_pairs/Venus Williams_9.jpg,lfw_pairs,impersonation_attack,GhostFaceNet,clean,clean,0.257136195898056
48,Facenet512,/content/face_module/dataset_extractedfaces/lfw_pairs/Renee Zellweger_14.jpg,/content/face_module/dataset_extractedfaces/lfw_pairs/Venus Williams_9.jpg,lfw_pairs,impersonation_attack,GhostFaceNet,clean,clean,0.257136195898056
48,GhostFaceNet,/content/face_module/dataset_extractedfaces/lfw_pairs/Renee Zellweger_14.jpg,/content/face_module/dataset_extractedfaces/lfw_pairs/Venus Williams_9.jpg,lfw_pairs,impersonation_attack,GhostFaceNet,clean,clean,0.257136195898056
48,VGG-Face,/content/face_module/dataset_extractedfaces/lfw_pairs/Renee Zellweger_14.jpg,/content/face_module/dataset_extractedfaces/lfw_pairs/Venus Williams_9.jpg,lfw_pairs,impersonation_attack,GhostFaceNet,clean,clean,0.257136195898056
48,ArcFace,/content/face_module/dataset_extractedfaces/lfw_pairs/Renee Zellweger_14.jpg,/content/face_module/dataset_extractedfaces/lfw_pairs/Venus Williams_9.jpg,lfw_pairs,impersonation_attack,GhostFaceNet,PGD,vanilla,0.3726195991039276
48,ArcFace,/content/face_module/dataset_extractedfaces/lfw_pairs/Renee Zellweger_14.jpg,/content/face_module/dataset_extractedfaces/lfw_pairs/Venus Williams_9.jpg,lfw_pairs,impersonation_attack,GhostFaceNet,MI_FGSM,vanilla,0.4242822527885437
48,ArcFace,/content/face_module/dataset_extractedfaces/lfw_pairs/Renee Zellweger_14.jpg,/content/face_module/dataset_extractedfaces/lfw_pairs/Venus Williams_9.jpg,lfw_pairs,impersonation_attack,GhostFaceNet,TI_FGSM,vanilla,0.3207750618457794
48,ArcFace,/content/face_module/dataset_extractedfaces/lfw_pairs/Renee Zellweger_14.jpg,/content/face_module/dataset_extractedfaces/lfw_pairs/Venus Williams_9.jpg,lfw_pairs,impersonation_attack,GhostFaceNet,SI_NI_FGSM,vanilla,0.3696754276752472
48,ArcFace,/content/face_module/dataset_extractedfaces/lfw_pairs/Renee Zellweger_14.jpg,/content/face_module/dataset_extractedfaces/lfw_pairs/Venus Williams_9.jpg,lfw_pairs,impersonation_attack,GhostFaceNet,MI_ADMIX_DI_TI,vanilla,0.2745805382728576
48,Facenet512,/content/face_module/dataset_extractedfaces/lfw_pairs/Renee Zellweger_14.jpg,/content/face_module/dataset_extractedfaces/lfw_pairs/Venus Williams_9.jpg,lfw_pairs,impersonation_attack,GhostFaceNet,PGD,vanilla,0.3014345467090606
48,Facenet512,/content/face_module/dataset_extractedfaces/lfw_pairs/Renee Zellweger_14.jpg,/content/face_module/dataset_extractedfaces/lfw_pairs/Venus Williams_9.jpg,lfw_pairs,impersonation_attack,GhostFaceNet,MI_FGSM,vanilla,0.3545384109020233
48,Facenet512,/content/face_module/dataset_extractedfaces/lfw_pairs/Renee Zellweger_14.jpg,/content/face_module/dataset_extractedfaces/lfw_pairs/Venus Williams_9.jpg,lfw_pairs,impersonation_attack,GhostFaceNet,TI_FGSM,vanilla,0.3602525889873504
48,Facenet512,/content/face_module/dataset_extractedfaces/lfw_pairs/Renee Zellweger_14.jpg,/content/face_module/dataset_extractedfaces/lfw_pairs/Venus Williams_9.jpg,lfw_pairs,impersonation_attack,GhostFaceNet,SI_NI_FGSM,vanilla,0.3925606906414032
48,Facenet512,/content/face_module/dataset_extractedfaces/lfw_pairs/Renee Zellweger_14.jpg,/content/face_module/dataset_extractedfaces/lfw_pairs/Venus Williams_9.jpg,lfw_pairs,impersonation_attack,GhostFaceNet,MI_ADMIX_DI_TI,vanilla,0.3307333290576935
48,VGG-Face,/content/face_module/dataset_extractedfaces/lfw_pairs/Renee Zellweger_14.jpg,/content/face_module/dataset_extractedfaces/lfw_pairs/Venus Williams_9.jpg,lfw_pairs,impersonation_attack,GhostFaceNet,PGD,vanilla,0.2944658398628235
48,VGG-Face,/content/face_module/dataset_extractedfaces/lfw_pairs/Renee Zellweger_14.jpg,/content/face_module/dataset_extractedfaces/lfw_pairs/Venus Williams_9.jpg,lfw_pairs,impersonation_attack,GhostFaceNet,MI_FGSM,vanilla,0.3861537873744964
48,VGG-Face,/content/face_module/dataset_extractedfaces/lfw_pairs/Renee Zellweger_14.jpg,/content/face_module/dataset_extractedfaces/lfw_pairs/Venus Williams_9.jpg,lfw_pairs,impersonation_attack,GhostFaceNet,TI_FGSM,vanilla,0.3128333389759063
48,VGG-Face,/content/face_module/dataset_extractedfaces/lfw_pairs/Renee Zellweger_14.jpg,/content/face_module/dataset_extractedfaces/lfw_pairs/Venus Williams_9.jpg,lfw_pairs,impersonation_attack,GhostFaceNet,SI_NI_FGSM,vanilla,0.380713939666748
48,VGG-Face,/content/face_module/dataset_extractedfaces/lfw_pairs/Renee Zellweger_14.jpg,/content/face_module/dataset_extractedfaces/lfw_pairs/Venus Williams_9.jpg,lfw_pairs,impersonation_attack,GhostFaceNet,MI_ADMIX_DI_TI,vanilla,0.2999245822429657
57,ArcFace,/content/face_module/dataset_extractedfaces/lfw_pairs/Mike Weir_10.jpg,/content/face_module/dataset_extractedfaces/lfw_pairs/Luis Horna_2.jpg,lfw_pairs,impersonation_attack,GhostFaceNet,clean,clean,0.0285831149667501
57,Facenet512,/content/face_module/dataset_extractedfaces/lfw_pairs/Mike Weir_10.jpg,/content/face_module/dataset_extractedfaces/lfw_pairs/Luis Horna_2.jpg,lfw_pairs,impersonation_attack,GhostFaceNet,clean,clean,0.0285831149667501
57,GhostFaceNet,/content/face_module/dataset_extractedfaces/lfw_pairs/Mike Weir_10.jpg,/content/face_module/dataset_extractedfaces/lfw_pairs/Luis Horna_2.jpg,lfw_pairs,impersonation_attack,GhostFaceNet,clean,clean,0.0285831149667501
57,VGG-Face,/content/face_module/dataset_extractedfaces/lfw_pairs/Mike Weir_10.jpg,/content/face_module/dataset_extractedfaces/lfw_pairs/Luis Horna_2.jpg,lfw_pairs,impersonation_attack,GhostFaceNet,clean,clean,0.0285831149667501
57,ArcFace,/content/face_module/dataset_extractedfaces/lfw_pairs/Mike Weir_10.jpg,/content/face_module/dataset_extractedfaces/lfw_pairs/Luis Horna_2.jpg,lfw_pairs,impersonation_attack,GhostFaceNet,PGD,vanilla,-0.0234776493161916
57,ArcFace,/content/face_module/dataset_extractedfaces/lfw_pairs/Mike Weir_10.jpg,/content/face_module/dataset_extractedfaces/lfw_pairs/Luis Horna_2.jpg,lfw_pairs,impersonation_attack,GhostFaceNet,MI_FGSM,vanilla,0.0397902950644493
57,ArcFace,/content/face_module/dataset_extractedfaces/lfw_pairs/Mike Weir_10.jpg,/content/face_module/dataset_extractedfaces/lfw_pairs/Luis Horna_2.jpg,lfw_pairs,impersonation_attack,GhostFaceNet,TI_FGSM,vanilla,0.0013542473316192
57,ArcFace,/content/face_module/dataset_extractedfaces/lfw_pairs/Mike Weir_10.jpg,/content/face_module/dataset_extractedfaces/lfw_pairs/Luis Horna_2.jpg,lfw_pairs,impersonation_attack,GhostFaceNet,SI_NI_FGSM,vanilla,0.02792814001441
57,ArcFace,/content/face_module/dataset_extractedfaces/lfw_pairs/Mike Weir_10.jpg,/content/face_module/dataset_extractedfaces/lfw_pairs/Luis Horna_2.jpg,lfw_pairs,impersonation_attack,GhostFaceNet,MI_ADMIX_DI_TI,vanilla,0.0435412526130676
57,Facenet512,/content/face_module/dataset_extractedfaces/lfw_pairs/Mike Weir_10.jpg,/content/face_module/dataset_extractedfaces/lfw_pairs/Luis Horna_2.jpg,lfw_pairs,impersonation_attack,GhostFaceNet,PGD,vanilla,0.1306519508361816
57,Facenet512,/content/face_module/dataset_extractedfaces/lfw_pairs/Mike Weir_10.jpg,/content/face_module/dataset_extractedfaces/lfw_pairs/Luis Horna_2.jpg,lfw_pairs,impersonation_attack,GhostFaceNet,MI_FGSM,vanilla,0.103253848850727
57,Facenet512,/content/face_module/dataset_extractedfaces/lfw_pairs/Mike Weir_10.jpg,/content/face_module/dataset_extractedfaces/lfw_pairs/Luis Horna_2.jpg,lfw_pairs,impersonation_attack,GhostFaceNet,TI_FGSM,vanilla,0.0639485791325569
57,Facenet512,/content/face_module/dataset_extractedfaces/lfw_pairs/Mike Weir_10.jpg,/content/face_module/dataset_extractedfaces/lfw_pairs/Luis Horna_2.jpg,lfw_pairs,impersonation_attack,GhostFaceNet,SI_NI_FGSM,vanilla,0.1001270413398742
57,Facenet512,/content/face_module/dataset_extractedfaces/lfw_pairs/Mike Weir_10.jpg,/content/face_module/dataset_extractedfaces/lfw_pairs/Luis Horna_2.jpg,lfw_pairs,impersonation_attack,GhostFaceNet,MI_ADMIX_DI_TI,vanilla,0.056428886950016
57,VGG-Face,/content/face_module/dataset_extractedfaces/lfw_pairs/Mike Weir_10.jpg,/content/face_module/dataset_extractedfaces/lfw_pairs/Luis Horna_2.jpg,lfw_pairs,impersonation_attack,GhostFaceNet,PGD,vanilla,0.0868888050317764
57,VGG-Face,/content/face_module/dataset_extractedfaces/lfw_pairs/Mike Weir_10.jpg,/content/face_module/dataset_extractedfaces/lfw_pairs/Luis Horna_2.jpg,lfw_pairs,impersonation_attack,GhostFaceNet,MI_FGSM,vanilla,-0.0132481157779693
57,VGG-Face,/content/face_module/dataset_extractedfaces/lfw_pairs/Mike Weir_10.jpg,/content/face_module/dataset_extractedfaces/lfw_pairs/Luis Horna_2.jpg,lfw_pairs,impersonation_attack,GhostFaceNet,TI_FGSM,vanilla,0.058530643582344
57,VGG-Face,/content/face_module/dataset_extractedfaces/lfw_pairs/Mike Weir_10.jpg,/content/face_module/dataset_extractedfaces/lfw_pairs/Luis Horna_2.jpg,lfw_pairs,impersonation_attack,GhostFaceNet,SI_NI_FGSM,vanilla,-0.0120844636112451
57,VGG-Face,/content/face_module/dataset_extractedfaces/lfw_pairs/Mike Weir_10.jpg,/content/face_module/dataset_extractedfaces/lfw_pairs/Luis Horna_2.jpg,lfw_pairs,impersonation_attack,GhostFaceNet,MI_ADMIX_DI_TI,vanilla,-0.0173557288944721
60,ArcFace,/content/face_module/dataset_extractedfaces/lfw_pairs/Jason Kidd_9.jpg,/content/face_module/dataset_extractedfaces/lfw_pairs/Luiz Inacio Lula da Silva_22.jpg,lfw_pairs,impersonation_attack,GhostFaceNet,clean,clean,0.0285564307123422
60,Facenet512,/content/face_module/dataset_extractedfaces/lfw_pairs/Jason Kidd_9.jpg,/content/face_module/dataset_extractedfaces/lfw_pairs/Luiz Inacio Lula da Silva_22.jpg,lfw_pairs,impersonation_attack,GhostFaceNet,clean,clean,0.0285564307123422
60,GhostFaceNet,/content/face_module/dataset_extractedfaces/lfw_pairs/Jason Kidd_9.jpg,/content/face_module/dataset_extractedfaces/lfw_pairs/Luiz Inacio Lula da Silva_22.jpg,lfw_pairs,impersonation_attack,GhostFaceNet,clean,clean,0.0285564307123422
60,VGG-Face,/content/face_module/dataset_extractedfaces/lfw_pairs/Jason Kidd_9.jpg,/content/face_module/dataset_extractedfaces/lfw_pairs/Luiz Inacio Lula da Silva_22.jpg,lfw_pairs,impersonation_attack,GhostFaceNet,clean,clean,0.0285564307123422
60,ArcFace,/content/face_module/dataset_extractedfaces/lfw_pairs/Jason Kidd_9.jpg,/content/face_module/dataset_extractedfaces/lfw_pairs/Luiz Inacio Lula da Silva_22.jpg,lfw_pairs,impersonation_attack,GhostFaceNet,PGD,vanilla,-0.0157848987728357
60,ArcFace,/content/face_module/dataset_extractedfaces/lfw_pairs/Jason Kidd_9.jpg,/content/face_module/dataset_extractedfaces/lfw_pairs/Luiz Inacio Lula da Silva_22.jpg,lfw_pairs,impersonation_attack,GhostFaceNet,MI_FGSM,vanilla,-0.0262922700494527
60,ArcFace,/content/face_module/dataset_extractedfaces/lfw_pairs/Jason Kidd_9.jpg,/content/face_module/dataset_extractedfaces/lfw_pairs/Luiz Inacio Lula da Silva_22.jpg,lfw_pairs,impersonation_attack,GhostFaceNet,TI_FGSM,vanilla,0.0351365432143211
60,ArcFace,/content/face_module/dataset_extractedfaces/lfw_pairs/Jason Kidd_9.jpg,/content/face_module/dataset_extractedfaces/lfw_pairs/Luiz Inacio Lula da Silva_22.jpg,lfw_pairs,impersonation_attack,GhostFaceNet,SI_NI_FGSM,vanilla,-0.0432042591273784
60,ArcFace,/content/face_module/dataset_extractedfaces/lfw_pairs/Jason Kidd_9.jpg,/content/face_module/dataset_extractedfaces/lfw_pairs/Luiz Inacio Lula da Silva_22.jpg,lfw_pairs,impersonation_attack,GhostFaceNet,MI_ADMIX_DI_TI,vanilla,0.0026568549219518
60,Facenet512,/content/face_module/dataset_extractedfaces/lfw_pairs/Jason Kidd_9.jpg,/content/face_module/dataset_extractedfaces/lfw_pairs/Luiz Inacio Lula da Silva_22.jpg,lfw_pairs,impersonation_attack,GhostFaceNet,PGD,vanilla,0.0167241860181093
60,Facenet512,/content/face_module/dataset_extractedfaces/lfw_pairs/Jason Kidd_9.jpg,/content/face_module/dataset_extractedfaces/lfw_pairs/Luiz Inacio Lula da Silva_22.jpg,lfw_pairs,impersonation_attack,GhostFaceNet,MI_FGSM,vanilla,0.0728039070963859
60,Facenet512,/content/face_module/dataset_extractedfaces/lfw_pairs/Jason Kidd_9.jpg,/content/face_module/dataset_extractedfaces/lfw_pairs/Luiz Inacio Lula da Silva_22.jpg,lfw_pairs,impersonation_attack,GhostFaceNet,TI_FGSM,vanilla,-0.0004219264083076
60,Facenet512,/content/face_module/dataset_extractedfaces/lfw_pairs/Jason Kidd_9.jpg,/content/face_module/dataset_extractedfaces/lfw_pairs/Luiz Inacio Lula da Silva_22.jpg,lfw_pairs,impersonation_attack,GhostFaceNet,SI_NI_FGSM,vanilla,0.1139494776725769
60,Facenet512,/content/face_module/dataset_extractedfaces/lfw_pairs/Jason Kidd_9.jpg,/content/face_module/dataset_extractedfaces/lfw_pairs/Luiz Inacio Lula da Silva_22.jpg,lfw_pairs,impersonation_attack,GhostFaceNet,MI_ADMIX_DI_TI,vanilla,0.0508381873369216
60,VGG-Face,/content/face_module/dataset_extractedfaces/lfw_pairs/Jason Kidd_9.jpg,/content/face_module/dataset_extractedfaces/lfw_pairs/Luiz Inacio Lula da Silva_22.jpg,lfw_pairs,impersonation_attack,GhostFaceNet,PGD,vanilla,0.0608122050762176
60,VGG-Face,/content/face_module/dataset_extractedfaces/lfw_pairs/Jason Kidd_9.jpg,/content/face_module/dataset_extractedfaces/lfw_pairs/Luiz Inacio Lula da Silva_22.jpg,lfw_pairs,impersonation_attack,GhostFaceNet,MI_FGSM,vanilla,0.0909631475806236
60,VGG-Face,/content/face_module/dataset_extractedfaces/lfw_pairs/Jason Kidd_9.jpg,/content/face_module/dataset_extractedfaces/lfw_pairs/Luiz Inacio Lula da Silva_22.jpg,lfw_pairs,impersonation_attack,GhostFaceNet,TI_FGSM,vanilla,0.0933390334248542
60,VGG-Face,/content/face_module/dataset_extractedfaces/lfw_pairs/Jason Kidd_9.jpg,/content/face_module/dataset_extractedfaces/lfw_pairs/Luiz Inacio Lula da Silva_22.jpg,lfw_pairs,impersonation_attack,GhostFaceNet,SI_NI_FGSM,vanilla,0.0914845690131187
60,VGG-Face,/content/face_module/dataset_extractedfaces/lfw_pairs/Jason Kidd_9.jpg,/content/face_module/dataset_extractedfaces/lfw_pairs/Luiz Inacio Lula da Silva_22.jpg,lfw_pairs,impersonation_attack,GhostFaceNet,MI_ADMIX_DI_TI,vanilla,0.1485689431428909
2,ArcFace,/content/face_module/dataset_extractedfaces/celeba_pairs/107859.jpg,/content/face_module/dataset_extractedfaces/celeba_pairs/031892.jpg,celeba_pairs,impersonation_attack,GhostFaceNet,clean,clean,0.0808513835072517
2,Facenet512,/content/face_module/dataset_extractedfaces/celeba_pairs/107859.jpg,/content/face_module/dataset_extractedfaces/celeba_pairs/031892.jpg,celeba_pairs,impersonation_attack,GhostFaceNet,clean,clean,0.0808513835072517
2,GhostFaceNet,/content/face_module/dataset_extractedfaces/celeba_pairs/107859.jpg,/content/face_module/dataset_extractedfaces/celeba_pairs/031892.jpg,celeba_pairs,impersonation_attack,GhostFaceNet,clean,clean,0.0808513835072517
2,VGG-Face,/content/face_module/dataset_extractedfaces/celeba_pairs/107859.jpg,/content/face_module/dataset_extractedfaces/celeba_pairs/031892.jpg,celeba_pairs,impersonation_attack,GhostFaceNet,clean,clean,0.0808513835072517
2,ArcFace,/content/face_module/dataset_extractedfaces/celeba_pairs/107859.jpg,/content/face_module/dataset_extractedfaces/celeba_pairs/031892.jpg,celeba_pairs,impersonation_attack,GhostFaceNet,PGD,vanilla,0.1241553202271461
2,ArcFace,/content/face_module/dataset_extractedfaces/celeba_pairs/107859.jpg,/content/face_module/dataset_extractedfaces/celeba_pairs/031892.jpg,celeba_pairs,impersonation_attack,GhostFaceNet,MI_FGSM,vanilla,0.0828303471207618
2,ArcFace,/content/face_module/dataset_extractedfaces/celeba_pairs/107859.jpg,/content/face_module/dataset_extractedfaces/celeba_pairs/031892.jpg,celeba_pairs,impersonation_attack,GhostFaceNet,TI_FGSM,vanilla,0.1335390657186508
2,ArcFace,/content/face_module/dataset_extractedfaces/celeba_pairs/107859.jpg,/content/face_module/dataset_extractedfaces/celeba_pairs/031892.jpg,celeba_pairs,impersonation_attack,GhostFaceNet,SI_NI_FGSM,vanilla,0.1218551471829414
2,ArcFace,/content/face_module/dataset_extractedfaces/celeba_pairs/107859.jpg,/content/face_module/dataset_extractedfaces/celeba_pairs/031892.jpg,celeba_pairs,impersonation_attack,GhostFaceNet,MI_ADMIX_DI_TI,vanilla,0.1905921101570129
2,Facenet512,/content/face_module/dataset_extractedfaces/celeba_pairs/107859.jpg,/content/face_module/dataset_extractedfaces/celeba_pairs/031892.jpg,celeba_pairs,impersonation_attack,GhostFaceNet,PGD,vanilla,0.1382516771554947
2,Facenet512,/content/face_module/dataset_extractedfaces/celeba_pairs/107859.jpg,/content/face_module/dataset_extractedfaces/celeba_pairs/031892.jpg,celeba_pairs,impersonation_attack,GhostFaceNet,MI_FGSM,vanilla,0.0967520326375961
2,Facenet512,/content/face_module/dataset_extractedfaces/celeba_pairs/107859.jpg,/content/face_module/dataset_extractedfaces/celeba_pairs/031892.jpg,celeba_pairs,impersonation_attack,GhostFaceNet,TI_FGSM,vanilla,0.0934601202607154
2,Facenet512,/content/face_module/dataset_extractedfaces/celeba_pairs/107859.jpg,/content/face_module/dataset_extractedfaces/celeba_pairs/031892.jpg,celeba_pairs,impersonation_attack,GhostFaceNet,SI_NI_FGSM,vanilla,0.114084668457508
2,Facenet512,/content/face_module/dataset_extractedfaces/celeba_pairs/107859.jpg,/content/face_module/dataset_extractedfaces/celeba_pairs/031892.jpg,celeba_pairs,impersonation_attack,GhostFaceNet,MI_ADMIX_DI_TI,vanilla,0.1658080816268921
2,VGG-Face,/content/face_module/dataset_extractedfaces/celeba_pairs/107859.jpg,/content/face_module/dataset_extractedfaces/celeba_pairs/031892.jpg,celeba_pairs,impersonation_attack,GhostFaceNet,PGD,vanilla,0.1827903091907501
2,VGG-Face,/content/face_module/dataset_extractedfaces/celeba_pairs/107859.jpg,/content/face_module/dataset_extractedfaces/celeba_pairs/031892.jpg,celeba_pairs,impersonation_attack,GhostFaceNet,MI_FGSM,vanilla,0.1530647277832031
2,VGG-Face,/content/face_module/dataset_extractedfaces/celeba_pairs/107859.jpg,/content/face_module/dataset_extractedfaces/celeba_pairs/031892.jpg,celeba_pairs,impersonation_attack,GhostFaceNet,TI_FGSM,vanilla,0.207984447479248
2,VGG-Face,/content/face_module/dataset_extractedfaces/celeba_pairs/107859.jpg,/content/face_module/dataset_extractedfaces/celeba_pairs/031892.jpg,celeba_pairs,impersonation_attack,GhostFaceNet,SI_NI_FGSM,vanilla,0.092115119099617
2,VGG-Face,/content/face_module/dataset_extractedfaces/celeba_pairs/107859.jpg,/content/face_module/dataset_extractedfaces/celeba_pairs/031892.jpg,celeba_pairs,impersonation_attack,GhostFaceNet,MI_ADMIX_DI_TI,vanilla,0.1357918828725814
8,ArcFace,/content/face_module/dataset_extractedfaces/celeba_pairs/023666.jpg,/content/face_module/dataset_extractedfaces/celeba_pairs/010959.jpg,celeba_pairs,impersonation_attack,GhostFaceNet,clean,clean,0.0326670072972774
8,Facenet512,/content/face_module/dataset_extractedfaces/celeba_pairs/023666.jpg,/content/face_module/dataset_extractedfaces/celeba_pairs/010959.jpg,celeba_pairs,impersonation_attack,GhostFaceNet,clean,clean,0.0326670072972774
8,GhostFaceNet,/content/face_module/dataset_extractedfaces/celeba_pairs/023666.jpg,/content/face_module/dataset_extractedfaces/celeba_pairs/010959.jpg,celeba_pairs,impersonation_attack,GhostFaceNet,clean,clean,0.0326670072972774
8,VGG-Face,/content/face_module/dataset_extractedfaces/celeba_pairs/023666.jpg,/content/face_module/dataset_extractedfaces/celeba_pairs/010959.jpg,celeba_pairs,impersonation_attack,GhostFaceNet,clean,clean,0.0326670072972774
8,ArcFace,/content/face_module/dataset_extractedfaces/celeba_pairs/023666.jpg,/content/face_module/dataset_extractedfaces/celeba_pairs/010959.jpg,celeba_pairs,impersonation_attack,GhostFaceNet,PGD,vanilla,0.1408261507749557
8,ArcFace,/content/face_module/dataset_extractedfaces/celeba_pairs/023666.jpg,/content/face_module/dataset_extractedfaces/celeba_pairs/010959.jpg,celeba_pairs,impersonation_attack,GhostFaceNet,MI_FGSM,vanilla,0.2007716745138168
8,ArcFace,/content/face_module/dataset_extractedfaces/celeba_pairs/023666.jpg,/content/face_module/dataset_extractedfaces/celeba_pairs/010959.jpg,celeba_pairs,impersonation_attack,GhostFaceNet,TI_FGSM,vanilla,0.192557156085968
8,ArcFace,/content/face_module/dataset_extractedfaces/celeba_pairs/023666.jpg,/content/face_module/dataset_extractedfaces/celeba_pairs/010959.jpg,celeba_pairs,impersonation_attack,GhostFaceNet,SI_NI_FGSM,vanilla,0.1986302584409713
8,ArcFace,/content/face_module/dataset_extractedfaces/celeba_pairs/023666.jpg,/content/face_module/dataset_extractedfaces/celeba_pairs/010959.jpg,celeba_pairs,impersonation_attack,GhostFaceNet,MI_ADMIX_DI_TI,vanilla,0.2347295135259628
8,Facenet512,/content/face_module/dataset_extractedfaces/celeba_pairs/023666.jpg,/content/face_module/dataset_extractedfaces/celeba_pairs/010959.jpg,celeba_pairs,impersonation_attack,GhostFaceNet,PGD,vanilla,0.1765400171279907
8,Facenet512,/content/face_module/dataset_extractedfaces/celeba_pairs/023666.jpg,/content/face_module/dataset_extractedfaces/celeba_pairs/010959.jpg,celeba_pairs,impersonation_attack,GhostFaceNet,MI_FGSM,vanilla,0.26923468708992
8,Facenet512,/content/face_module/dataset_extractedfaces/celeba_pairs/023666.jpg,/content/face_module/dataset_extractedfaces/celeba_pairs/010959.jpg,celeba_pairs,impersonation_attack,GhostFaceNet,TI_FGSM,vanilla,0.3010075092315674
8,Facenet512,/content/face_module/dataset_extractedfaces/celeba_pairs/023666.jpg,/content/face_module/dataset_extractedfaces/celeba_pairs/010959.jpg,celeba_pairs,impersonation_attack,GhostFaceNet,SI_NI_FGSM,vanilla,0.2384312152862548
8,Facenet512,/content/face_module/dataset_extractedfaces/celeba_pairs/023666.jpg,/content/face_module/dataset_extractedfaces/celeba_pairs/010959.jpg,celeba_pairs,impersonation_attack,GhostFaceNet,MI_ADMIX_DI_TI,vanilla,0.3365517258644104
8,VGG-Face,/content/face_module/dataset_extractedfaces/celeba_pairs/023666.jpg,/content/face_module/dataset_extractedfaces/celeba_pairs/010959.jpg,celeba_pairs,impersonation_attack,GhostFaceNet,PGD,vanilla,0.1102927103638649
8,VGG-Face,/content/face_module/dataset_extractedfaces/celeba_pairs/023666.jpg,/content/face_module/dataset_extractedfaces/celeba_pairs/010959.jpg,celeba_pairs,impersonation_attack,GhostFaceNet,MI_FGSM,vanilla,0.1522438675165176
8,VGG-Face,/content/face_module/dataset_extractedfaces/celeba_pairs/023666.jpg,/content/face_module/dataset_extractedfaces/celeba_pairs/010959.jpg,celeba_pairs,impersonation_attack,GhostFaceNet,TI_FGSM,vanilla,0.1868944764137268
8,VGG-Face,/content/face_module/dataset_extractedfaces/celeba_pairs/023666.jpg,/content/face_module/dataset_extractedfaces/celeba_pairs/010959.jpg,celeba_pairs,impersonation_attack,GhostFaceNet,SI_NI_FGSM,vanilla,0.1475174129009246
8,VGG-Face,/content/face_module/dataset_extractedfaces/celeba_pairs/023666.jpg,/content/face_module/dataset_extractedfaces/celeba_pairs/010959.jpg,celeba_pairs,impersonation_attack,GhostFaceNet,MI_ADMIX_DI_TI,vanilla,0.1762777119874954
12,ArcFace,/content/face_module/dataset_extractedfaces/celeba_pairs/003089.jpg,/content/face_module/dataset_extractedfaces/celeba_pairs/016966.jpg,celeba_pairs,impersonation_attack,GhostFaceNet,clean,clean,-0.0209083743393421
12,Facenet512,/content/face_module/dataset_extractedfaces/celeba_pairs/003089.jpg,/content/face_module/dataset_extractedfaces/celeba_pairs/016966.jpg,celeba_pairs,impersonation_attack,GhostFaceNet,clean,clean,-0.0209083743393421
12,GhostFaceNet,/content/face_module/dataset_extractedfaces/celeba_pairs/003089.jpg,/content/face_module/dataset_extractedfaces/celeba_pairs/016966.jpg,celeba_pairs,impersonation_attack,GhostFaceNet,clean,clean,-0.0209083743393421
12,VGG-Face,/content/face_module/dataset_extractedfaces/celeba_pairs/003089.jpg,/content/face_module/dataset_extractedfaces/celeba_pairs/016966.jpg,celeba_pairs,impersonation_attack,GhostFaceNet,clean,clean,-0.0209083743393421
12,ArcFace,/content/face_module/dataset_extractedfaces/celeba_pairs/003089.jpg,/content/face_module/dataset_extractedfaces/celeba_pairs/016966.jpg,celeba_pairs,impersonation_attack,GhostFaceNet,PGD,vanilla,0.0613565407693386
12,ArcFace,/content/face_module/dataset_extractedfaces/celeba_pairs/003089.jpg,/content/face_module/dataset_extractedfaces/celeba_pairs/016966.jpg,celeba_pairs,impersonation_attack,GhostFaceNet,MI_FGSM,vanilla,0.0825928971171379
12,ArcFace,/content/face_module/dataset_extractedfaces/celeba_pairs/003089.jpg,/content/face_module/dataset_extractedfaces/celeba_pairs/016966.jpg,celeba_pairs,impersonation_attack,GhostFaceNet,TI_FGSM,vanilla,0.0183738656342029
12,ArcFace,/content/face_module/dataset_extractedfaces/celeba_pairs/003089.jpg,/content/face_module/dataset_extractedfaces/celeba_pairs/016966.jpg,celeba_pairs,impersonation_attack,GhostFaceNet,SI_NI_FGSM,vanilla,0.1066297516226768
12,ArcFace,/content/face_module/dataset_extractedfaces/celeba_pairs/003089.jpg,/content/face_module/dataset_extractedfaces/celeba_pairs/016966.jpg,celeba_pairs,impersonation_attack,GhostFaceNet,MI_ADMIX_DI_TI,vanilla,0.0382983088493347
12,Facenet512,/content/face_module/dataset_extractedfaces/celeba_pairs/003089.jpg,/content/face_module/dataset_extractedfaces/celeba_pairs/016966.jpg,celeba_pairs,impersonation_attack,GhostFaceNet,PGD,vanilla,0.0209851283580064
12,Facenet512,/content/face_module/dataset_extractedfaces/celeba_pairs/003089.jpg,/content/face_module/dataset_extractedfaces/celeba_pairs/016966.jpg,celeba_pairs,impersonation_attack,GhostFaceNet,MI_FGSM,vanilla,0.0445612519979476
12,Facenet512,/content/face_module/dataset_extractedfaces/celeba_pairs/003089.jpg,/content/face_module/dataset_extractedfaces/celeba_pairs/016966.jpg,celeba_pairs,impersonation_attack,GhostFaceNet,TI_FGSM,vanilla,0.0408791601657867
12,Facenet512,/content/face_module/dataset_extractedfaces/celeba_pairs/003089.jpg,/content/face_module/dataset_extractedfaces/celeba_pairs/016966.jpg,celeba_pairs,impersonation_attack,GhostFaceNet,SI_NI_FGSM,vanilla,0.0403796210885047
12,Facenet512,/content/face_module/dataset_extractedfaces/celeba_pairs/003089.jpg,/content/face_module/dataset_extractedfaces/celeba_pairs/016966.jpg,celeba_pairs,impersonation_attack,GhostFaceNet,MI_ADMIX_DI_TI,vanilla,0.0284049492329359
12,VGG-Face,/content/face_module/dataset_extractedfaces/celeba_pairs/003089.jpg,/content/face_module/dataset_extractedfaces/celeba_pairs/016966.jpg,celeba_pairs,impersonation_attack,GhostFaceNet,PGD,vanilla,0.0423599444329738
12,VGG-Face,/content/face_module/dataset_extractedfaces/celeba_pairs/003089.jpg,/content/face_module/dataset_extractedfaces/celeba_pairs/016966.jpg,celeba_pairs,impersonation_attack,GhostFaceNet,MI_FGSM,vanilla,0.0449300594627857
12,VGG-Face,/content/face_module/dataset_extractedfaces/celeba_pairs/003089.jpg,/content/face_module/dataset_extractedfaces/celeba_pairs/016966.jpg,celeba_pairs,impersonation_attack,GhostFaceNet,TI_FGSM,vanilla,0.0359416268765926
12,VGG-Face,/content/face_module/dataset_extractedfaces/celeba_pairs/003089.jpg,/content/face_module/dataset_extractedfaces/celeba_pairs/016966.jpg,celeba_pairs,impersonation_attack,GhostFaceNet,SI_NI_FGSM,vanilla,0.0385910719633102
12,VGG-Face,/content/face_module/dataset_extractedfaces/celeba_pairs/003089.jpg,/content/face_module/dataset_extractedfaces/celeba_pairs/016966.jpg,celeba_pairs,impersonation_attack,GhostFaceNet,MI_ADMIX_DI_TI,vanilla,0.0234759338200092
26,ArcFace,/content/face_module/dataset_extractedfaces/celeba_pairs/113117.jpg,/content/face_module/dataset_extractedfaces/celeba_pairs/129449.jpg,celeba_pairs,impersonation_attack,GhostFaceNet,clean,clean,0.0978441461920738
26,Facenet512,/content/face_module/dataset_extractedfaces/celeba_pairs/113117.jpg,/content/face_module/dataset_extractedfaces/celeba_pairs/129449.jpg,celeba_pairs,impersonation_attack,GhostFaceNet,clean,clean,0.0978441461920738
26,GhostFaceNet,/content/face_module/dataset_extractedfaces/celeba_pairs/113117.jpg,/content/face_module/dataset_extractedfaces/celeba_pairs/129449.jpg,celeba_pairs,impersonation_attack,GhostFaceNet,clean,clean,0.0978441461920738
26,VGG-Face,/content/face_module/dataset_extractedfaces/celeba_pairs/113117.jpg,/content/face_module/dataset_extractedfaces/celeba_pairs/129449.jpg,celeba_pairs,impersonation_attack,GhostFaceNet,clean,clean,0.0978441461920738
26,ArcFace,/content/face_module/dataset_extractedfaces/celeba_pairs/113117.jpg,/content/face_module/dataset_extractedfaces/celeba_pairs/129449.jpg,celeba_pairs,impersonation_attack,GhostFaceNet,PGD,vanilla,0.1185865178704261
26,ArcFace,/content/face_module/dataset_extractedfaces/celeba_pairs/113117.jpg,/content/face_module/dataset_extractedfaces/celeba_pairs/129449.jpg,celeba_pairs,impersonation_attack,GhostFaceNet,MI_FGSM,vanilla,0.1367111802101135
26,ArcFace,/content/face_module/dataset_extractedfaces/celeba_pairs/113117.jpg,/content/face_module/dataset_extractedfaces/celeba_pairs/129449.jpg,celeba_pairs,impersonation_attack,GhostFaceNet,TI_FGSM,vanilla,0.1210597530007362
26,ArcFace,/content/face_module/dataset_extractedfaces/celeba_pairs/113117.jpg,/content/face_module/dataset_extractedfaces/celeba_pairs/129449.jpg,celeba_pairs,impersonation_attack,GhostFaceNet,SI_NI_FGSM,vanilla,0.1178732141852378
26,ArcFace,/content/face_module/dataset_extractedfaces/celeba_pairs/113117.jpg,/content/face_module/dataset_extractedfaces/celeba_pairs/129449.jpg,celeba_pairs,impersonation_attack,GhostFaceNet,MI_ADMIX_DI_TI,vanilla,0.1497347503900528
26,Facenet512,/content/face_module/dataset_extractedfaces/celeba_pairs/113117.jpg,/content/face_module/dataset_extractedfaces/celeba_pairs/129449.jpg,celeba_pairs,impersonation_attack,GhostFaceNet,PGD,vanilla,0.1121840476989746
26,Facenet512,/content/face_module/dataset_extractedfaces/celeba_pairs/113117.jpg,/content/face_module/dataset_extractedfaces/celeba_pairs/129449.jpg,celeba_pairs,impersonation_attack,GhostFaceNet,MI_FGSM,vanilla,0.1218803748488426
26,Facenet512,/content/face_module/dataset_extractedfaces/celeba_pairs/113117.jpg,/content/face_module/dataset_extractedfaces/celeba_pairs/129449.jpg,celeba_pairs,impersonation_attack,GhostFaceNet,TI_FGSM,vanilla,0.1162132546305656
26,Facenet512,/content/face_module/dataset_extractedfaces/celeba_pairs/113117.jpg,/content/face_module/dataset_extractedfaces/celeba_pairs/129449.jpg,celeba_pairs,impersonation_attack,GhostFaceNet,SI_NI_FGSM,vanilla,0.1292029023170471
26,Facenet512,/content/face_module/dataset_extractedfaces/celeba_pairs/113117.jpg,/content/face_module/dataset_extractedfaces/celeba_pairs/129449.jpg,celeba_pairs,impersonation_attack,GhostFaceNet,MI_ADMIX_DI_TI,vanilla,0.1465550810098648
26,VGG-Face,/content/face_module/dataset_extractedfaces/celeba_pairs/113117.jpg,/content/face_module/dataset_extractedfaces/celeba_pairs/129449.jpg,celeba_pairs,impersonation_attack,GhostFaceNet,PGD,vanilla,0.075126014649868
26,VGG-Face,/content/face_module/dataset_extractedfaces/celeba_pairs/113117.jpg,/content/face_module/dataset_extractedfaces/celeba_pairs/129449.jpg,celeba_pairs,impersonation_attack,GhostFaceNet,MI_FGSM,vanilla,0.0939688682556152
26,VGG-Face,/content/face_module/dataset_extractedfaces/celeba_pairs/113117.jpg,/content/face_module/dataset_extractedfaces/celeba_pairs/129449.jpg,celeba_pairs,impersonation_attack,GhostFaceNet,TI_FGSM,vanilla,0.0738418325781822
26,VGG-Face,/content/face_module/dataset_extractedfaces/celeba_pairs/113117.jpg,/content/face_module/dataset_extractedfaces/celeba_pairs/129449.jpg,celeba_pairs,impersonation_attack,GhostFaceNet,SI_NI_FGSM,vanilla,0.0787673369050026
26,VGG-Face,/content/face_module/dataset_extractedfaces/celeba_pairs/113117.jpg,/content/face_module/dataset_extractedfaces/celeba_pairs/129449.jpg,celeba_pairs,impersonation_attack,GhostFaceNet,MI_ADMIX_DI_TI,vanilla,0.1002057865262031
34,ArcFace,/content/face_module/dataset_extractedfaces/celeba_pairs/001430.jpg,/content/face_module/dataset_extractedfaces/celeba_pairs/046649.jpg,celeba_pairs,impersonation_attack,GhostFaceNet,clean,clean,0.0884061008691787
34,Facenet512,/content/face_module/dataset_extractedfaces/celeba_pairs/001430.jpg,/content/face_module/dataset_extractedfaces/celeba_pairs/046649.jpg,celeba_pairs,impersonation_attack,GhostFaceNet,clean,clean,0.0884061008691787
34,GhostFaceNet,/content/face_module/dataset_extractedfaces/celeba_pairs/001430.jpg,/content/face_module/dataset_extractedfaces/celeba_pairs/046649.jpg,celeba_pairs,impersonation_attack,GhostFaceNet,clean,clean,0.0884061008691787
34,VGG-Face,/content/face_module/dataset_extractedfaces/celeba_pairs/001430.jpg,/content/face_module/dataset_extractedfaces/celeba_pairs/046649.jpg,celeba_pairs,impersonation_attack,GhostFaceNet,clean,clean,0.0884061008691787
34,ArcFace,/content/face_module/dataset_extractedfaces/celeba_pairs/001430.jpg,/content/face_module/dataset_extractedfaces/celeba_pairs/046649.jpg,celeba_pairs,impersonation_attack,GhostFaceNet,PGD,vanilla,0.1211694628000259
34,ArcFace,/content/face_module/dataset_extractedfaces/celeba_pairs/001430.jpg,/content/face_module/dataset_extractedfaces/celeba_pairs/046649.jpg,celeba_pairs,impersonation_attack,GhostFaceNet,MI_FGSM,vanilla,0.1192343384027481
34,ArcFace,/content/face_module/dataset_extractedfaces/celeba_pairs/001430.jpg,/content/face_module/dataset_extractedfaces/celeba_pairs/046649.jpg,celeba_pairs,impersonation_attack,GhostFaceNet,TI_FGSM,vanilla,0.1125556007027626
34,ArcFace,/content/face_module/dataset_extractedfaces/celeba_pairs/001430.jpg,/content/face_module/dataset_extractedfaces/celeba_pairs/046649.jpg,celeba_pairs,impersonation_attack,GhostFaceNet,SI_NI_FGSM,vanilla,0.1155619472265243
34,ArcFace,/content/face_module/dataset_extractedfaces/celeba_pairs/001430.jpg,/content/face_module/dataset_extractedfaces/celeba_pairs/046649.jpg,celeba_pairs,impersonation_attack,GhostFaceNet,MI_ADMIX_DI_TI,vanilla,0.0693261697888374
34,Facenet512,/content/face_module/dataset_extractedfaces/celeba_pairs/001430.jpg,/content/face_module/dataset_extractedfaces/celeba_pairs/046649.jpg,celeba_pairs,impersonation_attack,GhostFaceNet,PGD,vanilla,0.1269514411687851
34,Facenet512,/content/face_module/dataset_extractedfaces/celeba_pairs/001430.jpg,/content/face_module/dataset_extractedfaces/celeba_pairs/046649.jpg,celeba_pairs,impersonation_attack,GhostFaceNet,MI_FGSM,vanilla,0.1444215029478073
34,Facenet512,/content/face_module/dataset_extractedfaces/celeba_pairs/001430.jpg,/content/face_module/dataset_extractedfaces/celeba_pairs/046649.jpg,celeba_pairs,impersonation_attack,GhostFaceNet,TI_FGSM,vanilla,0.1241157203912735
34,Facenet512,/content/face_module/dataset_extractedfaces/celeba_pairs/001430.jpg,/content/face_module/dataset_extractedfaces/celeba_pairs/046649.jpg,celeba_pairs,impersonation_attack,GhostFaceNet,SI_NI_FGSM,vanilla,0.1589467674493789
34,Facenet512,/content/face_module/dataset_extractedfaces/celeba_pairs/001430.jpg,/content/face_module/dataset_extractedfaces/celeba_pairs/046649.jpg,celeba_pairs,impersonation_attack,GhostFaceNet,MI_ADMIX_DI_TI,vanilla,0.1492905169725418
34,VGG-Face,/content/face_module/dataset_extractedfaces/celeba_pairs/001430.jpg,/content/face_module/dataset_extractedfaces/celeba_pairs/046649.jpg,celeba_pairs,impersonation_attack,GhostFaceNet,PGD,vanilla,0.096549779176712
34,VGG-Face,/content/face_module/dataset_extractedfaces/celeba_pairs/001430.jpg,/content/face_module/dataset_extractedfaces/celeba_pairs/046649.jpg,celeba_pairs,impersonation_attack,GhostFaceNet,MI_FGSM,vanilla,0.1499101370573043
34,VGG-Face,/content/face_module/dataset_extractedfaces/celeba_pairs/001430.jpg,/content/face_module/dataset_extractedfaces/celeba_pairs/046649.jpg,celeba_pairs,impersonation_attack,GhostFaceNet,TI_FGSM,vanilla,0.0786146894097328
34,VGG-Face,/content/face_module/dataset_extractedfaces/celeba_pairs/001430.jpg,/content/face_module/dataset_extractedfaces/celeba_pairs/046649.jpg,celeba_pairs,impersonation_attack,GhostFaceNet,SI_NI_FGSM,vanilla,0.1502085775136947
34,VGG-Face,/content/face_module/dataset_extractedfaces/celeba_pairs/001430.jpg,/content/face_module/dataset_extractedfaces/celeba_pairs/046649.jpg,celeba_pairs,impersonation_attack,GhostFaceNet,MI_ADMIX_DI_TI,vanilla,0.1269556879997253
3,ArcFace,/content/face_module/dataset_extractedfaces/vggface2_pairs/n000007_0076_01.jpg,/content/face_module/dataset_extractedfaces/vggface2_pairs/n000005_0080_01.jpg,vggface2_pairs,impersonation_attack,GhostFaceNet,clean,clean,0.095884308218956
3,Facenet512,/content/face_module/dataset_extractedfaces/vggface2_pairs/n000007_0076_01.jpg,/content/face_module/dataset_extractedfaces/vggface2_pairs/n000005_0080_01.jpg,vggface2_pairs,impersonation_attack,GhostFaceNet,clean,clean,0.095884308218956
3,GhostFaceNet,/content/face_module/dataset_extractedfaces/vggface2_pairs/n000007_0076_01.jpg,/content/face_module/dataset_extractedfaces/vggface2_pairs/n000005_0080_01.jpg,vggface2_pairs,impersonation_attack,GhostFaceNet,clean,clean,0.095884308218956
3,VGG-Face,/content/face_module/dataset_extractedfaces/vggface2_pairs/n000007_0076_01.jpg,/content/face_module/dataset_extractedfaces/vggface2_pairs/n000005_0080_01.jpg,vggface2_pairs,impersonation_attack,GhostFaceNet,clean,clean,0.095884308218956
3,ArcFace,/content/face_module/dataset_extractedfaces/vggface2_pairs/n000007_0076_01.jpg,/content/face_module/dataset_extractedfaces/vggface2_pairs/n000005_0080_01.jpg,vggface2_pairs,impersonation_attack,GhostFaceNet,PGD,vanilla,0.1527744531631469
3,ArcFace,/content/face_module/dataset_extractedfaces/vggface2_pairs/n000007_0076_01.jpg,/content/face_module/dataset_extractedfaces/vggface2_pairs/n000005_0080_01.jpg,vggface2_pairs,impersonation_attack,GhostFaceNet,MI_FGSM,vanilla,0.1666798740625381
3,ArcFace,/content/face_module/dataset_extractedfaces/vggface2_pairs/n000007_0076_01.jpg,/content/face_module/dataset_extractedfaces/vggface2_pairs/n000005_0080_01.jpg,vggface2_pairs,impersonation_attack,GhostFaceNet,TI_FGSM,vanilla,0.1797185838222503
3,ArcFace,/content/face_module/dataset_extractedfaces/vggface2_pairs/n000007_0076_01.jpg,/content/face_module/dataset_extractedfaces/vggface2_pairs/n000005_0080_01.jpg,vggface2_pairs,impersonation_attack,GhostFaceNet,SI_NI_FGSM,vanilla,0.1799345165491104
3,ArcFace,/content/face_module/dataset_extractedfaces/vggface2_pairs/n000007_0076_01.jpg,/content/face_module/dataset_extractedfaces/vggface2_pairs/n000005_0080_01.jpg,vggface2_pairs,impersonation_attack,GhostFaceNet,MI_ADMIX_DI_TI,vanilla,0.1415861696004867
3,Facenet512,/content/face_module/dataset_extractedfaces/vggface2_pairs/n000007_0076_01.jpg,/content/face_module/dataset_extractedfaces/vggface2_pairs/n000005_0080_01.jpg,vggface2_pairs,impersonation_attack,GhostFaceNet,PGD,vanilla,0.0868643522262573
3,Facenet512,/content/face_module/dataset_extractedfaces/vggface2_pairs/n000007_0076_01.jpg,/content/face_module/dataset_extractedfaces/vggface2_pairs/n000005_0080_01.jpg,vggface2_pairs,impersonation_attack,GhostFaceNet,MI_FGSM,vanilla,0.1393599957227707
3,Facenet512,/content/face_module/dataset_extractedfaces/vggface2_pairs/n000007_0076_01.jpg,/content/face_module/dataset_extractedfaces/vggface2_pairs/n000005_0080_01.jpg,vggface2_pairs,impersonation_attack,GhostFaceNet,TI_FGSM,vanilla,0.1666689962148666
3,Facenet512,/content/face_module/dataset_extractedfaces/vggface2_pairs/n000007_0076_01.jpg,/content/face_module/dataset_extractedfaces/vggface2_pairs/n000005_0080_01.jpg,vggface2_pairs,impersonation_attack,GhostFaceNet,SI_NI_FGSM,vanilla,0.1514869481325149
3,Facenet512,/content/face_module/dataset_extractedfaces/vggface2_pairs/n000007_0076_01.jpg,/content/face_module/dataset_extractedfaces/vggface2_pairs/n000005_0080_01.jpg,vggface2_pairs,impersonation_attack,GhostFaceNet,MI_ADMIX_DI_TI,vanilla,0.1878235638141632
3,VGG-Face,/content/face_module/dataset_extractedfaces/vggface2_pairs/n000007_0076_01.jpg,/content/face_module/dataset_extractedfaces/vggface2_pairs/n000005_0080_01.jpg,vggface2_pairs,impersonation_attack,GhostFaceNet,PGD,vanilla,0.1598840653896331
3,VGG-Face,/content/face_module/dataset_extractedfaces/vggface2_pairs/n000007_0076_01.jpg,/content/face_module/dataset_extractedfaces/vggface2_pairs/n000005_0080_01.jpg,vggface2_pairs,impersonation_attack,GhostFaceNet,MI_FGSM,vanilla,0.1679340302944183
3,VGG-Face,/content/face_module/dataset_extractedfaces/vggface2_pairs/n000007_0076_01.jpg,/content/face_module/dataset_extractedfaces/vggface2_pairs/n000005_0080_01.jpg,vggface2_pairs,impersonation_attack,GhostFaceNet,TI_FGSM,vanilla,0.1624407023191452
3,VGG-Face,/content/face_module/dataset_extractedfaces/vggface2_pairs/n000007_0076_01.jpg,/content/face_module/dataset_extractedfaces/vggface2_pairs/n000005_0080_01.jpg,vggface2_pairs,impersonation_attack,GhostFaceNet,SI_NI_FGSM,vanilla,0.1471543461084365
3,VGG-Face,/content/face_module/dataset_extractedfaces/vggface2_pairs/n000007_0076_01.jpg,/content/face_module/dataset_extractedfaces/vggface2_pairs/n000005_0080_01.jpg,vggface2_pairs,impersonation_attack,GhostFaceNet,MI_ADMIX_DI_TI,vanilla,0.1588156521320343
5,ArcFace,/content/face_module/dataset_extractedfaces/vggface2_pairs/n000004_0204_01.jpg,/content/face_module/dataset_extractedfaces/vggface2_pairs/n000002_0070_01.jpg,vggface2_pairs,impersonation_attack,GhostFaceNet,clean,clean,0.0661495253443718
5,Facenet512,/content/face_module/dataset_extractedfaces/vggface2_pairs/n000004_0204_01.jpg,/content/face_module/dataset_extractedfaces/vggface2_pairs/n000002_0070_01.jpg,vggface2_pairs,impersonation_attack,GhostFaceNet,clean,clean,0.0661495253443718
5,GhostFaceNet,/content/face_module/dataset_extractedfaces/vggface2_pairs/n000004_0204_01.jpg,/content/face_module/dataset_extractedfaces/vggface2_pairs/n000002_0070_01.jpg,vggface2_pairs,impersonation_attack,GhostFaceNet,clean,clean,0.0661495253443718
5,VGG-Face,/content/face_module/dataset_extractedfaces/vggface2_pairs/n000004_0204_01.jpg,/content/face_module/dataset_extractedfaces/vggface2_pairs/n000002_0070_01.jpg,vggface2_pairs,impersonation_attack,GhostFaceNet,clean,clean,0.0661495253443718
5,ArcFace,/content/face_module/dataset_extractedfaces/vggface2_pairs/n000004_0204_01.jpg,/content/face_module/dataset_extractedfaces/vggface2_pairs/n000002_0070_01.jpg,vggface2_pairs,impersonation_attack,GhostFaceNet,PGD,vanilla,0.082755446434021
5,ArcFace,/content/face_module/dataset_extractedfaces/vggface2_pairs/n000004_0204_01.jpg,/content/face_module/dataset_extractedfaces/vggface2_pairs/n000002_0070_01.jpg,vggface2_pairs,impersonation_attack,GhostFaceNet,MI_FGSM,vanilla,0.0907639414072036
5,ArcFace,/content/face_module/dataset_extractedfaces/vggface2_pairs/n000004_0204_01.jpg,/content/face_module/dataset_extractedfaces/vggface2_pairs/n000002_0070_01.jpg,vggface2_pairs,impersonation_attack,GhostFaceNet,TI_FGSM,vanilla,0.1048546656966209
5,ArcFace,/content/face_module/dataset_extractedfaces/vggface2_pairs/n000004_0204_01.jpg,/content/face_module/dataset_extractedfaces/vggface2_pairs/n000002_0070_01.jpg,vggface2_pairs,impersonation_attack,GhostFaceNet,SI_NI_FGSM,vanilla,0.0947057008743286
5,ArcFace,/content/face_module/dataset_extractedfaces/vggface2_pairs/n000004_0204_01.jpg,/content/face_module/dataset_extractedfaces/vggface2_pairs/n000002_0070_01.jpg,vggface2_pairs,impersonation_attack,GhostFaceNet,MI_ADMIX_DI_TI,vanilla,0.0850887671113014
5,Facenet512,/content/face_module/dataset_extractedfaces/vggface2_pairs/n000004_0204_01.jpg,/content/face_module/dataset_extractedfaces/vggface2_pairs/n000002_0070_01.jpg,vggface2_pairs,impersonation_attack,GhostFaceNet,PGD,vanilla,0.0530971847474575
5,Facenet512,/content/face_module/dataset_extractedfaces/vggface2_pairs/n000004_0204_01.jpg,/content/face_module/dataset_extractedfaces/vggface2_pairs/n000002_0070_01.jpg,vggface2_pairs,impersonation_attack,GhostFaceNet,MI_FGSM,vanilla,0.079902745783329
5,Facenet512,/content/face_module/dataset_extractedfaces/vggface2_pairs/n000004_0204_01.jpg,/content/face_module/dataset_extractedfaces/vggface2_pairs/n000002_0070_01.jpg,vggface2_pairs,impersonation_attack,GhostFaceNet,TI_FGSM,vanilla,0.0763221457600593
5,Facenet512,/content/face_module/dataset_extractedfaces/vggface2_pairs/n000004_0204_01.jpg,/content/face_module/dataset_extractedfaces/vggface2_pairs/n000002_0070_01.jpg,vggface2_pairs,impersonation_attack,GhostFaceNet,SI_NI_FGSM,vanilla,0.0666615962982177
5,Facenet512,/content/face_module/dataset_extractedfaces/vggface2_pairs/n000004_0204_01.jpg,/content/face_module/dataset_extractedfaces/vggface2_pairs/n000002_0070_01.jpg,vggface2_pairs,impersonation_attack,GhostFaceNet,MI_ADMIX_DI_TI,vanilla,0.1906639635562896
5,VGG-Face,/content/face_module/dataset_extractedfaces/vggface2_pairs/n000004_0204_01.jpg,/content/face_module/dataset_extractedfaces/vggface2_pairs/n000002_0070_01.jpg,vggface2_pairs,impersonation_attack,GhostFaceNet,PGD,vanilla,0.1528236716985702
5,VGG-Face,/content/face_module/dataset_extractedfaces/vggface2_pairs/n000004_0204_01.jpg,/content/face_module/dataset_extractedfaces/vggface2_pairs/n000002_0070_01.jpg,vggface2_pairs,impersonation_attack,GhostFaceNet,MI_FGSM,vanilla,0.1462235897779464
5,VGG-Face,/content/face_module/dataset_extractedfaces/vggface2_pairs/n000004_0204_01.jpg,/content/face_module/dataset_extractedfaces/vggface2_pairs/n000002_0070_01.jpg,vggface2_pairs,impersonation_attack,GhostFaceNet,TI_FGSM,vanilla,0.1485358774662017
5,VGG-Face,/content/face_module/dataset_extractedfaces/vggface2_pairs/n000004_0204_01.jpg,/content/face_module/dataset_extractedfaces/vggface2_pairs/n000002_0070_01.jpg,vggface2_pairs,impersonation_attack,GhostFaceNet,SI_NI_FGSM,vanilla,0.1513901501893997
5,VGG-Face,/content/face_module/dataset_extractedfaces/vggface2_pairs/n000004_0204_01.jpg,/content/face_module/dataset_extractedfaces/vggface2_pairs/n000002_0070_01.jpg,vggface2_pairs,impersonation_attack,GhostFaceNet,MI_ADMIX_DI_TI,vanilla,0.1683863848447799
17,ArcFace,/content/face_module/dataset_extractedfaces/vggface2_pairs/n000016_0036_01.jpg,/content/face_module/dataset_extractedfaces/vggface2_pairs/n000012_0087_01.jpg,vggface2_pairs,impersonation_attack,GhostFaceNet,clean,clean,-0.0417690612375736
17,Facenet512,/content/face_module/dataset_extractedfaces/vggface2_pairs/n000016_0036_01.jpg,/content/face_module/dataset_extractedfaces/vggface2_pairs/n000012_0087_01.jpg,vggface2_pairs,impersonation_attack,GhostFaceNet,clean,clean,-0.0417690612375736
17,GhostFaceNet,/content/face_module/dataset_extractedfaces/vggface2_pairs/n000016_0036_01.jpg,/content/face_module/dataset_extractedfaces/vggface2_pairs/n000012_0087_01.jpg,vggface2_pairs,impersonation_attack,GhostFaceNet,clean,clean,-0.0417690612375736
17,VGG-Face,/content/face_module/dataset_extractedfaces/vggface2_pairs/n000016_0036_01.jpg,/content/face_module/dataset_extractedfaces/vggface2_pairs/n000012_0087_01.jpg,vggface2_pairs,impersonation_attack,GhostFaceNet,clean,clean,-0.0417690612375736
17,ArcFace,/content/face_module/dataset_extractedfaces/vggface2_pairs/n000016_0036_01.jpg,/content/face_module/dataset_extractedfaces/vggface2_pairs/n000012_0087_01.jpg,vggface2_pairs,impersonation_attack,GhostFaceNet,PGD,vanilla,-0.0408121980726718
17,ArcFace,/content/face_module/dataset_extractedfaces/vggface2_pairs/n000016_0036_01.jpg,/content/face_module/dataset_extractedfaces/vggface2_pairs/n000012_0087_01.jpg,vggface2_pairs,impersonation_attack,GhostFaceNet,MI_FGSM,vanilla,-0.0412536934018135
17,ArcFace,/content/face_module/dataset_extractedfaces/vggface2_pairs/n000016_0036_01.jpg,/content/face_module/dataset_extractedfaces/vggface2_pairs/n000012_0087_01.jpg,vggface2_pairs,impersonation_attack,GhostFaceNet,TI_FGSM,vanilla,-0.0175132453441619
17,ArcFace,/content/face_module/dataset_extractedfaces/vggface2_pairs/n000016_0036_01.jpg,/content/face_module/dataset_extractedfaces/vggface2_pairs/n000012_0087_01.jpg,vggface2_pairs,impersonation_attack,GhostFaceNet,SI_NI_FGSM,vanilla,-0.0499726384878158
17,ArcFace,/content/face_module/dataset_extractedfaces/vggface2_pairs/n000016_0036_01.jpg,/content/face_module/dataset_extractedfaces/vggface2_pairs/n000012_0087_01.jpg,vggface2_pairs,impersonation_attack,GhostFaceNet,MI_ADMIX_DI_TI,vanilla,-0.0137593718245625
17,Facenet512,/content/face_module/dataset_extractedfaces/vggface2_pairs/n000016_0036_01.jpg,/content/face_module/dataset_extractedfaces/vggface2_pairs/n000012_0087_01.jpg,vggface2_pairs,impersonation_attack,GhostFaceNet,PGD,vanilla,-0.0070044188760221
17,Facenet512,/content/face_module/dataset_extractedfaces/vggface2_pairs/n000016_0036_01.jpg,/content/face_module/dataset_extractedfaces/vggface2_pairs/n000012_0087_01.jpg,vggface2_pairs,impersonation_attack,GhostFaceNet,MI_FGSM,vanilla,0.0269280057400465
17,Facenet512,/content/face_module/dataset_extractedfaces/vggface2_pairs/n000016_0036_01.jpg,/content/face_module/dataset_extractedfaces/vggface2_pairs/n000012_0087_01.jpg,vggface2_pairs,impersonation_attack,GhostFaceNet,TI_FGSM,vanilla,0.0156494304537773
17,Facenet512,/content/face_module/dataset_extractedfaces/vggface2_pairs/n000016_0036_01.jpg,/content/face_module/dataset_extractedfaces/vggface2_pairs/n000012_0087_01.jpg,vggface2_pairs,impersonation_attack,GhostFaceNet,SI_NI_FGSM,vanilla,0.0049032866954803
17,Facenet512,/content/face_module/dataset_extractedfaces/vggface2_pairs/n000016_0036_01.jpg,/content/face_module/dataset_extractedfaces/vggface2_pairs/n000012_0087_01.jpg,vggface2_pairs,impersonation_attack,GhostFaceNet,MI_ADMIX_DI_TI,vanilla,0.0405010841786861
17,VGG-Face,/content/face_module/dataset_extractedfaces/vggface2_pairs/n000016_0036_01.jpg,/content/face_module/dataset_extractedfaces/vggface2_pairs/n000012_0087_01.jpg,vggface2_pairs,impersonation_attack,GhostFaceNet,PGD,vanilla,-0.0279403328895568
17,VGG-Face,/content/face_module/dataset_extractedfaces/vggface2_pairs/n000016_0036_01.jpg,/content/face_module/dataset_extractedfaces/vggface2_pairs/n000012_0087_01.jpg,vggface2_pairs,impersonation_attack,GhostFaceNet,MI_FGSM,vanilla,0.0164063367992639
17,VGG-Face,/content/face_module/dataset_extractedfaces/vggface2_pairs/n000016_0036_01.jpg,/content/face_module/dataset_extractedfaces/vggface2_pairs/n000012_0087_01.jpg,vggface2_pairs,impersonation_attack,GhostFaceNet,TI_FGSM,vanilla,0.0024079652503132
17,VGG-Face,/content/face_module/dataset_extractedfaces/vggface2_pairs/n000016_0036_01.jpg,/content/face_module/dataset_extractedfaces/vggface2_pairs/n000012_0087_01.jpg,vggface2_pairs,impersonation_attack,GhostFaceNet,SI_NI_FGSM,vanilla,-0.0308918505907058
17,VGG-Face,/content/face_module/dataset_extractedfaces/vggface2_pairs/n000016_0036_01.jpg,/content/face_module/dataset_extractedfaces/vggface2_pairs/n000012_0087_01.jpg,vggface2_pairs,impersonation_attack,GhostFaceNet,MI_ADMIX_DI_TI,vanilla,0.0220970287919044
19,ArcFace,/content/face_module/dataset_extractedfaces/vggface2_pairs/n000007_0012_01.jpg,/content/face_module/dataset_extractedfaces/vggface2_pairs/n000008_0101_01.jpg,vggface2_pairs,impersonation_attack,GhostFaceNet,clean,clean,0.0893815085291862
19,Facenet512,/content/face_module/dataset_extractedfaces/vggface2_pairs/n000007_0012_01.jpg,/content/face_module/dataset_extractedfaces/vggface2_pairs/n000008_0101_01.jpg,vggface2_pairs,impersonation_attack,GhostFaceNet,clean,clean,0.0893815085291862
19,GhostFaceNet,/content/face_module/dataset_extractedfaces/vggface2_pairs/n000007_0012_01.jpg,/content/face_module/dataset_extractedfaces/vggface2_pairs/n000008_0101_01.jpg,vggface2_pairs,impersonation_attack,GhostFaceNet,clean,clean,0.0893815085291862
19,VGG-Face,/content/face_module/dataset_extractedfaces/vggface2_pairs/n000007_0012_01.jpg,/content/face_module/dataset_extractedfaces/vggface2_pairs/n000008_0101_01.jpg,vggface2_pairs,impersonation_attack,GhostFaceNet,clean,clean,0.0893815085291862
19,ArcFace,/content/face_module/dataset_extractedfaces/vggface2_pairs/n000007_0012_01.jpg,/content/face_module/dataset_extractedfaces/vggface2_pairs/n000008_0101_01.jpg,vggface2_pairs,impersonation_attack,GhostFaceNet,PGD,vanilla,0.1188672855496406
19,ArcFace,/content/face_module/dataset_extractedfaces/vggface2_pairs/n000007_0012_01.jpg,/content/face_module/dataset_extractedfaces/vggface2_pairs/n000008_0101_01.jpg,vggface2_pairs,impersonation_attack,GhostFaceNet,MI_FGSM,vanilla,0.1096645817160606
19,ArcFace,/content/face_module/dataset_extractedfaces/vggface2_pairs/n000007_0012_01.jpg,/content/face_module/dataset_extractedfaces/vggface2_pairs/n000008_0101_01.jpg,vggface2_pairs,impersonation_attack,GhostFaceNet,TI_FGSM,vanilla,0.1143693849444389
19,ArcFace,/content/face_module/dataset_extractedfaces/vggface2_pairs/n000007_0012_01.jpg,/content/face_module/dataset_extractedfaces/vggface2_pairs/n000008_0101_01.jpg,vggface2_pairs,impersonation_attack,GhostFaceNet,SI_NI_FGSM,vanilla,0.102780096232891
19,ArcFace,/content/face_module/dataset_extractedfaces/vggface2_pairs/n000007_0012_01.jpg,/content/face_module/dataset_extractedfaces/vggface2_pairs/n000008_0101_01.jpg,vggface2_pairs,impersonation_attack,GhostFaceNet,MI_ADMIX_DI_TI,vanilla,0.1274664103984832
19,Facenet512,/content/face_module/dataset_extractedfaces/vggface2_pairs/n000007_0012_01.jpg,/content/face_module/dataset_extractedfaces/vggface2_pairs/n000008_0101_01.jpg,vggface2_pairs,impersonation_attack,GhostFaceNet,PGD,vanilla,0.1145980507135391
19,Facenet512,/content/face_module/dataset_extractedfaces/vggface2_pairs/n000007_0012_01.jpg,/content/face_module/dataset_extractedfaces/vggface2_pairs/n000008_0101_01.jpg,vggface2_pairs,impersonation_attack,GhostFaceNet,MI_FGSM,vanilla,0.1163115948438644
19,Facenet512,/content/face_module/dataset_extractedfaces/vggface2_pairs/n000007_0012_01.jpg,/content/face_module/dataset_extractedfaces/vggface2_pairs/n000008_0101_01.jpg,vggface2_pairs,impersonation_attack,GhostFaceNet,TI_FGSM,vanilla,0.1231335029006004
19,Facenet512,/content/face_module/dataset_extractedfaces/vggface2_pairs/n000007_0012_01.jpg,/content/face_module/dataset_extractedfaces/vggface2_pairs/n000008_0101_01.jpg,vggface2_pairs,impersonation_attack,GhostFaceNet,SI_NI_FGSM,vanilla,0.1452754735946655
19,Facenet512,/content/face_module/dataset_extractedfaces/vggface2_pairs/n000007_0012_01.jpg,/content/face_module/dataset_extractedfaces/vggface2_pairs/n000008_0101_01.jpg,vggface2_pairs,impersonation_attack,GhostFaceNet,MI_ADMIX_DI_TI,vanilla,0.1367107033729553
19,VGG-Face,/content/face_module/dataset_extractedfaces/vggface2_pairs/n000007_0012_01.jpg,/content/face_module/dataset_extractedfaces/vggface2_pairs/n000008_0101_01.jpg,vggface2_pairs,impersonation_attack,GhostFaceNet,PGD,vanilla,0.0843529626727104
19,VGG-Face,/content/face_module/dataset_extractedfaces/vggface2_pairs/n000007_0012_01.jpg,/content/face_module/dataset_extractedfaces/vggface2_pairs/n000008_0101_01.jpg,vggface2_pairs,impersonation_attack,GhostFaceNet,MI_FGSM,vanilla,0.0958756357431411
19,VGG-Face,/content/face_module/dataset_extractedfaces/vggface2_pairs/n000007_0012_01.jpg,/content/face_module/dataset_extractedfaces/vggface2_pairs/n000008_0101_01.jpg,vggface2_pairs,impersonation_attack,GhostFaceNet,TI_FGSM,vanilla,0.0531211458146572
19,VGG-Face,/content/face_module/dataset_extractedfaces/vggface2_pairs/n000007_0012_01.jpg,/content/face_module/dataset_extractedfaces/vggface2_pairs/n000008_0101_01.jpg,vggface2_pairs,impersonation_attack,GhostFaceNet,SI_NI_FGSM,vanilla,0.0955078601837158
19,VGG-Face,/content/face_module/dataset_extractedfaces/vggface2_pairs/n000007_0012_01.jpg,/content/face_module/dataset_extractedfaces/vggface2_pairs/n000008_0101_01.jpg,vggface2_pairs,impersonation_attack,GhostFaceNet,MI_ADMIX_DI_TI,vanilla,0.0584905296564102
21,ArcFace,/content/face_module/dataset_extractedfaces/vggface2_pairs/n000012_0183_01.jpg,/content/face_module/dataset_extractedfaces/vggface2_pairs/n000014_0113_01.jpg,vggface2_pairs,impersonation_attack,GhostFaceNet,clean,clean,0.0251319538801908
21,Facenet512,/content/face_module/dataset_extractedfaces/vggface2_pairs/n000012_0183_01.jpg,/content/face_module/dataset_extractedfaces/vggface2_pairs/n000014_0113_01.jpg,vggface2_pairs,impersonation_attack,GhostFaceNet,clean,clean,0.0251319538801908
21,GhostFaceNet,/content/face_module/dataset_extractedfaces/vggface2_pairs/n000012_0183_01.jpg,/content/face_module/dataset_extractedfaces/vggface2_pairs/n000014_0113_01.jpg,vggface2_pairs,impersonation_attack,GhostFaceNet,clean,clean,0.0251319538801908
21,VGG-Face,/content/face_module/dataset_extractedfaces/vggface2_pairs/n000012_0183_01.jpg,/content/face_module/dataset_extractedfaces/vggface2_pairs/n000014_0113_01.jpg,vggface2_pairs,impersonation_attack,GhostFaceNet,clean,clean,0.0251319538801908
21,ArcFace,/content/face_module/dataset_extractedfaces/vggface2_pairs/n000012_0183_01.jpg,/content/face_module/dataset_extractedfaces/vggface2_pairs/n000014_0113_01.jpg,vggface2_pairs,impersonation_attack,GhostFaceNet,PGD,vanilla,0.1351848840713501
21,ArcFace,/content/face_module/dataset_extractedfaces/vggface2_pairs/n000012_0183_01.jpg,/content/face_module/dataset_extractedfaces/vggface2_pairs/n000014_0113_01.jpg,vggface2_pairs,impersonation_attack,GhostFaceNet,MI_FGSM,vanilla,0.2098332643508911
21,ArcFace,/content/face_module/dataset_extractedfaces/vggface2_pairs/n000012_0183_01.jpg,/content/face_module/dataset_extractedfaces/vggface2_pairs/n000014_0113_01.jpg,vggface2_pairs,impersonation_attack,GhostFaceNet,TI_FGSM,vanilla,0.203760877251625
21,ArcFace,/content/face_module/dataset_extractedfaces/vggface2_pairs/n000012_0183_01.jpg,/content/face_module/dataset_extractedfaces/vggface2_pairs/n000014_0113_01.jpg,vggface2_pairs,impersonation_attack,GhostFaceNet,SI_NI_FGSM,vanilla,0.1986322253942489
21,ArcFace,/content/face_module/dataset_extractedfaces/vggface2_pairs/n000012_0183_01.jpg,/content/face_module/dataset_extractedfaces/vggface2_pairs/n000014_0113_01.jpg,vggface2_pairs,impersonation_attack,GhostFaceNet,MI_ADMIX_DI_TI,vanilla,0.1763512343168258
21,Facenet512,/content/face_module/dataset_extractedfaces/vggface2_pairs/n000012_0183_01.jpg,/content/face_module/dataset_extractedfaces/vggface2_pairs/n000014_0113_01.jpg,vggface2_pairs,impersonation_attack,GhostFaceNet,PGD,vanilla,0.1548245251178741
21,Facenet512,/content/face_module/dataset_extractedfaces/vggface2_pairs/n000012_0183_01.jpg,/content/face_module/dataset_extractedfaces/vggface2_pairs/n000014_0113_01.jpg,vggface2_pairs,impersonation_attack,GhostFaceNet,MI_FGSM,vanilla,0.2000879794359207
21,Facenet512,/content/face_module/dataset_extractedfaces/vggface2_pairs/n000012_0183_01.jpg,/content/face_module/dataset_extractedfaces/vggface2_pairs/n000014_0113_01.jpg,vggface2_pairs,impersonation_attack,GhostFaceNet,TI_FGSM,vanilla,0.1914987862110138
21,Facenet512,/content/face_module/dataset_extractedfaces/vggface2_pairs/n000012_0183_01.jpg,/content/face_module/dataset_extractedfaces/vggface2_pairs/n000014_0113_01.jpg,vggface2_pairs,impersonation_attack,GhostFaceNet,SI_NI_FGSM,vanilla,0.2039492428302765
21,Facenet512,/content/face_module/dataset_extractedfaces/vggface2_pairs/n000012_0183_01.jpg,/content/face_module/dataset_extractedfaces/vggface2_pairs/n000014_0113_01.jpg,vggface2_pairs,impersonation_attack,GhostFaceNet,MI_ADMIX_DI_TI,vanilla,0.2159308791160583
21,VGG-Face,/content/face_module/dataset_extractedfaces/vggface2_pairs/n000012_0183_01.jpg,/content/face_module/dataset_extractedfaces/vggface2_pairs/n000014_0113_01.jpg,vggface2_pairs,impersonation_attack,GhostFaceNet,PGD,vanilla,0.1465562433004379
21,VGG-Face,/content/face_module/dataset_extractedfaces/vggface2_pairs/n000012_0183_01.jpg,/content/face_module/dataset_extractedfaces/vggface2_pairs/n000014_0113_01.jpg,vggface2_pairs,impersonation_attack,GhostFaceNet,MI_FGSM,vanilla,0.1982846558094024
21,VGG-Face,/content/face_module/dataset_extractedfaces/vggface2_pairs/n000012_0183_01.jpg,/content/face_module/dataset_extractedfaces/vggface2_pairs/n000014_0113_01.jpg,vggface2_pairs,impersonation_attack,GhostFaceNet,TI_FGSM,vanilla,0.1977637857198715
21,VGG-Face,/content/face_module/dataset_extractedfaces/vggface2_pairs/n000012_0183_01.jpg,/content/face_module/dataset_extractedfaces/vggface2_pairs/n000014_0113_01.jpg,vggface2_pairs,impersonation_attack,GhostFaceNet,SI_NI_FGSM,vanilla,0.1815947741270065
21,VGG-Face,/content/face_module/dataset_extractedfaces/vggface2_pairs/n000012_0183_01.jpg,/content/face_module/dataset_extractedfaces/vggface2_pairs/n000014_0113_01.jpg,vggface2_pairs,impersonation_attack,GhostFaceNet,MI_ADMIX_DI_TI,vanilla,0.1830755025148391
6,ArcFace,/content/face_module/dataset_extractedfaces/lfw_pairs/Luiz Inacio Lula da Silva_7.jpg,/content/face_module/dataset_extractedfaces/lfw_pairs/Luiz Inacio Lula da Silva_8.jpg,lfw_pairs,dodging_attack,GhostFaceNet,clean,clean,0.4293000400066376
6,Facenet512,/content/face_module/dataset_extractedfaces/lfw_pairs/Luiz Inacio Lula da Silva_7.jpg,/content/face_module/dataset_extractedfaces/lfw_pairs/Luiz Inacio Lula da Silva_8.jpg,lfw_pairs,dodging_attack,GhostFaceNet,clean,clean,0.4293000400066376
6,GhostFaceNet,/content/face_module/dataset_extractedfaces/lfw_pairs/Luiz Inacio Lula da Silva_7.jpg,/content/face_module/dataset_extractedfaces/lfw_pairs/Luiz Inacio Lula da Silva_8.jpg,lfw_pairs,dodging_attack,GhostFaceNet,clean,clean,0.4293000400066376
6,VGG-Face,/content/face_module/dataset_extractedfaces/lfw_pairs/Luiz Inacio Lula da Silva_7.jpg,/content/face_module/dataset_extractedfaces/lfw_pairs/Luiz Inacio Lula da Silva_8.jpg,lfw_pairs,dodging_attack,GhostFaceNet,clean,clean,0.4293000400066376
6,ArcFace,/content/face_module/dataset_extractedfaces/lfw_pairs/Luiz Inacio Lula da Silva_7.jpg,/content/face_module/dataset_extractedfaces/lfw_pairs/Luiz Inacio Lula da Silva_8.jpg,lfw_pairs,dodging_attack,GhostFaceNet,PGD,vanilla,0.3517116606235504
6,ArcFace,/content/face_module/dataset_extractedfaces/lfw_pairs/Luiz Inacio Lula da Silva_7.jpg,/content/face_module/dataset_extractedfaces/lfw_pairs/Luiz Inacio Lula da Silva_8.jpg,lfw_pairs,dodging_attack,GhostFaceNet,MI_FGSM,vanilla,0.3690811693668365
6,ArcFace,/content/face_module/dataset_extractedfaces/lfw_pairs/Luiz Inacio Lula da Silva_7.jpg,/content/face_module/dataset_extractedfaces/lfw_pairs/Luiz Inacio Lula da Silva_8.jpg,lfw_pairs,dodging_attack,GhostFaceNet,TI_FGSM,vanilla,0.3603127598762512
6,ArcFace,/content/face_module/dataset_extractedfaces/lfw_pairs/Luiz Inacio Lula da Silva_7.jpg,/content/face_module/dataset_extractedfaces/lfw_pairs/Luiz Inacio Lula da Silva_8.jpg,lfw_pairs,dodging_attack,GhostFaceNet,SI_NI_FGSM,vanilla,0.3512181043624878
6,ArcFace,/content/face_module/dataset_extractedfaces/lfw_pairs/Luiz Inacio Lula da Silva_7.jpg,/content/face_module/dataset_extractedfaces/lfw_pairs/Luiz Inacio Lula da Silva_8.jpg,lfw_pairs,dodging_attack,GhostFaceNet,MI_ADMIX_DI_TI,vanilla,0.3181896805763244
6,Facenet512,/content/face_module/dataset_extractedfaces/lfw_pairs/Luiz Inacio Lula da Silva_7.jpg,/content/face_module/dataset_extractedfaces/lfw_pairs/Luiz Inacio Lula da Silva_8.jpg,lfw_pairs,dodging_attack,GhostFaceNet,PGD,vanilla,0.367496907711029
6,Facenet512,/content/face_module/dataset_extractedfaces/lfw_pairs/Luiz Inacio Lula da Silva_7.jpg,/content/face_module/dataset_extractedfaces/lfw_pairs/Luiz Inacio Lula da Silva_8.jpg,lfw_pairs,dodging_attack,GhostFaceNet,MI_FGSM,vanilla,0.3781774938106537
6,Facenet512,/content/face_module/dataset_extractedfaces/lfw_pairs/Luiz Inacio Lula da Silva_7.jpg,/content/face_module/dataset_extractedfaces/lfw_pairs/Luiz Inacio Lula da Silva_8.jpg,lfw_pairs,dodging_attack,GhostFaceNet,TI_FGSM,vanilla,0.3330205976963043
6,Facenet512,/content/face_module/dataset_extractedfaces/lfw_pairs/Luiz Inacio Lula da Silva_7.jpg,/content/face_module/dataset_extractedfaces/lfw_pairs/Luiz Inacio Lula da Silva_8.jpg,lfw_pairs,dodging_attack,GhostFaceNet,SI_NI_FGSM,vanilla,0.4156920313835144
6,Facenet512,/content/face_module/dataset_extractedfaces/lfw_pairs/Luiz Inacio Lula da Silva_7.jpg,/content/face_module/dataset_extractedfaces/lfw_pairs/Luiz Inacio Lula da Silva_8.jpg,lfw_pairs,dodging_attack,GhostFaceNet,MI_ADMIX_DI_TI,vanilla,0.28560271859169
6,VGG-Face,/content/face_module/dataset_extractedfaces/lfw_pairs/Luiz Inacio Lula da Silva_7.jpg,/content/face_module/dataset_extractedfaces/lfw_pairs/Luiz Inacio Lula da Silva_8.jpg,lfw_pairs,dodging_attack,GhostFaceNet,PGD,vanilla,0.3958658576011657
6,VGG-Face,/content/face_module/dataset_extractedfaces/lfw_pairs/Luiz Inacio Lula da Silva_7.jpg,/content/face_module/dataset_extractedfaces/lfw_pairs/Luiz Inacio Lula da Silva_8.jpg,lfw_pairs,dodging_attack,GhostFaceNet,MI_FGSM,vanilla,0.3560334146022796
6,VGG-Face,/content/face_module/dataset_extractedfaces/lfw_pairs/Luiz Inacio Lula da Silva_7.jpg,/content/face_module/dataset_extractedfaces/lfw_pairs/Luiz Inacio Lula da Silva_8.jpg,lfw_pairs,dodging_attack,GhostFaceNet,TI_FGSM,vanilla,0.3264063000679016
6,VGG-Face,/content/face_module/dataset_extractedfaces/lfw_pairs/Luiz Inacio Lula da Silva_7.jpg,/content/face_module/dataset_extractedfaces/lfw_pairs/Luiz Inacio Lula da Silva_8.jpg,lfw_pairs,dodging_attack,GhostFaceNet,SI_NI_FGSM,vanilla,0.3200201988220215
6,VGG-Face,/content/face_module/dataset_extractedfaces/lfw_pairs/Luiz Inacio Lula da Silva_7.jpg,/content/face_module/dataset_extractedfaces/lfw_pairs/Luiz Inacio Lula da Silva_8.jpg,lfw_pairs,dodging_attack,GhostFaceNet,MI_ADMIX_DI_TI,vanilla,0.3046258091926574
9,ArcFace,/content/face_module/dataset_extractedfaces/lfw_pairs/Colin Powell_75.jpg,/content/face_module/dataset_extractedfaces/lfw_pairs/Colin Powell_76.jpg,lfw_pairs,dodging_attack,GhostFaceNet,clean,clean,0.2118891924619674
9,Facenet512,/content/face_module/dataset_extractedfaces/lfw_pairs/Colin Powell_75.jpg,/content/face_module/dataset_extractedfaces/lfw_pairs/Colin Powell_76.jpg,lfw_pairs,dodging_attack,GhostFaceNet,clean,clean,0.2118891924619674
9,GhostFaceNet,/content/face_module/dataset_extractedfaces/lfw_pairs/Colin Powell_75.jpg,/content/face_module/dataset_extractedfaces/lfw_pairs/Colin Powell_76.jpg,lfw_pairs,dodging_attack,GhostFaceNet,clean,clean,0.2118891924619674
9,VGG-Face,/content/face_module/dataset_extractedfaces/lfw_pairs/Colin Powell_75.jpg,/content/face_module/dataset_extractedfaces/lfw_pairs/Colin Powell_76.jpg,lfw_pairs,dodging_attack,GhostFaceNet,clean,clean,0.2118891924619674
9,ArcFace,/content/face_module/dataset_extractedfaces/lfw_pairs/Colin Powell_75.jpg,/content/face_module/dataset_extractedfaces/lfw_pairs/Colin Powell_76.jpg,lfw_pairs,dodging_attack,GhostFaceNet,PGD,vanilla,0.2015395611524582
9,ArcFace,/content/face_module/dataset_extractedfaces/lfw_pairs/Colin Powell_75.jpg,/content/face_module/dataset_extractedfaces/lfw_pairs/Colin Powell_76.jpg,lfw_pairs,dodging_attack,GhostFaceNet,MI_FGSM,vanilla,0.1877069771289825
9,ArcFace,/content/face_module/dataset_extractedfaces/lfw_pairs/Colin Powell_75.jpg,/content/face_module/dataset_extractedfaces/lfw_pairs/Colin Powell_76.jpg,lfw_pairs,dodging_attack,GhostFaceNet,TI_FGSM,vanilla,0.1161572411656379
9,ArcFace,/content/face_module/dataset_extractedfaces/lfw_pairs/Colin Powell_75.jpg,/content/face_module/dataset_extractedfaces/lfw_pairs/Colin Powell_76.jpg,lfw_pairs,dodging_attack,GhostFaceNet,SI_NI_FGSM,vanilla,0.1448929905891418
9,ArcFace,/content/face_module/dataset_extractedfaces/lfw_pairs/Colin Powell_75.jpg,/content/face_module/dataset_extractedfaces/lfw_pairs/Colin Powell_76.jpg,lfw_pairs,dodging_attack,GhostFaceNet,MI_ADMIX_DI_TI,vanilla,0.1222900003194809
9,Facenet512,/content/face_module/dataset_extractedfaces/lfw_pairs/Colin Powell_75.jpg,/content/face_module/dataset_extractedfaces/lfw_pairs/Colin Powell_76.jpg,lfw_pairs,dodging_attack,GhostFaceNet,PGD,vanilla,0.17144475877285
9,Facenet512,/content/face_module/dataset_extractedfaces/lfw_pairs/Colin Powell_75.jpg,/content/face_module/dataset_extractedfaces/lfw_pairs/Colin Powell_76.jpg,lfw_pairs,dodging_attack,GhostFaceNet,MI_FGSM,vanilla,0.1659341603517532
9,Facenet512,/content/face_module/dataset_extractedfaces/lfw_pairs/Colin Powell_75.jpg,/content/face_module/dataset_extractedfaces/lfw_pairs/Colin Powell_76.jpg,lfw_pairs,dodging_attack,GhostFaceNet,TI_FGSM,vanilla,0.1597299575805664
9,Facenet512,/content/face_module/dataset_extractedfaces/lfw_pairs/Colin Powell_75.jpg,/content/face_module/dataset_extractedfaces/lfw_pairs/Colin Powell_76.jpg,lfw_pairs,dodging_attack,GhostFaceNet,SI_NI_FGSM,vanilla,0.1359566301107406
9,Facenet512,/content/face_module/dataset_extractedfaces/lfw_pairs/Colin Powell_75.jpg,/content/face_module/dataset_extractedfaces/lfw_pairs/Colin Powell_76.jpg,lfw_pairs,dodging_attack,GhostFaceNet,MI_ADMIX_DI_TI,vanilla,0.106226235628128
9,VGG-Face,/content/face_module/dataset_extractedfaces/lfw_pairs/Colin Powell_75.jpg,/content/face_module/dataset_extractedfaces/lfw_pairs/Colin Powell_76.jpg,lfw_pairs,dodging_attack,GhostFaceNet,PGD,vanilla,0.2168048471212387
9,VGG-Face,/content/face_module/dataset_extractedfaces/lfw_pairs/Colin Powell_75.jpg,/content/face_module/dataset_extractedfaces/lfw_pairs/Colin Powell_76.jpg,lfw_pairs,dodging_attack,GhostFaceNet,MI_FGSM,vanilla,0.2157632559537887
9,VGG-Face,/content/face_module/dataset_extractedfaces/lfw_pairs/Colin Powell_75.jpg,/content/face_module/dataset_extractedfaces/lfw_pairs/Colin Powell_76.jpg,lfw_pairs,dodging_attack,GhostFaceNet,TI_FGSM,vanilla,0.1649836748838424
9,VGG-Face,/content/face_module/dataset_extractedfaces/lfw_pairs/Colin Powell_75.jpg,/content/face_module/dataset_extractedfaces/lfw_pairs/Colin Powell_76.jpg,lfw_pairs,dodging_attack,GhostFaceNet,SI_NI_FGSM,vanilla,0.1724172532558441
9,VGG-Face,/content/face_module/dataset_extractedfaces/lfw_pairs/Colin Powell_75.jpg,/content/face_module/dataset_extractedfaces/lfw_pairs/Colin Powell_76.jpg,lfw_pairs,dodging_attack,GhostFaceNet,MI_ADMIX_DI_TI,vanilla,0.1558621078729629
15,ArcFace,/content/face_module/dataset_extractedfaces/lfw_pairs/George W Bush_518.jpg,/content/face_module/dataset_extractedfaces/lfw_pairs/George W Bush_519.jpg,lfw_pairs,dodging_attack,GhostFaceNet,clean,clean,0.4012919068336487
15,Facenet512,/content/face_module/dataset_extractedfaces/lfw_pairs/George W Bush_518.jpg,/content/face_module/dataset_extractedfaces/lfw_pairs/George W Bush_519.jpg,lfw_pairs,dodging_attack,GhostFaceNet,clean,clean,0.4012919068336487
15,GhostFaceNet,/content/face_module/dataset_extractedfaces/lfw_pairs/George W Bush_518.jpg,/content/face_module/dataset_extractedfaces/lfw_pairs/George W Bush_519.jpg,lfw_pairs,dodging_attack,GhostFaceNet,clean,clean,0.4012919068336487
15,VGG-Face,/content/face_module/dataset_extractedfaces/lfw_pairs/George W Bush_518.jpg,/content/face_module/dataset_extractedfaces/lfw_pairs/George W Bush_519.jpg,lfw_pairs,dodging_attack,GhostFaceNet,clean,clean,0.4012919068336487
15,ArcFace,/content/face_module/dataset_extractedfaces/lfw_pairs/George W Bush_518.jpg,/content/face_module/dataset_extractedfaces/lfw_pairs/George W Bush_519.jpg,lfw_pairs,dodging_attack,GhostFaceNet,PGD,vanilla,0.2738312184810638
15,ArcFace,/content/face_module/dataset_extractedfaces/lfw_pairs/George W Bush_518.jpg,/content/face_module/dataset_extractedfaces/lfw_pairs/George W Bush_519.jpg,lfw_pairs,dodging_attack,GhostFaceNet,MI_FGSM,vanilla,0.263123869895935
15,ArcFace,/content/face_module/dataset_extractedfaces/lfw_pairs/George W Bush_518.jpg,/content/face_module/dataset_extractedfaces/lfw_pairs/George W Bush_519.jpg,lfw_pairs,dodging_attack,GhostFaceNet,TI_FGSM,vanilla,0.2684802114963531
15,ArcFace,/content/face_module/dataset_extractedfaces/lfw_pairs/George W Bush_518.jpg,/content/face_module/dataset_extractedfaces/lfw_pairs/George W Bush_519.jpg,lfw_pairs,dodging_attack,GhostFaceNet,SI_NI_FGSM,vanilla,0.191355213522911
15,ArcFace,/content/face_module/dataset_extractedfaces/lfw_pairs/George W Bush_518.jpg,/content/face_module/dataset_extractedfaces/lfw_pairs/George W Bush_519.jpg,lfw_pairs,dodging_attack,GhostFaceNet,MI_ADMIX_DI_TI,vanilla,0.2906678020954132
15,Facenet512,/content/face_module/dataset_extractedfaces/lfw_pairs/George W Bush_518.jpg,/content/face_module/dataset_extractedfaces/lfw_pairs/George W Bush_519.jpg,lfw_pairs,dodging_attack,GhostFaceNet,PGD,vanilla,0.2585864961147308
15,Facenet512,/content/face_module/dataset_extractedfaces/lfw_pairs/George W Bush_518.jpg,/content/face_module/dataset_extractedfaces/lfw_pairs/George W Bush_519.jpg,lfw_pairs,dodging_attack,GhostFaceNet,MI_FGSM,vanilla,0.2332471311092376
15,Facenet512,/content/face_module/dataset_extractedfaces/lfw_pairs/George W Bush_518.jpg,/content/face_module/dataset_extractedfaces/lfw_pairs/George W Bush_519.jpg,lfw_pairs,dodging_attack,GhostFaceNet,TI_FGSM,vanilla,0.2820378243923187
15,Facenet512,/content/face_module/dataset_extractedfaces/lfw_pairs/George W Bush_518.jpg,/content/face_module/dataset_extractedfaces/lfw_pairs/George W Bush_519.jpg,lfw_pairs,dodging_attack,GhostFaceNet,SI_NI_FGSM,vanilla,0.2169163972139358
15,Facenet512,/content/face_module/dataset_extractedfaces/lfw_pairs/George W Bush_518.jpg,/content/face_module/dataset_extractedfaces/lfw_pairs/George W Bush_519.jpg,lfw_pairs,dodging_attack,GhostFaceNet,MI_ADMIX_DI_TI,vanilla,0.2595756351947784
15,VGG-Face,/content/face_module/dataset_extractedfaces/lfw_pairs/George W Bush_518.jpg,/content/face_module/dataset_extractedfaces/lfw_pairs/George W Bush_519.jpg,lfw_pairs,dodging_attack,GhostFaceNet,PGD,vanilla,0.303249329328537
15,VGG-Face,/content/face_module/dataset_extractedfaces/lfw_pairs/George W Bush_518.jpg,/content/face_module/dataset_extractedfaces/lfw_pairs/George W Bush_519.jpg,lfw_pairs,dodging_attack,GhostFaceNet,MI_FGSM,vanilla,0.2835074663162231
15,VGG-Face,/content/face_module/dataset_extractedfaces/lfw_pairs/George W Bush_518.jpg,/content/face_module/dataset_extractedfaces/lfw_pairs/George W Bush_519.jpg,lfw_pairs,dodging_attack,GhostFaceNet,TI_FGSM,vanilla,0.2693015038967132
15,VGG-Face,/content/face_module/dataset_extractedfaces/lfw_pairs/George W Bush_518.jpg,/content/face_module/dataset_extractedfaces/lfw_pairs/George W Bush_519.jpg,lfw_pairs,dodging_attack,GhostFaceNet,SI_NI_FGSM,vanilla,0.2864164710044861
15,VGG-Face,/content/face_module/dataset_extractedfaces/lfw_pairs/George W Bush_518.jpg,/content/face_module/dataset_extractedfaces/lfw_pairs/George W Bush_519.jpg,lfw_pairs,dodging_attack,GhostFaceNet,MI_ADMIX_DI_TI,vanilla,0.2867803871631622
16,ArcFace,/content/face_module/dataset_extractedfaces/lfw_pairs/Colin Powell_24.jpg,/content/face_module/dataset_extractedfaces/lfw_pairs/Colin Powell_25.jpg,lfw_pairs,dodging_attack,GhostFaceNet,clean,clean,0.2700411379337311
16,Facenet512,/content/face_module/dataset_extractedfaces/lfw_pairs/Colin Powell_24.jpg,/content/face_module/dataset_extractedfaces/lfw_pairs/Colin Powell_25.jpg,lfw_pairs,dodging_attack,GhostFaceNet,clean,clean,0.2700411379337311
16,GhostFaceNet,/content/face_module/dataset_extractedfaces/lfw_pairs/Colin Powell_24.jpg,/content/face_module/dataset_extractedfaces/lfw_pairs/Colin Powell_25.jpg,lfw_pairs,dodging_attack,GhostFaceNet,clean,clean,0.2700411379337311
16,VGG-Face,/content/face_module/dataset_extractedfaces/lfw_pairs/Colin Powell_24.jpg,/content/face_module/dataset_extractedfaces/lfw_pairs/Colin Powell_25.jpg,lfw_pairs,dodging_attack,GhostFaceNet,clean,clean,0.2700411379337311
16,ArcFace,/content/face_module/dataset_extractedfaces/lfw_pairs/Colin Powell_24.jpg,/content/face_module/dataset_extractedfaces/lfw_pairs/Colin Powell_25.jpg,lfw_pairs,dodging_attack,GhostFaceNet,PGD,vanilla,0.1806287318468094
16,ArcFace,/content/face_module/dataset_extractedfaces/lfw_pairs/Colin Powell_24.jpg,/content/face_module/dataset_extractedfaces/lfw_pairs/Colin Powell_25.jpg,lfw_pairs,dodging_attack,GhostFaceNet,MI_FGSM,vanilla,0.0535355024039745
16,ArcFace,/content/face_module/dataset_extractedfaces/lfw_pairs/Colin Powell_24.jpg,/content/face_module/dataset_extractedfaces/lfw_pairs/Colin Powell_25.jpg,lfw_pairs,dodging_attack,GhostFaceNet,TI_FGSM,vanilla,0.1348061710596084
16,ArcFace,/content/face_module/dataset_extractedfaces/lfw_pairs/Colin Powell_24.jpg,/content/face_module/dataset_extractedfaces/lfw_pairs/Colin Powell_25.jpg,lfw_pairs,dodging_attack,GhostFaceNet,SI_NI_FGSM,vanilla,0.0822907760739326
16,ArcFace,/content/face_module/dataset_extractedfaces/lfw_pairs/Colin Powell_24.jpg,/content/face_module/dataset_extractedfaces/lfw_pairs/Colin Powell_25.jpg,lfw_pairs,dodging_attack,GhostFaceNet,MI_ADMIX_DI_TI,vanilla,0.1352043002843856
16,Facenet512,/content/face_module/dataset_extractedfaces/lfw_pairs/Colin Powell_24.jpg,/content/face_module/dataset_extractedfaces/lfw_pairs/Colin Powell_25.jpg,lfw_pairs,dodging_attack,GhostFaceNet,PGD,vanilla,0.1426694244146347
16,Facenet512,/content/face_module/dataset_extractedfaces/lfw_pairs/Colin Powell_24.jpg,/content/face_module/dataset_extractedfaces/lfw_pairs/Colin Powell_25.jpg,lfw_pairs,dodging_attack,GhostFaceNet,MI_FGSM,vanilla,0.1784704327583313
16,Facenet512,/content/face_module/dataset_extractedfaces/lfw_pairs/Colin Powell_24.jpg,/content/face_module/dataset_extractedfaces/lfw_pairs/Colin Powell_25.jpg,lfw_pairs,dodging_attack,GhostFaceNet,TI_FGSM,vanilla,0.1738095432519912
16,Facenet512,/content/face_module/dataset_extractedfaces/lfw_pairs/Colin Powell_24.jpg,/content/face_module/dataset_extractedfaces/lfw_pairs/Colin Powell_25.jpg,lfw_pairs,dodging_attack,GhostFaceNet,SI_NI_FGSM,vanilla,0.1817028969526291
16,Facenet512,/content/face_module/dataset_extractedfaces/lfw_pairs/Colin Powell_24.jpg,/content/face_module/dataset_extractedfaces/lfw_pairs/Colin Powell_25.jpg,lfw_pairs,dodging_attack,GhostFaceNet,MI_ADMIX_DI_TI,vanilla,0.1234491243958473
16,VGG-Face,/content/face_module/dataset_extractedfaces/lfw_pairs/Colin Powell_24.jpg,/content/face_module/dataset_extractedfaces/lfw_pairs/Colin Powell_25.jpg,lfw_pairs,dodging_attack,GhostFaceNet,PGD,vanilla,0.0653360784053802
16,VGG-Face,/content/face_module/dataset_extractedfaces/lfw_pairs/Colin Powell_24.jpg,/content/face_module/dataset_extractedfaces/lfw_pairs/Colin Powell_25.jpg,lfw_pairs,dodging_attack,GhostFaceNet,MI_FGSM,vanilla,-0.0216062534600496
16,VGG-Face,/content/face_module/dataset_extractedfaces/lfw_pairs/Colin Powell_24.jpg,/content/face_module/dataset_extractedfaces/lfw_pairs/Colin Powell_25.jpg,lfw_pairs,dodging_attack,GhostFaceNet,TI_FGSM,vanilla,0.0516447983682155
16,VGG-Face,/content/face_module/dataset_extractedfaces/lfw_pairs/Colin Powell_24.jpg,/content/face_module/dataset_extractedfaces/lfw_pairs/Colin Powell_25.jpg,lfw_pairs,dodging_attack,GhostFaceNet,SI_NI_FGSM,vanilla,0.0078519033268094
16,VGG-Face,/content/face_module/dataset_extractedfaces/lfw_pairs/Colin Powell_24.jpg,/content/face_module/dataset_extractedfaces/lfw_pairs/Colin Powell_25.jpg,lfw_pairs,dodging_attack,GhostFaceNet,MI_ADMIX_DI_TI,vanilla,-0.0303833745419979
23,ArcFace,/content/face_module/dataset_extractedfaces/lfw_pairs/Tom Daschle_5.jpg,/content/face_module/dataset_extractedfaces/lfw_pairs/Tom Daschle_6.jpg,lfw_pairs,dodging_attack,GhostFaceNet,clean,clean,0.290112167596817
23,Facenet512,/content/face_module/dataset_extractedfaces/lfw_pairs/Tom Daschle_5.jpg,/content/face_module/dataset_extractedfaces/lfw_pairs/Tom Daschle_6.jpg,lfw_pairs,dodging_attack,GhostFaceNet,clean,clean,0.290112167596817
23,GhostFaceNet,/content/face_module/dataset_extractedfaces/lfw_pairs/Tom Daschle_5.jpg,/content/face_module/dataset_extractedfaces/lfw_pairs/Tom Daschle_6.jpg,lfw_pairs,dodging_attack,GhostFaceNet,clean,clean,0.290112167596817
23,VGG-Face,/content/face_module/dataset_extractedfaces/lfw_pairs/Tom Daschle_5.jpg,/content/face_module/dataset_extractedfaces/lfw_pairs/Tom Daschle_6.jpg,lfw_pairs,dodging_attack,GhostFaceNet,clean,clean,0.290112167596817
23,ArcFace,/content/face_module/dataset_extractedfaces/lfw_pairs/Tom Daschle_5.jpg,/content/face_module/dataset_extractedfaces/lfw_pairs/Tom Daschle_6.jpg,lfw_pairs,dodging_attack,GhostFaceNet,PGD,vanilla,0.3260818421840668
23,ArcFace,/content/face_module/dataset_extractedfaces/lfw_pairs/Tom Daschle_5.jpg,/content/face_module/dataset_extractedfaces/lfw_pairs/Tom Daschle_6.jpg,lfw_pairs,dodging_attack,GhostFaceNet,MI_FGSM,vanilla,0.2772557735443115
23,ArcFace,/content/face_module/dataset_extractedfaces/lfw_pairs/Tom Daschle_5.jpg,/content/face_module/dataset_extractedfaces/lfw_pairs/Tom Daschle_6.jpg,lfw_pairs,dodging_attack,GhostFaceNet,TI_FGSM,vanilla,0.2301668375730514
23,ArcFace,/content/face_module/dataset_extractedfaces/lfw_pairs/Tom Daschle_5.jpg,/content/face_module/dataset_extractedfaces/lfw_pairs/Tom Daschle_6.jpg,lfw_pairs,dodging_attack,GhostFaceNet,SI_NI_FGSM,vanilla,0.3119416236877441
23,ArcFace,/content/face_module/dataset_extractedfaces/lfw_pairs/Tom Daschle_5.jpg,/content/face_module/dataset_extractedfaces/lfw_pairs/Tom Daschle_6.jpg,lfw_pairs,dodging_attack,GhostFaceNet,MI_ADMIX_DI_TI,vanilla,0.2361001074314117
23,Facenet512,/content/face_module/dataset_extractedfaces/lfw_pairs/Tom Daschle_5.jpg,/content/face_module/dataset_extractedfaces/lfw_pairs/Tom Daschle_6.jpg,lfw_pairs,dodging_attack,GhostFaceNet,PGD,vanilla,0.3488167822360992
23,Facenet512,/content/face_module/dataset_extractedfaces/lfw_pairs/Tom Daschle_5.jpg,/content/face_module/dataset_extractedfaces/lfw_pairs/Tom Daschle_6.jpg,lfw_pairs,dodging_attack,GhostFaceNet,MI_FGSM,vanilla,0.375084638595581
23,Facenet512,/content/face_module/dataset_extractedfaces/lfw_pairs/Tom Daschle_5.jpg,/content/face_module/dataset_extractedfaces/lfw_pairs/Tom Daschle_6.jpg,lfw_pairs,dodging_attack,GhostFaceNet,TI_FGSM,vanilla,0.3413797616958618
23,Facenet512,/content/face_module/dataset_extractedfaces/lfw_pairs/Tom Daschle_5.jpg,/content/face_module/dataset_extractedfaces/lfw_pairs/Tom Daschle_6.jpg,lfw_pairs,dodging_attack,GhostFaceNet,SI_NI_FGSM,vanilla,0.3313848376274109
23,Facenet512,/content/face_module/dataset_extractedfaces/lfw_pairs/Tom Daschle_5.jpg,/content/face_module/dataset_extractedfaces/lfw_pairs/Tom Daschle_6.jpg,lfw_pairs,dodging_attack,GhostFaceNet,MI_ADMIX_DI_TI,vanilla,0.3185330331325531
23,VGG-Face,/content/face_module/dataset_extractedfaces/lfw_pairs/Tom Daschle_5.jpg,/content/face_module/dataset_extractedfaces/lfw_pairs/Tom Daschle_6.jpg,lfw_pairs,dodging_attack,GhostFaceNet,PGD,vanilla,0.3243730664253235
23,VGG-Face,/content/face_module/dataset_extractedfaces/lfw_pairs/Tom Daschle_5.jpg,/content/face_module/dataset_extractedfaces/lfw_pairs/Tom Daschle_6.jpg,lfw_pairs,dodging_attack,GhostFaceNet,MI_FGSM,vanilla,0.2507742643356323
23,VGG-Face,/content/face_module/dataset_extractedfaces/lfw_pairs/Tom Daschle_5.jpg,/content/face_module/dataset_extractedfaces/lfw_pairs/Tom Daschle_6.jpg,lfw_pairs,dodging_attack,GhostFaceNet,TI_FGSM,vanilla,0.2792368829250335
23,VGG-Face,/content/face_module/dataset_extractedfaces/lfw_pairs/Tom Daschle_5.jpg,/content/face_module/dataset_extractedfaces/lfw_pairs/Tom Daschle_6.jpg,lfw_pairs,dodging_attack,GhostFaceNet,SI_NI_FGSM,vanilla,0.3158861398696899
23,VGG-Face,/content/face_module/dataset_extractedfaces/lfw_pairs/Tom Daschle_5.jpg,/content/face_module/dataset_extractedfaces/lfw_pairs/Tom Daschle_6.jpg,lfw_pairs,dodging_attack,GhostFaceNet,MI_ADMIX_DI_TI,vanilla,0.2481744587421417
18,ArcFace,/content/face_module/dataset_extractedfaces/celeba_pairs/092809.jpg,/content/face_module/dataset_extractedfaces/celeba_pairs/108708.jpg,celeba_pairs,dodging_attack,GhostFaceNet,clean,clean,0.6082007884979248
18,Facenet512,/content/face_module/dataset_extractedfaces/celeba_pairs/092809.jpg,/content/face_module/dataset_extractedfaces/celeba_pairs/108708.jpg,celeba_pairs,dodging_attack,GhostFaceNet,clean,clean,0.6082007884979248
18,GhostFaceNet,/content/face_module/dataset_extractedfaces/celeba_pairs/092809.jpg,/content/face_module/dataset_extractedfaces/celeba_pairs/108708.jpg,celeba_pairs,dodging_attack,GhostFaceNet,clean,clean,0.6082007884979248
18,VGG-Face,/content/face_module/dataset_extractedfaces/celeba_pairs/092809.jpg,/content/face_module/dataset_extractedfaces/celeba_pairs/108708.jpg,celeba_pairs,dodging_attack,GhostFaceNet,clean,clean,0.6082007884979248
18,ArcFace,/content/face_module/dataset_extractedfaces/celeba_pairs/092809.jpg,/content/face_module/dataset_extractedfaces/celeba_pairs/108708.jpg,celeba_pairs,dodging_attack,GhostFaceNet,PGD,vanilla,0.32023486495018
18,ArcFace,/content/face_module/dataset_extractedfaces/celeba_pairs/092809.jpg,/content/face_module/dataset_extractedfaces/celeba_pairs/108708.jpg,celeba_pairs,dodging_attack,GhostFaceNet,MI_FGSM,vanilla,0.1826474964618683
18,ArcFace,/content/face_module/dataset_extractedfaces/celeba_pairs/092809.jpg,/content/face_module/dataset_extractedfaces/celeba_pairs/108708.jpg,celeba_pairs,dodging_attack,GhostFaceNet,TI_FGSM,vanilla,0.3828884661197662
18,ArcFace,/content/face_module/dataset_extractedfaces/celeba_pairs/092809.jpg,/content/face_module/dataset_extractedfaces/celeba_pairs/108708.jpg,celeba_pairs,dodging_attack,GhostFaceNet,SI_NI_FGSM,vanilla,0.1957907676696777
18,ArcFace,/content/face_module/dataset_extractedfaces/celeba_pairs/092809.jpg,/content/face_module/dataset_extractedfaces/celeba_pairs/108708.jpg,celeba_pairs,dodging_attack,GhostFaceNet,MI_ADMIX_DI_TI,vanilla,0.3930687308311462
18,Facenet512,/content/face_module/dataset_extractedfaces/celeba_pairs/092809.jpg,/content/face_module/dataset_extractedfaces/celeba_pairs/108708.jpg,celeba_pairs,dodging_attack,GhostFaceNet,PGD,vanilla,0.3724088668823242
18,Facenet512,/content/face_module/dataset_extractedfaces/celeba_pairs/092809.jpg,/content/face_module/dataset_extractedfaces/celeba_pairs/108708.jpg,celeba_pairs,dodging_attack,GhostFaceNet,MI_FGSM,vanilla,0.2946213781833648
18,Facenet512,/content/face_module/dataset_extractedfaces/celeba_pairs/092809.jpg,/content/face_module/dataset_extractedfaces/celeba_pairs/108708.jpg,celeba_pairs,dodging_attack,GhostFaceNet,TI_FGSM,vanilla,0.3964051604270935
18,Facenet512,/content/face_module/dataset_extractedfaces/celeba_pairs/092809.jpg,/content/face_module/dataset_extractedfaces/celeba_pairs/108708.jpg,celeba_pairs,dodging_attack,GhostFaceNet,SI_NI_FGSM,vanilla,0.2085392922163009
18,Facenet512,/content/face_module/dataset_extractedfaces/celeba_pairs/092809.jpg,/content/face_module/dataset_extractedfaces/celeba_pairs/108708.jpg,celeba_pairs,dodging_attack,GhostFaceNet,MI_ADMIX_DI_TI,vanilla,0.3772257268428802
18,VGG-Face,/content/face_module/dataset_extractedfaces/celeba_pairs/092809.jpg,/content/face_module/dataset_extractedfaces/celeba_pairs/108708.jpg,celeba_pairs,dodging_attack,GhostFaceNet,PGD,vanilla,0.3142766058444977
18,VGG-Face,/content/face_module/dataset_extractedfaces/celeba_pairs/092809.jpg,/content/face_module/dataset_extractedfaces/celeba_pairs/108708.jpg,celeba_pairs,dodging_attack,GhostFaceNet,MI_FGSM,vanilla,0.2311335653066635
18,VGG-Face,/content/face_module/dataset_extractedfaces/celeba_pairs/092809.jpg,/content/face_module/dataset_extractedfaces/celeba_pairs/108708.jpg,celeba_pairs,dodging_attack,GhostFaceNet,TI_FGSM,vanilla,0.3315274119377136
18,VGG-Face,/content/face_module/dataset_extractedfaces/celeba_pairs/092809.jpg,/content/face_module/dataset_extractedfaces/celeba_pairs/108708.jpg,celeba_pairs,dodging_attack,GhostFaceNet,SI_NI_FGSM,vanilla,0.2726590037345886
18,VGG-Face,/content/face_module/dataset_extractedfaces/celeba_pairs/092809.jpg,/content/face_module/dataset_extractedfaces/celeba_pairs/108708.jpg,celeba_pairs,dodging_attack,GhostFaceNet,MI_ADMIX_DI_TI,vanilla,0.3202368915081024
27,ArcFace,/content/face_module/dataset_extractedfaces/celeba_pairs/023869.jpg,/content/face_module/dataset_extractedfaces/celeba_pairs/024923.jpg,celeba_pairs,dodging_attack,GhostFaceNet,clean,clean,0.4638515114784241
27,Facenet512,/content/face_module/dataset_extractedfaces/celeba_pairs/023869.jpg,/content/face_module/dataset_extractedfaces/celeba_pairs/024923.jpg,celeba_pairs,dodging_attack,GhostFaceNet,clean,clean,0.4638515114784241
27,GhostFaceNet,/content/face_module/dataset_extractedfaces/celeba_pairs/023869.jpg,/content/face_module/dataset_extractedfaces/celeba_pairs/024923.jpg,celeba_pairs,dodging_attack,GhostFaceNet,clean,clean,0.4638515114784241
27,VGG-Face,/content/face_module/dataset_extractedfaces/celeba_pairs/023869.jpg,/content/face_module/dataset_extractedfaces/celeba_pairs/024923.jpg,celeba_pairs,dodging_attack,GhostFaceNet,clean,clean,0.4638515114784241
27,ArcFace,/content/face_module/dataset_extractedfaces/celeba_pairs/023869.jpg,/content/face_module/dataset_extractedfaces/celeba_pairs/024923.jpg,celeba_pairs,dodging_attack,GhostFaceNet,PGD,vanilla,0.3107169270515442
27,ArcFace,/content/face_module/dataset_extractedfaces/celeba_pairs/023869.jpg,/content/face_module/dataset_extractedfaces/celeba_pairs/024923.jpg,celeba_pairs,dodging_attack,GhostFaceNet,MI_FGSM,vanilla,0.1595052182674408
27,ArcFace,/content/face_module/dataset_extractedfaces/celeba_pairs/023869.jpg,/content/face_module/dataset_extractedfaces/celeba_pairs/024923.jpg,celeba_pairs,dodging_attack,GhostFaceNet,TI_FGSM,vanilla,0.2659387290477752
27,ArcFace,/content/face_module/dataset_extractedfaces/celeba_pairs/023869.jpg,/content/face_module/dataset_extractedfaces/celeba_pairs/024923.jpg,celeba_pairs,dodging_attack,GhostFaceNet,SI_NI_FGSM,vanilla,0.1964482218027115
27,ArcFace,/content/face_module/dataset_extractedfaces/celeba_pairs/023869.jpg,/content/face_module/dataset_extractedfaces/celeba_pairs/024923.jpg,celeba_pairs,dodging_attack,GhostFaceNet,MI_ADMIX_DI_TI,vanilla,0.3007444143295288
27,Facenet512,/content/face_module/dataset_extractedfaces/celeba_pairs/023869.jpg,/content/face_module/dataset_extractedfaces/celeba_pairs/024923.jpg,celeba_pairs,dodging_attack,GhostFaceNet,PGD,vanilla,0.3056418001651764
27,Facenet512,/content/face_module/dataset_extractedfaces/celeba_pairs/023869.jpg,/content/face_module/dataset_extractedfaces/celeba_pairs/024923.jpg,celeba_pairs,dodging_attack,GhostFaceNet,MI_FGSM,vanilla,0.153473362326622
27,Facenet512,/content/face_module/dataset_extractedfaces/celeba_pairs/023869.jpg,/content/face_module/dataset_extractedfaces/celeba_pairs/024923.jpg,celeba_pairs,dodging_attack,GhostFaceNet,TI_FGSM,vanilla,0.2380965501070022
27,Facenet512,/content/face_module/dataset_extractedfaces/celeba_pairs/023869.jpg,/content/face_module/dataset_extractedfaces/celeba_pairs/024923.jpg,celeba_pairs,dodging_attack,GhostFaceNet,SI_NI_FGSM,vanilla,0.144416257739067
27,Facenet512,/content/face_module/dataset_extractedfaces/celeba_pairs/023869.jpg,/content/face_module/dataset_extractedfaces/celeba_pairs/024923.jpg,celeba_pairs,dodging_attack,GhostFaceNet,MI_ADMIX_DI_TI,vanilla,0.2463039308786392
27,VGG-Face,/content/face_module/dataset_extractedfaces/celeba_pairs/023869.jpg,/content/face_module/dataset_extractedfaces/celeba_pairs/024923.jpg,celeba_pairs,dodging_attack,GhostFaceNet,PGD,vanilla,0.346718817949295
27,VGG-Face,/content/face_module/dataset_extractedfaces/celeba_pairs/023869.jpg,/content/face_module/dataset_extractedfaces/celeba_pairs/024923.jpg,celeba_pairs,dodging_attack,GhostFaceNet,MI_FGSM,vanilla,0.2328633964061737
27,VGG-Face,/content/face_module/dataset_extractedfaces/celeba_pairs/023869.jpg,/content/face_module/dataset_extractedfaces/celeba_pairs/024923.jpg,celeba_pairs,dodging_attack,GhostFaceNet,TI_FGSM,vanilla,0.3353287577629089
27,VGG-Face,/content/face_module/dataset_extractedfaces/celeba_pairs/023869.jpg,/content/face_module/dataset_extractedfaces/celeba_pairs/024923.jpg,celeba_pairs,dodging_attack,GhostFaceNet,SI_NI_FGSM,vanilla,0.2113463282585144
27,VGG-Face,/content/face_module/dataset_extractedfaces/celeba_pairs/023869.jpg,/content/face_module/dataset_extractedfaces/celeba_pairs/024923.jpg,celeba_pairs,dodging_attack,GhostFaceNet,MI_ADMIX_DI_TI,vanilla,0.2308131754398346
28,ArcFace,/content/face_module/dataset_extractedfaces/celeba_pairs/130980.jpg,/content/face_module/dataset_extractedfaces/celeba_pairs/147767.jpg,celeba_pairs,dodging_attack,GhostFaceNet,clean,clean,0.4003297090530395
28,Facenet512,/content/face_module/dataset_extractedfaces/celeba_pairs/130980.jpg,/content/face_module/dataset_extractedfaces/celeba_pairs/147767.jpg,celeba_pairs,dodging_attack,GhostFaceNet,clean,clean,0.4003297090530395
28,GhostFaceNet,/content/face_module/dataset_extractedfaces/celeba_pairs/130980.jpg,/content/face_module/dataset_extractedfaces/celeba_pairs/147767.jpg,celeba_pairs,dodging_attack,GhostFaceNet,clean,clean,0.4003297090530395
28,VGG-Face,/content/face_module/dataset_extractedfaces/celeba_pairs/130980.jpg,/content/face_module/dataset_extractedfaces/celeba_pairs/147767.jpg,celeba_pairs,dodging_attack,GhostFaceNet,clean,clean,0.4003297090530395
28,ArcFace,/content/face_module/dataset_extractedfaces/celeba_pairs/130980.jpg,/content/face_module/dataset_extractedfaces/celeba_pairs/147767.jpg,celeba_pairs,dodging_attack,GhostFaceNet,PGD,vanilla,0.3330461382865906
28,ArcFace,/content/face_module/dataset_extractedfaces/celeba_pairs/130980.jpg,/content/face_module/dataset_extractedfaces/celeba_pairs/147767.jpg,celeba_pairs,dodging_attack,GhostFaceNet,MI_FGSM,vanilla,0.3063058257102966
28,ArcFace,/content/face_module/dataset_extractedfaces/celeba_pairs/130980.jpg,/content/face_module/dataset_extractedfaces/celeba_pairs/147767.jpg,celeba_pairs,dodging_attack,GhostFaceNet,TI_FGSM,vanilla,0.2742093205451965
28,ArcFace,/content/face_module/dataset_extractedfaces/celeba_pairs/130980.jpg,/content/face_module/dataset_extractedfaces/celeba_pairs/147767.jpg,celeba_pairs,dodging_attack,GhostFaceNet,SI_NI_FGSM,vanilla,0.3217642605304718
28,ArcFace,/content/face_module/dataset_extractedfaces/celeba_pairs/130980.jpg,/content/face_module/dataset_extractedfaces/celeba_pairs/147767.jpg,celeba_pairs,dodging_attack,GhostFaceNet,MI_ADMIX_DI_TI,vanilla,0.2823990285396576
28,Facenet512,/content/face_module/dataset_extractedfaces/celeba_pairs/130980.jpg,/content/face_module/dataset_extractedfaces/celeba_pairs/147767.jpg,celeba_pairs,dodging_attack,GhostFaceNet,PGD,vanilla,0.3202825784683227
28,Facenet512,/content/face_module/dataset_extractedfaces/celeba_pairs/130980.jpg,/content/face_module/dataset_extractedfaces/celeba_pairs/147767.jpg,celeba_pairs,dodging_attack,GhostFaceNet,MI_FGSM,vanilla,0.3070923388004303
28,Facenet512,/content/face_module/dataset_extractedfaces/celeba_pairs/130980.jpg,/content/face_module/dataset_extractedfaces/celeba_pairs/147767.jpg,celeba_pairs,dodging_attack,GhostFaceNet,TI_FGSM,vanilla,0.2677441835403442
28,Facenet512,/content/face_module/dataset_extractedfaces/celeba_pairs/130980.jpg,/content/face_module/dataset_extractedfaces/celeba_pairs/147767.jpg,celeba_pairs,dodging_attack,GhostFaceNet,SI_NI_FGSM,vanilla,0.2817444205284118
28,Facenet512,/content/face_module/dataset_extractedfaces/celeba_pairs/130980.jpg,/content/face_module/dataset_extractedfaces/celeba_pairs/147767.jpg,celeba_pairs,dodging_attack,GhostFaceNet,MI_ADMIX_DI_TI,vanilla,0.3126013875007629
28,VGG-Face,/content/face_module/dataset_extractedfaces/celeba_pairs/130980.jpg,/content/face_module/dataset_extractedfaces/celeba_pairs/147767.jpg,celeba_pairs,dodging_attack,GhostFaceNet,PGD,vanilla,0.4086715579032898
28,VGG-Face,/content/face_module/dataset_extractedfaces/celeba_pairs/130980.jpg,/content/face_module/dataset_extractedfaces/celeba_pairs/147767.jpg,celeba_pairs,dodging_attack,GhostFaceNet,MI_FGSM,vanilla,0.4018748104572296
28,VGG-Face,/content/face_module/dataset_extractedfaces/celeba_pairs/130980.jpg,/content/face_module/dataset_extractedfaces/celeba_pairs/147767.jpg,celeba_pairs,dodging_attack,GhostFaceNet,TI_FGSM,vanilla,0.3469743132591247
28,VGG-Face,/content/face_module/dataset_extractedfaces/celeba_pairs/130980.jpg,/content/face_module/dataset_extractedfaces/celeba_pairs/147767.jpg,celeba_pairs,dodging_attack,GhostFaceNet,SI_NI_FGSM,vanilla,0.4012321233749389
28,VGG-Face,/content/face_module/dataset_extractedfaces/celeba_pairs/130980.jpg,/content/face_module/dataset_extractedfaces/celeba_pairs/147767.jpg,celeba_pairs,dodging_attack,GhostFaceNet,MI_ADMIX_DI_TI,vanilla,0.3879008293151855
30,ArcFace,/content/face_module/dataset_extractedfaces/celeba_pairs/042909.jpg,/content/face_module/dataset_extractedfaces/celeba_pairs/048579.jpg,celeba_pairs,dodging_attack,GhostFaceNet,clean,clean,0.4130615890026092
30,Facenet512,/content/face_module/dataset_extractedfaces/celeba_pairs/042909.jpg,/content/face_module/dataset_extractedfaces/celeba_pairs/048579.jpg,celeba_pairs,dodging_attack,GhostFaceNet,clean,clean,0.4130615890026092
30,GhostFaceNet,/content/face_module/dataset_extractedfaces/celeba_pairs/042909.jpg,/content/face_module/dataset_extractedfaces/celeba_pairs/048579.jpg,celeba_pairs,dodging_attack,GhostFaceNet,clean,clean,0.4130615890026092
30,VGG-Face,/content/face_module/dataset_extractedfaces/celeba_pairs/042909.jpg,/content/face_module/dataset_extractedfaces/celeba_pairs/048579.jpg,celeba_pairs,dodging_attack,GhostFaceNet,clean,clean,0.4130615890026092
30,ArcFace,/content/face_module/dataset_extractedfaces/celeba_pairs/042909.jpg,/content/face_module/dataset_extractedfaces/celeba_pairs/048579.jpg,celeba_pairs,dodging_attack,GhostFaceNet,PGD,vanilla,0.2625882029533386
30,ArcFace,/content/face_module/dataset_extractedfaces/celeba_pairs/042909.jpg,/content/face_module/dataset_extractedfaces/celeba_pairs/048579.jpg,celeba_pairs,dodging_attack,GhostFaceNet,MI_FGSM,vanilla,0.1714894622564315
30,ArcFace,/content/face_module/dataset_extractedfaces/celeba_pairs/042909.jpg,/content/face_module/dataset_extractedfaces/celeba_pairs/048579.jpg,celeba_pairs,dodging_attack,GhostFaceNet,TI_FGSM,vanilla,0.2487510591745376
30,ArcFace,/content/face_module/dataset_extractedfaces/celeba_pairs/042909.jpg,/content/face_module/dataset_extractedfaces/celeba_pairs/048579.jpg,celeba_pairs,dodging_attack,GhostFaceNet,SI_NI_FGSM,vanilla,0.1617566347122192
30,ArcFace,/content/face_module/dataset_extractedfaces/celeba_pairs/042909.jpg,/content/face_module/dataset_extractedfaces/celeba_pairs/048579.jpg,celeba_pairs,dodging_attack,GhostFaceNet,MI_ADMIX_DI_TI,vanilla,0.2473745793104171
30,Facenet512,/content/face_module/dataset_extractedfaces/celeba_pairs/042909.jpg,/content/face_module/dataset_extractedfaces/celeba_pairs/048579.jpg,celeba_pairs,dodging_attack,GhostFaceNet,PGD,vanilla,0.2359744012355804
30,Facenet512,/content/face_module/dataset_extractedfaces/celeba_pairs/042909.jpg,/content/face_module/dataset_extractedfaces/celeba_pairs/048579.jpg,celeba_pairs,dodging_attack,GhostFaceNet,MI_FGSM,vanilla,0.157487004995346
30,Facenet512,/content/face_module/dataset_extractedfaces/celeba_pairs/042909.jpg,/content/face_module/dataset_extractedfaces/celeba_pairs/048579.jpg,celeba_pairs,dodging_attack,GhostFaceNet,TI_FGSM,vanilla,0.2119555026292801
30,Facenet512,/content/face_module/dataset_extractedfaces/celeba_pairs/042909.jpg,/content/face_module/dataset_extractedfaces/celeba_pairs/048579.jpg,celeba_pairs,dodging_attack,GhostFaceNet,SI_NI_FGSM,vanilla,0.1523032486438751
30,Facenet512,/content/face_module/dataset_extractedfaces/celeba_pairs/042909.jpg,/content/face_module/dataset_extractedfaces/celeba_pairs/048579.jpg,celeba_pairs,dodging_attack,GhostFaceNet,MI_ADMIX_DI_TI,vanilla,0.1743857711553573
30,VGG-Face,/content/face_module/dataset_extractedfaces/celeba_pairs/042909.jpg,/content/face_module/dataset_extractedfaces/celeba_pairs/048579.jpg,celeba_pairs,dodging_attack,GhostFaceNet,PGD,vanilla,0.2025159448385238
30,VGG-Face,/content/face_module/dataset_extractedfaces/celeba_pairs/042909.jpg,/content/face_module/dataset_extractedfaces/celeba_pairs/048579.jpg,celeba_pairs,dodging_attack,GhostFaceNet,MI_FGSM,vanilla,0.0890665873885154
30,VGG-Face,/content/face_module/dataset_extractedfaces/celeba_pairs/042909.jpg,/content/face_module/dataset_extractedfaces/celeba_pairs/048579.jpg,celeba_pairs,dodging_attack,GhostFaceNet,TI_FGSM,vanilla,0.2000894546508789
30,VGG-Face,/content/face_module/dataset_extractedfaces/celeba_pairs/042909.jpg,/content/face_module/dataset_extractedfaces/celeba_pairs/048579.jpg,celeba_pairs,dodging_attack,GhostFaceNet,SI_NI_FGSM,vanilla,0.1238642185926437
30,VGG-Face,/content/face_module/dataset_extractedfaces/celeba_pairs/042909.jpg,/content/face_module/dataset_extractedfaces/celeba_pairs/048579.jpg,celeba_pairs,dodging_attack,GhostFaceNet,MI_ADMIX_DI_TI,vanilla,0.1344306766986847
33,ArcFace,/content/face_module/dataset_extractedfaces/celeba_pairs/169016.jpg,/content/face_module/dataset_extractedfaces/celeba_pairs/171037.jpg,celeba_pairs,dodging_attack,GhostFaceNet,clean,clean,0.697895884513855
33,Facenet512,/content/face_module/dataset_extractedfaces/celeba_pairs/169016.jpg,/content/face_module/dataset_extractedfaces/celeba_pairs/171037.jpg,celeba_pairs,dodging_attack,GhostFaceNet,clean,clean,0.697895884513855
33,GhostFaceNet,/content/face_module/dataset_extractedfaces/celeba_pairs/169016.jpg,/content/face_module/dataset_extractedfaces/celeba_pairs/171037.jpg,celeba_pairs,dodging_attack,GhostFaceNet,clean,clean,0.697895884513855
33,VGG-Face,/content/face_module/dataset_extractedfaces/celeba_pairs/169016.jpg,/content/face_module/dataset_extractedfaces/celeba_pairs/171037.jpg,celeba_pairs,dodging_attack,GhostFaceNet,clean,clean,0.697895884513855
33,ArcFace,/content/face_module/dataset_extractedfaces/celeba_pairs/169016.jpg,/content/face_module/dataset_extractedfaces/celeba_pairs/171037.jpg,celeba_pairs,dodging_attack,GhostFaceNet,PGD,vanilla,0.5691312551498413
33,ArcFace,/content/face_module/dataset_extractedfaces/celeba_pairs/169016.jpg,/content/face_module/dataset_extractedfaces/celeba_pairs/171037.jpg,celeba_pairs,dodging_attack,GhostFaceNet,MI_FGSM,vanilla,0.5157340168952942
33,ArcFace,/content/face_module/dataset_extractedfaces/celeba_pairs/169016.jpg,/content/face_module/dataset_extractedfaces/celeba_pairs/171037.jpg,celeba_pairs,dodging_attack,GhostFaceNet,TI_FGSM,vanilla,0.5760764479637146
33,ArcFace,/content/face_module/dataset_extractedfaces/celeba_pairs/169016.jpg,/content/face_module/dataset_extractedfaces/celeba_pairs/171037.jpg,celeba_pairs,dodging_attack,GhostFaceNet,SI_NI_FGSM,vanilla,0.5001970529556274
33,ArcFace,/content/face_module/dataset_extractedfaces/celeba_pairs/169016.jpg,/content/face_module/dataset_extractedfaces/celeba_pairs/171037.jpg,celeba_pairs,dodging_attack,GhostFaceNet,MI_ADMIX_DI_TI,vanilla,0.5652834177017212
33,Facenet512,/content/face_module/dataset_extractedfaces/celeba_pairs/169016.jpg,/content/face_module/dataset_extractedfaces/celeba_pairs/171037.jpg,celeba_pairs,dodging_attack,GhostFaceNet,PGD,vanilla,0.5438586473464966
33,Facenet512,/content/face_module/dataset_extractedfaces/celeba_pairs/169016.jpg,/content/face_module/dataset_extractedfaces/celeba_pairs/171037.jpg,celeba_pairs,dodging_attack,GhostFaceNet,MI_FGSM,vanilla,0.4701319336891174
33,Facenet512,/content/face_module/dataset_extractedfaces/celeba_pairs/169016.jpg,/content/face_module/dataset_extractedfaces/celeba_pairs/171037.jpg,celeba_pairs,dodging_attack,GhostFaceNet,TI_FGSM,vanilla,0.5576640367507935
33,Facenet512,/content/face_module/dataset_extractedfaces/celeba_pairs/169016.jpg,/content/face_module/dataset_extractedfaces/celeba_pairs/171037.jpg,celeba_pairs,dodging_attack,GhostFaceNet,SI_NI_FGSM,vanilla,0.5277193188667297
33,Facenet512,/content/face_module/dataset_extractedfaces/celeba_pairs/169016.jpg,/content/face_module/dataset_extractedfaces/celeba_pairs/171037.jpg,celeba_pairs,dodging_attack,GhostFaceNet,MI_ADMIX_DI_TI,vanilla,0.5282592177391052
33,VGG-Face,/content/face_module/dataset_extractedfaces/celeba_pairs/169016.jpg,/content/face_module/dataset_extractedfaces/celeba_pairs/171037.jpg,celeba_pairs,dodging_attack,GhostFaceNet,PGD,vanilla,0.6084913611412048
33,VGG-Face,/content/face_module/dataset_extractedfaces/celeba_pairs/169016.jpg,/content/face_module/dataset_extractedfaces/celeba_pairs/171037.jpg,celeba_pairs,dodging_attack,GhostFaceNet,MI_FGSM,vanilla,0.5025674104690552
33,VGG-Face,/content/face_module/dataset_extractedfaces/celeba_pairs/169016.jpg,/content/face_module/dataset_extractedfaces/celeba_pairs/171037.jpg,celeba_pairs,dodging_attack,GhostFaceNet,TI_FGSM,vanilla,0.5599281191825867
33,VGG-Face,/content/face_module/dataset_extractedfaces/celeba_pairs/169016.jpg,/content/face_module/dataset_extractedfaces/celeba_pairs/171037.jpg,celeba_pairs,dodging_attack,GhostFaceNet,SI_NI_FGSM,vanilla,0.5137475728988647
33,VGG-Face,/content/face_module/dataset_extractedfaces/celeba_pairs/169016.jpg,/content/face_module/dataset_extractedfaces/celeba_pairs/171037.jpg,celeba_pairs,dodging_attack,GhostFaceNet,MI_ADMIX_DI_TI,vanilla,0.5065805315971375
1,ArcFace,/content/face_module/dataset_extractedfaces/vggface2_pairs/n000007_0113_01.jpg,/content/face_module/dataset_extractedfaces/vggface2_pairs/n000007_0122_01.jpg,vggface2_pairs,dodging_attack,GhostFaceNet,clean,clean,0.3914603292942047
1,Facenet512,/content/face_module/dataset_extractedfaces/vggface2_pairs/n000007_0113_01.jpg,/content/face_module/dataset_extractedfaces/vggface2_pairs/n000007_0122_01.jpg,vggface2_pairs,dodging_attack,GhostFaceNet,clean,clean,0.3914603292942047
1,GhostFaceNet,/content/face_module/dataset_extractedfaces/vggface2_pairs/n000007_0113_01.jpg,/content/face_module/dataset_extractedfaces/vggface2_pairs/n000007_0122_01.jpg,vggface2_pairs,dodging_attack,GhostFaceNet,clean,clean,0.3914603292942047
1,VGG-Face,/content/face_module/dataset_extractedfaces/vggface2_pairs/n000007_0113_01.jpg,/content/face_module/dataset_extractedfaces/vggface2_pairs/n000007_0122_01.jpg,vggface2_pairs,dodging_attack,GhostFaceNet,clean,clean,0.3914603292942047
1,ArcFace,/content/face_module/dataset_extractedfaces/vggface2_pairs/n000007_0113_01.jpg,/content/face_module/dataset_extractedfaces/vggface2_pairs/n000007_0122_01.jpg,vggface2_pairs,dodging_attack,GhostFaceNet,PGD,vanilla,0.343713641166687
1,ArcFace,/content/face_module/dataset_extractedfaces/vggface2_pairs/n000007_0113_01.jpg,/content/face_module/dataset_extractedfaces/vggface2_pairs/n000007_0122_01.jpg,vggface2_pairs,dodging_attack,GhostFaceNet,MI_FGSM,vanilla,0.294926106929779
1,ArcFace,/content/face_module/dataset_extractedfaces/vggface2_pairs/n000007_0113_01.jpg,/content/face_module/dataset_extractedfaces/vggface2_pairs/n000007_0122_01.jpg,vggface2_pairs,dodging_attack,GhostFaceNet,TI_FGSM,vanilla,0.3706017434597015
1,ArcFace,/content/face_module/dataset_extractedfaces/vggface2_pairs/n000007_0113_01.jpg,/content/face_module/dataset_extractedfaces/vggface2_pairs/n000007_0122_01.jpg,vggface2_pairs,dodging_attack,GhostFaceNet,SI_NI_FGSM,vanilla,0.3032378852367401
1,ArcFace,/content/face_module/dataset_extractedfaces/vggface2_pairs/n000007_0113_01.jpg,/content/face_module/dataset_extractedfaces/vggface2_pairs/n000007_0122_01.jpg,vggface2_pairs,dodging_attack,GhostFaceNet,MI_ADMIX_DI_TI,vanilla,0.3626518249511719
1,Facenet512,/content/face_module/dataset_extractedfaces/vggface2_pairs/n000007_0113_01.jpg,/content/face_module/dataset_extractedfaces/vggface2_pairs/n000007_0122_01.jpg,vggface2_pairs,dodging_attack,GhostFaceNet,PGD,vanilla,0.2939469814300537
1,Facenet512,/content/face_module/dataset_extractedfaces/vggface2_pairs/n000007_0113_01.jpg,/content/face_module/dataset_extractedfaces/vggface2_pairs/n000007_0122_01.jpg,vggface2_pairs,dodging_attack,GhostFaceNet,MI_FGSM,vanilla,0.2954000830650329
1,Facenet512,/content/face_module/dataset_extractedfaces/vggface2_pairs/n000007_0113_01.jpg,/content/face_module/dataset_extractedfaces/vggface2_pairs/n000007_0122_01.jpg,vggface2_pairs,dodging_attack,GhostFaceNet,TI_FGSM,vanilla,0.2997545301914215
1,Facenet512,/content/face_module/dataset_extractedfaces/vggface2_pairs/n000007_0113_01.jpg,/content/face_module/dataset_extractedfaces/vggface2_pairs/n000007_0122_01.jpg,vggface2_pairs,dodging_attack,GhostFaceNet,SI_NI_FGSM,vanilla,0.2462297081947326
1,Facenet512,/content/face_module/dataset_extractedfaces/vggface2_pairs/n000007_0113_01.jpg,/content/face_module/dataset_extractedfaces/vggface2_pairs/n000007_0122_01.jpg,vggface2_pairs,dodging_attack,GhostFaceNet,MI_ADMIX_DI_TI,vanilla,0.3135663568973541
1,VGG-Face,/content/face_module/dataset_extractedfaces/vggface2_pairs/n000007_0113_01.jpg,/content/face_module/dataset_extractedfaces/vggface2_pairs/n000007_0122_01.jpg,vggface2_pairs,dodging_attack,GhostFaceNet,PGD,vanilla,0.3718007504940033
1,VGG-Face,/content/face_module/dataset_extractedfaces/vggface2_pairs/n000007_0113_01.jpg,/content/face_module/dataset_extractedfaces/vggface2_pairs/n000007_0122_01.jpg,vggface2_pairs,dodging_attack,GhostFaceNet,MI_FGSM,vanilla,0.2430905699729919
1,VGG-Face,/content/face_module/dataset_extractedfaces/vggface2_pairs/n000007_0113_01.jpg,/content/face_module/dataset_extractedfaces/vggface2_pairs/n000007_0122_01.jpg,vggface2_pairs,dodging_attack,GhostFaceNet,TI_FGSM,vanilla,0.2874758839607239
1,VGG-Face,/content/face_module/dataset_extractedfaces/vggface2_pairs/n000007_0113_01.jpg,/content/face_module/dataset_extractedfaces/vggface2_pairs/n000007_0122_01.jpg,vggface2_pairs,dodging_attack,GhostFaceNet,SI_NI_FGSM,vanilla,0.2053928971290588
1,VGG-Face,/content/face_module/dataset_extractedfaces/vggface2_pairs/n000007_0113_01.jpg,/content/face_module/dataset_extractedfaces/vggface2_pairs/n000007_0122_01.jpg,vggface2_pairs,dodging_attack,GhostFaceNet,MI_ADMIX_DI_TI,vanilla,0.1903899013996124
4,ArcFace,/content/face_module/dataset_extractedfaces/vggface2_pairs/n000008_0256_01.jpg,/content/face_module/dataset_extractedfaces/vggface2_pairs/n000008_0348_01.jpg,vggface2_pairs,dodging_attack,GhostFaceNet,clean,clean,0.0414128750562667
4,Facenet512,/content/face_module/dataset_extractedfaces/vggface2_pairs/n000008_0256_01.jpg,/content/face_module/dataset_extractedfaces/vggface2_pairs/n000008_0348_01.jpg,vggface2_pairs,dodging_attack,GhostFaceNet,clean,clean,0.0414128750562667
4,GhostFaceNet,/content/face_module/dataset_extractedfaces/vggface2_pairs/n000008_0256_01.jpg,/content/face_module/dataset_extractedfaces/vggface2_pairs/n000008_0348_01.jpg,vggface2_pairs,dodging_attack,GhostFaceNet,clean,clean,0.0414128750562667
4,VGG-Face,/content/face_module/dataset_extractedfaces/vggface2_pairs/n000008_0256_01.jpg,/content/face_module/dataset_extractedfaces/vggface2_pairs/n000008_0348_01.jpg,vggface2_pairs,dodging_attack,GhostFaceNet,clean,clean,0.0414128750562667
4,ArcFace,/content/face_module/dataset_extractedfaces/vggface2_pairs/n000008_0256_01.jpg,/content/face_module/dataset_extractedfaces/vggface2_pairs/n000008_0348_01.jpg,vggface2_pairs,dodging_attack,GhostFaceNet,PGD,vanilla,-0.0180145893245935
4,ArcFace,/content/face_module/dataset_extractedfaces/vggface2_pairs/n000008_0256_01.jpg,/content/face_module/dataset_extractedfaces/vggface2_pairs/n000008_0348_01.jpg,vggface2_pairs,dodging_attack,GhostFaceNet,MI_FGSM,vanilla,0.0249214842915534
4,ArcFace,/content/face_module/dataset_extractedfaces/vggface2_pairs/n000008_0256_01.jpg,/content/face_module/dataset_extractedfaces/vggface2_pairs/n000008_0348_01.jpg,vggface2_pairs,dodging_attack,GhostFaceNet,TI_FGSM,vanilla,0.0563771836459636
4,ArcFace,/content/face_module/dataset_extractedfaces/vggface2_pairs/n000008_0256_01.jpg,/content/face_module/dataset_extractedfaces/vggface2_pairs/n000008_0348_01.jpg,vggface2_pairs,dodging_attack,GhostFaceNet,SI_NI_FGSM,vanilla,0.062058936804533
4,ArcFace,/content/face_module/dataset_extractedfaces/vggface2_pairs/n000008_0256_01.jpg,/content/face_module/dataset_extractedfaces/vggface2_pairs/n000008_0348_01.jpg,vggface2_pairs,dodging_attack,GhostFaceNet,MI_ADMIX_DI_TI,vanilla,0.1640098094940185
4,Facenet512,/content/face_module/dataset_extractedfaces/vggface2_pairs/n000008_0256_01.jpg,/content/face_module/dataset_extractedfaces/vggface2_pairs/n000008_0348_01.jpg,vggface2_pairs,dodging_attack,GhostFaceNet,PGD,vanilla,0.0638153776526451
4,Facenet512,/content/face_module/dataset_extractedfaces/vggface2_pairs/n000008_0256_01.jpg,/content/face_module/dataset_extractedfaces/vggface2_pairs/n000008_0348_01.jpg,vggface2_pairs,dodging_attack,GhostFaceNet,MI_FGSM,vanilla,0.0915739759802818
4,Facenet512,/content/face_module/dataset_extractedfaces/vggface2_pairs/n000008_0256_01.jpg,/content/face_module/dataset_extractedfaces/vggface2_pairs/n000008_0348_01.jpg,vggface2_pairs,dodging_attack,GhostFaceNet,TI_FGSM,vanilla,0.0622195266187191
4,Facenet512,/content/face_module/dataset_extractedfaces/vggface2_pairs/n000008_0256_01.jpg,/content/face_module/dataset_extractedfaces/vggface2_pairs/n000008_0348_01.jpg,vggface2_pairs,dodging_attack,GhostFaceNet,SI_NI_FGSM,vanilla,0.0117087187245488
4,Facenet512,/content/face_module/dataset_extractedfaces/vggface2_pairs/n000008_0256_01.jpg,/content/face_module/dataset_extractedfaces/vggface2_pairs/n000008_0348_01.jpg,vggface2_pairs,dodging_attack,GhostFaceNet,MI_ADMIX_DI_TI,vanilla,0.0552023015916347
4,VGG-Face,/content/face_module/dataset_extractedfaces/vggface2_pairs/n000008_0256_01.jpg,/content/face_module/dataset_extractedfaces/vggface2_pairs/n000008_0348_01.jpg,vggface2_pairs,dodging_attack,GhostFaceNet,PGD,vanilla,0.0216750707477331
4,VGG-Face,/content/face_module/dataset_extractedfaces/vggface2_pairs/n000008_0256_01.jpg,/content/face_module/dataset_extractedfaces/vggface2_pairs/n000008_0348_01.jpg,vggface2_pairs,dodging_attack,GhostFaceNet,MI_FGSM,vanilla,0.0313551761209964
4,VGG-Face,/content/face_module/dataset_extractedfaces/vggface2_pairs/n000008_0256_01.jpg,/content/face_module/dataset_extractedfaces/vggface2_pairs/n000008_0348_01.jpg,vggface2_pairs,dodging_attack,GhostFaceNet,TI_FGSM,vanilla,0.0593476891517639
4,VGG-Face,/content/face_module/dataset_extractedfaces/vggface2_pairs/n000008_0256_01.jpg,/content/face_module/dataset_extractedfaces/vggface2_pairs/n000008_0348_01.jpg,vggface2_pairs,dodging_attack,GhostFaceNet,SI_NI_FGSM,vanilla,0.0385326780378818
4,VGG-Face,/content/face_module/dataset_extractedfaces/vggface2_pairs/n000008_0256_01.jpg,/content/face_module/dataset_extractedfaces/vggface2_pairs/n000008_0348_01.jpg,vggface2_pairs,dodging_attack,GhostFaceNet,MI_ADMIX_DI_TI,vanilla,0.1006957218050956
7,ArcFace,/content/face_module/dataset_extractedfaces/vggface2_pairs/n000010_0058_01.jpg,/content/face_module/dataset_extractedfaces/vggface2_pairs/n000010_0081_01.jpg,vggface2_pairs,dodging_attack,GhostFaceNet,clean,clean,0.3012862205505371
7,Facenet512,/content/face_module/dataset_extractedfaces/vggface2_pairs/n000010_0058_01.jpg,/content/face_module/dataset_extractedfaces/vggface2_pairs/n000010_0081_01.jpg,vggface2_pairs,dodging_attack,GhostFaceNet,clean,clean,0.3012862205505371
7,GhostFaceNet,/content/face_module/dataset_extractedfaces/vggface2_pairs/n000010_0058_01.jpg,/content/face_module/dataset_extractedfaces/vggface2_pairs/n000010_0081_01.jpg,vggface2_pairs,dodging_attack,GhostFaceNet,clean,clean,0.3012862205505371
7,VGG-Face,/content/face_module/dataset_extractedfaces/vggface2_pairs/n000010_0058_01.jpg,/content/face_module/dataset_extractedfaces/vggface2_pairs/n000010_0081_01.jpg,vggface2_pairs,dodging_attack,GhostFaceNet,clean,clean,0.3012862205505371
7,ArcFace,/content/face_module/dataset_extractedfaces/vggface2_pairs/n000010_0058_01.jpg,/content/face_module/dataset_extractedfaces/vggface2_pairs/n000010_0081_01.jpg,vggface2_pairs,dodging_attack,GhostFaceNet,PGD,vanilla,0.2438114136457443
7,ArcFace,/content/face_module/dataset_extractedfaces/vggface2_pairs/n000010_0058_01.jpg,/content/face_module/dataset_extractedfaces/vggface2_pairs/n000010_0081_01.jpg,vggface2_pairs,dodging_attack,GhostFaceNet,MI_FGSM,vanilla,0.1930260509252548
7,ArcFace,/content/face_module/dataset_extractedfaces/vggface2_pairs/n000010_0058_01.jpg,/content/face_module/dataset_extractedfaces/vggface2_pairs/n000010_0081_01.jpg,vggface2_pairs,dodging_attack,GhostFaceNet,TI_FGSM,vanilla,0.1839119493961334
7,ArcFace,/content/face_module/dataset_extractedfaces/vggface2_pairs/n000010_0058_01.jpg,/content/face_module/dataset_extractedfaces/vggface2_pairs/n000010_0081_01.jpg,vggface2_pairs,dodging_attack,GhostFaceNet,SI_NI_FGSM,vanilla,0.136227086186409
7,ArcFace,/content/face_module/dataset_extractedfaces/vggface2_pairs/n000010_0058_01.jpg,/content/face_module/dataset_extractedfaces/vggface2_pairs/n000010_0081_01.jpg,vggface2_pairs,dodging_attack,GhostFaceNet,MI_ADMIX_DI_TI,vanilla,0.1826613992452621
7,Facenet512,/content/face_module/dataset_extractedfaces/vggface2_pairs/n000010_0058_01.jpg,/content/face_module/dataset_extractedfaces/vggface2_pairs/n000010_0081_01.jpg,vggface2_pairs,dodging_attack,GhostFaceNet,PGD,vanilla,0.2174352407455444
7,Facenet512,/content/face_module/dataset_extractedfaces/vggface2_pairs/n000010_0058_01.jpg,/content/face_module/dataset_extractedfaces/vggface2_pairs/n000010_0081_01.jpg,vggface2_pairs,dodging_attack,GhostFaceNet,MI_FGSM,vanilla,0.1525501310825348
7,Facenet512,/content/face_module/dataset_extractedfaces/vggface2_pairs/n000010_0058_01.jpg,/content/face_module/dataset_extractedfaces/vggface2_pairs/n000010_0081_01.jpg,vggface2_pairs,dodging_attack,GhostFaceNet,TI_FGSM,vanilla,0.1535165160894394
7,Facenet512,/content/face_module/dataset_extractedfaces/vggface2_pairs/n000010_0058_01.jpg,/content/face_module/dataset_extractedfaces/vggface2_pairs/n000010_0081_01.jpg,vggface2_pairs,dodging_attack,GhostFaceNet,SI_NI_FGSM,vanilla,0.1390526592731475
7,Facenet512,/content/face_module/dataset_extractedfaces/vggface2_pairs/n000010_0058_01.jpg,/content/face_module/dataset_extractedfaces/vggface2_pairs/n000010_0081_01.jpg,vggface2_pairs,dodging_attack,GhostFaceNet,MI_ADMIX_DI_TI,vanilla,0.1083679571747779
7,VGG-Face,/content/face_module/dataset_extractedfaces/vggface2_pairs/n000010_0058_01.jpg,/content/face_module/dataset_extractedfaces/vggface2_pairs/n000010_0081_01.jpg,vggface2_pairs,dodging_attack,GhostFaceNet,PGD,vanilla,0.2131991982460022
7,VGG-Face,/content/face_module/dataset_extractedfaces/vggface2_pairs/n000010_0058_01.jpg,/content/face_module/dataset_extractedfaces/vggface2_pairs/n000010_0081_01.jpg,vggface2_pairs,dodging_attack,GhostFaceNet,MI_FGSM,vanilla,0.166458174586296
7,VGG-Face,/content/face_module/dataset_extractedfaces/vggface2_pairs/n000010_0058_01.jpg,/content/face_module/dataset_extractedfaces/vggface2_pairs/n000010_0081_01.jpg,vggface2_pairs,dodging_attack,GhostFaceNet,TI_FGSM,vanilla,0.2220981270074844
7,VGG-Face,/content/face_module/dataset_extractedfaces/vggface2_pairs/n000010_0058_01.jpg,/content/face_module/dataset_extractedfaces/vggface2_pairs/n000010_0081_01.jpg,vggface2_pairs,dodging_attack,GhostFaceNet,SI_NI_FGSM,vanilla,0.1512490063905716
7,VGG-Face,/content/face_module/dataset_extractedfaces/vggface2_pairs/n000010_0058_01.jpg,/content/face_module/dataset_extractedfaces/vggface2_pairs/n000010_0081_01.jpg,vggface2_pairs,dodging_attack,GhostFaceNet,MI_ADMIX_DI_TI,vanilla,0.1392845809459686
10,ArcFace,/content/face_module/dataset_extractedfaces/vggface2_pairs/n000005_0022_01.jpg,/content/face_module/dataset_extractedfaces/vggface2_pairs/n000005_0076_01.jpg,vggface2_pairs,dodging_attack,GhostFaceNet,clean,clean,0.375858336687088
10,Facenet512,/content/face_module/dataset_extractedfaces/vggface2_pairs/n000005_0022_01.jpg,/content/face_module/dataset_extractedfaces/vggface2_pairs/n000005_0076_01.jpg,vggface2_pairs,dodging_attack,GhostFaceNet,clean,clean,0.375858336687088
10,GhostFaceNet,/content/face_module/dataset_extractedfaces/vggface2_pairs/n000005_0022_01.jpg,/content/face_module/dataset_extractedfaces/vggface2_pairs/n000005_0076_01.jpg,vggface2_pairs,dodging_attack,GhostFaceNet,clean,clean,0.375858336687088
10,VGG-Face,/content/face_module/dataset_extractedfaces/vggface2_pairs/n000005_0022_01.jpg,/content/face_module/dataset_extractedfaces/vggface2_pairs/n000005_0076_01.jpg,vggface2_pairs,dodging_attack,GhostFaceNet,clean,clean,0.375858336687088
10,ArcFace,/content/face_module/dataset_extractedfaces/vggface2_pairs/n000005_0022_01.jpg,/content/face_module/dataset_extractedfaces/vggface2_pairs/n000005_0076_01.jpg,vggface2_pairs,dodging_attack,GhostFaceNet,PGD,vanilla,0.3108789920806885
10,ArcFace,/content/face_module/dataset_extractedfaces/vggface2_pairs/n000005_0022_01.jpg,/content/face_module/dataset_extractedfaces/vggface2_pairs/n000005_0076_01.jpg,vggface2_pairs,dodging_attack,GhostFaceNet,MI_FGSM,vanilla,0.2563609182834625
10,ArcFace,/content/face_module/dataset_extractedfaces/vggface2_pairs/n000005_0022_01.jpg,/content/face_module/dataset_extractedfaces/vggface2_pairs/n000005_0076_01.jpg,vggface2_pairs,dodging_attack,GhostFaceNet,TI_FGSM,vanilla,0.28437340259552
10,ArcFace,/content/face_module/dataset_extractedfaces/vggface2_pairs/n000005_0022_01.jpg,/content/face_module/dataset_extractedfaces/vggface2_pairs/n000005_0076_01.jpg,vggface2_pairs,dodging_attack,GhostFaceNet,SI_NI_FGSM,vanilla,0.2670045793056488
10,ArcFace,/content/face_module/dataset_extractedfaces/vggface2_pairs/n000005_0022_01.jpg,/content/face_module/dataset_extractedfaces/vggface2_pairs/n000005_0076_01.jpg,vggface2_pairs,dodging_attack,GhostFaceNet,MI_ADMIX_DI_TI,vanilla,0.2847324907779693
10,Facenet512,/content/face_module/dataset_extractedfaces/vggface2_pairs/n000005_0022_01.jpg,/content/face_module/dataset_extractedfaces/vggface2_pairs/n000005_0076_01.jpg,vggface2_pairs,dodging_attack,GhostFaceNet,PGD,vanilla,0.281709611415863
10,Facenet512,/content/face_module/dataset_extractedfaces/vggface2_pairs/n000005_0022_01.jpg,/content/face_module/dataset_extractedfaces/vggface2_pairs/n000005_0076_01.jpg,vggface2_pairs,dodging_attack,GhostFaceNet,MI_FGSM,vanilla,0.2062994241714477
10,Facenet512,/content/face_module/dataset_extractedfaces/vggface2_pairs/n000005_0022_01.jpg,/content/face_module/dataset_extractedfaces/vggface2_pairs/n000005_0076_01.jpg,vggface2_pairs,dodging_attack,GhostFaceNet,TI_FGSM,vanilla,0.1930138170719146
10,Facenet512,/content/face_module/dataset_extractedfaces/vggface2_pairs/n000005_0022_01.jpg,/content/face_module/dataset_extractedfaces/vggface2_pairs/n000005_0076_01.jpg,vggface2_pairs,dodging_attack,GhostFaceNet,SI_NI_FGSM,vanilla,0.1864622235298156
10,Facenet512,/content/face_module/dataset_extractedfaces/vggface2_pairs/n000005_0022_01.jpg,/content/face_module/dataset_extractedfaces/vggface2_pairs/n000005_0076_01.jpg,vggface2_pairs,dodging_attack,GhostFaceNet,MI_ADMIX_DI_TI,vanilla,0.1754028648138046
10,VGG-Face,/content/face_module/dataset_extractedfaces/vggface2_pairs/n000005_0022_01.jpg,/content/face_module/dataset_extractedfaces/vggface2_pairs/n000005_0076_01.jpg,vggface2_pairs,dodging_attack,GhostFaceNet,PGD,vanilla,0.2847634553909302
10,VGG-Face,/content/face_module/dataset_extractedfaces/vggface2_pairs/n000005_0022_01.jpg,/content/face_module/dataset_extractedfaces/vggface2_pairs/n000005_0076_01.jpg,vggface2_pairs,dodging_attack,GhostFaceNet,MI_FGSM,vanilla,0.2598015367984772
10,VGG-Face,/content/face_module/dataset_extractedfaces/vggface2_pairs/n000005_0022_01.jpg,/content/face_module/dataset_extractedfaces/vggface2_pairs/n000005_0076_01.jpg,vggface2_pairs,dodging_attack,GhostFaceNet,TI_FGSM,vanilla,0.2511916756629944
10,VGG-Face,/content/face_module/dataset_extractedfaces/vggface2_pairs/n000005_0022_01.jpg,/content/face_module/dataset_extractedfaces/vggface2_pairs/n000005_0076_01.jpg,vggface2_pairs,dodging_attack,GhostFaceNet,SI_NI_FGSM,vanilla,0.2495180070400238
10,VGG-Face,/content/face_module/dataset_extractedfaces/vggface2_pairs/n000005_0022_01.jpg,/content/face_module/dataset_extractedfaces/vggface2_pairs/n000005_0076_01.jpg,vggface2_pairs,dodging_attack,GhostFaceNet,MI_ADMIX_DI_TI,vanilla,0.22847780585289
11,ArcFace,/content/face_module/dataset_extractedfaces/vggface2_pairs/n000007_0176_01.jpg,/content/face_module/dataset_extractedfaces/vggface2_pairs/n000007_0335_03.jpg,vggface2_pairs,dodging_attack,GhostFaceNet,clean,clean,0.2068949192762375
11,Facenet512,/content/face_module/dataset_extractedfaces/vggface2_pairs/n000007_0176_01.jpg,/content/face_module/dataset_extractedfaces/vggface2_pairs/n000007_0335_03.jpg,vggface2_pairs,dodging_attack,GhostFaceNet,clean,clean,0.2068949192762375
11,GhostFaceNet,/content/face_module/dataset_extractedfaces/vggface2_pairs/n000007_0176_01.jpg,/content/face_module/dataset_extractedfaces/vggface2_pairs/n000007_0335_03.jpg,vggface2_pairs,dodging_attack,GhostFaceNet,clean,clean,0.2068949192762375
11,VGG-Face,/content/face_module/dataset_extractedfaces/vggface2_pairs/n000007_0176_01.jpg,/content/face_module/dataset_extractedfaces/vggface2_pairs/n000007_0335_03.jpg,vggface2_pairs,dodging_attack,GhostFaceNet,clean,clean,0.2068949192762375
11,ArcFace,/content/face_module/dataset_extractedfaces/vggface2_pairs/n000007_0176_01.jpg,/content/face_module/dataset_extractedfaces/vggface2_pairs/n000007_0335_03.jpg,vggface2_pairs,dodging_attack,GhostFaceNet,PGD,vanilla,0.1499510258436203
11,ArcFace,/content/face_module/dataset_extractedfaces/vggface2_pairs/n000007_0176_01.jpg,/content/face_module/dataset_extractedfaces/vggface2_pairs/n000007_0335_03.jpg,vggface2_pairs,dodging_attack,GhostFaceNet,MI_FGSM,vanilla,0.159996747970581
11,ArcFace,/content/face_module/dataset_extractedfaces/vggface2_pairs/n000007_0176_01.jpg,/content/face_module/dataset_extractedfaces/vggface2_pairs/n000007_0335_03.jpg,vggface2_pairs,dodging_attack,GhostFaceNet,TI_FGSM,vanilla,0.2316851317882537
11,ArcFace,/content/face_module/dataset_extractedfaces/vggface2_pairs/n000007_0176_01.jpg,/content/face_module/dataset_extractedfaces/vggface2_pairs/n000007_0335_03.jpg,vggface2_pairs,dodging_attack,GhostFaceNet,SI_NI_FGSM,vanilla,0.0900588557124137
11,ArcFace,/content/face_module/dataset_extractedfaces/vggface2_pairs/n000007_0176_01.jpg,/content/face_module/dataset_extractedfaces/vggface2_pairs/n000007_0335_03.jpg,vggface2_pairs,dodging_attack,GhostFaceNet,MI_ADMIX_DI_TI,vanilla,0.2139359414577484
11,Facenet512,/content/face_module/dataset_extractedfaces/vggface2_pairs/n000007_0176_01.jpg,/content/face_module/dataset_extractedfaces/vggface2_pairs/n000007_0335_03.jpg,vggface2_pairs,dodging_attack,GhostFaceNet,PGD,vanilla,0.123406745493412
11,Facenet512,/content/face_module/dataset_extractedfaces/vggface2_pairs/n000007_0176_01.jpg,/content/face_module/dataset_extractedfaces/vggface2_pairs/n000007_0335_03.jpg,vggface2_pairs,dodging_attack,GhostFaceNet,MI_FGSM,vanilla,0.1310153603553772
11,Facenet512,/content/face_module/dataset_extractedfaces/vggface2_pairs/n000007_0176_01.jpg,/content/face_module/dataset_extractedfaces/vggface2_pairs/n000007_0335_03.jpg,vggface2_pairs,dodging_attack,GhostFaceNet,TI_FGSM,vanilla,0.1504839658737182
11,Facenet512,/content/face_module/dataset_extractedfaces/vggface2_pairs/n000007_0176_01.jpg,/content/face_module/dataset_extractedfaces/vggface2_pairs/n000007_0335_03.jpg,vggface2_pairs,dodging_attack,GhostFaceNet,SI_NI_FGSM,vanilla,0.1562253087759018
11,Facenet512,/content/face_module/dataset_extractedfaces/vggface2_pairs/n000007_0176_01.jpg,/content/face_module/dataset_extractedfaces/vggface2_pairs/n000007_0335_03.jpg,vggface2_pairs,dodging_attack,GhostFaceNet,MI_ADMIX_DI_TI,vanilla,0.1843834519386291
11,VGG-Face,/content/face_module/dataset_extractedfaces/vggface2_pairs/n000007_0176_01.jpg,/content/face_module/dataset_extractedfaces/vggface2_pairs/n000007_0335_03.jpg,vggface2_pairs,dodging_attack,GhostFaceNet,PGD,vanilla,0.1323348134756088
11,VGG-Face,/content/face_module/dataset_extractedfaces/vggface2_pairs/n000007_0176_01.jpg,/content/face_module/dataset_extractedfaces/vggface2_pairs/n000007_0335_03.jpg,vggface2_pairs,dodging_attack,GhostFaceNet,MI_FGSM,vanilla,0.1185029745101928
11,VGG-Face,/content/face_module/dataset_extractedfaces/vggface2_pairs/n000007_0176_01.jpg,/content/face_module/dataset_extractedfaces/vggface2_pairs/n000007_0335_03.jpg,vggface2_pairs,dodging_attack,GhostFaceNet,TI_FGSM,vanilla,0.0963453501462936
11,VGG-Face,/content/face_module/dataset_extractedfaces/vggface2_pairs/n000007_0176_01.jpg,/content/face_module/dataset_extractedfaces/vggface2_pairs/n000007_0335_03.jpg,vggface2_pairs,dodging_attack,GhostFaceNet,SI_NI_FGSM,vanilla,0.1446196585893631
11,VGG-Face,/content/face_module/dataset_extractedfaces/vggface2_pairs/n000007_0176_01.jpg,/content/face_module/dataset_extractedfaces/vggface2_pairs/n000007_0335_03.jpg,vggface2_pairs,dodging_attack,GhostFaceNet,MI_ADMIX_DI_TI,vanilla,0.1251334995031356
0,ArcFace,/content/face_module/dataset_extractedfaces/lfw_pairs/Renee Zellweger_1.jpg,/content/face_module/dataset_extractedfaces/lfw_pairs/Catherine Deneuve_2.jpg,lfw_pairs,impersonation_attack,VGG-Face,clean,clean,0.0917206555604934
0,Facenet512,/content/face_module/dataset_extractedfaces/lfw_pairs/Renee Zellweger_1.jpg,/content/face_module/dataset_extractedfaces/lfw_pairs/Catherine Deneuve_2.jpg,lfw_pairs,impersonation_attack,VGG-Face,clean,clean,0.0917206555604934
0,GhostFaceNet,/content/face_module/dataset_extractedfaces/lfw_pairs/Renee Zellweger_1.jpg,/content/face_module/dataset_extractedfaces/lfw_pairs/Catherine Deneuve_2.jpg,lfw_pairs,impersonation_attack,VGG-Face,clean,clean,0.0917206555604934
0,VGG-Face,/content/face_module/dataset_extractedfaces/lfw_pairs/Renee Zellweger_1.jpg,/content/face_module/dataset_extractedfaces/lfw_pairs/Catherine Deneuve_2.jpg,lfw_pairs,impersonation_attack,VGG-Face,clean,clean,0.0917206555604934
0,ArcFace,/content/face_module/dataset_extractedfaces/lfw_pairs/Renee Zellweger_1.jpg,/content/face_module/dataset_extractedfaces/lfw_pairs/Catherine Deneuve_2.jpg,lfw_pairs,impersonation_attack,VGG-Face,PGD,vanilla,0.1952845752239227
0,ArcFace,/content/face_module/dataset_extractedfaces/lfw_pairs/Renee Zellweger_1.jpg,/content/face_module/dataset_extractedfaces/lfw_pairs/Catherine Deneuve_2.jpg,lfw_pairs,impersonation_attack,VGG-Face,MI_FGSM,vanilla,0.3376651704311371
0,ArcFace,/content/face_module/dataset_extractedfaces/lfw_pairs/Renee Zellweger_1.jpg,/content/face_module/dataset_extractedfaces/lfw_pairs/Catherine Deneuve_2.jpg,lfw_pairs,impersonation_attack,VGG-Face,TI_FGSM,vanilla,0.2730606496334076
0,ArcFace,/content/face_module/dataset_extractedfaces/lfw_pairs/Renee Zellweger_1.jpg,/content/face_module/dataset_extractedfaces/lfw_pairs/Catherine Deneuve_2.jpg,lfw_pairs,impersonation_attack,VGG-Face,SI_NI_FGSM,vanilla,0.3595439791679382
0,ArcFace,/content/face_module/dataset_extractedfaces/lfw_pairs/Renee Zellweger_1.jpg,/content/face_module/dataset_extractedfaces/lfw_pairs/Catherine Deneuve_2.jpg,lfw_pairs,impersonation_attack,VGG-Face,MI_ADMIX_DI_TI,vanilla,0.2475960552692413
0,Facenet512,/content/face_module/dataset_extractedfaces/lfw_pairs/Renee Zellweger_1.jpg,/content/face_module/dataset_extractedfaces/lfw_pairs/Catherine Deneuve_2.jpg,lfw_pairs,impersonation_attack,VGG-Face,PGD,vanilla,0.2213097065687179
0,Facenet512,/content/face_module/dataset_extractedfaces/lfw_pairs/Renee Zellweger_1.jpg,/content/face_module/dataset_extractedfaces/lfw_pairs/Catherine Deneuve_2.jpg,lfw_pairs,impersonation_attack,VGG-Face,MI_FGSM,vanilla,0.3655482828617096
0,Facenet512,/content/face_module/dataset_extractedfaces/lfw_pairs/Renee Zellweger_1.jpg,/content/face_module/dataset_extractedfaces/lfw_pairs/Catherine Deneuve_2.jpg,lfw_pairs,impersonation_attack,VGG-Face,TI_FGSM,vanilla,0.347739428281784
0,Facenet512,/content/face_module/dataset_extractedfaces/lfw_pairs/Renee Zellweger_1.jpg,/content/face_module/dataset_extractedfaces/lfw_pairs/Catherine Deneuve_2.jpg,lfw_pairs,impersonation_attack,VGG-Face,SI_NI_FGSM,vanilla,0.3859412968158722
0,Facenet512,/content/face_module/dataset_extractedfaces/lfw_pairs/Renee Zellweger_1.jpg,/content/face_module/dataset_extractedfaces/lfw_pairs/Catherine Deneuve_2.jpg,lfw_pairs,impersonation_attack,VGG-Face,MI_ADMIX_DI_TI,vanilla,0.3857840895652771
0,GhostFaceNet,/content/face_module/dataset_extractedfaces/lfw_pairs/Renee Zellweger_1.jpg,/content/face_module/dataset_extractedfaces/lfw_pairs/Catherine Deneuve_2.jpg,lfw_pairs,impersonation_attack,VGG-Face,PGD,vanilla,0.1068596467375755
0,GhostFaceNet,/content/face_module/dataset_extractedfaces/lfw_pairs/Renee Zellweger_1.jpg,/content/face_module/dataset_extractedfaces/lfw_pairs/Catherine Deneuve_2.jpg,lfw_pairs,impersonation_attack,VGG-Face,MI_FGSM,vanilla,0.1830493509769439
0,GhostFaceNet,/content/face_module/dataset_extractedfaces/lfw_pairs/Renee Zellweger_1.jpg,/content/face_module/dataset_extractedfaces/lfw_pairs/Catherine Deneuve_2.jpg,lfw_pairs,impersonation_attack,VGG-Face,TI_FGSM,vanilla,0.125990480184555
0,GhostFaceNet,/content/face_module/dataset_extractedfaces/lfw_pairs/Renee Zellweger_1.jpg,/content/face_module/dataset_extractedfaces/lfw_pairs/Catherine Deneuve_2.jpg,lfw_pairs,impersonation_attack,VGG-Face,SI_NI_FGSM,vanilla,0.2081227749586105
0,GhostFaceNet,/content/face_module/dataset_extractedfaces/lfw_pairs/Renee Zellweger_1.jpg,/content/face_module/dataset_extractedfaces/lfw_pairs/Catherine Deneuve_2.jpg,lfw_pairs,impersonation_attack,VGG-Face,MI_ADMIX_DI_TI,vanilla,0.1082131937146186
32,ArcFace,/content/face_module/dataset_extractedfaces/lfw_pairs/Donald Rumsfeld_105.jpg,/content/face_module/dataset_extractedfaces/lfw_pairs/Paul Burrell_11.jpg,lfw_pairs,impersonation_attack,VGG-Face,clean,clean,0.167397603392601
32,Facenet512,/content/face_module/dataset_extractedfaces/lfw_pairs/Donald Rumsfeld_105.jpg,/content/face_module/dataset_extractedfaces/lfw_pairs/Paul Burrell_11.jpg,lfw_pairs,impersonation_attack,VGG-Face,clean,clean,0.167397603392601
32,GhostFaceNet,/content/face_module/dataset_extractedfaces/lfw_pairs/Donald Rumsfeld_105.jpg,/content/face_module/dataset_extractedfaces/lfw_pairs/Paul Burrell_11.jpg,lfw_pairs,impersonation_attack,VGG-Face,clean,clean,0.167397603392601
32,VGG-Face,/content/face_module/dataset_extractedfaces/lfw_pairs/Donald Rumsfeld_105.jpg,/content/face_module/dataset_extractedfaces/lfw_pairs/Paul Burrell_11.jpg,lfw_pairs,impersonation_attack,VGG-Face,clean,clean,0.167397603392601
32,ArcFace,/content/face_module/dataset_extractedfaces/lfw_pairs/Donald Rumsfeld_105.jpg,/content/face_module/dataset_extractedfaces/lfw_pairs/Paul Burrell_11.jpg,lfw_pairs,impersonation_attack,VGG-Face,PGD,vanilla,0.274192214012146
32,ArcFace,/content/face_module/dataset_extractedfaces/lfw_pairs/Donald Rumsfeld_105.jpg,/content/face_module/dataset_extractedfaces/lfw_pairs/Paul Burrell_11.jpg,lfw_pairs,impersonation_attack,VGG-Face,MI_FGSM,vanilla,0.2844374477863312
32,ArcFace,/content/face_module/dataset_extractedfaces/lfw_pairs/Donald Rumsfeld_105.jpg,/content/face_module/dataset_extractedfaces/lfw_pairs/Paul Burrell_11.jpg,lfw_pairs,impersonation_attack,VGG-Face,TI_FGSM,vanilla,0.2818835377693176
32,ArcFace,/content/face_module/dataset_extractedfaces/lfw_pairs/Donald Rumsfeld_105.jpg,/content/face_module/dataset_extractedfaces/lfw_pairs/Paul Burrell_11.jpg,lfw_pairs,impersonation_attack,VGG-Face,SI_NI_FGSM,vanilla,0.3367036283016205
32,ArcFace,/content/face_module/dataset_extractedfaces/lfw_pairs/Donald Rumsfeld_105.jpg,/content/face_module/dataset_extractedfaces/lfw_pairs/Paul Burrell_11.jpg,lfw_pairs,impersonation_attack,VGG-Face,MI_ADMIX_DI_TI,vanilla,0.2954247295856476
32,Facenet512,/content/face_module/dataset_extractedfaces/lfw_pairs/Donald Rumsfeld_105.jpg,/content/face_module/dataset_extractedfaces/lfw_pairs/Paul Burrell_11.jpg,lfw_pairs,impersonation_attack,VGG-Face,PGD,vanilla,0.3050995767116546
32,Facenet512,/content/face_module/dataset_extractedfaces/lfw_pairs/Donald Rumsfeld_105.jpg,/content/face_module/dataset_extractedfaces/lfw_pairs/Paul Burrell_11.jpg,lfw_pairs,impersonation_attack,VGG-Face,MI_FGSM,vanilla,0.274334967136383
32,Facenet512,/content/face_module/dataset_extractedfaces/lfw_pairs/Donald Rumsfeld_105.jpg,/content/face_module/dataset_extractedfaces/lfw_pairs/Paul Burrell_11.jpg,lfw_pairs,impersonation_attack,VGG-Face,TI_FGSM,vanilla,0.2960568368434906
32,Facenet512,/content/face_module/dataset_extractedfaces/lfw_pairs/Donald Rumsfeld_105.jpg,/content/face_module/dataset_extractedfaces/lfw_pairs/Paul Burrell_11.jpg,lfw_pairs,impersonation_attack,VGG-Face,SI_NI_FGSM,vanilla,0.3299610316753387
32,Facenet512,/content/face_module/dataset_extractedfaces/lfw_pairs/Donald Rumsfeld_105.jpg,/content/face_module/dataset_extractedfaces/lfw_pairs/Paul Burrell_11.jpg,lfw_pairs,impersonation_attack,VGG-Face,MI_ADMIX_DI_TI,vanilla,0.2896161377429962
32,GhostFaceNet,/content/face_module/dataset_extractedfaces/lfw_pairs/Donald Rumsfeld_105.jpg,/content/face_module/dataset_extractedfaces/lfw_pairs/Paul Burrell_11.jpg,lfw_pairs,impersonation_attack,VGG-Face,PGD,vanilla,0.1812905818223953
32,GhostFaceNet,/content/face_module/dataset_extractedfaces/lfw_pairs/Donald Rumsfeld_105.jpg,/content/face_module/dataset_extractedfaces/lfw_pairs/Paul Burrell_11.jpg,lfw_pairs,impersonation_attack,VGG-Face,MI_FGSM,vanilla,0.1938947290182113
32,GhostFaceNet,/content/face_module/dataset_extractedfaces/lfw_pairs/Donald Rumsfeld_105.jpg,/content/face_module/dataset_extractedfaces/lfw_pairs/Paul Burrell_11.jpg,lfw_pairs,impersonation_attack,VGG-Face,TI_FGSM,vanilla,0.1781743913888931
32,GhostFaceNet,/content/face_module/dataset_extractedfaces/lfw_pairs/Donald Rumsfeld_105.jpg,/content/face_module/dataset_extractedfaces/lfw_pairs/Paul Burrell_11.jpg,lfw_pairs,impersonation_attack,VGG-Face,SI_NI_FGSM,vanilla,0.2235207259654998
32,GhostFaceNet,/content/face_module/dataset_extractedfaces/lfw_pairs/Donald Rumsfeld_105.jpg,/content/face_module/dataset_extractedfaces/lfw_pairs/Paul Burrell_11.jpg,lfw_pairs,impersonation_attack,VGG-Face,MI_ADMIX_DI_TI,vanilla,0.1819017678499221
48,ArcFace,/content/face_module/dataset_extractedfaces/lfw_pairs/Renee Zellweger_14.jpg,/content/face_module/dataset_extractedfaces/lfw_pairs/Venus Williams_9.jpg,lfw_pairs,impersonation_attack,VGG-Face,clean,clean,0.0496263168752193
48,Facenet512,/content/face_module/dataset_extractedfaces/lfw_pairs/Renee Zellweger_14.jpg,/content/face_module/dataset_extractedfaces/lfw_pairs/Venus Williams_9.jpg,lfw_pairs,impersonation_attack,VGG-Face,clean,clean,0.0496263168752193
48,GhostFaceNet,/content/face_module/dataset_extractedfaces/lfw_pairs/Renee Zellweger_14.jpg,/content/face_module/dataset_extractedfaces/lfw_pairs/Venus Williams_9.jpg,lfw_pairs,impersonation_attack,VGG-Face,clean,clean,0.0496263168752193
48,VGG-Face,/content/face_module/dataset_extractedfaces/lfw_pairs/Renee Zellweger_14.jpg,/content/face_module/dataset_extractedfaces/lfw_pairs/Venus Williams_9.jpg,lfw_pairs,impersonation_attack,VGG-Face,clean,clean,0.0496263168752193
48,ArcFace,/content/face_module/dataset_extractedfaces/lfw_pairs/Renee Zellweger_14.jpg,/content/face_module/dataset_extractedfaces/lfw_pairs/Venus Williams_9.jpg,lfw_pairs,impersonation_attack,VGG-Face,PGD,vanilla,0.0745939016342163
48,ArcFace,/content/face_module/dataset_extractedfaces/lfw_pairs/Renee Zellweger_14.jpg,/content/face_module/dataset_extractedfaces/lfw_pairs/Venus Williams_9.jpg,lfw_pairs,impersonation_attack,VGG-Face,MI_FGSM,vanilla,0.1246206611394882
48,ArcFace,/content/face_module/dataset_extractedfaces/lfw_pairs/Renee Zellweger_14.jpg,/content/face_module/dataset_extractedfaces/lfw_pairs/Venus Williams_9.jpg,lfw_pairs,impersonation_attack,VGG-Face,TI_FGSM,vanilla,0.1026360988616943
48,ArcFace,/content/face_module/dataset_extractedfaces/lfw_pairs/Renee Zellweger_14.jpg,/content/face_module/dataset_extractedfaces/lfw_pairs/Venus Williams_9.jpg,lfw_pairs,impersonation_attack,VGG-Face,SI_NI_FGSM,vanilla,0.1504449844360351
48,ArcFace,/content/face_module/dataset_extractedfaces/lfw_pairs/Renee Zellweger_14.jpg,/content/face_module/dataset_extractedfaces/lfw_pairs/Venus Williams_9.jpg,lfw_pairs,impersonation_attack,VGG-Face,MI_ADMIX_DI_TI,vanilla,0.1288182586431503
48,Facenet512,/content/face_module/dataset_extractedfaces/lfw_pairs/Renee Zellweger_14.jpg,/content/face_module/dataset_extractedfaces/lfw_pairs/Venus Williams_9.jpg,lfw_pairs,impersonation_attack,VGG-Face,PGD,vanilla,0.1034766435623169
48,Facenet512,/content/face_module/dataset_extractedfaces/lfw_pairs/Renee Zellweger_14.jpg,/content/face_module/dataset_extractedfaces/lfw_pairs/Venus Williams_9.jpg,lfw_pairs,impersonation_attack,VGG-Face,MI_FGSM,vanilla,0.1293874680995941
48,Facenet512,/content/face_module/dataset_extractedfaces/lfw_pairs/Renee Zellweger_14.jpg,/content/face_module/dataset_extractedfaces/lfw_pairs/Venus Williams_9.jpg,lfw_pairs,impersonation_attack,VGG-Face,TI_FGSM,vanilla,0.1230176836252212
48,Facenet512,/content/face_module/dataset_extractedfaces/lfw_pairs/Renee Zellweger_14.jpg,/content/face_module/dataset_extractedfaces/lfw_pairs/Venus Williams_9.jpg,lfw_pairs,impersonation_attack,VGG-Face,SI_NI_FGSM,vanilla,0.1405400186777115
48,Facenet512,/content/face_module/dataset_extractedfaces/lfw_pairs/Renee Zellweger_14.jpg,/content/face_module/dataset_extractedfaces/lfw_pairs/Venus Williams_9.jpg,lfw_pairs,impersonation_attack,VGG-Face,MI_ADMIX_DI_TI,vanilla,0.1540683954954147
48,GhostFaceNet,/content/face_module/dataset_extractedfaces/lfw_pairs/Renee Zellweger_14.jpg,/content/face_module/dataset_extractedfaces/lfw_pairs/Venus Williams_9.jpg,lfw_pairs,impersonation_attack,VGG-Face,PGD,vanilla,0.0470129624009132
48,GhostFaceNet,/content/face_module/dataset_extractedfaces/lfw_pairs/Renee Zellweger_14.jpg,/content/face_module/dataset_extractedfaces/lfw_pairs/Venus Williams_9.jpg,lfw_pairs,impersonation_attack,VGG-Face,MI_FGSM,vanilla,0.0673086941242218
48,GhostFaceNet,/content/face_module/dataset_extractedfaces/lfw_pairs/Renee Zellweger_14.jpg,/content/face_module/dataset_extractedfaces/lfw_pairs/Venus Williams_9.jpg,lfw_pairs,impersonation_attack,VGG-Face,TI_FGSM,vanilla,0.0604705438017845
48,GhostFaceNet,/content/face_module/dataset_extractedfaces/lfw_pairs/Renee Zellweger_14.jpg,/content/face_module/dataset_extractedfaces/lfw_pairs/Venus Williams_9.jpg,lfw_pairs,impersonation_attack,VGG-Face,SI_NI_FGSM,vanilla,0.0804614871740341
48,GhostFaceNet,/content/face_module/dataset_extractedfaces/lfw_pairs/Renee Zellweger_14.jpg,/content/face_module/dataset_extractedfaces/lfw_pairs/Venus Williams_9.jpg,lfw_pairs,impersonation_attack,VGG-Face,MI_ADMIX_DI_TI,vanilla,0.0651145875453949
57,ArcFace,/content/face_module/dataset_extractedfaces/lfw_pairs/Mike Weir_10.jpg,/content/face_module/dataset_extractedfaces/lfw_pairs/Luis Horna_2.jpg,lfw_pairs,impersonation_attack,VGG-Face,clean,clean,0.1559333056211471
57,Facenet512,/content/face_module/dataset_extractedfaces/lfw_pairs/Mike Weir_10.jpg,/content/face_module/dataset_extractedfaces/lfw_pairs/Luis Horna_2.jpg,lfw_pairs,impersonation_attack,VGG-Face,clean,clean,0.1559333056211471
57,GhostFaceNet,/content/face_module/dataset_extractedfaces/lfw_pairs/Mike Weir_10.jpg,/content/face_module/dataset_extractedfaces/lfw_pairs/Luis Horna_2.jpg,lfw_pairs,impersonation_attack,VGG-Face,clean,clean,0.1559333056211471
57,VGG-Face,/content/face_module/dataset_extractedfaces/lfw_pairs/Mike Weir_10.jpg,/content/face_module/dataset_extractedfaces/lfw_pairs/Luis Horna_2.jpg,lfw_pairs,impersonation_attack,VGG-Face,clean,clean,0.1559333056211471
57,ArcFace,/content/face_module/dataset_extractedfaces/lfw_pairs/Mike Weir_10.jpg,/content/face_module/dataset_extractedfaces/lfw_pairs/Luis Horna_2.jpg,lfw_pairs,impersonation_attack,VGG-Face,PGD,vanilla,0.2147415429353714
57,ArcFace,/content/face_module/dataset_extractedfaces/lfw_pairs/Mike Weir_10.jpg,/content/face_module/dataset_extractedfaces/lfw_pairs/Luis Horna_2.jpg,lfw_pairs,impersonation_attack,VGG-Face,MI_FGSM,vanilla,0.2926237881183624
57,ArcFace,/content/face_module/dataset_extractedfaces/lfw_pairs/Mike Weir_10.jpg,/content/face_module/dataset_extractedfaces/lfw_pairs/Luis Horna_2.jpg,lfw_pairs,impersonation_attack,VGG-Face,TI_FGSM,vanilla,0.2478867024183273
57,ArcFace,/content/face_module/dataset_extractedfaces/lfw_pairs/Mike Weir_10.jpg,/content/face_module/dataset_extractedfaces/lfw_pairs/Luis Horna_2.jpg,lfw_pairs,impersonation_attack,VGG-Face,SI_NI_FGSM,vanilla,0.3098028898239136
57,ArcFace,/content/face_module/dataset_extractedfaces/lfw_pairs/Mike Weir_10.jpg,/content/face_module/dataset_extractedfaces/lfw_pairs/Luis Horna_2.jpg,lfw_pairs,impersonation_attack,VGG-Face,MI_ADMIX_DI_TI,vanilla,0.2939530313014984
57,Facenet512,/content/face_module/dataset_extractedfaces/lfw_pairs/Mike Weir_10.jpg,/content/face_module/dataset_extractedfaces/lfw_pairs/Luis Horna_2.jpg,lfw_pairs,impersonation_attack,VGG-Face,PGD,vanilla,0.2295135408639907
57,Facenet512,/content/face_module/dataset_extractedfaces/lfw_pairs/Mike Weir_10.jpg,/content/face_module/dataset_extractedfaces/lfw_pairs/Luis Horna_2.jpg,lfw_pairs,impersonation_attack,VGG-Face,MI_FGSM,vanilla,0.3375996649265289
57,Facenet512,/content/face_module/dataset_extractedfaces/lfw_pairs/Mike Weir_10.jpg,/content/face_module/dataset_extractedfaces/lfw_pairs/Luis Horna_2.jpg,lfw_pairs,impersonation_attack,VGG-Face,TI_FGSM,vanilla,0.3092060983181
57,Facenet512,/content/face_module/dataset_extractedfaces/lfw_pairs/Mike Weir_10.jpg,/content/face_module/dataset_extractedfaces/lfw_pairs/Luis Horna_2.jpg,lfw_pairs,impersonation_attack,VGG-Face,SI_NI_FGSM,vanilla,0.3804333806037903
57,Facenet512,/content/face_module/dataset_extractedfaces/lfw_pairs/Mike Weir_10.jpg,/content/face_module/dataset_extractedfaces/lfw_pairs/Luis Horna_2.jpg,lfw_pairs,impersonation_attack,VGG-Face,MI_ADMIX_DI_TI,vanilla,0.3419988751411438
57,GhostFaceNet,/content/face_module/dataset_extractedfaces/lfw_pairs/Mike Weir_10.jpg,/content/face_module/dataset_extractedfaces/lfw_pairs/Luis Horna_2.jpg,lfw_pairs,impersonation_attack,VGG-Face,PGD,vanilla,0.164445161819458
57,GhostFaceNet,/content/face_module/dataset_extractedfaces/lfw_pairs/Mike Weir_10.jpg,/content/face_module/dataset_extractedfaces/lfw_pairs/Luis Horna_2.jpg,lfw_pairs,impersonation_attack,VGG-Face,MI_FGSM,vanilla,0.1907974481582641
57,GhostFaceNet,/content/face_module/dataset_extractedfaces/lfw_pairs/Mike Weir_10.jpg,/content/face_module/dataset_extractedfaces/lfw_pairs/Luis Horna_2.jpg,lfw_pairs,impersonation_attack,VGG-Face,TI_FGSM,vanilla,0.1583025604486465
57,GhostFaceNet,/content/face_module/dataset_extractedfaces/lfw_pairs/Mike Weir_10.jpg,/content/face_module/dataset_extractedfaces/lfw_pairs/Luis Horna_2.jpg,lfw_pairs,impersonation_attack,VGG-Face,SI_NI_FGSM,vanilla,0.2024198472499847
57,GhostFaceNet,/content/face_module/dataset_extractedfaces/lfw_pairs/Mike Weir_10.jpg,/content/face_module/dataset_extractedfaces/lfw_pairs/Luis Horna_2.jpg,lfw_pairs,impersonation_attack,VGG-Face,MI_ADMIX_DI_TI,vanilla,0.2209635376930236
60,ArcFace,/content/face_module/dataset_extractedfaces/lfw_pairs/Jason Kidd_9.jpg,/content/face_module/dataset_extractedfaces/lfw_pairs/Luiz Inacio Lula da Silva_22.jpg,lfw_pairs,impersonation_attack,VGG-Face,clean,clean,0.0474242754280567
60,Facenet512,/content/face_module/dataset_extractedfaces/lfw_pairs/Jason Kidd_9.jpg,/content/face_module/dataset_extractedfaces/lfw_pairs/Luiz Inacio Lula da Silva_22.jpg,lfw_pairs,impersonation_attack,VGG-Face,clean,clean,0.0474242754280567
60,GhostFaceNet,/content/face_module/dataset_extractedfaces/lfw_pairs/Jason Kidd_9.jpg,/content/face_module/dataset_extractedfaces/lfw_pairs/Luiz Inacio Lula da Silva_22.jpg,lfw_pairs,impersonation_attack,VGG-Face,clean,clean,0.0474242754280567
60,VGG-Face,/content/face_module/dataset_extractedfaces/lfw_pairs/Jason Kidd_9.jpg,/content/face_module/dataset_extractedfaces/lfw_pairs/Luiz Inacio Lula da Silva_22.jpg,lfw_pairs,impersonation_attack,VGG-Face,clean,clean,0.0474242754280567
60,ArcFace,/content/face_module/dataset_extractedfaces/lfw_pairs/Jason Kidd_9.jpg,/content/face_module/dataset_extractedfaces/lfw_pairs/Luiz Inacio Lula da Silva_22.jpg,lfw_pairs,impersonation_attack,VGG-Face,PGD,vanilla,0.0779309868812561
60,ArcFace,/content/face_module/dataset_extractedfaces/lfw_pairs/Jason Kidd_9.jpg,/content/face_module/dataset_extractedfaces/lfw_pairs/Luiz Inacio Lula da Silva_22.jpg,lfw_pairs,impersonation_attack,VGG-Face,MI_FGSM,vanilla,0.174798846244812
60,ArcFace,/content/face_module/dataset_extractedfaces/lfw_pairs/Jason Kidd_9.jpg,/content/face_module/dataset_extractedfaces/lfw_pairs/Luiz Inacio Lula da Silva_22.jpg,lfw_pairs,impersonation_attack,VGG-Face,TI_FGSM,vanilla,0.1171413883566856
60,ArcFace,/content/face_module/dataset_extractedfaces/lfw_pairs/Jason Kidd_9.jpg,/content/face_module/dataset_extractedfaces/lfw_pairs/Luiz Inacio Lula da Silva_22.jpg,lfw_pairs,impersonation_attack,VGG-Face,SI_NI_FGSM,vanilla,0.190174400806427
60,ArcFace,/content/face_module/dataset_extractedfaces/lfw_pairs/Jason Kidd_9.jpg,/content/face_module/dataset_extractedfaces/lfw_pairs/Luiz Inacio Lula da Silva_22.jpg,lfw_pairs,impersonation_attack,VGG-Face,MI_ADMIX_DI_TI,vanilla,0.1403388530015945
60,Facenet512,/content/face_module/dataset_extractedfaces/lfw_pairs/Jason Kidd_9.jpg,/content/face_module/dataset_extractedfaces/lfw_pairs/Luiz Inacio Lula da Silva_22.jpg,lfw_pairs,impersonation_attack,VGG-Face,PGD,vanilla,0.1496350765228271
60,Facenet512,/content/face_module/dataset_extractedfaces/lfw_pairs/Jason Kidd_9.jpg,/content/face_module/dataset_extractedfaces/lfw_pairs/Luiz Inacio Lula da Silva_22.jpg,lfw_pairs,impersonation_attack,VGG-Face,MI_FGSM,vanilla,0.2937430143356323
60,Facenet512,/content/face_module/dataset_extractedfaces/lfw_pairs/Jason Kidd_9.jpg,/content/face_module/dataset_extractedfaces/lfw_pairs/Luiz Inacio Lula da Silva_22.jpg,lfw_pairs,impersonation_attack,VGG-Face,TI_FGSM,vanilla,0.2059578150510788
60,Facenet512,/content/face_module/dataset_extractedfaces/lfw_pairs/Jason Kidd_9.jpg,/content/face_module/dataset_extractedfaces/lfw_pairs/Luiz Inacio Lula da Silva_22.jpg,lfw_pairs,impersonation_attack,VGG-Face,SI_NI_FGSM,vanilla,0.3352271616458893
60,Facenet512,/content/face_module/dataset_extractedfaces/lfw_pairs/Jason Kidd_9.jpg,/content/face_module/dataset_extractedfaces/lfw_pairs/Luiz Inacio Lula da Silva_22.jpg,lfw_pairs,impersonation_attack,VGG-Face,MI_ADMIX_DI_TI,vanilla,0.2732562124729156
60,GhostFaceNet,/content/face_module/dataset_extractedfaces/lfw_pairs/Jason Kidd_9.jpg,/content/face_module/dataset_extractedfaces/lfw_pairs/Luiz Inacio Lula da Silva_22.jpg,lfw_pairs,impersonation_attack,VGG-Face,PGD,vanilla,0.057898323982954
60,GhostFaceNet,/content/face_module/dataset_extractedfaces/lfw_pairs/Jason Kidd_9.jpg,/content/face_module/dataset_extractedfaces/lfw_pairs/Luiz Inacio Lula da Silva_22.jpg,lfw_pairs,impersonation_attack,VGG-Face,MI_FGSM,vanilla,0.0878066569566726
60,GhostFaceNet,/content/face_module/dataset_extractedfaces/lfw_pairs/Jason Kidd_9.jpg,/content/face_module/dataset_extractedfaces/lfw_pairs/Luiz Inacio Lula da Silva_22.jpg,lfw_pairs,impersonation_attack,VGG-Face,TI_FGSM,vanilla,0.0643135011196136
60,GhostFaceNet,/content/face_module/dataset_extractedfaces/lfw_pairs/Jason Kidd_9.jpg,/content/face_module/dataset_extractedfaces/lfw_pairs/Luiz Inacio Lula da Silva_22.jpg,lfw_pairs,impersonation_attack,VGG-Face,SI_NI_FGSM,vanilla,0.0977544337511062
60,GhostFaceNet,/content/face_module/dataset_extractedfaces/lfw_pairs/Jason Kidd_9.jpg,/content/face_module/dataset_extractedfaces/lfw_pairs/Luiz Inacio Lula da Silva_22.jpg,lfw_pairs,impersonation_attack,VGG-Face,MI_ADMIX_DI_TI,vanilla,0.0713566094636917
2,ArcFace,/content/face_module/dataset_extractedfaces/celeba_pairs/107859.jpg,/content/face_module/dataset_extractedfaces/celeba_pairs/031892.jpg,celeba_pairs,impersonation_attack,VGG-Face,clean,clean,0.0735538303852081
2,Facenet512,/content/face_module/dataset_extractedfaces/celeba_pairs/107859.jpg,/content/face_module/dataset_extractedfaces/celeba_pairs/031892.jpg,celeba_pairs,impersonation_attack,VGG-Face,clean,clean,0.0735538303852081
2,GhostFaceNet,/content/face_module/dataset_extractedfaces/celeba_pairs/107859.jpg,/content/face_module/dataset_extractedfaces/celeba_pairs/031892.jpg,celeba_pairs,impersonation_attack,VGG-Face,clean,clean,0.0735538303852081
2,VGG-Face,/content/face_module/dataset_extractedfaces/celeba_pairs/107859.jpg,/content/face_module/dataset_extractedfaces/celeba_pairs/031892.jpg,celeba_pairs,impersonation_attack,VGG-Face,clean,clean,0.0735538303852081
2,ArcFace,/content/face_module/dataset_extractedfaces/celeba_pairs/107859.jpg,/content/face_module/dataset_extractedfaces/celeba_pairs/031892.jpg,celeba_pairs,impersonation_attack,VGG-Face,PGD,vanilla,0.1331035792827606
2,ArcFace,/content/face_module/dataset_extractedfaces/celeba_pairs/107859.jpg,/content/face_module/dataset_extractedfaces/celeba_pairs/031892.jpg,celeba_pairs,impersonation_attack,VGG-Face,MI_FGSM,vanilla,0.1851098388433456
2,ArcFace,/content/face_module/dataset_extractedfaces/celeba_pairs/107859.jpg,/content/face_module/dataset_extractedfaces/celeba_pairs/031892.jpg,celeba_pairs,impersonation_attack,VGG-Face,TI_FGSM,vanilla,0.2061264961957931
2,ArcFace,/content/face_module/dataset_extractedfaces/celeba_pairs/107859.jpg,/content/face_module/dataset_extractedfaces/celeba_pairs/031892.jpg,celeba_pairs,impersonation_attack,VGG-Face,SI_NI_FGSM,vanilla,0.221928596496582
2,ArcFace,/content/face_module/dataset_extractedfaces/celeba_pairs/107859.jpg,/content/face_module/dataset_extractedfaces/celeba_pairs/031892.jpg,celeba_pairs,impersonation_attack,VGG-Face,MI_ADMIX_DI_TI,vanilla,0.2098954617977142
2,Facenet512,/content/face_module/dataset_extractedfaces/celeba_pairs/107859.jpg,/content/face_module/dataset_extractedfaces/celeba_pairs/031892.jpg,celeba_pairs,impersonation_attack,VGG-Face,PGD,vanilla,0.2071784138679504
2,Facenet512,/content/face_module/dataset_extractedfaces/celeba_pairs/107859.jpg,/content/face_module/dataset_extractedfaces/celeba_pairs/031892.jpg,celeba_pairs,impersonation_attack,VGG-Face,MI_FGSM,vanilla,0.2118038088083267
2,Facenet512,/content/face_module/dataset_extractedfaces/celeba_pairs/107859.jpg,/content/face_module/dataset_extractedfaces/celeba_pairs/031892.jpg,celeba_pairs,impersonation_attack,VGG-Face,TI_FGSM,vanilla,0.1555398553609848
2,Facenet512,/content/face_module/dataset_extractedfaces/celeba_pairs/107859.jpg,/content/face_module/dataset_extractedfaces/celeba_pairs/031892.jpg,celeba_pairs,impersonation_attack,VGG-Face,SI_NI_FGSM,vanilla,0.245127722620964
2,Facenet512,/content/face_module/dataset_extractedfaces/celeba_pairs/107859.jpg,/content/face_module/dataset_extractedfaces/celeba_pairs/031892.jpg,celeba_pairs,impersonation_attack,VGG-Face,MI_ADMIX_DI_TI,vanilla,0.1310811936855316
2,GhostFaceNet,/content/face_module/dataset_extractedfaces/celeba_pairs/107859.jpg,/content/face_module/dataset_extractedfaces/celeba_pairs/031892.jpg,celeba_pairs,impersonation_attack,VGG-Face,PGD,vanilla,0.1127278879284858
2,GhostFaceNet,/content/face_module/dataset_extractedfaces/celeba_pairs/107859.jpg,/content/face_module/dataset_extractedfaces/celeba_pairs/031892.jpg,celeba_pairs,impersonation_attack,VGG-Face,MI_FGSM,vanilla,0.1157590150833129
2,GhostFaceNet,/content/face_module/dataset_extractedfaces/celeba_pairs/107859.jpg,/content/face_module/dataset_extractedfaces/celeba_pairs/031892.jpg,celeba_pairs,impersonation_attack,VGG-Face,TI_FGSM,vanilla,0.1095742210745811
2,GhostFaceNet,/content/face_module/dataset_extractedfaces/celeba_pairs/107859.jpg,/content/face_module/dataset_extractedfaces/celeba_pairs/031892.jpg,celeba_pairs,impersonation_attack,VGG-Face,SI_NI_FGSM,vanilla,0.1256108880043029
2,GhostFaceNet,/content/face_module/dataset_extractedfaces/celeba_pairs/107859.jpg,/content/face_module/dataset_extractedfaces/celeba_pairs/031892.jpg,celeba_pairs,impersonation_attack,VGG-Face,MI_ADMIX_DI_TI,vanilla,0.0969794988632202
8,ArcFace,/content/face_module/dataset_extractedfaces/celeba_pairs/023666.jpg,/content/face_module/dataset_extractedfaces/celeba_pairs/010959.jpg,celeba_pairs,impersonation_attack,VGG-Face,clean,clean,0.0741819739341735
8,Facenet512,/content/face_module/dataset_extractedfaces/celeba_pairs/023666.jpg,/content/face_module/dataset_extractedfaces/celeba_pairs/010959.jpg,celeba_pairs,impersonation_attack,VGG-Face,clean,clean,0.0741819739341735
8,GhostFaceNet,/content/face_module/dataset_extractedfaces/celeba_pairs/023666.jpg,/content/face_module/dataset_extractedfaces/celeba_pairs/010959.jpg,celeba_pairs,impersonation_attack,VGG-Face,clean,clean,0.0741819739341735
8,VGG-Face,/content/face_module/dataset_extractedfaces/celeba_pairs/023666.jpg,/content/face_module/dataset_extractedfaces/celeba_pairs/010959.jpg,celeba_pairs,impersonation_attack,VGG-Face,clean,clean,0.0741819739341735
8,ArcFace,/content/face_module/dataset_extractedfaces/celeba_pairs/023666.jpg,/content/face_module/dataset_extractedfaces/celeba_pairs/010959.jpg,celeba_pairs,impersonation_attack,VGG-Face,PGD,vanilla,0.1355980634689331
8,ArcFace,/content/face_module/dataset_extractedfaces/celeba_pairs/023666.jpg,/content/face_module/dataset_extractedfaces/celeba_pairs/010959.jpg,celeba_pairs,impersonation_attack,VGG-Face,MI_FGSM,vanilla,0.1812513023614883
8,ArcFace,/content/face_module/dataset_extractedfaces/celeba_pairs/023666.jpg,/content/face_module/dataset_extractedfaces/celeba_pairs/010959.jpg,celeba_pairs,impersonation_attack,VGG-Face,TI_FGSM,vanilla,0.0985762551426887
8,ArcFace,/content/face_module/dataset_extractedfaces/celeba_pairs/023666.jpg,/content/face_module/dataset_extractedfaces/celeba_pairs/010959.jpg,celeba_pairs,impersonation_attack,VGG-Face,SI_NI_FGSM,vanilla,0.233721524477005
8,ArcFace,/content/face_module/dataset_extractedfaces/celeba_pairs/023666.jpg,/content/face_module/dataset_extractedfaces/celeba_pairs/010959.jpg,celeba_pairs,impersonation_attack,VGG-Face,MI_ADMIX_DI_TI,vanilla,0.1222347989678382
8,Facenet512,/content/face_module/dataset_extractedfaces/celeba_pairs/023666.jpg,/content/face_module/dataset_extractedfaces/celeba_pairs/010959.jpg,celeba_pairs,impersonation_attack,VGG-Face,PGD,vanilla,0.1527130752801895
8,Facenet512,/content/face_module/dataset_extractedfaces/celeba_pairs/023666.jpg,/content/face_module/dataset_extractedfaces/celeba_pairs/010959.jpg,celeba_pairs,impersonation_attack,VGG-Face,MI_FGSM,vanilla,0.2140043377876281
8,Facenet512,/content/face_module/dataset_extractedfaces/celeba_pairs/023666.jpg,/content/face_module/dataset_extractedfaces/celeba_pairs/010959.jpg,celeba_pairs,impersonation_attack,VGG-Face,TI_FGSM,vanilla,0.1503552943468094
8,Facenet512,/content/face_module/dataset_extractedfaces/celeba_pairs/023666.jpg,/content/face_module/dataset_extractedfaces/celeba_pairs/010959.jpg,celeba_pairs,impersonation_attack,VGG-Face,SI_NI_FGSM,vanilla,0.2357108145952224
8,Facenet512,/content/face_module/dataset_extractedfaces/celeba_pairs/023666.jpg,/content/face_module/dataset_extractedfaces/celeba_pairs/010959.jpg,celeba_pairs,impersonation_attack,VGG-Face,MI_ADMIX_DI_TI,vanilla,0.1914895325899124
8,GhostFaceNet,/content/face_module/dataset_extractedfaces/celeba_pairs/023666.jpg,/content/face_module/dataset_extractedfaces/celeba_pairs/010959.jpg,celeba_pairs,impersonation_attack,VGG-Face,PGD,vanilla,0.0843882635235786
8,GhostFaceNet,/content/face_module/dataset_extractedfaces/celeba_pairs/023666.jpg,/content/face_module/dataset_extractedfaces/celeba_pairs/010959.jpg,celeba_pairs,impersonation_attack,VGG-Face,MI_FGSM,vanilla,0.1253780424594879
8,GhostFaceNet,/content/face_module/dataset_extractedfaces/celeba_pairs/023666.jpg,/content/face_module/dataset_extractedfaces/celeba_pairs/010959.jpg,celeba_pairs,impersonation_attack,VGG-Face,TI_FGSM,vanilla,0.1151184439659118
8,GhostFaceNet,/content/face_module/dataset_extractedfaces/celeba_pairs/023666.jpg,/content/face_module/dataset_extractedfaces/celeba_pairs/010959.jpg,celeba_pairs,impersonation_attack,VGG-Face,SI_NI_FGSM,vanilla,0.1180538535118103
8,GhostFaceNet,/content/face_module/dataset_extractedfaces/celeba_pairs/023666.jpg,/content/face_module/dataset_extractedfaces/celeba_pairs/010959.jpg,celeba_pairs,impersonation_attack,VGG-Face,MI_ADMIX_DI_TI,vanilla,0.1214379146695137
12,ArcFace,/content/face_module/dataset_extractedfaces/celeba_pairs/003089.jpg,/content/face_module/dataset_extractedfaces/celeba_pairs/016966.jpg,celeba_pairs,impersonation_attack,VGG-Face,clean,clean,0.0685249716043472
12,Facenet512,/content/face_module/dataset_extractedfaces/celeba_pairs/003089.jpg,/content/face_module/dataset_extractedfaces/celeba_pairs/016966.jpg,celeba_pairs,impersonation_attack,VGG-Face,clean,clean,0.0685249716043472
12,GhostFaceNet,/content/face_module/dataset_extractedfaces/celeba_pairs/003089.jpg,/content/face_module/dataset_extractedfaces/celeba_pairs/016966.jpg,celeba_pairs,impersonation_attack,VGG-Face,clean,clean,0.0685249716043472
12,VGG-Face,/content/face_module/dataset_extractedfaces/celeba_pairs/003089.jpg,/content/face_module/dataset_extractedfaces/celeba_pairs/016966.jpg,celeba_pairs,impersonation_attack,VGG-Face,clean,clean,0.0685249716043472
12,ArcFace,/content/face_module/dataset_extractedfaces/celeba_pairs/003089.jpg,/content/face_module/dataset_extractedfaces/celeba_pairs/016966.jpg,celeba_pairs,impersonation_attack,VGG-Face,PGD,vanilla,0.0815517678856849
12,ArcFace,/content/face_module/dataset_extractedfaces/celeba_pairs/003089.jpg,/content/face_module/dataset_extractedfaces/celeba_pairs/016966.jpg,celeba_pairs,impersonation_attack,VGG-Face,MI_FGSM,vanilla,0.1003455445170402
12,ArcFace,/content/face_module/dataset_extractedfaces/celeba_pairs/003089.jpg,/content/face_module/dataset_extractedfaces/celeba_pairs/016966.jpg,celeba_pairs,impersonation_attack,VGG-Face,TI_FGSM,vanilla,0.0985606983304023
12,ArcFace,/content/face_module/dataset_extractedfaces/celeba_pairs/003089.jpg,/content/face_module/dataset_extractedfaces/celeba_pairs/016966.jpg,celeba_pairs,impersonation_attack,VGG-Face,SI_NI_FGSM,vanilla,0.1012349054217338
12,ArcFace,/content/face_module/dataset_extractedfaces/celeba_pairs/003089.jpg,/content/face_module/dataset_extractedfaces/celeba_pairs/016966.jpg,celeba_pairs,impersonation_attack,VGG-Face,MI_ADMIX_DI_TI,vanilla,0.0868739709258079
12,Facenet512,/content/face_module/dataset_extractedfaces/celeba_pairs/003089.jpg,/content/face_module/dataset_extractedfaces/celeba_pairs/016966.jpg,celeba_pairs,impersonation_attack,VGG-Face,PGD,vanilla,0.1385343372821808
12,Facenet512,/content/face_module/dataset_extractedfaces/celeba_pairs/003089.jpg,/content/face_module/dataset_extractedfaces/celeba_pairs/016966.jpg,celeba_pairs,impersonation_attack,VGG-Face,MI_FGSM,vanilla,0.1588625758886337
12,Facenet512,/content/face_module/dataset_extractedfaces/celeba_pairs/003089.jpg,/content/face_module/dataset_extractedfaces/celeba_pairs/016966.jpg,celeba_pairs,impersonation_attack,VGG-Face,TI_FGSM,vanilla,0.1546913534402847
12,Facenet512,/content/face_module/dataset_extractedfaces/celeba_pairs/003089.jpg,/content/face_module/dataset_extractedfaces/celeba_pairs/016966.jpg,celeba_pairs,impersonation_attack,VGG-Face,SI_NI_FGSM,vanilla,0.156244158744812
12,Facenet512,/content/face_module/dataset_extractedfaces/celeba_pairs/003089.jpg,/content/face_module/dataset_extractedfaces/celeba_pairs/016966.jpg,celeba_pairs,impersonation_attack,VGG-Face,MI_ADMIX_DI_TI,vanilla,0.1724261790513992
12,GhostFaceNet,/content/face_module/dataset_extractedfaces/celeba_pairs/003089.jpg,/content/face_module/dataset_extractedfaces/celeba_pairs/016966.jpg,celeba_pairs,impersonation_attack,VGG-Face,PGD,vanilla,0.0795304477214813
12,GhostFaceNet,/content/face_module/dataset_extractedfaces/celeba_pairs/003089.jpg,/content/face_module/dataset_extractedfaces/celeba_pairs/016966.jpg,celeba_pairs,impersonation_attack,VGG-Face,MI_FGSM,vanilla,0.0730402395129203
12,GhostFaceNet,/content/face_module/dataset_extractedfaces/celeba_pairs/003089.jpg,/content/face_module/dataset_extractedfaces/celeba_pairs/016966.jpg,celeba_pairs,impersonation_attack,VGG-Face,TI_FGSM,vanilla,0.0760580971837043
12,GhostFaceNet,/content/face_module/dataset_extractedfaces/celeba_pairs/003089.jpg,/content/face_module/dataset_extractedfaces/celeba_pairs/016966.jpg,celeba_pairs,impersonation_attack,VGG-Face,SI_NI_FGSM,vanilla,0.0783063843846321
12,GhostFaceNet,/content/face_module/dataset_extractedfaces/celeba_pairs/003089.jpg,/content/face_module/dataset_extractedfaces/celeba_pairs/016966.jpg,celeba_pairs,impersonation_attack,VGG-Face,MI_ADMIX_DI_TI,vanilla,0.0797091424465179
26,ArcFace,/content/face_module/dataset_extractedfaces/celeba_pairs/113117.jpg,/content/face_module/dataset_extractedfaces/celeba_pairs/129449.jpg,celeba_pairs,impersonation_attack,VGG-Face,clean,clean,0.0275700259953737
26,Facenet512,/content/face_module/dataset_extractedfaces/celeba_pairs/113117.jpg,/content/face_module/dataset_extractedfaces/celeba_pairs/129449.jpg,celeba_pairs,impersonation_attack,VGG-Face,clean,clean,0.0275700259953737
26,GhostFaceNet,/content/face_module/dataset_extractedfaces/celeba_pairs/113117.jpg,/content/face_module/dataset_extractedfaces/celeba_pairs/129449.jpg,celeba_pairs,impersonation_attack,VGG-Face,clean,clean,0.0275700259953737
26,VGG-Face,/content/face_module/dataset_extractedfaces/celeba_pairs/113117.jpg,/content/face_module/dataset_extractedfaces/celeba_pairs/129449.jpg,celeba_pairs,impersonation_attack,VGG-Face,clean,clean,0.0275700259953737
26,ArcFace,/content/face_module/dataset_extractedfaces/celeba_pairs/113117.jpg,/content/face_module/dataset_extractedfaces/celeba_pairs/129449.jpg,celeba_pairs,impersonation_attack,VGG-Face,PGD,vanilla,0.0358518324792385
26,ArcFace,/content/face_module/dataset_extractedfaces/celeba_pairs/113117.jpg,/content/face_module/dataset_extractedfaces/celeba_pairs/129449.jpg,celeba_pairs,impersonation_attack,VGG-Face,MI_FGSM,vanilla,0.0493307933211326
26,ArcFace,/content/face_module/dataset_extractedfaces/celeba_pairs/113117.jpg,/content/face_module/dataset_extractedfaces/celeba_pairs/129449.jpg,celeba_pairs,impersonation_attack,VGG-Face,TI_FGSM,vanilla,0.0545468144118785
26,ArcFace,/content/face_module/dataset_extractedfaces/celeba_pairs/113117.jpg,/content/face_module/dataset_extractedfaces/celeba_pairs/129449.jpg,celeba_pairs,impersonation_attack,VGG-Face,SI_NI_FGSM,vanilla,0.0578964576125144
26,ArcFace,/content/face_module/dataset_extractedfaces/celeba_pairs/113117.jpg,/content/face_module/dataset_extractedfaces/celeba_pairs/129449.jpg,celeba_pairs,impersonation_attack,VGG-Face,MI_ADMIX_DI_TI,vanilla,0.054950438439846
26,Facenet512,/content/face_module/dataset_extractedfaces/celeba_pairs/113117.jpg,/content/face_module/dataset_extractedfaces/celeba_pairs/129449.jpg,celeba_pairs,impersonation_attack,VGG-Face,PGD,vanilla,0.041841447353363
26,Facenet512,/content/face_module/dataset_extractedfaces/celeba_pairs/113117.jpg,/content/face_module/dataset_extractedfaces/celeba_pairs/129449.jpg,celeba_pairs,impersonation_attack,VGG-Face,MI_FGSM,vanilla,0.0479977652430534
26,Facenet512,/content/face_module/dataset_extractedfaces/celeba_pairs/113117.jpg,/content/face_module/dataset_extractedfaces/celeba_pairs/129449.jpg,celeba_pairs,impersonation_attack,VGG-Face,TI_FGSM,vanilla,0.0524837747216224
26,Facenet512,/content/face_module/dataset_extractedfaces/celeba_pairs/113117.jpg,/content/face_module/dataset_extractedfaces/celeba_pairs/129449.jpg,celeba_pairs,impersonation_attack,VGG-Face,SI_NI_FGSM,vanilla,0.0666331946849823
26,Facenet512,/content/face_module/dataset_extractedfaces/celeba_pairs/113117.jpg,/content/face_module/dataset_extractedfaces/celeba_pairs/129449.jpg,celeba_pairs,impersonation_attack,VGG-Face,MI_ADMIX_DI_TI,vanilla,0.0484947003424167
26,GhostFaceNet,/content/face_module/dataset_extractedfaces/celeba_pairs/113117.jpg,/content/face_module/dataset_extractedfaces/celeba_pairs/129449.jpg,celeba_pairs,impersonation_attack,VGG-Face,PGD,vanilla,0.0250598508864641
26,GhostFaceNet,/content/face_module/dataset_extractedfaces/celeba_pairs/113117.jpg,/content/face_module/dataset_extractedfaces/celeba_pairs/129449.jpg,celeba_pairs,impersonation_attack,VGG-Face,MI_FGSM,vanilla,0.0248398948460817
26,GhostFaceNet,/content/face_module/dataset_extractedfaces/celeba_pairs/113117.jpg,/content/face_module/dataset_extractedfaces/celeba_pairs/129449.jpg,celeba_pairs,impersonation_attack,VGG-Face,TI_FGSM,vanilla,0.0274693630635738
26,GhostFaceNet,/content/face_module/dataset_extractedfaces/celeba_pairs/113117.jpg,/content/face_module/dataset_extractedfaces/celeba_pairs/129449.jpg,celeba_pairs,impersonation_attack,VGG-Face,SI_NI_FGSM,vanilla,0.0232005678117275
26,GhostFaceNet,/content/face_module/dataset_extractedfaces/celeba_pairs/113117.jpg,/content/face_module/dataset_extractedfaces/celeba_pairs/129449.jpg,celeba_pairs,impersonation_attack,VGG-Face,MI_ADMIX_DI_TI,vanilla,0.0293909721076488
34,ArcFace,/content/face_module/dataset_extractedfaces/celeba_pairs/001430.jpg,/content/face_module/dataset_extractedfaces/celeba_pairs/046649.jpg,celeba_pairs,impersonation_attack,VGG-Face,clean,clean,0.1489526182413101
34,Facenet512,/content/face_module/dataset_extractedfaces/celeba_pairs/001430.jpg,/content/face_module/dataset_extractedfaces/celeba_pairs/046649.jpg,celeba_pairs,impersonation_attack,VGG-Face,clean,clean,0.1489526182413101
34,GhostFaceNet,/content/face_module/dataset_extractedfaces/celeba_pairs/001430.jpg,/content/face_module/dataset_extractedfaces/celeba_pairs/046649.jpg,celeba_pairs,impersonation_attack,VGG-Face,clean,clean,0.1489526182413101
34,VGG-Face,/content/face_module/dataset_extractedfaces/celeba_pairs/001430.jpg,/content/face_module/dataset_extractedfaces/celeba_pairs/046649.jpg,celeba_pairs,impersonation_attack,VGG-Face,clean,clean,0.1489526182413101
34,ArcFace,/content/face_module/dataset_extractedfaces/celeba_pairs/001430.jpg,/content/face_module/dataset_extractedfaces/celeba_pairs/046649.jpg,celeba_pairs,impersonation_attack,VGG-Face,PGD,vanilla,0.1818450987339019
34,ArcFace,/content/face_module/dataset_extractedfaces/celeba_pairs/001430.jpg,/content/face_module/dataset_extractedfaces/celeba_pairs/046649.jpg,celeba_pairs,impersonation_attack,VGG-Face,MI_FGSM,vanilla,0.1712514907121658
34,ArcFace,/content/face_module/dataset_extractedfaces/celeba_pairs/001430.jpg,/content/face_module/dataset_extractedfaces/celeba_pairs/046649.jpg,celeba_pairs,impersonation_attack,VGG-Face,TI_FGSM,vanilla,0.1768978238105774
34,ArcFace,/content/face_module/dataset_extractedfaces/celeba_pairs/001430.jpg,/content/face_module/dataset_extractedfaces/celeba_pairs/046649.jpg,celeba_pairs,impersonation_attack,VGG-Face,SI_NI_FGSM,vanilla,0.182196632027626
34,ArcFace,/content/face_module/dataset_extractedfaces/celeba_pairs/001430.jpg,/content/face_module/dataset_extractedfaces/celeba_pairs/046649.jpg,celeba_pairs,impersonation_attack,VGG-Face,MI_ADMIX_DI_TI,vanilla,0.1747693419456482
34,Facenet512,/content/face_module/dataset_extractedfaces/celeba_pairs/001430.jpg,/content/face_module/dataset_extractedfaces/celeba_pairs/046649.jpg,celeba_pairs,impersonation_attack,VGG-Face,PGD,vanilla,0.2458492219448089
34,Facenet512,/content/face_module/dataset_extractedfaces/celeba_pairs/001430.jpg,/content/face_module/dataset_extractedfaces/celeba_pairs/046649.jpg,celeba_pairs,impersonation_attack,VGG-Face,MI_FGSM,vanilla,0.2615246474742889
34,Facenet512,/content/face_module/dataset_extractedfaces/celeba_pairs/001430.jpg,/content/face_module/dataset_extractedfaces/celeba_pairs/046649.jpg,celeba_pairs,impersonation_attack,VGG-Face,TI_FGSM,vanilla,0.2915778160095215
34,Facenet512,/content/face_module/dataset_extractedfaces/celeba_pairs/001430.jpg,/content/face_module/dataset_extractedfaces/celeba_pairs/046649.jpg,celeba_pairs,impersonation_attack,VGG-Face,SI_NI_FGSM,vanilla,0.2968001365661621
34,Facenet512,/content/face_module/dataset_extractedfaces/celeba_pairs/001430.jpg,/content/face_module/dataset_extractedfaces/celeba_pairs/046649.jpg,celeba_pairs,impersonation_attack,VGG-Face,MI_ADMIX_DI_TI,vanilla,0.3056261241436004
34,GhostFaceNet,/content/face_module/dataset_extractedfaces/celeba_pairs/001430.jpg,/content/face_module/dataset_extractedfaces/celeba_pairs/046649.jpg,celeba_pairs,impersonation_attack,VGG-Face,PGD,vanilla,0.1598738729953766
34,GhostFaceNet,/content/face_module/dataset_extractedfaces/celeba_pairs/001430.jpg,/content/face_module/dataset_extractedfaces/celeba_pairs/046649.jpg,celeba_pairs,impersonation_attack,VGG-Face,MI_FGSM,vanilla,0.1477674096822738
34,GhostFaceNet,/content/face_module/dataset_extractedfaces/celeba_pairs/001430.jpg,/content/face_module/dataset_extractedfaces/celeba_pairs/046649.jpg,celeba_pairs,impersonation_attack,VGG-Face,TI_FGSM,vanilla,0.1411022990942001
34,GhostFaceNet,/content/face_module/dataset_extractedfaces/celeba_pairs/001430.jpg,/content/face_module/dataset_extractedfaces/celeba_pairs/046649.jpg,celeba_pairs,impersonation_attack,VGG-Face,SI_NI_FGSM,vanilla,0.1447376906871795
34,GhostFaceNet,/content/face_module/dataset_extractedfaces/celeba_pairs/001430.jpg,/content/face_module/dataset_extractedfaces/celeba_pairs/046649.jpg,celeba_pairs,impersonation_attack,VGG-Face,MI_ADMIX_DI_TI,vanilla,0.1743243336677551
3,ArcFace,/content/face_module/dataset_extractedfaces/vggface2_pairs/n000007_0076_01.jpg,/content/face_module/dataset_extractedfaces/vggface2_pairs/n000005_0080_01.jpg,vggface2_pairs,impersonation_attack,VGG-Face,clean,clean,0.0580454394221305
3,Facenet512,/content/face_module/dataset_extractedfaces/vggface2_pairs/n000007_0076_01.jpg,/content/face_module/dataset_extractedfaces/vggface2_pairs/n000005_0080_01.jpg,vggface2_pairs,impersonation_attack,VGG-Face,clean,clean,0.0580454394221305
3,GhostFaceNet,/content/face_module/dataset_extractedfaces/vggface2_pairs/n000007_0076_01.jpg,/content/face_module/dataset_extractedfaces/vggface2_pairs/n000005_0080_01.jpg,vggface2_pairs,impersonation_attack,VGG-Face,clean,clean,0.0580454394221305
3,VGG-Face,/content/face_module/dataset_extractedfaces/vggface2_pairs/n000007_0076_01.jpg,/content/face_module/dataset_extractedfaces/vggface2_pairs/n000005_0080_01.jpg,vggface2_pairs,impersonation_attack,VGG-Face,clean,clean,0.0580454394221305
3,ArcFace,/content/face_module/dataset_extractedfaces/vggface2_pairs/n000007_0076_01.jpg,/content/face_module/dataset_extractedfaces/vggface2_pairs/n000005_0080_01.jpg,vggface2_pairs,impersonation_attack,VGG-Face,PGD,vanilla,0.0894190371036529
3,ArcFace,/content/face_module/dataset_extractedfaces/vggface2_pairs/n000007_0076_01.jpg,/content/face_module/dataset_extractedfaces/vggface2_pairs/n000005_0080_01.jpg,vggface2_pairs,impersonation_attack,VGG-Face,MI_FGSM,vanilla,0.1347288638353347
3,ArcFace,/content/face_module/dataset_extractedfaces/vggface2_pairs/n000007_0076_01.jpg,/content/face_module/dataset_extractedfaces/vggface2_pairs/n000005_0080_01.jpg,vggface2_pairs,impersonation_attack,VGG-Face,TI_FGSM,vanilla,0.1053801700472831
3,ArcFace,/content/face_module/dataset_extractedfaces/vggface2_pairs/n000007_0076_01.jpg,/content/face_module/dataset_extractedfaces/vggface2_pairs/n000005_0080_01.jpg,vggface2_pairs,impersonation_attack,VGG-Face,SI_NI_FGSM,vanilla,0.1713715642690658
3,ArcFace,/content/face_module/dataset_extractedfaces/vggface2_pairs/n000007_0076_01.jpg,/content/face_module/dataset_extractedfaces/vggface2_pairs/n000005_0080_01.jpg,vggface2_pairs,impersonation_attack,VGG-Face,MI_ADMIX_DI_TI,vanilla,0.0984046533703804
3,Facenet512,/content/face_module/dataset_extractedfaces/vggface2_pairs/n000007_0076_01.jpg,/content/face_module/dataset_extractedfaces/vggface2_pairs/n000005_0080_01.jpg,vggface2_pairs,impersonation_attack,VGG-Face,PGD,vanilla,0.0904293581843376
3,Facenet512,/content/face_module/dataset_extractedfaces/vggface2_pairs/n000007_0076_01.jpg,/content/face_module/dataset_extractedfaces/vggface2_pairs/n000005_0080_01.jpg,vggface2_pairs,impersonation_attack,VGG-Face,MI_FGSM,vanilla,0.112915389239788
3,Facenet512,/content/face_module/dataset_extractedfaces/vggface2_pairs/n000007_0076_01.jpg,/content/face_module/dataset_extractedfaces/vggface2_pairs/n000005_0080_01.jpg,vggface2_pairs,impersonation_attack,VGG-Face,TI_FGSM,vanilla,0.0989852175116539
3,Facenet512,/content/face_module/dataset_extractedfaces/vggface2_pairs/n000007_0076_01.jpg,/content/face_module/dataset_extractedfaces/vggface2_pairs/n000005_0080_01.jpg,vggface2_pairs,impersonation_attack,VGG-Face,SI_NI_FGSM,vanilla,0.0997619852423667
3,Facenet512,/content/face_module/dataset_extractedfaces/vggface2_pairs/n000007_0076_01.jpg,/content/face_module/dataset_extractedfaces/vggface2_pairs/n000005_0080_01.jpg,vggface2_pairs,impersonation_attack,VGG-Face,MI_ADMIX_DI_TI,vanilla,0.0918287709355354
3,GhostFaceNet,/content/face_module/dataset_extractedfaces/vggface2_pairs/n000007_0076_01.jpg,/content/face_module/dataset_extractedfaces/vggface2_pairs/n000005_0080_01.jpg,vggface2_pairs,impersonation_attack,VGG-Face,PGD,vanilla,0.0733365416526794
3,GhostFaceNet,/content/face_module/dataset_extractedfaces/vggface2_pairs/n000007_0076_01.jpg,/content/face_module/dataset_extractedfaces/vggface2_pairs/n000005_0080_01.jpg,vggface2_pairs,impersonation_attack,VGG-Face,MI_FGSM,vanilla,0.098124198615551
3,GhostFaceNet,/content/face_module/dataset_extractedfaces/vggface2_pairs/n000007_0076_01.jpg,/content/face_module/dataset_extractedfaces/vggface2_pairs/n000005_0080_01.jpg,vggface2_pairs,impersonation_attack,VGG-Face,TI_FGSM,vanilla,0.0715273395180702
3,GhostFaceNet,/content/face_module/dataset_extractedfaces/vggface2_pairs/n000007_0076_01.jpg,/content/face_module/dataset_extractedfaces/vggface2_pairs/n000005_0080_01.jpg,vggface2_pairs,impersonation_attack,VGG-Face,SI_NI_FGSM,vanilla,0.0908113792538642
3,GhostFaceNet,/content/face_module/dataset_extractedfaces/vggface2_pairs/n000007_0076_01.jpg,/content/face_module/dataset_extractedfaces/vggface2_pairs/n000005_0080_01.jpg,vggface2_pairs,impersonation_attack,VGG-Face,MI_ADMIX_DI_TI,vanilla,0.0665928646922111
5,ArcFace,/content/face_module/dataset_extractedfaces/vggface2_pairs/n000004_0204_01.jpg,/content/face_module/dataset_extractedfaces/vggface2_pairs/n000002_0070_01.jpg,vggface2_pairs,impersonation_attack,VGG-Face,clean,clean,0.0456396415829658
5,Facenet512,/content/face_module/dataset_extractedfaces/vggface2_pairs/n000004_0204_01.jpg,/content/face_module/dataset_extractedfaces/vggface2_pairs/n000002_0070_01.jpg,vggface2_pairs,impersonation_attack,VGG-Face,clean,clean,0.0456396415829658
5,GhostFaceNet,/content/face_module/dataset_extractedfaces/vggface2_pairs/n000004_0204_01.jpg,/content/face_module/dataset_extractedfaces/vggface2_pairs/n000002_0070_01.jpg,vggface2_pairs,impersonation_attack,VGG-Face,clean,clean,0.0456396415829658
5,VGG-Face,/content/face_module/dataset_extractedfaces/vggface2_pairs/n000004_0204_01.jpg,/content/face_module/dataset_extractedfaces/vggface2_pairs/n000002_0070_01.jpg,vggface2_pairs,impersonation_attack,VGG-Face,clean,clean,0.0456396415829658
5,ArcFace,/content/face_module/dataset_extractedfaces/vggface2_pairs/n000004_0204_01.jpg,/content/face_module/dataset_extractedfaces/vggface2_pairs/n000002_0070_01.jpg,vggface2_pairs,impersonation_attack,VGG-Face,PGD,vanilla,0.0717104747891426
5,ArcFace,/content/face_module/dataset_extractedfaces/vggface2_pairs/n000004_0204_01.jpg,/content/face_module/dataset_extractedfaces/vggface2_pairs/n000002_0070_01.jpg,vggface2_pairs,impersonation_attack,VGG-Face,MI_FGSM,vanilla,0.0780374035239219
5,ArcFace,/content/face_module/dataset_extractedfaces/vggface2_pairs/n000004_0204_01.jpg,/content/face_module/dataset_extractedfaces/vggface2_pairs/n000002_0070_01.jpg,vggface2_pairs,impersonation_attack,VGG-Face,TI_FGSM,vanilla,0.0758423507213592
5,ArcFace,/content/face_module/dataset_extractedfaces/vggface2_pairs/n000004_0204_01.jpg,/content/face_module/dataset_extractedfaces/vggface2_pairs/n000002_0070_01.jpg,vggface2_pairs,impersonation_attack,VGG-Face,SI_NI_FGSM,vanilla,0.0716263875365257
5,ArcFace,/content/face_module/dataset_extractedfaces/vggface2_pairs/n000004_0204_01.jpg,/content/face_module/dataset_extractedfaces/vggface2_pairs/n000002_0070_01.jpg,vggface2_pairs,impersonation_attack,VGG-Face,MI_ADMIX_DI_TI,vanilla,0.0886936858296394
5,Facenet512,/content/face_module/dataset_extractedfaces/vggface2_pairs/n000004_0204_01.jpg,/content/face_module/dataset_extractedfaces/vggface2_pairs/n000002_0070_01.jpg,vggface2_pairs,impersonation_attack,VGG-Face,PGD,vanilla,0.0892459824681282
5,Facenet512,/content/face_module/dataset_extractedfaces/vggface2_pairs/n000004_0204_01.jpg,/content/face_module/dataset_extractedfaces/vggface2_pairs/n000002_0070_01.jpg,vggface2_pairs,impersonation_attack,VGG-Face,MI_FGSM,vanilla,0.1069186031818389
5,Facenet512,/content/face_module/dataset_extractedfaces/vggface2_pairs/n000004_0204_01.jpg,/content/face_module/dataset_extractedfaces/vggface2_pairs/n000002_0070_01.jpg,vggface2_pairs,impersonation_attack,VGG-Face,TI_FGSM,vanilla,0.0851141288876533
5,Facenet512,/content/face_module/dataset_extractedfaces/vggface2_pairs/n000004_0204_01.jpg,/content/face_module/dataset_extractedfaces/vggface2_pairs/n000002_0070_01.jpg,vggface2_pairs,impersonation_attack,VGG-Face,SI_NI_FGSM,vanilla,0.1028115972876548
5,Facenet512,/content/face_module/dataset_extractedfaces/vggface2_pairs/n000004_0204_01.jpg,/content/face_module/dataset_extractedfaces/vggface2_pairs/n000002_0070_01.jpg,vggface2_pairs,impersonation_attack,VGG-Face,MI_ADMIX_DI_TI,vanilla,0.0792319253087043
5,GhostFaceNet,/content/face_module/dataset_extractedfaces/vggface2_pairs/n000004_0204_01.jpg,/content/face_module/dataset_extractedfaces/vggface2_pairs/n000002_0070_01.jpg,vggface2_pairs,impersonation_attack,VGG-Face,PGD,vanilla,0.0586286894977092
5,GhostFaceNet,/content/face_module/dataset_extractedfaces/vggface2_pairs/n000004_0204_01.jpg,/content/face_module/dataset_extractedfaces/vggface2_pairs/n000002_0070_01.jpg,vggface2_pairs,impersonation_attack,VGG-Face,MI_FGSM,vanilla,0.0984976440668106
5,GhostFaceNet,/content/face_module/dataset_extractedfaces/vggface2_pairs/n000004_0204_01.jpg,/content/face_module/dataset_extractedfaces/vggface2_pairs/n000002_0070_01.jpg,vggface2_pairs,impersonation_attack,VGG-Face,TI_FGSM,vanilla,0.0718053430318832
5,GhostFaceNet,/content/face_module/dataset_extractedfaces/vggface2_pairs/n000004_0204_01.jpg,/content/face_module/dataset_extractedfaces/vggface2_pairs/n000002_0070_01.jpg,vggface2_pairs,impersonation_attack,VGG-Face,SI_NI_FGSM,vanilla,0.0913308709859848
5,GhostFaceNet,/content/face_module/dataset_extractedfaces/vggface2_pairs/n000004_0204_01.jpg,/content/face_module/dataset_extractedfaces/vggface2_pairs/n000002_0070_01.jpg,vggface2_pairs,impersonation_attack,VGG-Face,MI_ADMIX_DI_TI,vanilla,0.0884283706545829
17,ArcFace,/content/face_module/dataset_extractedfaces/vggface2_pairs/n000016_0036_01.jpg,/content/face_module/dataset_extractedfaces/vggface2_pairs/n000012_0087_01.jpg,vggface2_pairs,impersonation_attack,VGG-Face,clean,clean,0.121972382068634
17,Facenet512,/content/face_module/dataset_extractedfaces/vggface2_pairs/n000016_0036_01.jpg,/content/face_module/dataset_extractedfaces/vggface2_pairs/n000012_0087_01.jpg,vggface2_pairs,impersonation_attack,VGG-Face,clean,clean,0.121972382068634
17,GhostFaceNet,/content/face_module/dataset_extractedfaces/vggface2_pairs/n000016_0036_01.jpg,/content/face_module/dataset_extractedfaces/vggface2_pairs/n000012_0087_01.jpg,vggface2_pairs,impersonation_attack,VGG-Face,clean,clean,0.121972382068634
17,VGG-Face,/content/face_module/dataset_extractedfaces/vggface2_pairs/n000016_0036_01.jpg,/content/face_module/dataset_extractedfaces/vggface2_pairs/n000012_0087_01.jpg,vggface2_pairs,impersonation_attack,VGG-Face,clean,clean,0.121972382068634
17,ArcFace,/content/face_module/dataset_extractedfaces/vggface2_pairs/n000016_0036_01.jpg,/content/face_module/dataset_extractedfaces/vggface2_pairs/n000012_0087_01.jpg,vggface2_pairs,impersonation_attack,VGG-Face,PGD,vanilla,0.1742568910121917
17,ArcFace,/content/face_module/dataset_extractedfaces/vggface2_pairs/n000016_0036_01.jpg,/content/face_module/dataset_extractedfaces/vggface2_pairs/n000012_0087_01.jpg,vggface2_pairs,impersonation_attack,VGG-Face,MI_FGSM,vanilla,0.2876883447170257
17,ArcFace,/content/face_module/dataset_extractedfaces/vggface2_pairs/n000016_0036_01.jpg,/content/face_module/dataset_extractedfaces/vggface2_pairs/n000012_0087_01.jpg,vggface2_pairs,impersonation_attack,VGG-Face,TI_FGSM,vanilla,0.2618430852890014
17,ArcFace,/content/face_module/dataset_extractedfaces/vggface2_pairs/n000016_0036_01.jpg,/content/face_module/dataset_extractedfaces/vggface2_pairs/n000012_0087_01.jpg,vggface2_pairs,impersonation_attack,VGG-Face,SI_NI_FGSM,vanilla,0.2861195206642151
17,ArcFace,/content/face_module/dataset_extractedfaces/vggface2_pairs/n000016_0036_01.jpg,/content/face_module/dataset_extractedfaces/vggface2_pairs/n000012_0087_01.jpg,vggface2_pairs,impersonation_attack,VGG-Face,MI_ADMIX_DI_TI,vanilla,0.2609241604804992
17,Facenet512,/content/face_module/dataset_extractedfaces/vggface2_pairs/n000016_0036_01.jpg,/content/face_module/dataset_extractedfaces/vggface2_pairs/n000012_0087_01.jpg,vggface2_pairs,impersonation_attack,VGG-Face,PGD,vanilla,0.2485379725694656
17,Facenet512,/content/face_module/dataset_extractedfaces/vggface2_pairs/n000016_0036_01.jpg,/content/face_module/dataset_extractedfaces/vggface2_pairs/n000012_0087_01.jpg,vggface2_pairs,impersonation_attack,VGG-Face,MI_FGSM,vanilla,0.3000901937484741
17,Facenet512,/content/face_module/dataset_extractedfaces/vggface2_pairs/n000016_0036_01.jpg,/content/face_module/dataset_extractedfaces/vggface2_pairs/n000012_0087_01.jpg,vggface2_pairs,impersonation_attack,VGG-Face,TI_FGSM,vanilla,0.3418036103248596
17,Facenet512,/content/face_module/dataset_extractedfaces/vggface2_pairs/n000016_0036_01.jpg,/content/face_module/dataset_extractedfaces/vggface2_pairs/n000012_0087_01.jpg,vggface2_pairs,impersonation_attack,VGG-Face,SI_NI_FGSM,vanilla,0.3259619474411011
17,Facenet512,/content/face_module/dataset_extractedfaces/vggface2_pairs/n000016_0036_01.jpg,/content/face_module/dataset_extractedfaces/vggface2_pairs/n000012_0087_01.jpg,vggface2_pairs,impersonation_attack,VGG-Face,MI_ADMIX_DI_TI,vanilla,0.3676041066646576
17,GhostFaceNet,/content/face_module/dataset_extractedfaces/vggface2_pairs/n000016_0036_01.jpg,/content/face_module/dataset_extractedfaces/vggface2_pairs/n000012_0087_01.jpg,vggface2_pairs,impersonation_attack,VGG-Face,PGD,vanilla,0.1355711966753006
17,GhostFaceNet,/content/face_module/dataset_extractedfaces/vggface2_pairs/n000016_0036_01.jpg,/content/face_module/dataset_extractedfaces/vggface2_pairs/n000012_0087_01.jpg,vggface2_pairs,impersonation_attack,VGG-Face,MI_FGSM,vanilla,0.1594857424497604
17,GhostFaceNet,/content/face_module/dataset_extractedfaces/vggface2_pairs/n000016_0036_01.jpg,/content/face_module/dataset_extractedfaces/vggface2_pairs/n000012_0087_01.jpg,vggface2_pairs,impersonation_attack,VGG-Face,TI_FGSM,vanilla,0.1433668434619903
17,GhostFaceNet,/content/face_module/dataset_extractedfaces/vggface2_pairs/n000016_0036_01.jpg,/content/face_module/dataset_extractedfaces/vggface2_pairs/n000012_0087_01.jpg,vggface2_pairs,impersonation_attack,VGG-Face,SI_NI_FGSM,vanilla,0.1703968942165374
17,GhostFaceNet,/content/face_module/dataset_extractedfaces/vggface2_pairs/n000016_0036_01.jpg,/content/face_module/dataset_extractedfaces/vggface2_pairs/n000012_0087_01.jpg,vggface2_pairs,impersonation_attack,VGG-Face,MI_ADMIX_DI_TI,vanilla,0.136355847120285
19,ArcFace,/content/face_module/dataset_extractedfaces/vggface2_pairs/n000007_0012_01.jpg,/content/face_module/dataset_extractedfaces/vggface2_pairs/n000008_0101_01.jpg,vggface2_pairs,impersonation_attack,VGG-Face,clean,clean,0.0560860224068164
19,Facenet512,/content/face_module/dataset_extractedfaces/vggface2_pairs/n000007_0012_01.jpg,/content/face_module/dataset_extractedfaces/vggface2_pairs/n000008_0101_01.jpg,vggface2_pairs,impersonation_attack,VGG-Face,clean,clean,0.0560860224068164
19,GhostFaceNet,/content/face_module/dataset_extractedfaces/vggface2_pairs/n000007_0012_01.jpg,/content/face_module/dataset_extractedfaces/vggface2_pairs/n000008_0101_01.jpg,vggface2_pairs,impersonation_attack,VGG-Face,clean,clean,0.0560860224068164
19,VGG-Face,/content/face_module/dataset_extractedfaces/vggface2_pairs/n000007_0012_01.jpg,/content/face_module/dataset_extractedfaces/vggface2_pairs/n000008_0101_01.jpg,vggface2_pairs,impersonation_attack,VGG-Face,clean,clean,0.0560860224068164
19,ArcFace,/content/face_module/dataset_extractedfaces/vggface2_pairs/n000007_0012_01.jpg,/content/face_module/dataset_extractedfaces/vggface2_pairs/n000008_0101_01.jpg,vggface2_pairs,impersonation_attack,VGG-Face,PGD,vanilla,0.0783127918839454
19,ArcFace,/content/face_module/dataset_extractedfaces/vggface2_pairs/n000007_0012_01.jpg,/content/face_module/dataset_extractedfaces/vggface2_pairs/n000008_0101_01.jpg,vggface2_pairs,impersonation_attack,VGG-Face,MI_FGSM,vanilla,0.1115412712097168
19,ArcFace,/content/face_module/dataset_extractedfaces/vggface2_pairs/n000007_0012_01.jpg,/content/face_module/dataset_extractedfaces/vggface2_pairs/n000008_0101_01.jpg,vggface2_pairs,impersonation_attack,VGG-Face,TI_FGSM,vanilla,0.1039653792977333
19,ArcFace,/content/face_module/dataset_extractedfaces/vggface2_pairs/n000007_0012_01.jpg,/content/face_module/dataset_extractedfaces/vggface2_pairs/n000008_0101_01.jpg,vggface2_pairs,impersonation_attack,VGG-Face,SI_NI_FGSM,vanilla,0.1402362138032913
19,ArcFace,/content/face_module/dataset_extractedfaces/vggface2_pairs/n000007_0012_01.jpg,/content/face_module/dataset_extractedfaces/vggface2_pairs/n000008_0101_01.jpg,vggface2_pairs,impersonation_attack,VGG-Face,MI_ADMIX_DI_TI,vanilla,0.1144228056073188
19,Facenet512,/content/face_module/dataset_extractedfaces/vggface2_pairs/n000007_0012_01.jpg,/content/face_module/dataset_extractedfaces/vggface2_pairs/n000008_0101_01.jpg,vggface2_pairs,impersonation_attack,VGG-Face,PGD,vanilla,0.1211897358298301
19,Facenet512,/content/face_module/dataset_extractedfaces/vggface2_pairs/n000007_0012_01.jpg,/content/face_module/dataset_extractedfaces/vggface2_pairs/n000008_0101_01.jpg,vggface2_pairs,impersonation_attack,VGG-Face,MI_FGSM,vanilla,0.1462081372737884
19,Facenet512,/content/face_module/dataset_extractedfaces/vggface2_pairs/n000007_0012_01.jpg,/content/face_module/dataset_extractedfaces/vggface2_pairs/n000008_0101_01.jpg,vggface2_pairs,impersonation_attack,VGG-Face,TI_FGSM,vanilla,0.110484093427658
19,Facenet512,/content/face_module/dataset_extractedfaces/vggface2_pairs/n000007_0012_01.jpg,/content/face_module/dataset_extractedfaces/vggface2_pairs/n000008_0101_01.jpg,vggface2_pairs,impersonation_attack,VGG-Face,SI_NI_FGSM,vanilla,0.195162296295166
19,Facenet512,/content/face_module/dataset_extractedfaces/vggface2_pairs/n000007_0012_01.jpg,/content/face_module/dataset_extractedfaces/vggface2_pairs/n000008_0101_01.jpg,vggface2_pairs,impersonation_attack,VGG-Face,MI_ADMIX_DI_TI,vanilla,0.1175673678517341
19,GhostFaceNet,/content/face_module/dataset_extractedfaces/vggface2_pairs/n000007_0012_01.jpg,/content/face_module/dataset_extractedfaces/vggface2_pairs/n000008_0101_01.jpg,vggface2_pairs,impersonation_attack,VGG-Face,PGD,vanilla,0.0632109120488166
19,GhostFaceNet,/content/face_module/dataset_extractedfaces/vggface2_pairs/n000007_0012_01.jpg,/content/face_module/dataset_extractedfaces/vggface2_pairs/n000008_0101_01.jpg,vggface2_pairs,impersonation_attack,VGG-Face,MI_FGSM,vanilla,0.0831211134791374
19,GhostFaceNet,/content/face_module/dataset_extractedfaces/vggface2_pairs/n000007_0012_01.jpg,/content/face_module/dataset_extractedfaces/vggface2_pairs/n000008_0101_01.jpg,vggface2_pairs,impersonation_attack,VGG-Face,TI_FGSM,vanilla,0.0551950074732303
19,GhostFaceNet,/content/face_module/dataset_extractedfaces/vggface2_pairs/n000007_0012_01.jpg,/content/face_module/dataset_extractedfaces/vggface2_pairs/n000008_0101_01.jpg,vggface2_pairs,impersonation_attack,VGG-Face,SI_NI_FGSM,vanilla,0.0886223241686821
19,GhostFaceNet,/content/face_module/dataset_extractedfaces/vggface2_pairs/n000007_0012_01.jpg,/content/face_module/dataset_extractedfaces/vggface2_pairs/n000008_0101_01.jpg,vggface2_pairs,impersonation_attack,VGG-Face,MI_ADMIX_DI_TI,vanilla,0.0617702081799507
21,ArcFace,/content/face_module/dataset_extractedfaces/vggface2_pairs/n000012_0183_01.jpg,/content/face_module/dataset_extractedfaces/vggface2_pairs/n000014_0113_01.jpg,vggface2_pairs,impersonation_attack,VGG-Face,clean,clean,0.0646719560027122
21,Facenet512,/content/face_module/dataset_extractedfaces/vggface2_pairs/n000012_0183_01.jpg,/content/face_module/dataset_extractedfaces/vggface2_pairs/n000014_0113_01.jpg,vggface2_pairs,impersonation_attack,VGG-Face,clean,clean,0.0646719560027122
21,GhostFaceNet,/content/face_module/dataset_extractedfaces/vggface2_pairs/n000012_0183_01.jpg,/content/face_module/dataset_extractedfaces/vggface2_pairs/n000014_0113_01.jpg,vggface2_pairs,impersonation_attack,VGG-Face,clean,clean,0.0646719560027122
21,VGG-Face,/content/face_module/dataset_extractedfaces/vggface2_pairs/n000012_0183_01.jpg,/content/face_module/dataset_extractedfaces/vggface2_pairs/n000014_0113_01.jpg,vggface2_pairs,impersonation_attack,VGG-Face,clean,clean,0.0646719560027122
21,ArcFace,/content/face_module/dataset_extractedfaces/vggface2_pairs/n000012_0183_01.jpg,/content/face_module/dataset_extractedfaces/vggface2_pairs/n000014_0113_01.jpg,vggface2_pairs,impersonation_attack,VGG-Face,PGD,vanilla,0.0979963093996048
21,ArcFace,/content/face_module/dataset_extractedfaces/vggface2_pairs/n000012_0183_01.jpg,/content/face_module/dataset_extractedfaces/vggface2_pairs/n000014_0113_01.jpg,vggface2_pairs,impersonation_attack,VGG-Face,MI_FGSM,vanilla,0.1313796788454055
21,ArcFace,/content/face_module/dataset_extractedfaces/vggface2_pairs/n000012_0183_01.jpg,/content/face_module/dataset_extractedfaces/vggface2_pairs/n000014_0113_01.jpg,vggface2_pairs,impersonation_attack,VGG-Face,TI_FGSM,vanilla,0.1219157204031944
21,ArcFace,/content/face_module/dataset_extractedfaces/vggface2_pairs/n000012_0183_01.jpg,/content/face_module/dataset_extractedfaces/vggface2_pairs/n000014_0113_01.jpg,vggface2_pairs,impersonation_attack,VGG-Face,SI_NI_FGSM,vanilla,0.14986552298069
21,ArcFace,/content/face_module/dataset_extractedfaces/vggface2_pairs/n000012_0183_01.jpg,/content/face_module/dataset_extractedfaces/vggface2_pairs/n000014_0113_01.jpg,vggface2_pairs,impersonation_attack,VGG-Face,MI_ADMIX_DI_TI,vanilla,0.1253972947597503
21,Facenet512,/content/face_module/dataset_extractedfaces/vggface2_pairs/n000012_0183_01.jpg,/content/face_module/dataset_extractedfaces/vggface2_pairs/n000014_0113_01.jpg,vggface2_pairs,impersonation_attack,VGG-Face,PGD,vanilla,0.0998124852776527
21,Facenet512,/content/face_module/dataset_extractedfaces/vggface2_pairs/n000012_0183_01.jpg,/content/face_module/dataset_extractedfaces/vggface2_pairs/n000014_0113_01.jpg,vggface2_pairs,impersonation_attack,VGG-Face,MI_FGSM,vanilla,0.1194633468985557
21,Facenet512,/content/face_module/dataset_extractedfaces/vggface2_pairs/n000012_0183_01.jpg,/content/face_module/dataset_extractedfaces/vggface2_pairs/n000014_0113_01.jpg,vggface2_pairs,impersonation_attack,VGG-Face,TI_FGSM,vanilla,0.1415390223264694
21,Facenet512,/content/face_module/dataset_extractedfaces/vggface2_pairs/n000012_0183_01.jpg,/content/face_module/dataset_extractedfaces/vggface2_pairs/n000014_0113_01.jpg,vggface2_pairs,impersonation_attack,VGG-Face,SI_NI_FGSM,vanilla,0.155408576130867
21,Facenet512,/content/face_module/dataset_extractedfaces/vggface2_pairs/n000012_0183_01.jpg,/content/face_module/dataset_extractedfaces/vggface2_pairs/n000014_0113_01.jpg,vggface2_pairs,impersonation_attack,VGG-Face,MI_ADMIX_DI_TI,vanilla,0.1516899615526199
21,GhostFaceNet,/content/face_module/dataset_extractedfaces/vggface2_pairs/n000012_0183_01.jpg,/content/face_module/dataset_extractedfaces/vggface2_pairs/n000014_0113_01.jpg,vggface2_pairs,impersonation_attack,VGG-Face,PGD,vanilla,0.0788507983088493
21,GhostFaceNet,/content/face_module/dataset_extractedfaces/vggface2_pairs/n000012_0183_01.jpg,/content/face_module/dataset_extractedfaces/vggface2_pairs/n000014_0113_01.jpg,vggface2_pairs,impersonation_attack,VGG-Face,MI_FGSM,vanilla,0.0882443338632583
21,GhostFaceNet,/content/face_module/dataset_extractedfaces/vggface2_pairs/n000012_0183_01.jpg,/content/face_module/dataset_extractedfaces/vggface2_pairs/n000014_0113_01.jpg,vggface2_pairs,impersonation_attack,VGG-Face,TI_FGSM,vanilla,0.0819365084171295
21,GhostFaceNet,/content/face_module/dataset_extractedfaces/vggface2_pairs/n000012_0183_01.jpg,/content/face_module/dataset_extractedfaces/vggface2_pairs/n000014_0113_01.jpg,vggface2_pairs,impersonation_attack,VGG-Face,SI_NI_FGSM,vanilla,0.081602968275547
21,GhostFaceNet,/content/face_module/dataset_extractedfaces/vggface2_pairs/n000012_0183_01.jpg,/content/face_module/dataset_extractedfaces/vggface2_pairs/n000014_0113_01.jpg,vggface2_pairs,impersonation_attack,VGG-Face,MI_ADMIX_DI_TI,vanilla,0.0822180807590484
6,ArcFace,/content/face_module/dataset_extractedfaces/lfw_pairs/Luiz Inacio Lula da Silva_7.jpg,/content/face_module/dataset_extractedfaces/lfw_pairs/Luiz Inacio Lula da Silva_8.jpg,lfw_pairs,dodging_attack,VGG-Face,clean,clean,0.5950593948364258
6,Facenet512,/content/face_module/dataset_extractedfaces/lfw_pairs/Luiz Inacio Lula da Silva_7.jpg,/content/face_module/dataset_extractedfaces/lfw_pairs/Luiz Inacio Lula da Silva_8.jpg,lfw_pairs,dodging_attack,VGG-Face,clean,clean,0.5950593948364258
6,GhostFaceNet,/content/face_module/dataset_extractedfaces/lfw_pairs/Luiz Inacio Lula da Silva_7.jpg,/content/face_module/dataset_extractedfaces/lfw_pairs/Luiz Inacio Lula da Silva_8.jpg,lfw_pairs,dodging_attack,VGG-Face,clean,clean,0.5950593948364258
6,VGG-Face,/content/face_module/dataset_extractedfaces/lfw_pairs/Luiz Inacio Lula da Silva_7.jpg,/content/face_module/dataset_extractedfaces/lfw_pairs/Luiz Inacio Lula da Silva_8.jpg,lfw_pairs,dodging_attack,VGG-Face,clean,clean,0.5950593948364258
6,ArcFace,/content/face_module/dataset_extractedfaces/lfw_pairs/Luiz Inacio Lula da Silva_7.jpg,/content/face_module/dataset_extractedfaces/lfw_pairs/Luiz Inacio Lula da Silva_8.jpg,lfw_pairs,dodging_attack,VGG-Face,PGD,vanilla,0.5054352879524231
6,ArcFace,/content/face_module/dataset_extractedfaces/lfw_pairs/Luiz Inacio Lula da Silva_7.jpg,/content/face_module/dataset_extractedfaces/lfw_pairs/Luiz Inacio Lula da Silva_8.jpg,lfw_pairs,dodging_attack,VGG-Face,MI_FGSM,vanilla,0.3853375911712646
6,ArcFace,/content/face_module/dataset_extractedfaces/lfw_pairs/Luiz Inacio Lula da Silva_7.jpg,/content/face_module/dataset_extractedfaces/lfw_pairs/Luiz Inacio Lula da Silva_8.jpg,lfw_pairs,dodging_attack,VGG-Face,TI_FGSM,vanilla,0.4029127657413482
6,ArcFace,/content/face_module/dataset_extractedfaces/lfw_pairs/Luiz Inacio Lula da Silva_7.jpg,/content/face_module/dataset_extractedfaces/lfw_pairs/Luiz Inacio Lula da Silva_8.jpg,lfw_pairs,dodging_attack,VGG-Face,SI_NI_FGSM,vanilla,0.3467783629894256
6,ArcFace,/content/face_module/dataset_extractedfaces/lfw_pairs/Luiz Inacio Lula da Silva_7.jpg,/content/face_module/dataset_extractedfaces/lfw_pairs/Luiz Inacio Lula da Silva_8.jpg,lfw_pairs,dodging_attack,VGG-Face,MI_ADMIX_DI_TI,vanilla,0.4443970024585724
6,Facenet512,/content/face_module/dataset_extractedfaces/lfw_pairs/Luiz Inacio Lula da Silva_7.jpg,/content/face_module/dataset_extractedfaces/lfw_pairs/Luiz Inacio Lula da Silva_8.jpg,lfw_pairs,dodging_attack,VGG-Face,PGD,vanilla,0.4391911625862121
6,Facenet512,/content/face_module/dataset_extractedfaces/lfw_pairs/Luiz Inacio Lula da Silva_7.jpg,/content/face_module/dataset_extractedfaces/lfw_pairs/Luiz Inacio Lula da Silva_8.jpg,lfw_pairs,dodging_attack,VGG-Face,MI_FGSM,vanilla,0.3374903798103332
6,Facenet512,/content/face_module/dataset_extractedfaces/lfw_pairs/Luiz Inacio Lula da Silva_7.jpg,/content/face_module/dataset_extractedfaces/lfw_pairs/Luiz Inacio Lula da Silva_8.jpg,lfw_pairs,dodging_attack,VGG-Face,TI_FGSM,vanilla,0.307343453168869
6,Facenet512,/content/face_module/dataset_extractedfaces/lfw_pairs/Luiz Inacio Lula da Silva_7.jpg,/content/face_module/dataset_extractedfaces/lfw_pairs/Luiz Inacio Lula da Silva_8.jpg,lfw_pairs,dodging_attack,VGG-Face,SI_NI_FGSM,vanilla,0.2644749879837036
6,Facenet512,/content/face_module/dataset_extractedfaces/lfw_pairs/Luiz Inacio Lula da Silva_7.jpg,/content/face_module/dataset_extractedfaces/lfw_pairs/Luiz Inacio Lula da Silva_8.jpg,lfw_pairs,dodging_attack,VGG-Face,MI_ADMIX_DI_TI,vanilla,0.2811817526817322
6,GhostFaceNet,/content/face_module/dataset_extractedfaces/lfw_pairs/Luiz Inacio Lula da Silva_7.jpg,/content/face_module/dataset_extractedfaces/lfw_pairs/Luiz Inacio Lula da Silva_8.jpg,lfw_pairs,dodging_attack,VGG-Face,PGD,vanilla,0.5723846554756165
6,GhostFaceNet,/content/face_module/dataset_extractedfaces/lfw_pairs/Luiz Inacio Lula da Silva_7.jpg,/content/face_module/dataset_extractedfaces/lfw_pairs/Luiz Inacio Lula da Silva_8.jpg,lfw_pairs,dodging_attack,VGG-Face,MI_FGSM,vanilla,0.5382214784622192
6,GhostFaceNet,/content/face_module/dataset_extractedfaces/lfw_pairs/Luiz Inacio Lula da Silva_7.jpg,/content/face_module/dataset_extractedfaces/lfw_pairs/Luiz Inacio Lula da Silva_8.jpg,lfw_pairs,dodging_attack,VGG-Face,TI_FGSM,vanilla,0.5074308514595032
6,GhostFaceNet,/content/face_module/dataset_extractedfaces/lfw_pairs/Luiz Inacio Lula da Silva_7.jpg,/content/face_module/dataset_extractedfaces/lfw_pairs/Luiz Inacio Lula da Silva_8.jpg,lfw_pairs,dodging_attack,VGG-Face,SI_NI_FGSM,vanilla,0.4887829124927521
6,GhostFaceNet,/content/face_module/dataset_extractedfaces/lfw_pairs/Luiz Inacio Lula da Silva_7.jpg,/content/face_module/dataset_extractedfaces/lfw_pairs/Luiz Inacio Lula da Silva_8.jpg,lfw_pairs,dodging_attack,VGG-Face,MI_ADMIX_DI_TI,vanilla,0.4910666346549988
9,ArcFace,/content/face_module/dataset_extractedfaces/lfw_pairs/Colin Powell_75.jpg,/content/face_module/dataset_extractedfaces/lfw_pairs/Colin Powell_76.jpg,lfw_pairs,dodging_attack,VGG-Face,clean,clean,0.5179382562637329
9,Facenet512,/content/face_module/dataset_extractedfaces/lfw_pairs/Colin Powell_75.jpg,/content/face_module/dataset_extractedfaces/lfw_pairs/Colin Powell_76.jpg,lfw_pairs,dodging_attack,VGG-Face,clean,clean,0.5179382562637329
9,GhostFaceNet,/content/face_module/dataset_extractedfaces/lfw_pairs/Colin Powell_75.jpg,/content/face_module/dataset_extractedfaces/lfw_pairs/Colin Powell_76.jpg,lfw_pairs,dodging_attack,VGG-Face,clean,clean,0.5179382562637329
9,VGG-Face,/content/face_module/dataset_extractedfaces/lfw_pairs/Colin Powell_75.jpg,/content/face_module/dataset_extractedfaces/lfw_pairs/Colin Powell_76.jpg,lfw_pairs,dodging_attack,VGG-Face,clean,clean,0.5179382562637329
9,ArcFace,/content/face_module/dataset_extractedfaces/lfw_pairs/Colin Powell_75.jpg,/content/face_module/dataset_extractedfaces/lfw_pairs/Colin Powell_76.jpg,lfw_pairs,dodging_attack,VGG-Face,PGD,vanilla,0.4552259743213653
9,ArcFace,/content/face_module/dataset_extractedfaces/lfw_pairs/Colin Powell_75.jpg,/content/face_module/dataset_extractedfaces/lfw_pairs/Colin Powell_76.jpg,lfw_pairs,dodging_attack,VGG-Face,MI_FGSM,vanilla,0.4094328284263611
9,ArcFace,/content/face_module/dataset_extractedfaces/lfw_pairs/Colin Powell_75.jpg,/content/face_module/dataset_extractedfaces/lfw_pairs/Colin Powell_76.jpg,lfw_pairs,dodging_attack,VGG-Face,TI_FGSM,vanilla,0.4421256184577942
9,ArcFace,/content/face_module/dataset_extractedfaces/lfw_pairs/Colin Powell_75.jpg,/content/face_module/dataset_extractedfaces/lfw_pairs/Colin Powell_76.jpg,lfw_pairs,dodging_attack,VGG-Face,SI_NI_FGSM,vanilla,0.3860854208469391
9,ArcFace,/content/face_module/dataset_extractedfaces/lfw_pairs/Colin Powell_75.jpg,/content/face_module/dataset_extractedfaces/lfw_pairs/Colin Powell_76.jpg,lfw_pairs,dodging_attack,VGG-Face,MI_ADMIX_DI_TI,vanilla,0.4376829266548157
9,Facenet512,/content/face_module/dataset_extractedfaces/lfw_pairs/Colin Powell_75.jpg,/content/face_module/dataset_extractedfaces/lfw_pairs/Colin Powell_76.jpg,lfw_pairs,dodging_attack,VGG-Face,PGD,vanilla,0.362495869398117
9,Facenet512,/content/face_module/dataset_extractedfaces/lfw_pairs/Colin Powell_75.jpg,/content/face_module/dataset_extractedfaces/lfw_pairs/Colin Powell_76.jpg,lfw_pairs,dodging_attack,VGG-Face,MI_FGSM,vanilla,0.3194195628166199
9,Facenet512,/content/face_module/dataset_extractedfaces/lfw_pairs/Colin Powell_75.jpg,/content/face_module/dataset_extractedfaces/lfw_pairs/Colin Powell_76.jpg,lfw_pairs,dodging_attack,VGG-Face,TI_FGSM,vanilla,0.3681175410747528
9,Facenet512,/content/face_module/dataset_extractedfaces/lfw_pairs/Colin Powell_75.jpg,/content/face_module/dataset_extractedfaces/lfw_pairs/Colin Powell_76.jpg,lfw_pairs,dodging_attack,VGG-Face,SI_NI_FGSM,vanilla,0.2720897197723388
9,Facenet512,/content/face_module/dataset_extractedfaces/lfw_pairs/Colin Powell_75.jpg,/content/face_module/dataset_extractedfaces/lfw_pairs/Colin Powell_76.jpg,lfw_pairs,dodging_attack,VGG-Face,MI_ADMIX_DI_TI,vanilla,0.35371994972229
9,GhostFaceNet,/content/face_module/dataset_extractedfaces/lfw_pairs/Colin Powell_75.jpg,/content/face_module/dataset_extractedfaces/lfw_pairs/Colin Powell_76.jpg,lfw_pairs,dodging_attack,VGG-Face,PGD,vanilla,0.5141078233718872
9,GhostFaceNet,/content/face_module/dataset_extractedfaces/lfw_pairs/Colin Powell_75.jpg,/content/face_module/dataset_extractedfaces/lfw_pairs/Colin Powell_76.jpg,lfw_pairs,dodging_attack,VGG-Face,MI_FGSM,vanilla,0.4972525835037231
9,GhostFaceNet,/content/face_module/dataset_extractedfaces/lfw_pairs/Colin Powell_75.jpg,/content/face_module/dataset_extractedfaces/lfw_pairs/Colin Powell_76.jpg,lfw_pairs,dodging_attack,VGG-Face,TI_FGSM,vanilla,0.5123725533485413
9,GhostFaceNet,/content/face_module/dataset_extractedfaces/lfw_pairs/Colin Powell_75.jpg,/content/face_module/dataset_extractedfaces/lfw_pairs/Colin Powell_76.jpg,lfw_pairs,dodging_attack,VGG-Face,SI_NI_FGSM,vanilla,0.4801550507545471
9,GhostFaceNet,/content/face_module/dataset_extractedfaces/lfw_pairs/Colin Powell_75.jpg,/content/face_module/dataset_extractedfaces/lfw_pairs/Colin Powell_76.jpg,lfw_pairs,dodging_attack,VGG-Face,MI_ADMIX_DI_TI,vanilla,0.5131433010101318
15,ArcFace,/content/face_module/dataset_extractedfaces/lfw_pairs/George W Bush_518.jpg,/content/face_module/dataset_extractedfaces/lfw_pairs/George W Bush_519.jpg,lfw_pairs,dodging_attack,VGG-Face,clean,clean,0.5296947956085205
15,Facenet512,/content/face_module/dataset_extractedfaces/lfw_pairs/George W Bush_518.jpg,/content/face_module/dataset_extractedfaces/lfw_pairs/George W Bush_519.jpg,lfw_pairs,dodging_attack,VGG-Face,clean,clean,0.5296947956085205
15,GhostFaceNet,/content/face_module/dataset_extractedfaces/lfw_pairs/George W Bush_518.jpg,/content/face_module/dataset_extractedfaces/lfw_pairs/George W Bush_519.jpg,lfw_pairs,dodging_attack,VGG-Face,clean,clean,0.5296947956085205
15,VGG-Face,/content/face_module/dataset_extractedfaces/lfw_pairs/George W Bush_518.jpg,/content/face_module/dataset_extractedfaces/lfw_pairs/George W Bush_519.jpg,lfw_pairs,dodging_attack,VGG-Face,clean,clean,0.5296947956085205
15,ArcFace,/content/face_module/dataset_extractedfaces/lfw_pairs/George W Bush_518.jpg,/content/face_module/dataset_extractedfaces/lfw_pairs/George W Bush_519.jpg,lfw_pairs,dodging_attack,VGG-Face,PGD,vanilla,0.3785475194454193
15,ArcFace,/content/face_module/dataset_extractedfaces/lfw_pairs/George W Bush_518.jpg,/content/face_module/dataset_extractedfaces/lfw_pairs/George W Bush_519.jpg,lfw_pairs,dodging_attack,VGG-Face,MI_FGSM,vanilla,0.2768840491771698
15,ArcFace,/content/face_module/dataset_extractedfaces/lfw_pairs/George W Bush_518.jpg,/content/face_module/dataset_extractedfaces/lfw_pairs/George W Bush_519.jpg,lfw_pairs,dodging_attack,VGG-Face,TI_FGSM,vanilla,0.2926087379455566
15,ArcFace,/content/face_module/dataset_extractedfaces/lfw_pairs/George W Bush_518.jpg,/content/face_module/dataset_extractedfaces/lfw_pairs/George W Bush_519.jpg,lfw_pairs,dodging_attack,VGG-Face,SI_NI_FGSM,vanilla,0.2320290654897689
15,ArcFace,/content/face_module/dataset_extractedfaces/lfw_pairs/George W Bush_518.jpg,/content/face_module/dataset_extractedfaces/lfw_pairs/George W Bush_519.jpg,lfw_pairs,dodging_attack,VGG-Face,MI_ADMIX_DI_TI,vanilla,0.2495317757129669
15,Facenet512,/content/face_module/dataset_extractedfaces/lfw_pairs/George W Bush_518.jpg,/content/face_module/dataset_extractedfaces/lfw_pairs/George W Bush_519.jpg,lfw_pairs,dodging_attack,VGG-Face,PGD,vanilla,0.2359532117843628
15,Facenet512,/content/face_module/dataset_extractedfaces/lfw_pairs/George W Bush_518.jpg,/content/face_module/dataset_extractedfaces/lfw_pairs/George W Bush_519.jpg,lfw_pairs,dodging_attack,VGG-Face,MI_FGSM,vanilla,0.112783171236515
15,Facenet512,/content/face_module/dataset_extractedfaces/lfw_pairs/George W Bush_518.jpg,/content/face_module/dataset_extractedfaces/lfw_pairs/George W Bush_519.jpg,lfw_pairs,dodging_attack,VGG-Face,TI_FGSM,vanilla,0.1501750499010086
15,Facenet512,/content/face_module/dataset_extractedfaces/lfw_pairs/George W Bush_518.jpg,/content/face_module/dataset_extractedfaces/lfw_pairs/George W Bush_519.jpg,lfw_pairs,dodging_attack,VGG-Face,SI_NI_FGSM,vanilla,0.0921209752559661
15,Facenet512,/content/face_module/dataset_extractedfaces/lfw_pairs/George W Bush_518.jpg,/content/face_module/dataset_extractedfaces/lfw_pairs/George W Bush_519.jpg,lfw_pairs,dodging_attack,VGG-Face,MI_ADMIX_DI_TI,vanilla,0.1267967373132705
15,GhostFaceNet,/content/face_module/dataset_extractedfaces/lfw_pairs/George W Bush_518.jpg,/content/face_module/dataset_extractedfaces/lfw_pairs/George W Bush_519.jpg,lfw_pairs,dodging_attack,VGG-Face,PGD,vanilla,0.4632944464683532
15,GhostFaceNet,/content/face_module/dataset_extractedfaces/lfw_pairs/George W Bush_518.jpg,/content/face_module/dataset_extractedfaces/lfw_pairs/George W Bush_519.jpg,lfw_pairs,dodging_attack,VGG-Face,MI_FGSM,vanilla,0.4257163107395172
15,GhostFaceNet,/content/face_module/dataset_extractedfaces/lfw_pairs/George W Bush_518.jpg,/content/face_module/dataset_extractedfaces/lfw_pairs/George W Bush_519.jpg,lfw_pairs,dodging_attack,VGG-Face,TI_FGSM,vanilla,0.4317558407783508
15,GhostFaceNet,/content/face_module/dataset_extractedfaces/lfw_pairs/George W Bush_518.jpg,/content/face_module/dataset_extractedfaces/lfw_pairs/George W Bush_519.jpg,lfw_pairs,dodging_attack,VGG-Face,SI_NI_FGSM,vanilla,0.3978301584720611
15,GhostFaceNet,/content/face_module/dataset_extractedfaces/lfw_pairs/George W Bush_518.jpg,/content/face_module/dataset_extractedfaces/lfw_pairs/George W Bush_519.jpg,lfw_pairs,dodging_attack,VGG-Face,MI_ADMIX_DI_TI,vanilla,0.4709991216659546
16,ArcFace,/content/face_module/dataset_extractedfaces/lfw_pairs/Colin Powell_24.jpg,/content/face_module/dataset_extractedfaces/lfw_pairs/Colin Powell_25.jpg,lfw_pairs,dodging_attack,VGG-Face,clean,clean,0.4387425482273102
16,Facenet512,/content/face_module/dataset_extractedfaces/lfw_pairs/Colin Powell_24.jpg,/content/face_module/dataset_extractedfaces/lfw_pairs/Colin Powell_25.jpg,lfw_pairs,dodging_attack,VGG-Face,clean,clean,0.4387425482273102
16,GhostFaceNet,/content/face_module/dataset_extractedfaces/lfw_pairs/Colin Powell_24.jpg,/content/face_module/dataset_extractedfaces/lfw_pairs/Colin Powell_25.jpg,lfw_pairs,dodging_attack,VGG-Face,clean,clean,0.4387425482273102
16,VGG-Face,/content/face_module/dataset_extractedfaces/lfw_pairs/Colin Powell_24.jpg,/content/face_module/dataset_extractedfaces/lfw_pairs/Colin Powell_25.jpg,lfw_pairs,dodging_attack,VGG-Face,clean,clean,0.4387425482273102
16,ArcFace,/content/face_module/dataset_extractedfaces/lfw_pairs/Colin Powell_24.jpg,/content/face_module/dataset_extractedfaces/lfw_pairs/Colin Powell_25.jpg,lfw_pairs,dodging_attack,VGG-Face,PGD,vanilla,0.406857967376709
16,ArcFace,/content/face_module/dataset_extractedfaces/lfw_pairs/Colin Powell_24.jpg,/content/face_module/dataset_extractedfaces/lfw_pairs/Colin Powell_25.jpg,lfw_pairs,dodging_attack,VGG-Face,MI_FGSM,vanilla,0.349739134311676
16,ArcFace,/content/face_module/dataset_extractedfaces/lfw_pairs/Colin Powell_24.jpg,/content/face_module/dataset_extractedfaces/lfw_pairs/Colin Powell_25.jpg,lfw_pairs,dodging_attack,VGG-Face,TI_FGSM,vanilla,0.3635743856430053
16,ArcFace,/content/face_module/dataset_extractedfaces/lfw_pairs/Colin Powell_24.jpg,/content/face_module/dataset_extractedfaces/lfw_pairs/Colin Powell_25.jpg,lfw_pairs,dodging_attack,VGG-Face,SI_NI_FGSM,vanilla,0.3502702713012695
16,ArcFace,/content/face_module/dataset_extractedfaces/lfw_pairs/Colin Powell_24.jpg,/content/face_module/dataset_extractedfaces/lfw_pairs/Colin Powell_25.jpg,lfw_pairs,dodging_attack,VGG-Face,MI_ADMIX_DI_TI,vanilla,0.3724960684776306
16,Facenet512,/content/face_module/dataset_extractedfaces/lfw_pairs/Colin Powell_24.jpg,/content/face_module/dataset_extractedfaces/lfw_pairs/Colin Powell_25.jpg,lfw_pairs,dodging_attack,VGG-Face,PGD,vanilla,0.343650221824646
16,Facenet512,/content/face_module/dataset_extractedfaces/lfw_pairs/Colin Powell_24.jpg,/content/face_module/dataset_extractedfaces/lfw_pairs/Colin Powell_25.jpg,lfw_pairs,dodging_attack,VGG-Face,MI_FGSM,vanilla,0.2710225582122803
16,Facenet512,/content/face_module/dataset_extractedfaces/lfw_pairs/Colin Powell_24.jpg,/content/face_module/dataset_extractedfaces/lfw_pairs/Colin Powell_25.jpg,lfw_pairs,dodging_attack,VGG-Face,TI_FGSM,vanilla,0.3089242279529571
16,Facenet512,/content/face_module/dataset_extractedfaces/lfw_pairs/Colin Powell_24.jpg,/content/face_module/dataset_extractedfaces/lfw_pairs/Colin Powell_25.jpg,lfw_pairs,dodging_attack,VGG-Face,SI_NI_FGSM,vanilla,0.3235849440097809
16,Facenet512,/content/face_module/dataset_extractedfaces/lfw_pairs/Colin Powell_24.jpg,/content/face_module/dataset_extractedfaces/lfw_pairs/Colin Powell_25.jpg,lfw_pairs,dodging_attack,VGG-Face,MI_ADMIX_DI_TI,vanilla,0.3010731637477875
16,GhostFaceNet,/content/face_module/dataset_extractedfaces/lfw_pairs/Colin Powell_24.jpg,/content/face_module/dataset_extractedfaces/lfw_pairs/Colin Powell_25.jpg,lfw_pairs,dodging_attack,VGG-Face,PGD,vanilla,0.4577700495719909
16,GhostFaceNet,/content/face_module/dataset_extractedfaces/lfw_pairs/Colin Powell_24.jpg,/content/face_module/dataset_extractedfaces/lfw_pairs/Colin Powell_25.jpg,lfw_pairs,dodging_attack,VGG-Face,MI_FGSM,vanilla,0.4563920795917511
16,GhostFaceNet,/content/face_module/dataset_extractedfaces/lfw_pairs/Colin Powell_24.jpg,/content/face_module/dataset_extractedfaces/lfw_pairs/Colin Powell_25.jpg,lfw_pairs,dodging_attack,VGG-Face,TI_FGSM,vanilla,0.4322257041931152
16,GhostFaceNet,/content/face_module/dataset_extractedfaces/lfw_pairs/Colin Powell_24.jpg,/content/face_module/dataset_extractedfaces/lfw_pairs/Colin Powell_25.jpg,lfw_pairs,dodging_attack,VGG-Face,SI_NI_FGSM,vanilla,0.4161220192909241
16,GhostFaceNet,/content/face_module/dataset_extractedfaces/lfw_pairs/Colin Powell_24.jpg,/content/face_module/dataset_extractedfaces/lfw_pairs/Colin Powell_25.jpg,lfw_pairs,dodging_attack,VGG-Face,MI_ADMIX_DI_TI,vanilla,0.4286807477474212
23,ArcFace,/content/face_module/dataset_extractedfaces/lfw_pairs/Tom Daschle_5.jpg,/content/face_module/dataset_extractedfaces/lfw_pairs/Tom Daschle_6.jpg,lfw_pairs,dodging_attack,VGG-Face,clean,clean,0.5580031275749207
23,Facenet512,/content/face_module/dataset_extractedfaces/lfw_pairs/Tom Daschle_5.jpg,/content/face_module/dataset_extractedfaces/lfw_pairs/Tom Daschle_6.jpg,lfw_pairs,dodging_attack,VGG-Face,clean,clean,0.5580031275749207
23,GhostFaceNet,/content/face_module/dataset_extractedfaces/lfw_pairs/Tom Daschle_5.jpg,/content/face_module/dataset_extractedfaces/lfw_pairs/Tom Daschle_6.jpg,lfw_pairs,dodging_attack,VGG-Face,clean,clean,0.5580031275749207
23,VGG-Face,/content/face_module/dataset_extractedfaces/lfw_pairs/Tom Daschle_5.jpg,/content/face_module/dataset_extractedfaces/lfw_pairs/Tom Daschle_6.jpg,lfw_pairs,dodging_attack,VGG-Face,clean,clean,0.5580031275749207
23,ArcFace,/content/face_module/dataset_extractedfaces/lfw_pairs/Tom Daschle_5.jpg,/content/face_module/dataset_extractedfaces/lfw_pairs/Tom Daschle_6.jpg,lfw_pairs,dodging_attack,VGG-Face,PGD,vanilla,0.5123251676559448
23,ArcFace,/content/face_module/dataset_extractedfaces/lfw_pairs/Tom Daschle_5.jpg,/content/face_module/dataset_extractedfaces/lfw_pairs/Tom Daschle_6.jpg,lfw_pairs,dodging_attack,VGG-Face,MI_FGSM,vanilla,0.4566233158111572
23,ArcFace,/content/face_module/dataset_extractedfaces/lfw_pairs/Tom Daschle_5.jpg,/content/face_module/dataset_extractedfaces/lfw_pairs/Tom Daschle_6.jpg,lfw_pairs,dodging_attack,VGG-Face,TI_FGSM,vanilla,0.4516345262527466
23,ArcFace,/content/face_module/dataset_extractedfaces/lfw_pairs/Tom Daschle_5.jpg,/content/face_module/dataset_extractedfaces/lfw_pairs/Tom Daschle_6.jpg,lfw_pairs,dodging_attack,VGG-Face,SI_NI_FGSM,vanilla,0.3993593454360962
23,ArcFace,/content/face_module/dataset_extractedfaces/lfw_pairs/Tom Daschle_5.jpg,/content/face_module/dataset_extractedfaces/lfw_pairs/Tom Daschle_6.jpg,lfw_pairs,dodging_attack,VGG-Face,MI_ADMIX_DI_TI,vanilla,0.4019208550453186
23,Facenet512,/content/face_module/dataset_extractedfaces/lfw_pairs/Tom Daschle_5.jpg,/content/face_module/dataset_extractedfaces/lfw_pairs/Tom Daschle_6.jpg,lfw_pairs,dodging_attack,VGG-Face,PGD,vanilla,0.3932143151760101
23,Facenet512,/content/face_module/dataset_extractedfaces/lfw_pairs/Tom Daschle_5.jpg,/content/face_module/dataset_extractedfaces/lfw_pairs/Tom Daschle_6.jpg,lfw_pairs,dodging_attack,VGG-Face,MI_FGSM,vanilla,0.3139147758483886
23,Facenet512,/content/face_module/dataset_extractedfaces/lfw_pairs/Tom Daschle_5.jpg,/content/face_module/dataset_extractedfaces/lfw_pairs/Tom Daschle_6.jpg,lfw_pairs,dodging_attack,VGG-Face,TI_FGSM,vanilla,0.3141317069530487
23,Facenet512,/content/face_module/dataset_extractedfaces/lfw_pairs/Tom Daschle_5.jpg,/content/face_module/dataset_extractedfaces/lfw_pairs/Tom Daschle_6.jpg,lfw_pairs,dodging_attack,VGG-Face,SI_NI_FGSM,vanilla,0.2477279901504516
23,Facenet512,/content/face_module/dataset_extractedfaces/lfw_pairs/Tom Daschle_5.jpg,/content/face_module/dataset_extractedfaces/lfw_pairs/Tom Daschle_6.jpg,lfw_pairs,dodging_attack,VGG-Face,MI_ADMIX_DI_TI,vanilla,0.263570487499237
23,GhostFaceNet,/content/face_module/dataset_extractedfaces/lfw_pairs/Tom Daschle_5.jpg,/content/face_module/dataset_extractedfaces/lfw_pairs/Tom Daschle_6.jpg,lfw_pairs,dodging_attack,VGG-Face,PGD,vanilla,0.5380663871765137
23,GhostFaceNet,/content/face_module/dataset_extractedfaces/lfw_pairs/Tom Daschle_5.jpg,/content/face_module/dataset_extractedfaces/lfw_pairs/Tom Daschle_6.jpg,lfw_pairs,dodging_attack,VGG-Face,MI_FGSM,vanilla,0.4629514515399933
23,GhostFaceNet,/content/face_module/dataset_extractedfaces/lfw_pairs/Tom Daschle_5.jpg,/content/face_module/dataset_extractedfaces/lfw_pairs/Tom Daschle_6.jpg,lfw_pairs,dodging_attack,VGG-Face,TI_FGSM,vanilla,0.5164262056350708
23,GhostFaceNet,/content/face_module/dataset_extractedfaces/lfw_pairs/Tom Daschle_5.jpg,/content/face_module/dataset_extractedfaces/lfw_pairs/Tom Daschle_6.jpg,lfw_pairs,dodging_attack,VGG-Face,SI_NI_FGSM,vanilla,0.4739671349525451
23,GhostFaceNet,/content/face_module/dataset_extractedfaces/lfw_pairs/Tom Daschle_5.jpg,/content/face_module/dataset_extractedfaces/lfw_pairs/Tom Daschle_6.jpg,lfw_pairs,dodging_attack,VGG-Face,MI_ADMIX_DI_TI,vanilla,0.4330724477767944
18,ArcFace,/content/face_module/dataset_extractedfaces/celeba_pairs/092809.jpg,/content/face_module/dataset_extractedfaces/celeba_pairs/108708.jpg,celeba_pairs,dodging_attack,VGG-Face,clean,clean,0.5854153633117676
18,Facenet512,/content/face_module/dataset_extractedfaces/celeba_pairs/092809.jpg,/content/face_module/dataset_extractedfaces/celeba_pairs/108708.jpg,celeba_pairs,dodging_attack,VGG-Face,clean,clean,0.5854153633117676
18,GhostFaceNet,/content/face_module/dataset_extractedfaces/celeba_pairs/092809.jpg,/content/face_module/dataset_extractedfaces/celeba_pairs/108708.jpg,celeba_pairs,dodging_attack,VGG-Face,clean,clean,0.5854153633117676
18,VGG-Face,/content/face_module/dataset_extractedfaces/celeba_pairs/092809.jpg,/content/face_module/dataset_extractedfaces/celeba_pairs/108708.jpg,celeba_pairs,dodging_attack,VGG-Face,clean,clean,0.5854153633117676
18,ArcFace,/content/face_module/dataset_extractedfaces/celeba_pairs/092809.jpg,/content/face_module/dataset_extractedfaces/celeba_pairs/108708.jpg,celeba_pairs,dodging_attack,VGG-Face,PGD,vanilla,0.4813069403171539
18,ArcFace,/content/face_module/dataset_extractedfaces/celeba_pairs/092809.jpg,/content/face_module/dataset_extractedfaces/celeba_pairs/108708.jpg,celeba_pairs,dodging_attack,VGG-Face,MI_FGSM,vanilla,0.3666262030601501
18,ArcFace,/content/face_module/dataset_extractedfaces/celeba_pairs/092809.jpg,/content/face_module/dataset_extractedfaces/celeba_pairs/108708.jpg,celeba_pairs,dodging_attack,VGG-Face,TI_FGSM,vanilla,0.4059233069419861
18,ArcFace,/content/face_module/dataset_extractedfaces/celeba_pairs/092809.jpg,/content/face_module/dataset_extractedfaces/celeba_pairs/108708.jpg,celeba_pairs,dodging_attack,VGG-Face,SI_NI_FGSM,vanilla,0.3374451696872711
18,ArcFace,/content/face_module/dataset_extractedfaces/celeba_pairs/092809.jpg,/content/face_module/dataset_extractedfaces/celeba_pairs/108708.jpg,celeba_pairs,dodging_attack,VGG-Face,MI_ADMIX_DI_TI,vanilla,0.3662147521972656
18,Facenet512,/content/face_module/dataset_extractedfaces/celeba_pairs/092809.jpg,/content/face_module/dataset_extractedfaces/celeba_pairs/108708.jpg,celeba_pairs,dodging_attack,VGG-Face,PGD,vanilla,0.2755622267723083
18,Facenet512,/content/face_module/dataset_extractedfaces/celeba_pairs/092809.jpg,/content/face_module/dataset_extractedfaces/celeba_pairs/108708.jpg,celeba_pairs,dodging_attack,VGG-Face,MI_FGSM,vanilla,0.2105153203010559
18,Facenet512,/content/face_module/dataset_extractedfaces/celeba_pairs/092809.jpg,/content/face_module/dataset_extractedfaces/celeba_pairs/108708.jpg,celeba_pairs,dodging_attack,VGG-Face,TI_FGSM,vanilla,0.2808688282966614
18,Facenet512,/content/face_module/dataset_extractedfaces/celeba_pairs/092809.jpg,/content/face_module/dataset_extractedfaces/celeba_pairs/108708.jpg,celeba_pairs,dodging_attack,VGG-Face,SI_NI_FGSM,vanilla,0.1665790677070617
18,Facenet512,/content/face_module/dataset_extractedfaces/celeba_pairs/092809.jpg,/content/face_module/dataset_extractedfaces/celeba_pairs/108708.jpg,celeba_pairs,dodging_attack,VGG-Face,MI_ADMIX_DI_TI,vanilla,0.2363940477371215
18,GhostFaceNet,/content/face_module/dataset_extractedfaces/celeba_pairs/092809.jpg,/content/face_module/dataset_extractedfaces/celeba_pairs/108708.jpg,celeba_pairs,dodging_attack,VGG-Face,PGD,vanilla,0.4747154712677002
18,GhostFaceNet,/content/face_module/dataset_extractedfaces/celeba_pairs/092809.jpg,/content/face_module/dataset_extractedfaces/celeba_pairs/108708.jpg,celeba_pairs,dodging_attack,VGG-Face,MI_FGSM,vanilla,0.329316645860672
18,GhostFaceNet,/content/face_module/dataset_extractedfaces/celeba_pairs/092809.jpg,/content/face_module/dataset_extractedfaces/celeba_pairs/108708.jpg,celeba_pairs,dodging_attack,VGG-Face,TI_FGSM,vanilla,0.4446199536323547
18,GhostFaceNet,/content/face_module/dataset_extractedfaces/celeba_pairs/092809.jpg,/content/face_module/dataset_extractedfaces/celeba_pairs/108708.jpg,celeba_pairs,dodging_attack,VGG-Face,SI_NI_FGSM,vanilla,0.242199957370758
18,GhostFaceNet,/content/face_module/dataset_extractedfaces/celeba_pairs/092809.jpg,/content/face_module/dataset_extractedfaces/celeba_pairs/108708.jpg,celeba_pairs,dodging_attack,VGG-Face,MI_ADMIX_DI_TI,vanilla,0.4346433877944946
27,ArcFace,/content/face_module/dataset_extractedfaces/celeba_pairs/023869.jpg,/content/face_module/dataset_extractedfaces/celeba_pairs/024923.jpg,celeba_pairs,dodging_attack,VGG-Face,clean,clean,0.3985178768634796
27,Facenet512,/content/face_module/dataset_extractedfaces/celeba_pairs/023869.jpg,/content/face_module/dataset_extractedfaces/celeba_pairs/024923.jpg,celeba_pairs,dodging_attack,VGG-Face,clean,clean,0.3985178768634796
27,GhostFaceNet,/content/face_module/dataset_extractedfaces/celeba_pairs/023869.jpg,/content/face_module/dataset_extractedfaces/celeba_pairs/024923.jpg,celeba_pairs,dodging_attack,VGG-Face,clean,clean,0.3985178768634796
27,VGG-Face,/content/face_module/dataset_extractedfaces/celeba_pairs/023869.jpg,/content/face_module/dataset_extractedfaces/celeba_pairs/024923.jpg,celeba_pairs,dodging_attack,VGG-Face,clean,clean,0.3985178768634796
27,ArcFace,/content/face_module/dataset_extractedfaces/celeba_pairs/023869.jpg,/content/face_module/dataset_extractedfaces/celeba_pairs/024923.jpg,celeba_pairs,dodging_attack,VGG-Face,PGD,vanilla,0.3502928614616394
27,ArcFace,/content/face_module/dataset_extractedfaces/celeba_pairs/023869.jpg,/content/face_module/dataset_extractedfaces/celeba_pairs/024923.jpg,celeba_pairs,dodging_attack,VGG-Face,MI_FGSM,vanilla,0.2905875742435455
27,ArcFace,/content/face_module/dataset_extractedfaces/celeba_pairs/023869.jpg,/content/face_module/dataset_extractedfaces/celeba_pairs/024923.jpg,celeba_pairs,dodging_attack,VGG-Face,TI_FGSM,vanilla,0.3604582846164703
27,ArcFace,/content/face_module/dataset_extractedfaces/celeba_pairs/023869.jpg,/content/face_module/dataset_extractedfaces/celeba_pairs/024923.jpg,celeba_pairs,dodging_attack,VGG-Face,SI_NI_FGSM,vanilla,0.2367727309465408
27,ArcFace,/content/face_module/dataset_extractedfaces/celeba_pairs/023869.jpg,/content/face_module/dataset_extractedfaces/celeba_pairs/024923.jpg,celeba_pairs,dodging_attack,VGG-Face,MI_ADMIX_DI_TI,vanilla,0.3792075514793396
27,Facenet512,/content/face_module/dataset_extractedfaces/celeba_pairs/023869.jpg,/content/face_module/dataset_extractedfaces/celeba_pairs/024923.jpg,celeba_pairs,dodging_attack,VGG-Face,PGD,vanilla,0.1889657527208328
27,Facenet512,/content/face_module/dataset_extractedfaces/celeba_pairs/023869.jpg,/content/face_module/dataset_extractedfaces/celeba_pairs/024923.jpg,celeba_pairs,dodging_attack,VGG-Face,MI_FGSM,vanilla,0.1133964657783508
27,Facenet512,/content/face_module/dataset_extractedfaces/celeba_pairs/023869.jpg,/content/face_module/dataset_extractedfaces/celeba_pairs/024923.jpg,celeba_pairs,dodging_attack,VGG-Face,TI_FGSM,vanilla,0.1863562911748886
27,Facenet512,/content/face_module/dataset_extractedfaces/celeba_pairs/023869.jpg,/content/face_module/dataset_extractedfaces/celeba_pairs/024923.jpg,celeba_pairs,dodging_attack,VGG-Face,SI_NI_FGSM,vanilla,0.0951153635978698
27,Facenet512,/content/face_module/dataset_extractedfaces/celeba_pairs/023869.jpg,/content/face_module/dataset_extractedfaces/celeba_pairs/024923.jpg,celeba_pairs,dodging_attack,VGG-Face,MI_ADMIX_DI_TI,vanilla,0.1625271588563919
27,GhostFaceNet,/content/face_module/dataset_extractedfaces/celeba_pairs/023869.jpg,/content/face_module/dataset_extractedfaces/celeba_pairs/024923.jpg,celeba_pairs,dodging_attack,VGG-Face,PGD,vanilla,0.367093563079834
27,GhostFaceNet,/content/face_module/dataset_extractedfaces/celeba_pairs/023869.jpg,/content/face_module/dataset_extractedfaces/celeba_pairs/024923.jpg,celeba_pairs,dodging_attack,VGG-Face,MI_FGSM,vanilla,0.3127476572990417
27,GhostFaceNet,/content/face_module/dataset_extractedfaces/celeba_pairs/023869.jpg,/content/face_module/dataset_extractedfaces/celeba_pairs/024923.jpg,celeba_pairs,dodging_attack,VGG-Face,TI_FGSM,vanilla,0.3879995346069336
27,GhostFaceNet,/content/face_module/dataset_extractedfaces/celeba_pairs/023869.jpg,/content/face_module/dataset_extractedfaces/celeba_pairs/024923.jpg,celeba_pairs,dodging_attack,VGG-Face,SI_NI_FGSM,vanilla,0.303788959980011
27,GhostFaceNet,/content/face_module/dataset_extractedfaces/celeba_pairs/023869.jpg,/content/face_module/dataset_extractedfaces/celeba_pairs/024923.jpg,celeba_pairs,dodging_attack,VGG-Face,MI_ADMIX_DI_TI,vanilla,0.3668704628944397
28,ArcFace,/content/face_module/dataset_extractedfaces/celeba_pairs/130980.jpg,/content/face_module/dataset_extractedfaces/celeba_pairs/147767.jpg,celeba_pairs,dodging_attack,VGG-Face,clean,clean,0.5354241728782654
28,Facenet512,/content/face_module/dataset_extractedfaces/celeba_pairs/130980.jpg,/content/face_module/dataset_extractedfaces/celeba_pairs/147767.jpg,celeba_pairs,dodging_attack,VGG-Face,clean,clean,0.5354241728782654
28,GhostFaceNet,/content/face_module/dataset_extractedfaces/celeba_pairs/130980.jpg,/content/face_module/dataset_extractedfaces/celeba_pairs/147767.jpg,celeba_pairs,dodging_attack,VGG-Face,clean,clean,0.5354241728782654
28,VGG-Face,/content/face_module/dataset_extractedfaces/celeba_pairs/130980.jpg,/content/face_module/dataset_extractedfaces/celeba_pairs/147767.jpg,celeba_pairs,dodging_attack,VGG-Face,clean,clean,0.5354241728782654
28,ArcFace,/content/face_module/dataset_extractedfaces/celeba_pairs/130980.jpg,/content/face_module/dataset_extractedfaces/celeba_pairs/147767.jpg,celeba_pairs,dodging_attack,VGG-Face,PGD,vanilla,0.5459652543067932
28,ArcFace,/content/face_module/dataset_extractedfaces/celeba_pairs/130980.jpg,/content/face_module/dataset_extractedfaces/celeba_pairs/147767.jpg,celeba_pairs,dodging_attack,VGG-Face,MI_FGSM,vanilla,0.547157883644104
28,ArcFace,/content/face_module/dataset_extractedfaces/celeba_pairs/130980.jpg,/content/face_module/dataset_extractedfaces/celeba_pairs/147767.jpg,celeba_pairs,dodging_attack,VGG-Face,TI_FGSM,vanilla,0.4821031987667084
28,ArcFace,/content/face_module/dataset_extractedfaces/celeba_pairs/130980.jpg,/content/face_module/dataset_extractedfaces/celeba_pairs/147767.jpg,celeba_pairs,dodging_attack,VGG-Face,SI_NI_FGSM,vanilla,0.5182856321334839
28,ArcFace,/content/face_module/dataset_extractedfaces/celeba_pairs/130980.jpg,/content/face_module/dataset_extractedfaces/celeba_pairs/147767.jpg,celeba_pairs,dodging_attack,VGG-Face,MI_ADMIX_DI_TI,vanilla,0.5195905566215515
28,Facenet512,/content/face_module/dataset_extractedfaces/celeba_pairs/130980.jpg,/content/face_module/dataset_extractedfaces/celeba_pairs/147767.jpg,celeba_pairs,dodging_attack,VGG-Face,PGD,vanilla,0.4328589737415313
28,Facenet512,/content/face_module/dataset_extractedfaces/celeba_pairs/130980.jpg,/content/face_module/dataset_extractedfaces/celeba_pairs/147767.jpg,celeba_pairs,dodging_attack,VGG-Face,MI_FGSM,vanilla,0.3883852362632751
28,Facenet512,/content/face_module/dataset_extractedfaces/celeba_pairs/130980.jpg,/content/face_module/dataset_extractedfaces/celeba_pairs/147767.jpg,celeba_pairs,dodging_attack,VGG-Face,TI_FGSM,vanilla,0.3699380457401275
28,Facenet512,/content/face_module/dataset_extractedfaces/celeba_pairs/130980.jpg,/content/face_module/dataset_extractedfaces/celeba_pairs/147767.jpg,celeba_pairs,dodging_attack,VGG-Face,SI_NI_FGSM,vanilla,0.3090802133083343
28,Facenet512,/content/face_module/dataset_extractedfaces/celeba_pairs/130980.jpg,/content/face_module/dataset_extractedfaces/celeba_pairs/147767.jpg,celeba_pairs,dodging_attack,VGG-Face,MI_ADMIX_DI_TI,vanilla,0.3414335548877716
28,GhostFaceNet,/content/face_module/dataset_extractedfaces/celeba_pairs/130980.jpg,/content/face_module/dataset_extractedfaces/celeba_pairs/147767.jpg,celeba_pairs,dodging_attack,VGG-Face,PGD,vanilla,0.5275610089302063
28,GhostFaceNet,/content/face_module/dataset_extractedfaces/celeba_pairs/130980.jpg,/content/face_module/dataset_extractedfaces/celeba_pairs/147767.jpg,celeba_pairs,dodging_attack,VGG-Face,MI_FGSM,vanilla,0.5062039494514465
28,GhostFaceNet,/content/face_module/dataset_extractedfaces/celeba_pairs/130980.jpg,/content/face_module/dataset_extractedfaces/celeba_pairs/147767.jpg,celeba_pairs,dodging_attack,VGG-Face,TI_FGSM,vanilla,0.4820764660835266
28,GhostFaceNet,/content/face_module/dataset_extractedfaces/celeba_pairs/130980.jpg,/content/face_module/dataset_extractedfaces/celeba_pairs/147767.jpg,celeba_pairs,dodging_attack,VGG-Face,SI_NI_FGSM,vanilla,0.4717993438243866
28,GhostFaceNet,/content/face_module/dataset_extractedfaces/celeba_pairs/130980.jpg,/content/face_module/dataset_extractedfaces/celeba_pairs/147767.jpg,celeba_pairs,dodging_attack,VGG-Face,MI_ADMIX_DI_TI,vanilla,0.4723590016365051
30,ArcFace,/content/face_module/dataset_extractedfaces/celeba_pairs/042909.jpg,/content/face_module/dataset_extractedfaces/celeba_pairs/048579.jpg,celeba_pairs,dodging_attack,VGG-Face,clean,clean,0.2953173816204071
30,Facenet512,/content/face_module/dataset_extractedfaces/celeba_pairs/042909.jpg,/content/face_module/dataset_extractedfaces/celeba_pairs/048579.jpg,celeba_pairs,dodging_attack,VGG-Face,clean,clean,0.2953173816204071
30,GhostFaceNet,/content/face_module/dataset_extractedfaces/celeba_pairs/042909.jpg,/content/face_module/dataset_extractedfaces/celeba_pairs/048579.jpg,celeba_pairs,dodging_attack,VGG-Face,clean,clean,0.2953173816204071
30,VGG-Face,/content/face_module/dataset_extractedfaces/celeba_pairs/042909.jpg,/content/face_module/dataset_extractedfaces/celeba_pairs/048579.jpg,celeba_pairs,dodging_attack,VGG-Face,clean,clean,0.2953173816204071
30,ArcFace,/content/face_module/dataset_extractedfaces/celeba_pairs/042909.jpg,/content/face_module/dataset_extractedfaces/celeba_pairs/048579.jpg,celeba_pairs,dodging_attack,VGG-Face,PGD,vanilla,0.1825438737869262
30,ArcFace,/content/face_module/dataset_extractedfaces/celeba_pairs/042909.jpg,/content/face_module/dataset_extractedfaces/celeba_pairs/048579.jpg,celeba_pairs,dodging_attack,VGG-Face,MI_FGSM,vanilla,0.1009575203061103
30,ArcFace,/content/face_module/dataset_extractedfaces/celeba_pairs/042909.jpg,/content/face_module/dataset_extractedfaces/celeba_pairs/048579.jpg,celeba_pairs,dodging_attack,VGG-Face,TI_FGSM,vanilla,0.0660056099295616
30,ArcFace,/content/face_module/dataset_extractedfaces/celeba_pairs/042909.jpg,/content/face_module/dataset_extractedfaces/celeba_pairs/048579.jpg,celeba_pairs,dodging_attack,VGG-Face,SI_NI_FGSM,vanilla,0.1072216853499412
30,ArcFace,/content/face_module/dataset_extractedfaces/celeba_pairs/042909.jpg,/content/face_module/dataset_extractedfaces/celeba_pairs/048579.jpg,celeba_pairs,dodging_attack,VGG-Face,MI_ADMIX_DI_TI,vanilla,0.0738080218434333
30,Facenet512,/content/face_module/dataset_extractedfaces/celeba_pairs/042909.jpg,/content/face_module/dataset_extractedfaces/celeba_pairs/048579.jpg,celeba_pairs,dodging_attack,VGG-Face,PGD,vanilla,0.0640725344419479
30,Facenet512,/content/face_module/dataset_extractedfaces/celeba_pairs/042909.jpg,/content/face_module/dataset_extractedfaces/celeba_pairs/048579.jpg,celeba_pairs,dodging_attack,VGG-Face,MI_FGSM,vanilla,0.0497642494738101
30,Facenet512,/content/face_module/dataset_extractedfaces/celeba_pairs/042909.jpg,/content/face_module/dataset_extractedfaces/celeba_pairs/048579.jpg,celeba_pairs,dodging_attack,VGG-Face,TI_FGSM,vanilla,0.055749911814928
30,Facenet512,/content/face_module/dataset_extractedfaces/celeba_pairs/042909.jpg,/content/face_module/dataset_extractedfaces/celeba_pairs/048579.jpg,celeba_pairs,dodging_attack,VGG-Face,SI_NI_FGSM,vanilla,0.0371457412838935
30,Facenet512,/content/face_module/dataset_extractedfaces/celeba_pairs/042909.jpg,/content/face_module/dataset_extractedfaces/celeba_pairs/048579.jpg,celeba_pairs,dodging_attack,VGG-Face,MI_ADMIX_DI_TI,vanilla,0.0481320172548294
30,GhostFaceNet,/content/face_module/dataset_extractedfaces/celeba_pairs/042909.jpg,/content/face_module/dataset_extractedfaces/celeba_pairs/048579.jpg,celeba_pairs,dodging_attack,VGG-Face,PGD,vanilla,0.1840739548206329
30,GhostFaceNet,/content/face_module/dataset_extractedfaces/celeba_pairs/042909.jpg,/content/face_module/dataset_extractedfaces/celeba_pairs/048579.jpg,celeba_pairs,dodging_attack,VGG-Face,MI_FGSM,vanilla,0.1372047662734985
30,GhostFaceNet,/content/face_module/dataset_extractedfaces/celeba_pairs/042909.jpg,/content/face_module/dataset_extractedfaces/celeba_pairs/048579.jpg,celeba_pairs,dodging_attack,VGG-Face,TI_FGSM,vanilla,0.1588490903377533
30,GhostFaceNet,/content/face_module/dataset_extractedfaces/celeba_pairs/042909.jpg,/content/face_module/dataset_extractedfaces/celeba_pairs/048579.jpg,celeba_pairs,dodging_attack,VGG-Face,SI_NI_FGSM,vanilla,0.1040987968444824
30,GhostFaceNet,/content/face_module/dataset_extractedfaces/celeba_pairs/042909.jpg,/content/face_module/dataset_extractedfaces/celeba_pairs/048579.jpg,celeba_pairs,dodging_attack,VGG-Face,MI_ADMIX_DI_TI,vanilla,0.1743860691785812
33,ArcFace,/content/face_module/dataset_extractedfaces/celeba_pairs/169016.jpg,/content/face_module/dataset_extractedfaces/celeba_pairs/171037.jpg,celeba_pairs,dodging_attack,VGG-Face,clean,clean,0.758158266544342
33,Facenet512,/content/face_module/dataset_extractedfaces/celeba_pairs/169016.jpg,/content/face_module/dataset_extractedfaces/celeba_pairs/171037.jpg,celeba_pairs,dodging_attack,VGG-Face,clean,clean,0.758158266544342
33,GhostFaceNet,/content/face_module/dataset_extractedfaces/celeba_pairs/169016.jpg,/content/face_module/dataset_extractedfaces/celeba_pairs/171037.jpg,celeba_pairs,dodging_attack,VGG-Face,clean,clean,0.758158266544342
33,VGG-Face,/content/face_module/dataset_extractedfaces/celeba_pairs/169016.jpg,/content/face_module/dataset_extractedfaces/celeba_pairs/171037.jpg,celeba_pairs,dodging_attack,VGG-Face,clean,clean,0.758158266544342
33,ArcFace,/content/face_module/dataset_extractedfaces/celeba_pairs/169016.jpg,/content/face_module/dataset_extractedfaces/celeba_pairs/171037.jpg,celeba_pairs,dodging_attack,VGG-Face,PGD,vanilla,0.6185324192047119
33,ArcFace,/content/face_module/dataset_extractedfaces/celeba_pairs/169016.jpg,/content/face_module/dataset_extractedfaces/celeba_pairs/171037.jpg,celeba_pairs,dodging_attack,VGG-Face,MI_FGSM,vanilla,0.5276273488998413
33,ArcFace,/content/face_module/dataset_extractedfaces/celeba_pairs/169016.jpg,/content/face_module/dataset_extractedfaces/celeba_pairs/171037.jpg,celeba_pairs,dodging_attack,VGG-Face,TI_FGSM,vanilla,0.6058263182640076
33,ArcFace,/content/face_module/dataset_extractedfaces/celeba_pairs/169016.jpg,/content/face_module/dataset_extractedfaces/celeba_pairs/171037.jpg,celeba_pairs,dodging_attack,VGG-Face,SI_NI_FGSM,vanilla,0.4784340262413025
33,ArcFace,/content/face_module/dataset_extractedfaces/celeba_pairs/169016.jpg,/content/face_module/dataset_extractedfaces/celeba_pairs/171037.jpg,celeba_pairs,dodging_attack,VGG-Face,MI_ADMIX_DI_TI,vanilla,0.5730547308921814
33,Facenet512,/content/face_module/dataset_extractedfaces/celeba_pairs/169016.jpg,/content/face_module/dataset_extractedfaces/celeba_pairs/171037.jpg,celeba_pairs,dodging_attack,VGG-Face,PGD,vanilla,0.5189558267593384
33,Facenet512,/content/face_module/dataset_extractedfaces/celeba_pairs/169016.jpg,/content/face_module/dataset_extractedfaces/celeba_pairs/171037.jpg,celeba_pairs,dodging_attack,VGG-Face,MI_FGSM,vanilla,0.5068916082382202
33,Facenet512,/content/face_module/dataset_extractedfaces/celeba_pairs/169016.jpg,/content/face_module/dataset_extractedfaces/celeba_pairs/171037.jpg,celeba_pairs,dodging_attack,VGG-Face,TI_FGSM,vanilla,0.5570142865180969
33,Facenet512,/content/face_module/dataset_extractedfaces/celeba_pairs/169016.jpg,/content/face_module/dataset_extractedfaces/celeba_pairs/171037.jpg,celeba_pairs,dodging_attack,VGG-Face,SI_NI_FGSM,vanilla,0.5082529187202454
33,Facenet512,/content/face_module/dataset_extractedfaces/celeba_pairs/169016.jpg,/content/face_module/dataset_extractedfaces/celeba_pairs/171037.jpg,celeba_pairs,dodging_attack,VGG-Face,MI_ADMIX_DI_TI,vanilla,0.5601482391357422
33,GhostFaceNet,/content/face_module/dataset_extractedfaces/celeba_pairs/169016.jpg,/content/face_module/dataset_extractedfaces/celeba_pairs/171037.jpg,celeba_pairs,dodging_attack,VGG-Face,PGD,vanilla,0.7304815649986267
33,GhostFaceNet,/content/face_module/dataset_extractedfaces/celeba_pairs/169016.jpg,/content/face_module/dataset_extractedfaces/celeba_pairs/171037.jpg,celeba_pairs,dodging_attack,VGG-Face,MI_FGSM,vanilla,0.692876935005188
33,GhostFaceNet,/content/face_module/dataset_extractedfaces/celeba_pairs/169016.jpg,/content/face_module/dataset_extractedfaces/celeba_pairs/171037.jpg,celeba_pairs,dodging_attack,VGG-Face,TI_FGSM,vanilla,0.7250988483428955
33,GhostFaceNet,/content/face_module/dataset_extractedfaces/celeba_pairs/169016.jpg,/content/face_module/dataset_extractedfaces/celeba_pairs/171037.jpg,celeba_pairs,dodging_attack,VGG-Face,SI_NI_FGSM,vanilla,0.6140595078468323
33,GhostFaceNet,/content/face_module/dataset_extractedfaces/celeba_pairs/169016.jpg,/content/face_module/dataset_extractedfaces/celeba_pairs/171037.jpg,celeba_pairs,dodging_attack,VGG-Face,MI_ADMIX_DI_TI,vanilla,0.6802425980567932
1,ArcFace,/content/face_module/dataset_extractedfaces/vggface2_pairs/n000007_0113_01.jpg,/content/face_module/dataset_extractedfaces/vggface2_pairs/n000007_0122_01.jpg,vggface2_pairs,dodging_attack,VGG-Face,clean,clean,0.4813994169235229
1,Facenet512,/content/face_module/dataset_extractedfaces/vggface2_pairs/n000007_0113_01.jpg,/content/face_module/dataset_extractedfaces/vggface2_pairs/n000007_0122_01.jpg,vggface2_pairs,dodging_attack,VGG-Face,clean,clean,0.4813994169235229
1,GhostFaceNet,/content/face_module/dataset_extractedfaces/vggface2_pairs/n000007_0113_01.jpg,/content/face_module/dataset_extractedfaces/vggface2_pairs/n000007_0122_01.jpg,vggface2_pairs,dodging_attack,VGG-Face,clean,clean,0.4813994169235229
1,VGG-Face,/content/face_module/dataset_extractedfaces/vggface2_pairs/n000007_0113_01.jpg,/content/face_module/dataset_extractedfaces/vggface2_pairs/n000007_0122_01.jpg,vggface2_pairs,dodging_attack,VGG-Face,clean,clean,0.4813994169235229
1,ArcFace,/content/face_module/dataset_extractedfaces/vggface2_pairs/n000007_0113_01.jpg,/content/face_module/dataset_extractedfaces/vggface2_pairs/n000007_0122_01.jpg,vggface2_pairs,dodging_attack,VGG-Face,PGD,vanilla,0.3806043863296509
1,ArcFace,/content/face_module/dataset_extractedfaces/vggface2_pairs/n000007_0113_01.jpg,/content/face_module/dataset_extractedfaces/vggface2_pairs/n000007_0122_01.jpg,vggface2_pairs,dodging_attack,VGG-Face,MI_FGSM,vanilla,0.2777044475078583
1,ArcFace,/content/face_module/dataset_extractedfaces/vggface2_pairs/n000007_0113_01.jpg,/content/face_module/dataset_extractedfaces/vggface2_pairs/n000007_0122_01.jpg,vggface2_pairs,dodging_attack,VGG-Face,TI_FGSM,vanilla,0.3346027731895447
1,ArcFace,/content/face_module/dataset_extractedfaces/vggface2_pairs/n000007_0113_01.jpg,/content/face_module/dataset_extractedfaces/vggface2_pairs/n000007_0122_01.jpg,vggface2_pairs,dodging_attack,VGG-Face,SI_NI_FGSM,vanilla,0.2644247114658355
1,ArcFace,/content/face_module/dataset_extractedfaces/vggface2_pairs/n000007_0113_01.jpg,/content/face_module/dataset_extractedfaces/vggface2_pairs/n000007_0122_01.jpg,vggface2_pairs,dodging_attack,VGG-Face,MI_ADMIX_DI_TI,vanilla,0.3170647323131561
1,Facenet512,/content/face_module/dataset_extractedfaces/vggface2_pairs/n000007_0113_01.jpg,/content/face_module/dataset_extractedfaces/vggface2_pairs/n000007_0122_01.jpg,vggface2_pairs,dodging_attack,VGG-Face,PGD,vanilla,0.2146571725606918
1,Facenet512,/content/face_module/dataset_extractedfaces/vggface2_pairs/n000007_0113_01.jpg,/content/face_module/dataset_extractedfaces/vggface2_pairs/n000007_0122_01.jpg,vggface2_pairs,dodging_attack,VGG-Face,MI_FGSM,vanilla,0.147123321890831
1,Facenet512,/content/face_module/dataset_extractedfaces/vggface2_pairs/n000007_0113_01.jpg,/content/face_module/dataset_extractedfaces/vggface2_pairs/n000007_0122_01.jpg,vggface2_pairs,dodging_attack,VGG-Face,TI_FGSM,vanilla,0.2235147953033447
1,Facenet512,/content/face_module/dataset_extractedfaces/vggface2_pairs/n000007_0113_01.jpg,/content/face_module/dataset_extractedfaces/vggface2_pairs/n000007_0122_01.jpg,vggface2_pairs,dodging_attack,VGG-Face,SI_NI_FGSM,vanilla,0.0903561785817146
1,Facenet512,/content/face_module/dataset_extractedfaces/vggface2_pairs/n000007_0113_01.jpg,/content/face_module/dataset_extractedfaces/vggface2_pairs/n000007_0122_01.jpg,vggface2_pairs,dodging_attack,VGG-Face,MI_ADMIX_DI_TI,vanilla,0.3126910328865051
1,GhostFaceNet,/content/face_module/dataset_extractedfaces/vggface2_pairs/n000007_0113_01.jpg,/content/face_module/dataset_extractedfaces/vggface2_pairs/n000007_0122_01.jpg,vggface2_pairs,dodging_attack,VGG-Face,PGD,vanilla,0.4741211831569671
1,GhostFaceNet,/content/face_module/dataset_extractedfaces/vggface2_pairs/n000007_0113_01.jpg,/content/face_module/dataset_extractedfaces/vggface2_pairs/n000007_0122_01.jpg,vggface2_pairs,dodging_attack,VGG-Face,MI_FGSM,vanilla,0.428242027759552
1,GhostFaceNet,/content/face_module/dataset_extractedfaces/vggface2_pairs/n000007_0113_01.jpg,/content/face_module/dataset_extractedfaces/vggface2_pairs/n000007_0122_01.jpg,vggface2_pairs,dodging_attack,VGG-Face,TI_FGSM,vanilla,0.4531210958957672
1,GhostFaceNet,/content/face_module/dataset_extractedfaces/vggface2_pairs/n000007_0113_01.jpg,/content/face_module/dataset_extractedfaces/vggface2_pairs/n000007_0122_01.jpg,vggface2_pairs,dodging_attack,VGG-Face,SI_NI_FGSM,vanilla,0.4292587339878082
1,GhostFaceNet,/content/face_module/dataset_extractedfaces/vggface2_pairs/n000007_0113_01.jpg,/content/face_module/dataset_extractedfaces/vggface2_pairs/n000007_0122_01.jpg,vggface2_pairs,dodging_attack,VGG-Face,MI_ADMIX_DI_TI,vanilla,0.4570688307285309
4,ArcFace,/content/face_module/dataset_extractedfaces/vggface2_pairs/n000008_0256_01.jpg,/content/face_module/dataset_extractedfaces/vggface2_pairs/n000008_0348_01.jpg,vggface2_pairs,dodging_attack,VGG-Face,clean,clean,0.198562815785408
4,Facenet512,/content/face_module/dataset_extractedfaces/vggface2_pairs/n000008_0256_01.jpg,/content/face_module/dataset_extractedfaces/vggface2_pairs/n000008_0348_01.jpg,vggface2_pairs,dodging_attack,VGG-Face,clean,clean,0.198562815785408
4,GhostFaceNet,/content/face_module/dataset_extractedfaces/vggface2_pairs/n000008_0256_01.jpg,/content/face_module/dataset_extractedfaces/vggface2_pairs/n000008_0348_01.jpg,vggface2_pairs,dodging_attack,VGG-Face,clean,clean,0.198562815785408
4,VGG-Face,/content/face_module/dataset_extractedfaces/vggface2_pairs/n000008_0256_01.jpg,/content/face_module/dataset_extractedfaces/vggface2_pairs/n000008_0348_01.jpg,vggface2_pairs,dodging_attack,VGG-Face,clean,clean,0.198562815785408
4,ArcFace,/content/face_module/dataset_extractedfaces/vggface2_pairs/n000008_0256_01.jpg,/content/face_module/dataset_extractedfaces/vggface2_pairs/n000008_0348_01.jpg,vggface2_pairs,dodging_attack,VGG-Face,PGD,vanilla,0.2015696167945861
4,ArcFace,/content/face_module/dataset_extractedfaces/vggface2_pairs/n000008_0256_01.jpg,/content/face_module/dataset_extractedfaces/vggface2_pairs/n000008_0348_01.jpg,vggface2_pairs,dodging_attack,VGG-Face,MI_FGSM,vanilla,0.2005120664834976
4,ArcFace,/content/face_module/dataset_extractedfaces/vggface2_pairs/n000008_0256_01.jpg,/content/face_module/dataset_extractedfaces/vggface2_pairs/n000008_0348_01.jpg,vggface2_pairs,dodging_attack,VGG-Face,TI_FGSM,vanilla,0.2020872384309768
4,ArcFace,/content/face_module/dataset_extractedfaces/vggface2_pairs/n000008_0256_01.jpg,/content/face_module/dataset_extractedfaces/vggface2_pairs/n000008_0348_01.jpg,vggface2_pairs,dodging_attack,VGG-Face,SI_NI_FGSM,vanilla,0.1751739233732223
4,ArcFace,/content/face_module/dataset_extractedfaces/vggface2_pairs/n000008_0256_01.jpg,/content/face_module/dataset_extractedfaces/vggface2_pairs/n000008_0348_01.jpg,vggface2_pairs,dodging_attack,VGG-Face,MI_ADMIX_DI_TI,vanilla,0.1959772408008575
4,Facenet512,/content/face_module/dataset_extractedfaces/vggface2_pairs/n000008_0256_01.jpg,/content/face_module/dataset_extractedfaces/vggface2_pairs/n000008_0348_01.jpg,vggface2_pairs,dodging_attack,VGG-Face,PGD,vanilla,0.1752472221851349
4,Facenet512,/content/face_module/dataset_extractedfaces/vggface2_pairs/n000008_0256_01.jpg,/content/face_module/dataset_extractedfaces/vggface2_pairs/n000008_0348_01.jpg,vggface2_pairs,dodging_attack,VGG-Face,MI_FGSM,vanilla,0.1205915436148643
4,Facenet512,/content/face_module/dataset_extractedfaces/vggface2_pairs/n000008_0256_01.jpg,/content/face_module/dataset_extractedfaces/vggface2_pairs/n000008_0348_01.jpg,vggface2_pairs,dodging_attack,VGG-Face,TI_FGSM,vanilla,0.152762085199356
4,Facenet512,/content/face_module/dataset_extractedfaces/vggface2_pairs/n000008_0256_01.jpg,/content/face_module/dataset_extractedfaces/vggface2_pairs/n000008_0348_01.jpg,vggface2_pairs,dodging_attack,VGG-Face,SI_NI_FGSM,vanilla,0.1310639381408691
4,Facenet512,/content/face_module/dataset_extractedfaces/vggface2_pairs/n000008_0256_01.jpg,/content/face_module/dataset_extractedfaces/vggface2_pairs/n000008_0348_01.jpg,vggface2_pairs,dodging_attack,VGG-Face,MI_ADMIX_DI_TI,vanilla,0.1083230301737785
4,GhostFaceNet,/content/face_module/dataset_extractedfaces/vggface2_pairs/n000008_0256_01.jpg,/content/face_module/dataset_extractedfaces/vggface2_pairs/n000008_0348_01.jpg,vggface2_pairs,dodging_attack,VGG-Face,PGD,vanilla,0.1929864138364792
4,GhostFaceNet,/content/face_module/dataset_extractedfaces/vggface2_pairs/n000008_0256_01.jpg,/content/face_module/dataset_extractedfaces/vggface2_pairs/n000008_0348_01.jpg,vggface2_pairs,dodging_attack,VGG-Face,MI_FGSM,vanilla,0.1939984560012817
4,GhostFaceNet,/content/face_module/dataset_extractedfaces/vggface2_pairs/n000008_0256_01.jpg,/content/face_module/dataset_extractedfaces/vggface2_pairs/n000008_0348_01.jpg,vggface2_pairs,dodging_attack,VGG-Face,TI_FGSM,vanilla,0.1821145862340927
4,GhostFaceNet,/content/face_module/dataset_extractedfaces/vggface2_pairs/n000008_0256_01.jpg,/content/face_module/dataset_extractedfaces/vggface2_pairs/n000008_0348_01.jpg,vggface2_pairs,dodging_attack,VGG-Face,SI_NI_FGSM,vanilla,0.1676972806453704
4,GhostFaceNet,/content/face_module/dataset_extractedfaces/vggface2_pairs/n000008_0256_01.jpg,/content/face_module/dataset_extractedfaces/vggface2_pairs/n000008_0348_01.jpg,vggface2_pairs,dodging_attack,VGG-Face,MI_ADMIX_DI_TI,vanilla,0.19561867415905
7,ArcFace,/content/face_module/dataset_extractedfaces/vggface2_pairs/n000010_0058_01.jpg,/content/face_module/dataset_extractedfaces/vggface2_pairs/n000010_0081_01.jpg,vggface2_pairs,dodging_attack,VGG-Face,clean,clean,0.333647072315216
7,Facenet512,/content/face_module/dataset_extractedfaces/vggface2_pairs/n000010_0058_01.jpg,/content/face_module/dataset_extractedfaces/vggface2_pairs/n000010_0081_01.jpg,vggface2_pairs,dodging_attack,VGG-Face,clean,clean,0.333647072315216
7,GhostFaceNet,/content/face_module/dataset_extractedfaces/vggface2_pairs/n000010_0058_01.jpg,/content/face_module/dataset_extractedfaces/vggface2_pairs/n000010_0081_01.jpg,vggface2_pairs,dodging_attack,VGG-Face,clean,clean,0.333647072315216
7,VGG-Face,/content/face_module/dataset_extractedfaces/vggface2_pairs/n000010_0058_01.jpg,/content/face_module/dataset_extractedfaces/vggface2_pairs/n000010_0081_01.jpg,vggface2_pairs,dodging_attack,VGG-Face,clean,clean,0.333647072315216
7,ArcFace,/content/face_module/dataset_extractedfaces/vggface2_pairs/n000010_0058_01.jpg,/content/face_module/dataset_extractedfaces/vggface2_pairs/n000010_0081_01.jpg,vggface2_pairs,dodging_attack,VGG-Face,PGD,vanilla,0.2381267994642257
7,ArcFace,/content/face_module/dataset_extractedfaces/vggface2_pairs/n000010_0058_01.jpg,/content/face_module/dataset_extractedfaces/vggface2_pairs/n000010_0081_01.jpg,vggface2_pairs,dodging_attack,VGG-Face,MI_FGSM,vanilla,0.1842637807130813
7,ArcFace,/content/face_module/dataset_extractedfaces/vggface2_pairs/n000010_0058_01.jpg,/content/face_module/dataset_extractedfaces/vggface2_pairs/n000010_0081_01.jpg,vggface2_pairs,dodging_attack,VGG-Face,TI_FGSM,vanilla,0.167421668767929
7,ArcFace,/content/face_module/dataset_extractedfaces/vggface2_pairs/n000010_0058_01.jpg,/content/face_module/dataset_extractedfaces/vggface2_pairs/n000010_0081_01.jpg,vggface2_pairs,dodging_attack,VGG-Face,SI_NI_FGSM,vanilla,0.1403764486312866
7,ArcFace,/content/face_module/dataset_extractedfaces/vggface2_pairs/n000010_0058_01.jpg,/content/face_module/dataset_extractedfaces/vggface2_pairs/n000010_0081_01.jpg,vggface2_pairs,dodging_attack,VGG-Face,MI_ADMIX_DI_TI,vanilla,0.1740586012601852
7,Facenet512,/content/face_module/dataset_extractedfaces/vggface2_pairs/n000010_0058_01.jpg,/content/face_module/dataset_extractedfaces/vggface2_pairs/n000010_0081_01.jpg,vggface2_pairs,dodging_attack,VGG-Face,PGD,vanilla,0.1578530520200729
7,Facenet512,/content/face_module/dataset_extractedfaces/vggface2_pairs/n000010_0058_01.jpg,/content/face_module/dataset_extractedfaces/vggface2_pairs/n000010_0081_01.jpg,vggface2_pairs,dodging_attack,VGG-Face,MI_FGSM,vanilla,0.1388437747955322
7,Facenet512,/content/face_module/dataset_extractedfaces/vggface2_pairs/n000010_0058_01.jpg,/content/face_module/dataset_extractedfaces/vggface2_pairs/n000010_0081_01.jpg,vggface2_pairs,dodging_attack,VGG-Face,TI_FGSM,vanilla,0.2093567997217178
7,Facenet512,/content/face_module/dataset_extractedfaces/vggface2_pairs/n000010_0058_01.jpg,/content/face_module/dataset_extractedfaces/vggface2_pairs/n000010_0081_01.jpg,vggface2_pairs,dodging_attack,VGG-Face,SI_NI_FGSM,vanilla,0.1448297947645187
7,Facenet512,/content/face_module/dataset_extractedfaces/vggface2_pairs/n000010_0058_01.jpg,/content/face_module/dataset_extractedfaces/vggface2_pairs/n000010_0081_01.jpg,vggface2_pairs,dodging_attack,VGG-Face,MI_ADMIX_DI_TI,vanilla,0.1948134452104568
7,GhostFaceNet,/content/face_module/dataset_extractedfaces/vggface2_pairs/n000010_0058_01.jpg,/content/face_module/dataset_extractedfaces/vggface2_pairs/n000010_0081_01.jpg,vggface2_pairs,dodging_attack,VGG-Face,PGD,vanilla,0.2855189740657806
7,GhostFaceNet,/content/face_module/dataset_extractedfaces/vggface2_pairs/n000010_0058_01.jpg,/content/face_module/dataset_extractedfaces/vggface2_pairs/n000010_0081_01.jpg,vggface2_pairs,dodging_attack,VGG-Face,MI_FGSM,vanilla,0.201212540268898
7,GhostFaceNet,/content/face_module/dataset_extractedfaces/vggface2_pairs/n000010_0058_01.jpg,/content/face_module/dataset_extractedfaces/vggface2_pairs/n000010_0081_01.jpg,vggface2_pairs,dodging_attack,VGG-Face,TI_FGSM,vanilla,0.226484939455986
7,GhostFaceNet,/content/face_module/dataset_extractedfaces/vggface2_pairs/n000010_0058_01.jpg,/content/face_module/dataset_extractedfaces/vggface2_pairs/n000010_0081_01.jpg,vggface2_pairs,dodging_attack,VGG-Face,SI_NI_FGSM,vanilla,0.2175773978233337
7,GhostFaceNet,/content/face_module/dataset_extractedfaces/vggface2_pairs/n000010_0058_01.jpg,/content/face_module/dataset_extractedfaces/vggface2_pairs/n000010_0081_01.jpg,vggface2_pairs,dodging_attack,VGG-Face,MI_ADMIX_DI_TI,vanilla,0.194215252995491
10,ArcFace,/content/face_module/dataset_extractedfaces/vggface2_pairs/n000005_0022_01.jpg,/content/face_module/dataset_extractedfaces/vggface2_pairs/n000005_0076_01.jpg,vggface2_pairs,dodging_attack,VGG-Face,clean,clean,0.5038789510726929
10,Facenet512,/content/face_module/dataset_extractedfaces/vggface2_pairs/n000005_0022_01.jpg,/content/face_module/dataset_extractedfaces/vggface2_pairs/n000005_0076_01.jpg,vggface2_pairs,dodging_attack,VGG-Face,clean,clean,0.5038789510726929
10,GhostFaceNet,/content/face_module/dataset_extractedfaces/vggface2_pairs/n000005_0022_01.jpg,/content/face_module/dataset_extractedfaces/vggface2_pairs/n000005_0076_01.jpg,vggface2_pairs,dodging_attack,VGG-Face,clean,clean,0.5038789510726929
10,VGG-Face,/content/face_module/dataset_extractedfaces/vggface2_pairs/n000005_0022_01.jpg,/content/face_module/dataset_extractedfaces/vggface2_pairs/n000005_0076_01.jpg,vggface2_pairs,dodging_attack,VGG-Face,clean,clean,0.5038789510726929
10,ArcFace,/content/face_module/dataset_extractedfaces/vggface2_pairs/n000005_0022_01.jpg,/content/face_module/dataset_extractedfaces/vggface2_pairs/n000005_0076_01.jpg,vggface2_pairs,dodging_attack,VGG-Face,PGD,vanilla,0.4339167773723602
10,ArcFace,/content/face_module/dataset_extractedfaces/vggface2_pairs/n000005_0022_01.jpg,/content/face_module/dataset_extractedfaces/vggface2_pairs/n000005_0076_01.jpg,vggface2_pairs,dodging_attack,VGG-Face,MI_FGSM,vanilla,0.3592793643474579
10,ArcFace,/content/face_module/dataset_extractedfaces/vggface2_pairs/n000005_0022_01.jpg,/content/face_module/dataset_extractedfaces/vggface2_pairs/n000005_0076_01.jpg,vggface2_pairs,dodging_attack,VGG-Face,TI_FGSM,vanilla,0.418645292520523
10,ArcFace,/content/face_module/dataset_extractedfaces/vggface2_pairs/n000005_0022_01.jpg,/content/face_module/dataset_extractedfaces/vggface2_pairs/n000005_0076_01.jpg,vggface2_pairs,dodging_attack,VGG-Face,SI_NI_FGSM,vanilla,0.3414034843444824
10,ArcFace,/content/face_module/dataset_extractedfaces/vggface2_pairs/n000005_0022_01.jpg,/content/face_module/dataset_extractedfaces/vggface2_pairs/n000005_0076_01.jpg,vggface2_pairs,dodging_attack,VGG-Face,MI_ADMIX_DI_TI,vanilla,0.4186782836914062
10,Facenet512,/content/face_module/dataset_extractedfaces/vggface2_pairs/n000005_0022_01.jpg,/content/face_module/dataset_extractedfaces/vggface2_pairs/n000005_0076_01.jpg,vggface2_pairs,dodging_attack,VGG-Face,PGD,vanilla,0.3165752291679382
10,Facenet512,/content/face_module/dataset_extractedfaces/vggface2_pairs/n000005_0022_01.jpg,/content/face_module/dataset_extractedfaces/vggface2_pairs/n000005_0076_01.jpg,vggface2_pairs,dodging_attack,VGG-Face,MI_FGSM,vanilla,0.2377378046512603
10,Facenet512,/content/face_module/dataset_extractedfaces/vggface2_pairs/n000005_0022_01.jpg,/content/face_module/dataset_extractedfaces/vggface2_pairs/n000005_0076_01.jpg,vggface2_pairs,dodging_attack,VGG-Face,TI_FGSM,vanilla,0.2437116950750351
10,Facenet512,/content/face_module/dataset_extractedfaces/vggface2_pairs/n000005_0022_01.jpg,/content/face_module/dataset_extractedfaces/vggface2_pairs/n000005_0076_01.jpg,vggface2_pairs,dodging_attack,VGG-Face,SI_NI_FGSM,vanilla,0.158379852771759
10,Facenet512,/content/face_module/dataset_extractedfaces/vggface2_pairs/n000005_0022_01.jpg,/content/face_module/dataset_extractedfaces/vggface2_pairs/n000005_0076_01.jpg,vggface2_pairs,dodging_attack,VGG-Face,MI_ADMIX_DI_TI,vanilla,0.2115453481674194
10,GhostFaceNet,/content/face_module/dataset_extractedfaces/vggface2_pairs/n000005_0022_01.jpg,/content/face_module/dataset_extractedfaces/vggface2_pairs/n000005_0076_01.jpg,vggface2_pairs,dodging_attack,VGG-Face,PGD,vanilla,0.4348887801170349
10,GhostFaceNet,/content/face_module/dataset_extractedfaces/vggface2_pairs/n000005_0022_01.jpg,/content/face_module/dataset_extractedfaces/vggface2_pairs/n000005_0076_01.jpg,vggface2_pairs,dodging_attack,VGG-Face,MI_FGSM,vanilla,0.4275974035263061
10,GhostFaceNet,/content/face_module/dataset_extractedfaces/vggface2_pairs/n000005_0022_01.jpg,/content/face_module/dataset_extractedfaces/vggface2_pairs/n000005_0076_01.jpg,vggface2_pairs,dodging_attack,VGG-Face,TI_FGSM,vanilla,0.4351877272129059
10,GhostFaceNet,/content/face_module/dataset_extractedfaces/vggface2_pairs/n000005_0022_01.jpg,/content/face_module/dataset_extractedfaces/vggface2_pairs/n000005_0076_01.jpg,vggface2_pairs,dodging_attack,VGG-Face,SI_NI_FGSM,vanilla,0.3745851516723633
10,GhostFaceNet,/content/face_module/dataset_extractedfaces/vggface2_pairs/n000005_0022_01.jpg,/content/face_module/dataset_extractedfaces/vggface2_pairs/n000005_0076_01.jpg,vggface2_pairs,dodging_attack,VGG-Face,MI_ADMIX_DI_TI,vanilla,0.4720879197120666
11,ArcFace,/content/face_module/dataset_extractedfaces/vggface2_pairs/n000007_0176_01.jpg,/content/face_module/dataset_extractedfaces/vggface2_pairs/n000007_0335_03.jpg,vggface2_pairs,dodging_attack,VGG-Face,clean,clean,0.4585452973842621
11,Facenet512,/content/face_module/dataset_extractedfaces/vggface2_pairs/n000007_0176_01.jpg,/content/face_module/dataset_extractedfaces/vggface2_pairs/n000007_0335_03.jpg,vggface2_pairs,dodging_attack,VGG-Face,clean,clean,0.4585452973842621
11,GhostFaceNet,/content/face_module/dataset_extractedfaces/vggface2_pairs/n000007_0176_01.jpg,/content/face_module/dataset_extractedfaces/vggface2_pairs/n000007_0335_03.jpg,vggface2_pairs,dodging_attack,VGG-Face,clean,clean,0.4585452973842621
11,VGG-Face,/content/face_module/dataset_extractedfaces/vggface2_pairs/n000007_0176_01.jpg,/content/face_module/dataset_extractedfaces/vggface2_pairs/n000007_0335_03.jpg,vggface2_pairs,dodging_attack,VGG-Face,clean,clean,0.4585452973842621
11,ArcFace,/content/face_module/dataset_extractedfaces/vggface2_pairs/n000007_0176_01.jpg,/content/face_module/dataset_extractedfaces/vggface2_pairs/n000007_0335_03.jpg,vggface2_pairs,dodging_attack,VGG-Face,PGD,vanilla,0.3883216977119446
11,ArcFace,/content/face_module/dataset_extractedfaces/vggface2_pairs/n000007_0176_01.jpg,/content/face_module/dataset_extractedfaces/vggface2_pairs/n000007_0335_03.jpg,vggface2_pairs,dodging_attack,VGG-Face,MI_FGSM,vanilla,0.3995398581027984
11,ArcFace,/content/face_module/dataset_extractedfaces/vggface2_pairs/n000007_0176_01.jpg,/content/face_module/dataset_extractedfaces/vggface2_pairs/n000007_0335_03.jpg,vggface2_pairs,dodging_attack,VGG-Face,TI_FGSM,vanilla,0.3860147595405578
11,ArcFace,/content/face_module/dataset_extractedfaces/vggface2_pairs/n000007_0176_01.jpg,/content/face_module/dataset_extractedfaces/vggface2_pairs/n000007_0335_03.jpg,vggface2_pairs,dodging_attack,VGG-Face,SI_NI_FGSM,vanilla,0.3282874822616577
11,ArcFace,/content/face_module/dataset_extractedfaces/vggface2_pairs/n000007_0176_01.jpg,/content/face_module/dataset_extractedfaces/vggface2_pairs/n000007_0335_03.jpg,vggface2_pairs,dodging_attack,VGG-Face,MI_ADMIX_DI_TI,vanilla,0.4050866961479187
11,Facenet512,/content/face_module/dataset_extractedfaces/vggface2_pairs/n000007_0176_01.jpg,/content/face_module/dataset_extractedfaces/vggface2_pairs/n000007_0335_03.jpg,vggface2_pairs,dodging_attack,VGG-Face,PGD,vanilla,0.2444048523902893
11,Facenet512,/content/face_module/dataset_extractedfaces/vggface2_pairs/n000007_0176_01.jpg,/content/face_module/dataset_extractedfaces/vggface2_pairs/n000007_0335_03.jpg,vggface2_pairs,dodging_attack,VGG-Face,MI_FGSM,vanilla,0.1829738020896911
11,Facenet512,/content/face_module/dataset_extractedfaces/vggface2_pairs/n000007_0176_01.jpg,/content/face_module/dataset_extractedfaces/vggface2_pairs/n000007_0335_03.jpg,vggface2_pairs,dodging_attack,VGG-Face,TI_FGSM,vanilla,0.1884682029485702
11,Facenet512,/content/face_module/dataset_extractedfaces/vggface2_pairs/n000007_0176_01.jpg,/content/face_module/dataset_extractedfaces/vggface2_pairs/n000007_0335_03.jpg,vggface2_pairs,dodging_attack,VGG-Face,SI_NI_FGSM,vanilla,0.1496509611606598
11,Facenet512,/content/face_module/dataset_extractedfaces/vggface2_pairs/n000007_0176_01.jpg,/content/face_module/dataset_extractedfaces/vggface2_pairs/n000007_0335_03.jpg,vggface2_pairs,dodging_attack,VGG-Face,MI_ADMIX_DI_TI,vanilla,0.2068705558776855
11,GhostFaceNet,/content/face_module/dataset_extractedfaces/vggface2_pairs/n000007_0176_01.jpg,/content/face_module/dataset_extractedfaces/vggface2_pairs/n000007_0335_03.jpg,vggface2_pairs,dodging_attack,VGG-Face,PGD,vanilla,0.3856720924377441
11,GhostFaceNet,/content/face_module/dataset_extractedfaces/vggface2_pairs/n000007_0176_01.jpg,/content/face_module/dataset_extractedfaces/vggface2_pairs/n000007_0335_03.jpg,vggface2_pairs,dodging_attack,VGG-Face,MI_FGSM,vanilla,0.3787540793418884
11,GhostFaceNet,/content/face_module/dataset_extractedfaces/vggface2_pairs/n000007_0176_01.jpg,/content/face_module/dataset_extractedfaces/vggface2_pairs/n000007_0335_03.jpg,vggface2_pairs,dodging_attack,VGG-Face,TI_FGSM,vanilla,0.4156737923622131
11,GhostFaceNet,/content/face_module/dataset_extractedfaces/vggface2_pairs/n000007_0176_01.jpg,/content/face_module/dataset_extractedfaces/vggface2_pairs/n000007_0335_03.jpg,vggface2_pairs,dodging_attack,VGG-Face,SI_NI_FGSM,vanilla,0.3982755243778229
11,GhostFaceNet,/content/face_module/dataset_extractedfaces/vggface2_pairs/n000007_0176_01.jpg,/content/face_module/dataset_extractedfaces/vggface2_pairs/n000007_0335_03.jpg,vggface2_pairs,dodging_attack,VGG-Face,MI_ADMIX_DI_TI,vanilla,0.385989785194397
0,ArcFace,/content/face_module/dataset_extractedfaces/lfw_pairs/Renee Zellweger_1.jpg,/content/face_module/dataset_extractedfaces/lfw_pairs/Catherine Deneuve_2.jpg,lfw_pairs,impersonation_attack,IR152,clean,clean,0.0082017853856086
0,Facenet512,/content/face_module/dataset_extractedfaces/lfw_pairs/Renee Zellweger_1.jpg,/content/face_module/dataset_extractedfaces/lfw_pairs/Catherine Deneuve_2.jpg,lfw_pairs,impersonation_attack,IR152,clean,clean,0.0082017853856086
0,GhostFaceNet,/content/face_module/dataset_extractedfaces/lfw_pairs/Renee Zellweger_1.jpg,/content/face_module/dataset_extractedfaces/lfw_pairs/Catherine Deneuve_2.jpg,lfw_pairs,impersonation_attack,IR152,clean,clean,0.0082017853856086
0,VGG-Face,/content/face_module/dataset_extractedfaces/lfw_pairs/Renee Zellweger_1.jpg,/content/face_module/dataset_extractedfaces/lfw_pairs/Catherine Deneuve_2.jpg,lfw_pairs,impersonation_attack,IR152,clean,clean,0.0082017853856086
0,ArcFace,/content/face_module/dataset_extractedfaces/lfw_pairs/Renee Zellweger_1.jpg,/content/face_module/dataset_extractedfaces/lfw_pairs/Catherine Deneuve_2.jpg,lfw_pairs,impersonation_attack,IR152,PGD,vanilla,0.2252350002527237
0,ArcFace,/content/face_module/dataset_extractedfaces/lfw_pairs/Renee Zellweger_1.jpg,/content/face_module/dataset_extractedfaces/lfw_pairs/Catherine Deneuve_2.jpg,lfw_pairs,impersonation_attack,IR152,MI_FGSM,vanilla,0.3555991649627685
0,ArcFace,/content/face_module/dataset_extractedfaces/lfw_pairs/Renee Zellweger_1.jpg,/content/face_module/dataset_extractedfaces/lfw_pairs/Catherine Deneuve_2.jpg,lfw_pairs,impersonation_attack,IR152,TI_FGSM,vanilla,0.3138383626937866
0,ArcFace,/content/face_module/dataset_extractedfaces/lfw_pairs/Renee Zellweger_1.jpg,/content/face_module/dataset_extractedfaces/lfw_pairs/Catherine Deneuve_2.jpg,lfw_pairs,impersonation_attack,IR152,SI_NI_FGSM,vanilla,0.4920087456703186
0,ArcFace,/content/face_module/dataset_extractedfaces/lfw_pairs/Renee Zellweger_1.jpg,/content/face_module/dataset_extractedfaces/lfw_pairs/Catherine Deneuve_2.jpg,lfw_pairs,impersonation_attack,IR152,MI_ADMIX_DI_TI,vanilla,0.2727442979812622
0,Facenet512,/content/face_module/dataset_extractedfaces/lfw_pairs/Renee Zellweger_1.jpg,/content/face_module/dataset_extractedfaces/lfw_pairs/Catherine Deneuve_2.jpg,lfw_pairs,impersonation_attack,IR152,PGD,vanilla,0.2115045636892318
0,Facenet512,/content/face_module/dataset_extractedfaces/lfw_pairs/Renee Zellweger_1.jpg,/content/face_module/dataset_extractedfaces/lfw_pairs/Catherine Deneuve_2.jpg,lfw_pairs,impersonation_attack,IR152,MI_FGSM,vanilla,0.3973648250102997
0,Facenet512,/content/face_module/dataset_extractedfaces/lfw_pairs/Renee Zellweger_1.jpg,/content/face_module/dataset_extractedfaces/lfw_pairs/Catherine Deneuve_2.jpg,lfw_pairs,impersonation_attack,IR152,TI_FGSM,vanilla,0.2805824279785156
0,Facenet512,/content/face_module/dataset_extractedfaces/lfw_pairs/Renee Zellweger_1.jpg,/content/face_module/dataset_extractedfaces/lfw_pairs/Catherine Deneuve_2.jpg,lfw_pairs,impersonation_attack,IR152,SI_NI_FGSM,vanilla,0.3987459540367126
0,Facenet512,/content/face_module/dataset_extractedfaces/lfw_pairs/Renee Zellweger_1.jpg,/content/face_module/dataset_extractedfaces/lfw_pairs/Catherine Deneuve_2.jpg,lfw_pairs,impersonation_attack,IR152,MI_ADMIX_DI_TI,vanilla,0.3232120275497436
0,GhostFaceNet,/content/face_module/dataset_extractedfaces/lfw_pairs/Renee Zellweger_1.jpg,/content/face_module/dataset_extractedfaces/lfw_pairs/Catherine Deneuve_2.jpg,lfw_pairs,impersonation_attack,IR152,PGD,vanilla,0.0323153287172317
0,GhostFaceNet,/content/face_module/dataset_extractedfaces/lfw_pairs/Renee Zellweger_1.jpg,/content/face_module/dataset_extractedfaces/lfw_pairs/Catherine Deneuve_2.jpg,lfw_pairs,impersonation_attack,IR152,MI_FGSM,vanilla,0.1319427639245987
0,GhostFaceNet,/content/face_module/dataset_extractedfaces/lfw_pairs/Renee Zellweger_1.jpg,/content/face_module/dataset_extractedfaces/lfw_pairs/Catherine Deneuve_2.jpg,lfw_pairs,impersonation_attack,IR152,TI_FGSM,vanilla,0.0396793782711029
0,GhostFaceNet,/content/face_module/dataset_extractedfaces/lfw_pairs/Renee Zellweger_1.jpg,/content/face_module/dataset_extractedfaces/lfw_pairs/Catherine Deneuve_2.jpg,lfw_pairs,impersonation_attack,IR152,SI_NI_FGSM,vanilla,0.183471605181694
0,GhostFaceNet,/content/face_module/dataset_extractedfaces/lfw_pairs/Renee Zellweger_1.jpg,/content/face_module/dataset_extractedfaces/lfw_pairs/Catherine Deneuve_2.jpg,lfw_pairs,impersonation_attack,IR152,MI_ADMIX_DI_TI,vanilla,0.1114318296313285
0,VGG-Face,/content/face_module/dataset_extractedfaces/lfw_pairs/Renee Zellweger_1.jpg,/content/face_module/dataset_extractedfaces/lfw_pairs/Catherine Deneuve_2.jpg,lfw_pairs,impersonation_attack,IR152,PGD,vanilla,0.1318208873271942
0,VGG-Face,/content/face_module/dataset_extractedfaces/lfw_pairs/Renee Zellweger_1.jpg,/content/face_module/dataset_extractedfaces/lfw_pairs/Catherine Deneuve_2.jpg,lfw_pairs,impersonation_attack,IR152,MI_FGSM,vanilla,0.2652408480644226
0,VGG-Face,/content/face_module/dataset_extractedfaces/lfw_pairs/Renee Zellweger_1.jpg,/content/face_module/dataset_extractedfaces/lfw_pairs/Catherine Deneuve_2.jpg,lfw_pairs,impersonation_attack,IR152,TI_FGSM,vanilla,0.1858881562948227
0,VGG-Face,/content/face_module/dataset_extractedfaces/lfw_pairs/Renee Zellweger_1.jpg,/content/face_module/dataset_extractedfaces/lfw_pairs/Catherine Deneuve_2.jpg,lfw_pairs,impersonation_attack,IR152,SI_NI_FGSM,vanilla,0.2771579027175903
0,VGG-Face,/content/face_module/dataset_extractedfaces/lfw_pairs/Renee Zellweger_1.jpg,/content/face_module/dataset_extractedfaces/lfw_pairs/Catherine Deneuve_2.jpg,lfw_pairs,impersonation_attack,IR152,MI_ADMIX_DI_TI,vanilla,0.2841398417949676
32,ArcFace,/content/face_module/dataset_extractedfaces/lfw_pairs/Donald Rumsfeld_105.jpg,/content/face_module/dataset_extractedfaces/lfw_pairs/Paul Burrell_11.jpg,lfw_pairs,impersonation_attack,IR152,clean,clean,-0.1390506625175476
32,Facenet512,/content/face_module/dataset_extractedfaces/lfw_pairs/Donald Rumsfeld_105.jpg,/content/face_module/dataset_extractedfaces/lfw_pairs/Paul Burrell_11.jpg,lfw_pairs,impersonation_attack,IR152,clean,clean,-0.1390506625175476
32,GhostFaceNet,/content/face_module/dataset_extractedfaces/lfw_pairs/Donald Rumsfeld_105.jpg,/content/face_module/dataset_extractedfaces/lfw_pairs/Paul Burrell_11.jpg,lfw_pairs,impersonation_attack,IR152,clean,clean,-0.1390506625175476
32,VGG-Face,/content/face_module/dataset_extractedfaces/lfw_pairs/Donald Rumsfeld_105.jpg,/content/face_module/dataset_extractedfaces/lfw_pairs/Paul Burrell_11.jpg,lfw_pairs,impersonation_attack,IR152,clean,clean,-0.1390506625175476
32,ArcFace,/content/face_module/dataset_extractedfaces/lfw_pairs/Donald Rumsfeld_105.jpg,/content/face_module/dataset_extractedfaces/lfw_pairs/Paul Burrell_11.jpg,lfw_pairs,impersonation_attack,IR152,PGD,vanilla,-0.0160759408026933
32,ArcFace,/content/face_module/dataset_extractedfaces/lfw_pairs/Donald Rumsfeld_105.jpg,/content/face_module/dataset_extractedfaces/lfw_pairs/Paul Burrell_11.jpg,lfw_pairs,impersonation_attack,IR152,MI_FGSM,vanilla,0.0697942897677421
32,ArcFace,/content/face_module/dataset_extractedfaces/lfw_pairs/Donald Rumsfeld_105.jpg,/content/face_module/dataset_extractedfaces/lfw_pairs/Paul Burrell_11.jpg,lfw_pairs,impersonation_attack,IR152,TI_FGSM,vanilla,0.0799356773495674
32,ArcFace,/content/face_module/dataset_extractedfaces/lfw_pairs/Donald Rumsfeld_105.jpg,/content/face_module/dataset_extractedfaces/lfw_pairs/Paul Burrell_11.jpg,lfw_pairs,impersonation_attack,IR152,SI_NI_FGSM,vanilla,0.2400051206350326
32,ArcFace,/content/face_module/dataset_extractedfaces/lfw_pairs/Donald Rumsfeld_105.jpg,/content/face_module/dataset_extractedfaces/lfw_pairs/Paul Burrell_11.jpg,lfw_pairs,impersonation_attack,IR152,MI_ADMIX_DI_TI,vanilla,0.186590164899826
32,Facenet512,/content/face_module/dataset_extractedfaces/lfw_pairs/Donald Rumsfeld_105.jpg,/content/face_module/dataset_extractedfaces/lfw_pairs/Paul Burrell_11.jpg,lfw_pairs,impersonation_attack,IR152,PGD,vanilla,-0.0278480425477027
32,Facenet512,/content/face_module/dataset_extractedfaces/lfw_pairs/Donald Rumsfeld_105.jpg,/content/face_module/dataset_extractedfaces/lfw_pairs/Paul Burrell_11.jpg,lfw_pairs,impersonation_attack,IR152,MI_FGSM,vanilla,0.0664698407053947
32,Facenet512,/content/face_module/dataset_extractedfaces/lfw_pairs/Donald Rumsfeld_105.jpg,/content/face_module/dataset_extractedfaces/lfw_pairs/Paul Burrell_11.jpg,lfw_pairs,impersonation_attack,IR152,TI_FGSM,vanilla,0.0796102136373519
32,Facenet512,/content/face_module/dataset_extractedfaces/lfw_pairs/Donald Rumsfeld_105.jpg,/content/face_module/dataset_extractedfaces/lfw_pairs/Paul Burrell_11.jpg,lfw_pairs,impersonation_attack,IR152,SI_NI_FGSM,vanilla,0.0751976892352104
32,Facenet512,/content/face_module/dataset_extractedfaces/lfw_pairs/Donald Rumsfeld_105.jpg,/content/face_module/dataset_extractedfaces/lfw_pairs/Paul Burrell_11.jpg,lfw_pairs,impersonation_attack,IR152,MI_ADMIX_DI_TI,vanilla,0.064322218298912
32,GhostFaceNet,/content/face_module/dataset_extractedfaces/lfw_pairs/Donald Rumsfeld_105.jpg,/content/face_module/dataset_extractedfaces/lfw_pairs/Paul Burrell_11.jpg,lfw_pairs,impersonation_attack,IR152,PGD,vanilla,-0.0960861593484878
32,GhostFaceNet,/content/face_module/dataset_extractedfaces/lfw_pairs/Donald Rumsfeld_105.jpg,/content/face_module/dataset_extractedfaces/lfw_pairs/Paul Burrell_11.jpg,lfw_pairs,impersonation_attack,IR152,MI_FGSM,vanilla,0.020998902618885
32,GhostFaceNet,/content/face_module/dataset_extractedfaces/lfw_pairs/Donald Rumsfeld_105.jpg,/content/face_module/dataset_extractedfaces/lfw_pairs/Paul Burrell_11.jpg,lfw_pairs,impersonation_attack,IR152,TI_FGSM,vanilla,-0.0227271877229213
32,GhostFaceNet,/content/face_module/dataset_extractedfaces/lfw_pairs/Donald Rumsfeld_105.jpg,/content/face_module/dataset_extractedfaces/lfw_pairs/Paul Burrell_11.jpg,lfw_pairs,impersonation_attack,IR152,SI_NI_FGSM,vanilla,0.091496467590332
32,GhostFaceNet,/content/face_module/dataset_extractedfaces/lfw_pairs/Donald Rumsfeld_105.jpg,/content/face_module/dataset_extractedfaces/lfw_pairs/Paul Burrell_11.jpg,lfw_pairs,impersonation_attack,IR152,MI_ADMIX_DI_TI,vanilla,0.0144938742741942
32,VGG-Face,/content/face_module/dataset_extractedfaces/lfw_pairs/Donald Rumsfeld_105.jpg,/content/face_module/dataset_extractedfaces/lfw_pairs/Paul Burrell_11.jpg,lfw_pairs,impersonation_attack,IR152,PGD,vanilla,0.0072137005627155
32,VGG-Face,/content/face_module/dataset_extractedfaces/lfw_pairs/Donald Rumsfeld_105.jpg,/content/face_module/dataset_extractedfaces/lfw_pairs/Paul Burrell_11.jpg,lfw_pairs,impersonation_attack,IR152,MI_FGSM,vanilla,0.1049651578068733
32,VGG-Face,/content/face_module/dataset_extractedfaces/lfw_pairs/Donald Rumsfeld_105.jpg,/content/face_module/dataset_extractedfaces/lfw_pairs/Paul Burrell_11.jpg,lfw_pairs,impersonation_attack,IR152,TI_FGSM,vanilla,0.0572360828518867
32,VGG-Face,/content/face_module/dataset_extractedfaces/lfw_pairs/Donald Rumsfeld_105.jpg,/content/face_module/dataset_extractedfaces/lfw_pairs/Paul Burrell_11.jpg,lfw_pairs,impersonation_attack,IR152,SI_NI_FGSM,vanilla,0.0281940065324306
32,VGG-Face,/content/face_module/dataset_extractedfaces/lfw_pairs/Donald Rumsfeld_105.jpg,/content/face_module/dataset_extractedfaces/lfw_pairs/Paul Burrell_11.jpg,lfw_pairs,impersonation_attack,IR152,MI_ADMIX_DI_TI,vanilla,0.199576199054718
48,ArcFace,/content/face_module/dataset_extractedfaces/lfw_pairs/Renee Zellweger_14.jpg,/content/face_module/dataset_extractedfaces/lfw_pairs/Venus Williams_9.jpg,lfw_pairs,impersonation_attack,IR152,clean,clean,0.0692660957574844
48,Facenet512,/content/face_module/dataset_extractedfaces/lfw_pairs/Renee Zellweger_14.jpg,/content/face_module/dataset_extractedfaces/lfw_pairs/Venus Williams_9.jpg,lfw_pairs,impersonation_attack,IR152,clean,clean,0.0692660957574844
48,GhostFaceNet,/content/face_module/dataset_extractedfaces/lfw_pairs/Renee Zellweger_14.jpg,/content/face_module/dataset_extractedfaces/lfw_pairs/Venus Williams_9.jpg,lfw_pairs,impersonation_attack,IR152,clean,clean,0.0692660957574844
48,VGG-Face,/content/face_module/dataset_extractedfaces/lfw_pairs/Renee Zellweger_14.jpg,/content/face_module/dataset_extractedfaces/lfw_pairs/Venus Williams_9.jpg,lfw_pairs,impersonation_attack,IR152,clean,clean,0.0692660957574844
48,ArcFace,/content/face_module/dataset_extractedfaces/lfw_pairs/Renee Zellweger_14.jpg,/content/face_module/dataset_extractedfaces/lfw_pairs/Venus Williams_9.jpg,lfw_pairs,impersonation_attack,IR152,PGD,vanilla,0.131433680653572
48,ArcFace,/content/face_module/dataset_extractedfaces/lfw_pairs/Renee Zellweger_14.jpg,/content/face_module/dataset_extractedfaces/lfw_pairs/Venus Williams_9.jpg,lfw_pairs,impersonation_attack,IR152,MI_FGSM,vanilla,0.1497997343540191
48,ArcFace,/content/face_module/dataset_extractedfaces/lfw_pairs/Renee Zellweger_14.jpg,/content/face_module/dataset_extractedfaces/lfw_pairs/Venus Williams_9.jpg,lfw_pairs,impersonation_attack,IR152,TI_FGSM,vanilla,0.0547025501728057
48,ArcFace,/content/face_module/dataset_extractedfaces/lfw_pairs/Renee Zellweger_14.jpg,/content/face_module/dataset_extractedfaces/lfw_pairs/Venus Williams_9.jpg,lfw_pairs,impersonation_attack,IR152,SI_NI_FGSM,vanilla,0.1430655121803283
48,ArcFace,/content/face_module/dataset_extractedfaces/lfw_pairs/Renee Zellweger_14.jpg,/content/face_module/dataset_extractedfaces/lfw_pairs/Venus Williams_9.jpg,lfw_pairs,impersonation_attack,IR152,MI_ADMIX_DI_TI,vanilla,0.0901627168059349
48,Facenet512,/content/face_module/dataset_extractedfaces/lfw_pairs/Renee Zellweger_14.jpg,/content/face_module/dataset_extractedfaces/lfw_pairs/Venus Williams_9.jpg,lfw_pairs,impersonation_attack,IR152,PGD,vanilla,0.1078284382820129
48,Facenet512,/content/face_module/dataset_extractedfaces/lfw_pairs/Renee Zellweger_14.jpg,/content/face_module/dataset_extractedfaces/lfw_pairs/Venus Williams_9.jpg,lfw_pairs,impersonation_attack,IR152,MI_FGSM,vanilla,0.1452066451311111
48,Facenet512,/content/face_module/dataset_extractedfaces/lfw_pairs/Renee Zellweger_14.jpg,/content/face_module/dataset_extractedfaces/lfw_pairs/Venus Williams_9.jpg,lfw_pairs,impersonation_attack,IR152,TI_FGSM,vanilla,0.1780690997838974
48,Facenet512,/content/face_module/dataset_extractedfaces/lfw_pairs/Renee Zellweger_14.jpg,/content/face_module/dataset_extractedfaces/lfw_pairs/Venus Williams_9.jpg,lfw_pairs,impersonation_attack,IR152,SI_NI_FGSM,vanilla,0.170516550540924
48,Facenet512,/content/face_module/dataset_extractedfaces/lfw_pairs/Renee Zellweger_14.jpg,/content/face_module/dataset_extractedfaces/lfw_pairs/Venus Williams_9.jpg,lfw_pairs,impersonation_attack,IR152,MI_ADMIX_DI_TI,vanilla,0.1672504544258117
48,GhostFaceNet,/content/face_module/dataset_extractedfaces/lfw_pairs/Renee Zellweger_14.jpg,/content/face_module/dataset_extractedfaces/lfw_pairs/Venus Williams_9.jpg,lfw_pairs,impersonation_attack,IR152,PGD,vanilla,0.089640773832798
48,GhostFaceNet,/content/face_module/dataset_extractedfaces/lfw_pairs/Renee Zellweger_14.jpg,/content/face_module/dataset_extractedfaces/lfw_pairs/Venus Williams_9.jpg,lfw_pairs,impersonation_attack,IR152,MI_FGSM,vanilla,0.0724740922451019
48,GhostFaceNet,/content/face_module/dataset_extractedfaces/lfw_pairs/Renee Zellweger_14.jpg,/content/face_module/dataset_extractedfaces/lfw_pairs/Venus Williams_9.jpg,lfw_pairs,impersonation_attack,IR152,TI_FGSM,vanilla,0.0862895399332046
48,GhostFaceNet,/content/face_module/dataset_extractedfaces/lfw_pairs/Renee Zellweger_14.jpg,/content/face_module/dataset_extractedfaces/lfw_pairs/Venus Williams_9.jpg,lfw_pairs,impersonation_attack,IR152,SI_NI_FGSM,vanilla,0.0816003233194351
48,GhostFaceNet,/content/face_module/dataset_extractedfaces/lfw_pairs/Renee Zellweger_14.jpg,/content/face_module/dataset_extractedfaces/lfw_pairs/Venus Williams_9.jpg,lfw_pairs,impersonation_attack,IR152,MI_ADMIX_DI_TI,vanilla,0.1480805277824401
48,VGG-Face,/content/face_module/dataset_extractedfaces/lfw_pairs/Renee Zellweger_14.jpg,/content/face_module/dataset_extractedfaces/lfw_pairs/Venus Williams_9.jpg,lfw_pairs,impersonation_attack,IR152,PGD,vanilla,0.0579998791217803
48,VGG-Face,/content/face_module/dataset_extractedfaces/lfw_pairs/Renee Zellweger_14.jpg,/content/face_module/dataset_extractedfaces/lfw_pairs/Venus Williams_9.jpg,lfw_pairs,impersonation_attack,IR152,MI_FGSM,vanilla,0.0782264173030853
48,VGG-Face,/content/face_module/dataset_extractedfaces/lfw_pairs/Renee Zellweger_14.jpg,/content/face_module/dataset_extractedfaces/lfw_pairs/Venus Williams_9.jpg,lfw_pairs,impersonation_attack,IR152,TI_FGSM,vanilla,0.0890707522630691
48,VGG-Face,/content/face_module/dataset_extractedfaces/lfw_pairs/Renee Zellweger_14.jpg,/content/face_module/dataset_extractedfaces/lfw_pairs/Venus Williams_9.jpg,lfw_pairs,impersonation_attack,IR152,SI_NI_FGSM,vanilla,0.0687087848782539
48,VGG-Face,/content/face_module/dataset_extractedfaces/lfw_pairs/Renee Zellweger_14.jpg,/content/face_module/dataset_extractedfaces/lfw_pairs/Venus Williams_9.jpg,lfw_pairs,impersonation_attack,IR152,MI_ADMIX_DI_TI,vanilla,0.0795514583587646
57,ArcFace,/content/face_module/dataset_extractedfaces/lfw_pairs/Mike Weir_10.jpg,/content/face_module/dataset_extractedfaces/lfw_pairs/Luis Horna_2.jpg,lfw_pairs,impersonation_attack,IR152,clean,clean,0.0053827054798603
57,Facenet512,/content/face_module/dataset_extractedfaces/lfw_pairs/Mike Weir_10.jpg,/content/face_module/dataset_extractedfaces/lfw_pairs/Luis Horna_2.jpg,lfw_pairs,impersonation_attack,IR152,clean,clean,0.0053827054798603
57,GhostFaceNet,/content/face_module/dataset_extractedfaces/lfw_pairs/Mike Weir_10.jpg,/content/face_module/dataset_extractedfaces/lfw_pairs/Luis Horna_2.jpg,lfw_pairs,impersonation_attack,IR152,clean,clean,0.0053827054798603
57,VGG-Face,/content/face_module/dataset_extractedfaces/lfw_pairs/Mike Weir_10.jpg,/content/face_module/dataset_extractedfaces/lfw_pairs/Luis Horna_2.jpg,lfw_pairs,impersonation_attack,IR152,clean,clean,0.0053827054798603
57,ArcFace,/content/face_module/dataset_extractedfaces/lfw_pairs/Mike Weir_10.jpg,/content/face_module/dataset_extractedfaces/lfw_pairs/Luis Horna_2.jpg,lfw_pairs,impersonation_attack,IR152,PGD,vanilla,0.0464404448866844
57,ArcFace,/content/face_module/dataset_extractedfaces/lfw_pairs/Mike Weir_10.jpg,/content/face_module/dataset_extractedfaces/lfw_pairs/Luis Horna_2.jpg,lfw_pairs,impersonation_attack,IR152,MI_FGSM,vanilla,0.1035056412220001
57,ArcFace,/content/face_module/dataset_extractedfaces/lfw_pairs/Mike Weir_10.jpg,/content/face_module/dataset_extractedfaces/lfw_pairs/Luis Horna_2.jpg,lfw_pairs,impersonation_attack,IR152,TI_FGSM,vanilla,0.060613490641117
57,ArcFace,/content/face_module/dataset_extractedfaces/lfw_pairs/Mike Weir_10.jpg,/content/face_module/dataset_extractedfaces/lfw_pairs/Luis Horna_2.jpg,lfw_pairs,impersonation_attack,IR152,SI_NI_FGSM,vanilla,0.1581828892230987
57,ArcFace,/content/face_module/dataset_extractedfaces/lfw_pairs/Mike Weir_10.jpg,/content/face_module/dataset_extractedfaces/lfw_pairs/Luis Horna_2.jpg,lfw_pairs,impersonation_attack,IR152,MI_ADMIX_DI_TI,vanilla,0.0788292363286018
57,Facenet512,/content/face_module/dataset_extractedfaces/lfw_pairs/Mike Weir_10.jpg,/content/face_module/dataset_extractedfaces/lfw_pairs/Luis Horna_2.jpg,lfw_pairs,impersonation_attack,IR152,PGD,vanilla,0.1273000091314315
57,Facenet512,/content/face_module/dataset_extractedfaces/lfw_pairs/Mike Weir_10.jpg,/content/face_module/dataset_extractedfaces/lfw_pairs/Luis Horna_2.jpg,lfw_pairs,impersonation_attack,IR152,MI_FGSM,vanilla,0.2178621292114257
57,Facenet512,/content/face_module/dataset_extractedfaces/lfw_pairs/Mike Weir_10.jpg,/content/face_module/dataset_extractedfaces/lfw_pairs/Luis Horna_2.jpg,lfw_pairs,impersonation_attack,IR152,TI_FGSM,vanilla,0.1703982055187225
57,Facenet512,/content/face_module/dataset_extractedfaces/lfw_pairs/Mike Weir_10.jpg,/content/face_module/dataset_extractedfaces/lfw_pairs/Luis Horna_2.jpg,lfw_pairs,impersonation_attack,IR152,SI_NI_FGSM,vanilla,0.273465096950531
57,Facenet512,/content/face_module/dataset_extractedfaces/lfw_pairs/Mike Weir_10.jpg,/content/face_module/dataset_extractedfaces/lfw_pairs/Luis Horna_2.jpg,lfw_pairs,impersonation_attack,IR152,MI_ADMIX_DI_TI,vanilla,0.2307431995868683
57,GhostFaceNet,/content/face_module/dataset_extractedfaces/lfw_pairs/Mike Weir_10.jpg,/content/face_module/dataset_extractedfaces/lfw_pairs/Luis Horna_2.jpg,lfw_pairs,impersonation_attack,IR152,PGD,vanilla,-0.0031959097832441
57,GhostFaceNet,/content/face_module/dataset_extractedfaces/lfw_pairs/Mike Weir_10.jpg,/content/face_module/dataset_extractedfaces/lfw_pairs/Luis Horna_2.jpg,lfw_pairs,impersonation_attack,IR152,MI_FGSM,vanilla,0.0426531881093978
57,GhostFaceNet,/content/face_module/dataset_extractedfaces/lfw_pairs/Mike Weir_10.jpg,/content/face_module/dataset_extractedfaces/lfw_pairs/Luis Horna_2.jpg,lfw_pairs,impersonation_attack,IR152,TI_FGSM,vanilla,0.0373682491481304
57,GhostFaceNet,/content/face_module/dataset_extractedfaces/lfw_pairs/Mike Weir_10.jpg,/content/face_module/dataset_extractedfaces/lfw_pairs/Luis Horna_2.jpg,lfw_pairs,impersonation_attack,IR152,SI_NI_FGSM,vanilla,0.0416966527700424
57,GhostFaceNet,/content/face_module/dataset_extractedfaces/lfw_pairs/Mike Weir_10.jpg,/content/face_module/dataset_extractedfaces/lfw_pairs/Luis Horna_2.jpg,lfw_pairs,impersonation_attack,IR152,MI_ADMIX_DI_TI,vanilla,0.0241566598415374
57,VGG-Face,/content/face_module/dataset_extractedfaces/lfw_pairs/Mike Weir_10.jpg,/content/face_module/dataset_extractedfaces/lfw_pairs/Luis Horna_2.jpg,lfw_pairs,impersonation_attack,IR152,PGD,vanilla,0.0500627607107162
57,VGG-Face,/content/face_module/dataset_extractedfaces/lfw_pairs/Mike Weir_10.jpg,/content/face_module/dataset_extractedfaces/lfw_pairs/Luis Horna_2.jpg,lfw_pairs,impersonation_attack,IR152,MI_FGSM,vanilla,0.1547089219093322
57,VGG-Face,/content/face_module/dataset_extractedfaces/lfw_pairs/Mike Weir_10.jpg,/content/face_module/dataset_extractedfaces/lfw_pairs/Luis Horna_2.jpg,lfw_pairs,impersonation_attack,IR152,TI_FGSM,vanilla,0.0669168159365654
57,VGG-Face,/content/face_module/dataset_extractedfaces/lfw_pairs/Mike Weir_10.jpg,/content/face_module/dataset_extractedfaces/lfw_pairs/Luis Horna_2.jpg,lfw_pairs,impersonation_attack,IR152,SI_NI_FGSM,vanilla,0.1235371381044387
57,VGG-Face,/content/face_module/dataset_extractedfaces/lfw_pairs/Mike Weir_10.jpg,/content/face_module/dataset_extractedfaces/lfw_pairs/Luis Horna_2.jpg,lfw_pairs,impersonation_attack,IR152,MI_ADMIX_DI_TI,vanilla,0.1183041483163833
60,ArcFace,/content/face_module/dataset_extractedfaces/lfw_pairs/Jason Kidd_9.jpg,/content/face_module/dataset_extractedfaces/lfw_pairs/Luiz Inacio Lula da Silva_22.jpg,lfw_pairs,impersonation_attack,IR152,clean,clean,-0.0300827044993639
60,Facenet512,/content/face_module/dataset_extractedfaces/lfw_pairs/Jason Kidd_9.jpg,/content/face_module/dataset_extractedfaces/lfw_pairs/Luiz Inacio Lula da Silva_22.jpg,lfw_pairs,impersonation_attack,IR152,clean,clean,-0.0300827044993639
60,GhostFaceNet,/content/face_module/dataset_extractedfaces/lfw_pairs/Jason Kidd_9.jpg,/content/face_module/dataset_extractedfaces/lfw_pairs/Luiz Inacio Lula da Silva_22.jpg,lfw_pairs,impersonation_attack,IR152,clean,clean,-0.0300827044993639
60,VGG-Face,/content/face_module/dataset_extractedfaces/lfw_pairs/Jason Kidd_9.jpg,/content/face_module/dataset_extractedfaces/lfw_pairs/Luiz Inacio Lula da Silva_22.jpg,lfw_pairs,impersonation_attack,IR152,clean,clean,-0.0300827044993639
60,ArcFace,/content/face_module/dataset_extractedfaces/lfw_pairs/Jason Kidd_9.jpg,/content/face_module/dataset_extractedfaces/lfw_pairs/Luiz Inacio Lula da Silva_22.jpg,lfw_pairs,impersonation_attack,IR152,PGD,vanilla,-0.0291997678577899
60,ArcFace,/content/face_module/dataset_extractedfaces/lfw_pairs/Jason Kidd_9.jpg,/content/face_module/dataset_extractedfaces/lfw_pairs/Luiz Inacio Lula da Silva_22.jpg,lfw_pairs,impersonation_attack,IR152,MI_FGSM,vanilla,-0.0062509141862392
60,ArcFace,/content/face_module/dataset_extractedfaces/lfw_pairs/Jason Kidd_9.jpg,/content/face_module/dataset_extractedfaces/lfw_pairs/Luiz Inacio Lula da Silva_22.jpg,lfw_pairs,impersonation_attack,IR152,TI_FGSM,vanilla,-0.0200495086610317
60,ArcFace,/content/face_module/dataset_extractedfaces/lfw_pairs/Jason Kidd_9.jpg,/content/face_module/dataset_extractedfaces/lfw_pairs/Luiz Inacio Lula da Silva_22.jpg,lfw_pairs,impersonation_attack,IR152,SI_NI_FGSM,vanilla,0.038033090531826
60,ArcFace,/content/face_module/dataset_extractedfaces/lfw_pairs/Jason Kidd_9.jpg,/content/face_module/dataset_extractedfaces/lfw_pairs/Luiz Inacio Lula da Silva_22.jpg,lfw_pairs,impersonation_attack,IR152,MI_ADMIX_DI_TI,vanilla,-0.0080273570492863
60,Facenet512,/content/face_module/dataset_extractedfaces/lfw_pairs/Jason Kidd_9.jpg,/content/face_module/dataset_extractedfaces/lfw_pairs/Luiz Inacio Lula da Silva_22.jpg,lfw_pairs,impersonation_attack,IR152,PGD,vanilla,0.0227829962968826
60,Facenet512,/content/face_module/dataset_extractedfaces/lfw_pairs/Jason Kidd_9.jpg,/content/face_module/dataset_extractedfaces/lfw_pairs/Luiz Inacio Lula da Silva_22.jpg,lfw_pairs,impersonation_attack,IR152,MI_FGSM,vanilla,0.1211972087621688
60,Facenet512,/content/face_module/dataset_extractedfaces/lfw_pairs/Jason Kidd_9.jpg,/content/face_module/dataset_extractedfaces/lfw_pairs/Luiz Inacio Lula da Silva_22.jpg,lfw_pairs,impersonation_attack,IR152,TI_FGSM,vanilla,0.101136028766632
60,Facenet512,/content/face_module/dataset_extractedfaces/lfw_pairs/Jason Kidd_9.jpg,/content/face_module/dataset_extractedfaces/lfw_pairs/Luiz Inacio Lula da Silva_22.jpg,lfw_pairs,impersonation_attack,IR152,SI_NI_FGSM,vanilla,0.1489517986774444
60,Facenet512,/content/face_module/dataset_extractedfaces/lfw_pairs/Jason Kidd_9.jpg,/content/face_module/dataset_extractedfaces/lfw_pairs/Luiz Inacio Lula da Silva_22.jpg,lfw_pairs,impersonation_attack,IR152,MI_ADMIX_DI_TI,vanilla,0.1822542250156402
60,GhostFaceNet,/content/face_module/dataset_extractedfaces/lfw_pairs/Jason Kidd_9.jpg,/content/face_module/dataset_extractedfaces/lfw_pairs/Luiz Inacio Lula da Silva_22.jpg,lfw_pairs,impersonation_attack,IR152,PGD,vanilla,0.0112229008227586
60,GhostFaceNet,/content/face_module/dataset_extractedfaces/lfw_pairs/Jason Kidd_9.jpg,/content/face_module/dataset_extractedfaces/lfw_pairs/Luiz Inacio Lula da Silva_22.jpg,lfw_pairs,impersonation_attack,IR152,MI_FGSM,vanilla,-0.0674331188201904
60,GhostFaceNet,/content/face_module/dataset_extractedfaces/lfw_pairs/Jason Kidd_9.jpg,/content/face_module/dataset_extractedfaces/lfw_pairs/Luiz Inacio Lula da Silva_22.jpg,lfw_pairs,impersonation_attack,IR152,TI_FGSM,vanilla,-0.0304466653615236
60,GhostFaceNet,/content/face_module/dataset_extractedfaces/lfw_pairs/Jason Kidd_9.jpg,/content/face_module/dataset_extractedfaces/lfw_pairs/Luiz Inacio Lula da Silva_22.jpg,lfw_pairs,impersonation_attack,IR152,SI_NI_FGSM,vanilla,0.0144276171922683
60,GhostFaceNet,/content/face_module/dataset_extractedfaces/lfw_pairs/Jason Kidd_9.jpg,/content/face_module/dataset_extractedfaces/lfw_pairs/Luiz Inacio Lula da Silva_22.jpg,lfw_pairs,impersonation_attack,IR152,MI_ADMIX_DI_TI,vanilla,-0.0223940126597881
60,VGG-Face,/content/face_module/dataset_extractedfaces/lfw_pairs/Jason Kidd_9.jpg,/content/face_module/dataset_extractedfaces/lfw_pairs/Luiz Inacio Lula da Silva_22.jpg,lfw_pairs,impersonation_attack,IR152,PGD,vanilla,-0.0449570566415786
60,VGG-Face,/content/face_module/dataset_extractedfaces/lfw_pairs/Jason Kidd_9.jpg,/content/face_module/dataset_extractedfaces/lfw_pairs/Luiz Inacio Lula da Silva_22.jpg,lfw_pairs,impersonation_attack,IR152,MI_FGSM,vanilla,0.0040082558989524
60,VGG-Face,/content/face_module/dataset_extractedfaces/lfw_pairs/Jason Kidd_9.jpg,/content/face_module/dataset_extractedfaces/lfw_pairs/Luiz Inacio Lula da Silva_22.jpg,lfw_pairs,impersonation_attack,IR152,TI_FGSM,vanilla,-0.0109860133379697
60,VGG-Face,/content/face_module/dataset_extractedfaces/lfw_pairs/Jason Kidd_9.jpg,/content/face_module/dataset_extractedfaces/lfw_pairs/Luiz Inacio Lula da Silva_22.jpg,lfw_pairs,impersonation_attack,IR152,SI_NI_FGSM,vanilla,0.0657626539468765
60,VGG-Face,/content/face_module/dataset_extractedfaces/lfw_pairs/Jason Kidd_9.jpg,/content/face_module/dataset_extractedfaces/lfw_pairs/Luiz Inacio Lula da Silva_22.jpg,lfw_pairs,impersonation_attack,IR152,MI_ADMIX_DI_TI,vanilla,0.0255462136119604
2,ArcFace,/content/face_module/dataset_extractedfaces/celeba_pairs/107859.jpg,/content/face_module/dataset_extractedfaces/celeba_pairs/031892.jpg,celeba_pairs,impersonation_attack,IR152,clean,clean,0.1105673089623451
2,Facenet512,/content/face_module/dataset_extractedfaces/celeba_pairs/107859.jpg,/content/face_module/dataset_extractedfaces/celeba_pairs/031892.jpg,celeba_pairs,impersonation_attack,IR152,clean,clean,0.1105673089623451
2,GhostFaceNet,/content/face_module/dataset_extractedfaces/celeba_pairs/107859.jpg,/content/face_module/dataset_extractedfaces/celeba_pairs/031892.jpg,celeba_pairs,impersonation_attack,IR152,clean,clean,0.1105673089623451
2,VGG-Face,/content/face_module/dataset_extractedfaces/celeba_pairs/107859.jpg,/content/face_module/dataset_extractedfaces/celeba_pairs/031892.jpg,celeba_pairs,impersonation_attack,IR152,clean,clean,0.1105673089623451
2,ArcFace,/content/face_module/dataset_extractedfaces/celeba_pairs/107859.jpg,/content/face_module/dataset_extractedfaces/celeba_pairs/031892.jpg,celeba_pairs,impersonation_attack,IR152,PGD,vanilla,0.1743053346872329
2,ArcFace,/content/face_module/dataset_extractedfaces/celeba_pairs/107859.jpg,/content/face_module/dataset_extractedfaces/celeba_pairs/031892.jpg,celeba_pairs,impersonation_attack,IR152,MI_FGSM,vanilla,0.2271692156791687
2,ArcFace,/content/face_module/dataset_extractedfaces/celeba_pairs/107859.jpg,/content/face_module/dataset_extractedfaces/celeba_pairs/031892.jpg,celeba_pairs,impersonation_attack,IR152,TI_FGSM,vanilla,0.2515017986297607
2,ArcFace,/content/face_module/dataset_extractedfaces/celeba_pairs/107859.jpg,/content/face_module/dataset_extractedfaces/celeba_pairs/031892.jpg,celeba_pairs,impersonation_attack,IR152,SI_NI_FGSM,vanilla,0.2805209755897522
2,ArcFace,/content/face_module/dataset_extractedfaces/celeba_pairs/107859.jpg,/content/face_module/dataset_extractedfaces/celeba_pairs/031892.jpg,celeba_pairs,impersonation_attack,IR152,MI_ADMIX_DI_TI,vanilla,0.2112385481595993
2,Facenet512,/content/face_module/dataset_extractedfaces/celeba_pairs/107859.jpg,/content/face_module/dataset_extractedfaces/celeba_pairs/031892.jpg,celeba_pairs,impersonation_attack,IR152,PGD,vanilla,0.2272829860448837
2,Facenet512,/content/face_module/dataset_extractedfaces/celeba_pairs/107859.jpg,/content/face_module/dataset_extractedfaces/celeba_pairs/031892.jpg,celeba_pairs,impersonation_attack,IR152,MI_FGSM,vanilla,0.247698426246643
2,Facenet512,/content/face_module/dataset_extractedfaces/celeba_pairs/107859.jpg,/content/face_module/dataset_extractedfaces/celeba_pairs/031892.jpg,celeba_pairs,impersonation_attack,IR152,TI_FGSM,vanilla,0.2131898701190948
2,Facenet512,/content/face_module/dataset_extractedfaces/celeba_pairs/107859.jpg,/content/face_module/dataset_extractedfaces/celeba_pairs/031892.jpg,celeba_pairs,impersonation_attack,IR152,SI_NI_FGSM,vanilla,0.1566197872161865
2,Facenet512,/content/face_module/dataset_extractedfaces/celeba_pairs/107859.jpg,/content/face_module/dataset_extractedfaces/celeba_pairs/031892.jpg,celeba_pairs,impersonation_attack,IR152,MI_ADMIX_DI_TI,vanilla,0.1234480068087577
2,GhostFaceNet,/content/face_module/dataset_extractedfaces/celeba_pairs/107859.jpg,/content/face_module/dataset_extractedfaces/celeba_pairs/031892.jpg,celeba_pairs,impersonation_attack,IR152,PGD,vanilla,0.0792423337697982
2,GhostFaceNet,/content/face_module/dataset_extractedfaces/celeba_pairs/107859.jpg,/content/face_module/dataset_extractedfaces/celeba_pairs/031892.jpg,celeba_pairs,impersonation_attack,IR152,MI_FGSM,vanilla,0.0978650972247123
2,GhostFaceNet,/content/face_module/dataset_extractedfaces/celeba_pairs/107859.jpg,/content/face_module/dataset_extractedfaces/celeba_pairs/031892.jpg,celeba_pairs,impersonation_attack,IR152,TI_FGSM,vanilla,0.127645656466484
2,GhostFaceNet,/content/face_module/dataset_extractedfaces/celeba_pairs/107859.jpg,/content/face_module/dataset_extractedfaces/celeba_pairs/031892.jpg,celeba_pairs,impersonation_attack,IR152,SI_NI_FGSM,vanilla,0.1103197112679481
2,GhostFaceNet,/content/face_module/dataset_extractedfaces/celeba_pairs/107859.jpg,/content/face_module/dataset_extractedfaces/celeba_pairs/031892.jpg,celeba_pairs,impersonation_attack,IR152,MI_ADMIX_DI_TI,vanilla,0.1442838609218597
2,VGG-Face,/content/face_module/dataset_extractedfaces/celeba_pairs/107859.jpg,/content/face_module/dataset_extractedfaces/celeba_pairs/031892.jpg,celeba_pairs,impersonation_attack,IR152,PGD,vanilla,0.2020483613014221
2,VGG-Face,/content/face_module/dataset_extractedfaces/celeba_pairs/107859.jpg,/content/face_module/dataset_extractedfaces/celeba_pairs/031892.jpg,celeba_pairs,impersonation_attack,IR152,MI_FGSM,vanilla,0.1255164444446563
2,VGG-Face,/content/face_module/dataset_extractedfaces/celeba_pairs/107859.jpg,/content/face_module/dataset_extractedfaces/celeba_pairs/031892.jpg,celeba_pairs,impersonation_attack,IR152,TI_FGSM,vanilla,0.1772692799568176
2,VGG-Face,/content/face_module/dataset_extractedfaces/celeba_pairs/107859.jpg,/content/face_module/dataset_extractedfaces/celeba_pairs/031892.jpg,celeba_pairs,impersonation_attack,IR152,SI_NI_FGSM,vanilla,0.1835168302059173
2,VGG-Face,/content/face_module/dataset_extractedfaces/celeba_pairs/107859.jpg,/content/face_module/dataset_extractedfaces/celeba_pairs/031892.jpg,celeba_pairs,impersonation_attack,IR152,MI_ADMIX_DI_TI,vanilla,0.1964705288410186
8,ArcFace,/content/face_module/dataset_extractedfaces/celeba_pairs/023666.jpg,/content/face_module/dataset_extractedfaces/celeba_pairs/010959.jpg,celeba_pairs,impersonation_attack,IR152,clean,clean,0.0581044219434261
8,Facenet512,/content/face_module/dataset_extractedfaces/celeba_pairs/023666.jpg,/content/face_module/dataset_extractedfaces/celeba_pairs/010959.jpg,celeba_pairs,impersonation_attack,IR152,clean,clean,0.0581044219434261
8,GhostFaceNet,/content/face_module/dataset_extractedfaces/celeba_pairs/023666.jpg,/content/face_module/dataset_extractedfaces/celeba_pairs/010959.jpg,celeba_pairs,impersonation_attack,IR152,clean,clean,0.0581044219434261
8,VGG-Face,/content/face_module/dataset_extractedfaces/celeba_pairs/023666.jpg,/content/face_module/dataset_extractedfaces/celeba_pairs/010959.jpg,celeba_pairs,impersonation_attack,IR152,clean,clean,0.0581044219434261
8,ArcFace,/content/face_module/dataset_extractedfaces/celeba_pairs/023666.jpg,/content/face_module/dataset_extractedfaces/celeba_pairs/010959.jpg,celeba_pairs,impersonation_attack,IR152,PGD,vanilla,0.0885645374655723
8,ArcFace,/content/face_module/dataset_extractedfaces/celeba_pairs/023666.jpg,/content/face_module/dataset_extractedfaces/celeba_pairs/010959.jpg,celeba_pairs,impersonation_attack,IR152,MI_FGSM,vanilla,0.100813589990139
8,ArcFace,/content/face_module/dataset_extractedfaces/celeba_pairs/023666.jpg,/content/face_module/dataset_extractedfaces/celeba_pairs/010959.jpg,celeba_pairs,impersonation_attack,IR152,TI_FGSM,vanilla,0.157723069190979
8,ArcFace,/content/face_module/dataset_extractedfaces/celeba_pairs/023666.jpg,/content/face_module/dataset_extractedfaces/celeba_pairs/010959.jpg,celeba_pairs,impersonation_attack,IR152,SI_NI_FGSM,vanilla,0.0851481407880783
8,ArcFace,/content/face_module/dataset_extractedfaces/celeba_pairs/023666.jpg,/content/face_module/dataset_extractedfaces/celeba_pairs/010959.jpg,celeba_pairs,impersonation_attack,IR152,MI_ADMIX_DI_TI,vanilla,0.0948993414640426
8,Facenet512,/content/face_module/dataset_extractedfaces/celeba_pairs/023666.jpg,/content/face_module/dataset_extractedfaces/celeba_pairs/010959.jpg,celeba_pairs,impersonation_attack,IR152,PGD,vanilla,0.0509630292654037
8,Facenet512,/content/face_module/dataset_extractedfaces/celeba_pairs/023666.jpg,/content/face_module/dataset_extractedfaces/celeba_pairs/010959.jpg,celeba_pairs,impersonation_attack,IR152,MI_FGSM,vanilla,0.0820225328207016
8,Facenet512,/content/face_module/dataset_extractedfaces/celeba_pairs/023666.jpg,/content/face_module/dataset_extractedfaces/celeba_pairs/010959.jpg,celeba_pairs,impersonation_attack,IR152,TI_FGSM,vanilla,-0.0359087735414505
8,Facenet512,/content/face_module/dataset_extractedfaces/celeba_pairs/023666.jpg,/content/face_module/dataset_extractedfaces/celeba_pairs/010959.jpg,celeba_pairs,impersonation_attack,IR152,SI_NI_FGSM,vanilla,0.1118623912334442
8,Facenet512,/content/face_module/dataset_extractedfaces/celeba_pairs/023666.jpg,/content/face_module/dataset_extractedfaces/celeba_pairs/010959.jpg,celeba_pairs,impersonation_attack,IR152,MI_ADMIX_DI_TI,vanilla,0.0331454649567604
8,GhostFaceNet,/content/face_module/dataset_extractedfaces/celeba_pairs/023666.jpg,/content/face_module/dataset_extractedfaces/celeba_pairs/010959.jpg,celeba_pairs,impersonation_attack,IR152,PGD,vanilla,0.1124360337853431
8,GhostFaceNet,/content/face_module/dataset_extractedfaces/celeba_pairs/023666.jpg,/content/face_module/dataset_extractedfaces/celeba_pairs/010959.jpg,celeba_pairs,impersonation_attack,IR152,MI_FGSM,vanilla,0.1353771984577179
8,GhostFaceNet,/content/face_module/dataset_extractedfaces/celeba_pairs/023666.jpg,/content/face_module/dataset_extractedfaces/celeba_pairs/010959.jpg,celeba_pairs,impersonation_attack,IR152,TI_FGSM,vanilla,0.1286282390356063
8,GhostFaceNet,/content/face_module/dataset_extractedfaces/celeba_pairs/023666.jpg,/content/face_module/dataset_extractedfaces/celeba_pairs/010959.jpg,celeba_pairs,impersonation_attack,IR152,SI_NI_FGSM,vanilla,0.1942095458507537
8,GhostFaceNet,/content/face_module/dataset_extractedfaces/celeba_pairs/023666.jpg,/content/face_module/dataset_extractedfaces/celeba_pairs/010959.jpg,celeba_pairs,impersonation_attack,IR152,MI_ADMIX_DI_TI,vanilla,0.1294830441474914
8,VGG-Face,/content/face_module/dataset_extractedfaces/celeba_pairs/023666.jpg,/content/face_module/dataset_extractedfaces/celeba_pairs/010959.jpg,celeba_pairs,impersonation_attack,IR152,PGD,vanilla,0.0547361969947814
8,VGG-Face,/content/face_module/dataset_extractedfaces/celeba_pairs/023666.jpg,/content/face_module/dataset_extractedfaces/celeba_pairs/010959.jpg,celeba_pairs,impersonation_attack,IR152,MI_FGSM,vanilla,0.0699774026870727
8,VGG-Face,/content/face_module/dataset_extractedfaces/celeba_pairs/023666.jpg,/content/face_module/dataset_extractedfaces/celeba_pairs/010959.jpg,celeba_pairs,impersonation_attack,IR152,TI_FGSM,vanilla,0.0807341858744621
8,VGG-Face,/content/face_module/dataset_extractedfaces/celeba_pairs/023666.jpg,/content/face_module/dataset_extractedfaces/celeba_pairs/010959.jpg,celeba_pairs,impersonation_attack,IR152,SI_NI_FGSM,vanilla,0.0342788100242614
8,VGG-Face,/content/face_module/dataset_extractedfaces/celeba_pairs/023666.jpg,/content/face_module/dataset_extractedfaces/celeba_pairs/010959.jpg,celeba_pairs,impersonation_attack,IR152,MI_ADMIX_DI_TI,vanilla,0.0656074658036232
12,ArcFace,/content/face_module/dataset_extractedfaces/celeba_pairs/003089.jpg,/content/face_module/dataset_extractedfaces/celeba_pairs/016966.jpg,celeba_pairs,impersonation_attack,IR152,clean,clean,0.0933876782655716
12,Facenet512,/content/face_module/dataset_extractedfaces/celeba_pairs/003089.jpg,/content/face_module/dataset_extractedfaces/celeba_pairs/016966.jpg,celeba_pairs,impersonation_attack,IR152,clean,clean,0.0933876782655716
12,GhostFaceNet,/content/face_module/dataset_extractedfaces/celeba_pairs/003089.jpg,/content/face_module/dataset_extractedfaces/celeba_pairs/016966.jpg,celeba_pairs,impersonation_attack,IR152,clean,clean,0.0933876782655716
12,VGG-Face,/content/face_module/dataset_extractedfaces/celeba_pairs/003089.jpg,/content/face_module/dataset_extractedfaces/celeba_pairs/016966.jpg,celeba_pairs,impersonation_attack,IR152,clean,clean,0.0933876782655716
12,ArcFace,/content/face_module/dataset_extractedfaces/celeba_pairs/003089.jpg,/content/face_module/dataset_extractedfaces/celeba_pairs/016966.jpg,celeba_pairs,impersonation_attack,IR152,PGD,vanilla,0.0985766127705574
12,ArcFace,/content/face_module/dataset_extractedfaces/celeba_pairs/003089.jpg,/content/face_module/dataset_extractedfaces/celeba_pairs/016966.jpg,celeba_pairs,impersonation_attack,IR152,MI_FGSM,vanilla,0.1351440101861953
12,ArcFace,/content/face_module/dataset_extractedfaces/celeba_pairs/003089.jpg,/content/face_module/dataset_extractedfaces/celeba_pairs/016966.jpg,celeba_pairs,impersonation_attack,IR152,TI_FGSM,vanilla,0.1127799749374389
12,ArcFace,/content/face_module/dataset_extractedfaces/celeba_pairs/003089.jpg,/content/face_module/dataset_extractedfaces/celeba_pairs/016966.jpg,celeba_pairs,impersonation_attack,IR152,SI_NI_FGSM,vanilla,0.1071356311440467
12,ArcFace,/content/face_module/dataset_extractedfaces/celeba_pairs/003089.jpg,/content/face_module/dataset_extractedfaces/celeba_pairs/016966.jpg,celeba_pairs,impersonation_attack,IR152,MI_ADMIX_DI_TI,vanilla,0.0917611345648765
12,Facenet512,/content/face_module/dataset_extractedfaces/celeba_pairs/003089.jpg,/content/face_module/dataset_extractedfaces/celeba_pairs/016966.jpg,celeba_pairs,impersonation_attack,IR152,PGD,vanilla,0.0916997566819191
12,Facenet512,/content/face_module/dataset_extractedfaces/celeba_pairs/003089.jpg,/content/face_module/dataset_extractedfaces/celeba_pairs/016966.jpg,celeba_pairs,impersonation_attack,IR152,MI_FGSM,vanilla,0.1070702821016311
12,Facenet512,/content/face_module/dataset_extractedfaces/celeba_pairs/003089.jpg,/content/face_module/dataset_extractedfaces/celeba_pairs/016966.jpg,celeba_pairs,impersonation_attack,IR152,TI_FGSM,vanilla,0.1571578234434127
12,Facenet512,/content/face_module/dataset_extractedfaces/celeba_pairs/003089.jpg,/content/face_module/dataset_extractedfaces/celeba_pairs/016966.jpg,celeba_pairs,impersonation_attack,IR152,SI_NI_FGSM,vanilla,0.1225078478455543
12,Facenet512,/content/face_module/dataset_extractedfaces/celeba_pairs/003089.jpg,/content/face_module/dataset_extractedfaces/celeba_pairs/016966.jpg,celeba_pairs,impersonation_attack,IR152,MI_ADMIX_DI_TI,vanilla,0.148662120103836
12,GhostFaceNet,/content/face_module/dataset_extractedfaces/celeba_pairs/003089.jpg,/content/face_module/dataset_extractedfaces/celeba_pairs/016966.jpg,celeba_pairs,impersonation_attack,IR152,PGD,vanilla,0.1240797191858291
12,GhostFaceNet,/content/face_module/dataset_extractedfaces/celeba_pairs/003089.jpg,/content/face_module/dataset_extractedfaces/celeba_pairs/016966.jpg,celeba_pairs,impersonation_attack,IR152,MI_FGSM,vanilla,0.1233322396874427
12,GhostFaceNet,/content/face_module/dataset_extractedfaces/celeba_pairs/003089.jpg,/content/face_module/dataset_extractedfaces/celeba_pairs/016966.jpg,celeba_pairs,impersonation_attack,IR152,TI_FGSM,vanilla,0.1440957486629486
12,GhostFaceNet,/content/face_module/dataset_extractedfaces/celeba_pairs/003089.jpg,/content/face_module/dataset_extractedfaces/celeba_pairs/016966.jpg,celeba_pairs,impersonation_attack,IR152,SI_NI_FGSM,vanilla,0.1373582780361175
12,GhostFaceNet,/content/face_module/dataset_extractedfaces/celeba_pairs/003089.jpg,/content/face_module/dataset_extractedfaces/celeba_pairs/016966.jpg,celeba_pairs,impersonation_attack,IR152,MI_ADMIX_DI_TI,vanilla,0.1302748918533325
12,VGG-Face,/content/face_module/dataset_extractedfaces/celeba_pairs/003089.jpg,/content/face_module/dataset_extractedfaces/celeba_pairs/016966.jpg,celeba_pairs,impersonation_attack,IR152,PGD,vanilla,0.0938669070601463
12,VGG-Face,/content/face_module/dataset_extractedfaces/celeba_pairs/003089.jpg,/content/face_module/dataset_extractedfaces/celeba_pairs/016966.jpg,celeba_pairs,impersonation_attack,IR152,MI_FGSM,vanilla,0.0832172557711601
12,VGG-Face,/content/face_module/dataset_extractedfaces/celeba_pairs/003089.jpg,/content/face_module/dataset_extractedfaces/celeba_pairs/016966.jpg,celeba_pairs,impersonation_attack,IR152,TI_FGSM,vanilla,0.1300507336854934
12,VGG-Face,/content/face_module/dataset_extractedfaces/celeba_pairs/003089.jpg,/content/face_module/dataset_extractedfaces/celeba_pairs/016966.jpg,celeba_pairs,impersonation_attack,IR152,SI_NI_FGSM,vanilla,0.1093900203704834
12,VGG-Face,/content/face_module/dataset_extractedfaces/celeba_pairs/003089.jpg,/content/face_module/dataset_extractedfaces/celeba_pairs/016966.jpg,celeba_pairs,impersonation_attack,IR152,MI_ADMIX_DI_TI,vanilla,0.1149197667837143
26,ArcFace,/content/face_module/dataset_extractedfaces/celeba_pairs/113117.jpg,/content/face_module/dataset_extractedfaces/celeba_pairs/129449.jpg,celeba_pairs,impersonation_attack,IR152,clean,clean,0.077299878001213
26,Facenet512,/content/face_module/dataset_extractedfaces/celeba_pairs/113117.jpg,/content/face_module/dataset_extractedfaces/celeba_pairs/129449.jpg,celeba_pairs,impersonation_attack,IR152,clean,clean,0.077299878001213
26,GhostFaceNet,/content/face_module/dataset_extractedfaces/celeba_pairs/113117.jpg,/content/face_module/dataset_extractedfaces/celeba_pairs/129449.jpg,celeba_pairs,impersonation_attack,IR152,clean,clean,0.077299878001213
26,VGG-Face,/content/face_module/dataset_extractedfaces/celeba_pairs/113117.jpg,/content/face_module/dataset_extractedfaces/celeba_pairs/129449.jpg,celeba_pairs,impersonation_attack,IR152,clean,clean,0.077299878001213
26,ArcFace,/content/face_module/dataset_extractedfaces/celeba_pairs/113117.jpg,/content/face_module/dataset_extractedfaces/celeba_pairs/129449.jpg,celeba_pairs,impersonation_attack,IR152,PGD,vanilla,0.0744157135486602
26,ArcFace,/content/face_module/dataset_extractedfaces/celeba_pairs/113117.jpg,/content/face_module/dataset_extractedfaces/celeba_pairs/129449.jpg,celeba_pairs,impersonation_attack,IR152,MI_FGSM,vanilla,0.0705269277095794
26,ArcFace,/content/face_module/dataset_extractedfaces/celeba_pairs/113117.jpg,/content/face_module/dataset_extractedfaces/celeba_pairs/129449.jpg,celeba_pairs,impersonation_attack,IR152,TI_FGSM,vanilla,0.0669240951538086
26,ArcFace,/content/face_module/dataset_extractedfaces/celeba_pairs/113117.jpg,/content/face_module/dataset_extractedfaces/celeba_pairs/129449.jpg,celeba_pairs,impersonation_attack,IR152,SI_NI_FGSM,vanilla,0.0711652338504791
26,ArcFace,/content/face_module/dataset_extractedfaces/celeba_pairs/113117.jpg,/content/face_module/dataset_extractedfaces/celeba_pairs/129449.jpg,celeba_pairs,impersonation_attack,IR152,MI_ADMIX_DI_TI,vanilla,0.0753333196043968
26,Facenet512,/content/face_module/dataset_extractedfaces/celeba_pairs/113117.jpg,/content/face_module/dataset_extractedfaces/celeba_pairs/129449.jpg,celeba_pairs,impersonation_attack,IR152,PGD,vanilla,0.049859631806612
26,Facenet512,/content/face_module/dataset_extractedfaces/celeba_pairs/113117.jpg,/content/face_module/dataset_extractedfaces/celeba_pairs/129449.jpg,celeba_pairs,impersonation_attack,IR152,MI_FGSM,vanilla,0.0361105650663375
26,Facenet512,/content/face_module/dataset_extractedfaces/celeba_pairs/113117.jpg,/content/face_module/dataset_extractedfaces/celeba_pairs/129449.jpg,celeba_pairs,impersonation_attack,IR152,TI_FGSM,vanilla,0.0401753187179565
26,Facenet512,/content/face_module/dataset_extractedfaces/celeba_pairs/113117.jpg,/content/face_module/dataset_extractedfaces/celeba_pairs/129449.jpg,celeba_pairs,impersonation_attack,IR152,SI_NI_FGSM,vanilla,0.0501824915409088
26,Facenet512,/content/face_module/dataset_extractedfaces/celeba_pairs/113117.jpg,/content/face_module/dataset_extractedfaces/celeba_pairs/129449.jpg,celeba_pairs,impersonation_attack,IR152,MI_ADMIX_DI_TI,vanilla,0.0304446201771497
26,GhostFaceNet,/content/face_module/dataset_extractedfaces/celeba_pairs/113117.jpg,/content/face_module/dataset_extractedfaces/celeba_pairs/129449.jpg,celeba_pairs,impersonation_attack,IR152,PGD,vanilla,0.0882966667413711
26,GhostFaceNet,/content/face_module/dataset_extractedfaces/celeba_pairs/113117.jpg,/content/face_module/dataset_extractedfaces/celeba_pairs/129449.jpg,celeba_pairs,impersonation_attack,IR152,MI_FGSM,vanilla,0.0980899333953857
26,GhostFaceNet,/content/face_module/dataset_extractedfaces/celeba_pairs/113117.jpg,/content/face_module/dataset_extractedfaces/celeba_pairs/129449.jpg,celeba_pairs,impersonation_attack,IR152,TI_FGSM,vanilla,0.1006929874420166
26,GhostFaceNet,/content/face_module/dataset_extractedfaces/celeba_pairs/113117.jpg,/content/face_module/dataset_extractedfaces/celeba_pairs/129449.jpg,celeba_pairs,impersonation_attack,IR152,SI_NI_FGSM,vanilla,0.0662687495350837
26,GhostFaceNet,/content/face_module/dataset_extractedfaces/celeba_pairs/113117.jpg,/content/face_module/dataset_extractedfaces/celeba_pairs/129449.jpg,celeba_pairs,impersonation_attack,IR152,MI_ADMIX_DI_TI,vanilla,0.0762628391385078
26,VGG-Face,/content/face_module/dataset_extractedfaces/celeba_pairs/113117.jpg,/content/face_module/dataset_extractedfaces/celeba_pairs/129449.jpg,celeba_pairs,impersonation_attack,IR152,PGD,vanilla,0.0736130326986312
26,VGG-Face,/content/face_module/dataset_extractedfaces/celeba_pairs/113117.jpg,/content/face_module/dataset_extractedfaces/celeba_pairs/129449.jpg,celeba_pairs,impersonation_attack,IR152,MI_FGSM,vanilla,0.0440461039543151
26,VGG-Face,/content/face_module/dataset_extractedfaces/celeba_pairs/113117.jpg,/content/face_module/dataset_extractedfaces/celeba_pairs/129449.jpg,celeba_pairs,impersonation_attack,IR152,TI_FGSM,vanilla,0.080934852361679
26,VGG-Face,/content/face_module/dataset_extractedfaces/celeba_pairs/113117.jpg,/content/face_module/dataset_extractedfaces/celeba_pairs/129449.jpg,celeba_pairs,impersonation_attack,IR152,SI_NI_FGSM,vanilla,0.0567506365478038
26,VGG-Face,/content/face_module/dataset_extractedfaces/celeba_pairs/113117.jpg,/content/face_module/dataset_extractedfaces/celeba_pairs/129449.jpg,celeba_pairs,impersonation_attack,IR152,MI_ADMIX_DI_TI,vanilla,0.0927519500255584
34,ArcFace,/content/face_module/dataset_extractedfaces/celeba_pairs/001430.jpg,/content/face_module/dataset_extractedfaces/celeba_pairs/046649.jpg,celeba_pairs,impersonation_attack,IR152,clean,clean,-0.0490606576204299
34,Facenet512,/content/face_module/dataset_extractedfaces/celeba_pairs/001430.jpg,/content/face_module/dataset_extractedfaces/celeba_pairs/046649.jpg,celeba_pairs,impersonation_attack,IR152,clean,clean,-0.0490606576204299
34,GhostFaceNet,/content/face_module/dataset_extractedfaces/celeba_pairs/001430.jpg,/content/face_module/dataset_extractedfaces/celeba_pairs/046649.jpg,celeba_pairs,impersonation_attack,IR152,clean,clean,-0.0490606576204299
34,VGG-Face,/content/face_module/dataset_extractedfaces/celeba_pairs/001430.jpg,/content/face_module/dataset_extractedfaces/celeba_pairs/046649.jpg,celeba_pairs,impersonation_attack,IR152,clean,clean,-0.0490606576204299
34,ArcFace,/content/face_module/dataset_extractedfaces/celeba_pairs/001430.jpg,/content/face_module/dataset_extractedfaces/celeba_pairs/046649.jpg,celeba_pairs,impersonation_attack,IR152,PGD,vanilla,0.0410907343029975
34,ArcFace,/content/face_module/dataset_extractedfaces/celeba_pairs/001430.jpg,/content/face_module/dataset_extractedfaces/celeba_pairs/046649.jpg,celeba_pairs,impersonation_attack,IR152,MI_FGSM,vanilla,0.1014443039894104
34,ArcFace,/content/face_module/dataset_extractedfaces/celeba_pairs/001430.jpg,/content/face_module/dataset_extractedfaces/celeba_pairs/046649.jpg,celeba_pairs,impersonation_attack,IR152,TI_FGSM,vanilla,0.0201875790953636
34,ArcFace,/content/face_module/dataset_extractedfaces/celeba_pairs/001430.jpg,/content/face_module/dataset_extractedfaces/celeba_pairs/046649.jpg,celeba_pairs,impersonation_attack,IR152,SI_NI_FGSM,vanilla,0.0947332680225372
34,ArcFace,/content/face_module/dataset_extractedfaces/celeba_pairs/001430.jpg,/content/face_module/dataset_extractedfaces/celeba_pairs/046649.jpg,celeba_pairs,impersonation_attack,IR152,MI_ADMIX_DI_TI,vanilla,0.0558201111853122
34,Facenet512,/content/face_module/dataset_extractedfaces/celeba_pairs/001430.jpg,/content/face_module/dataset_extractedfaces/celeba_pairs/046649.jpg,celeba_pairs,impersonation_attack,IR152,PGD,vanilla,0.0776248052716255
34,Facenet512,/content/face_module/dataset_extractedfaces/celeba_pairs/001430.jpg,/content/face_module/dataset_extractedfaces/celeba_pairs/046649.jpg,celeba_pairs,impersonation_attack,IR152,MI_FGSM,vanilla,0.1966728866100311
34,Facenet512,/content/face_module/dataset_extractedfaces/celeba_pairs/001430.jpg,/content/face_module/dataset_extractedfaces/celeba_pairs/046649.jpg,celeba_pairs,impersonation_attack,IR152,TI_FGSM,vanilla,0.1596063673496246
34,Facenet512,/content/face_module/dataset_extractedfaces/celeba_pairs/001430.jpg,/content/face_module/dataset_extractedfaces/celeba_pairs/046649.jpg,celeba_pairs,impersonation_attack,IR152,SI_NI_FGSM,vanilla,0.1916559487581253
34,Facenet512,/content/face_module/dataset_extractedfaces/celeba_pairs/001430.jpg,/content/face_module/dataset_extractedfaces/celeba_pairs/046649.jpg,celeba_pairs,impersonation_attack,IR152,MI_ADMIX_DI_TI,vanilla,0.1892900764942169
34,GhostFaceNet,/content/face_module/dataset_extractedfaces/celeba_pairs/001430.jpg,/content/face_module/dataset_extractedfaces/celeba_pairs/046649.jpg,celeba_pairs,impersonation_attack,IR152,PGD,vanilla,0.0212586522102355
34,GhostFaceNet,/content/face_module/dataset_extractedfaces/celeba_pairs/001430.jpg,/content/face_module/dataset_extractedfaces/celeba_pairs/046649.jpg,celeba_pairs,impersonation_attack,IR152,MI_FGSM,vanilla,0.0670964494347572
34,GhostFaceNet,/content/face_module/dataset_extractedfaces/celeba_pairs/001430.jpg,/content/face_module/dataset_extractedfaces/celeba_pairs/046649.jpg,celeba_pairs,impersonation_attack,IR152,TI_FGSM,vanilla,0.0453921891748905
34,GhostFaceNet,/content/face_module/dataset_extractedfaces/celeba_pairs/001430.jpg,/content/face_module/dataset_extractedfaces/celeba_pairs/046649.jpg,celeba_pairs,impersonation_attack,IR152,SI_NI_FGSM,vanilla,0.0333268567919731
34,GhostFaceNet,/content/face_module/dataset_extractedfaces/celeba_pairs/001430.jpg,/content/face_module/dataset_extractedfaces/celeba_pairs/046649.jpg,celeba_pairs,impersonation_attack,IR152,MI_ADMIX_DI_TI,vanilla,0.0254298131912946
34,VGG-Face,/content/face_module/dataset_extractedfaces/celeba_pairs/001430.jpg,/content/face_module/dataset_extractedfaces/celeba_pairs/046649.jpg,celeba_pairs,impersonation_attack,IR152,PGD,vanilla,-0.0081577412784099
34,VGG-Face,/content/face_module/dataset_extractedfaces/celeba_pairs/001430.jpg,/content/face_module/dataset_extractedfaces/celeba_pairs/046649.jpg,celeba_pairs,impersonation_attack,IR152,MI_FGSM,vanilla,0.063088446855545
34,VGG-Face,/content/face_module/dataset_extractedfaces/celeba_pairs/001430.jpg,/content/face_module/dataset_extractedfaces/celeba_pairs/046649.jpg,celeba_pairs,impersonation_attack,IR152,TI_FGSM,vanilla,-0.0103084249421954
34,VGG-Face,/content/face_module/dataset_extractedfaces/celeba_pairs/001430.jpg,/content/face_module/dataset_extractedfaces/celeba_pairs/046649.jpg,celeba_pairs,impersonation_attack,IR152,SI_NI_FGSM,vanilla,0.0173161569982767
34,VGG-Face,/content/face_module/dataset_extractedfaces/celeba_pairs/001430.jpg,/content/face_module/dataset_extractedfaces/celeba_pairs/046649.jpg,celeba_pairs,impersonation_attack,IR152,MI_ADMIX_DI_TI,vanilla,0.0415978729724884
3,ArcFace,/content/face_module/dataset_extractedfaces/vggface2_pairs/n000007_0076_01.jpg,/content/face_module/dataset_extractedfaces/vggface2_pairs/n000005_0080_01.jpg,vggface2_pairs,impersonation_attack,IR152,clean,clean,0.0970131680369377
3,Facenet512,/content/face_module/dataset_extractedfaces/vggface2_pairs/n000007_0076_01.jpg,/content/face_module/dataset_extractedfaces/vggface2_pairs/n000005_0080_01.jpg,vggface2_pairs,impersonation_attack,IR152,clean,clean,0.0970131680369377
3,GhostFaceNet,/content/face_module/dataset_extractedfaces/vggface2_pairs/n000007_0076_01.jpg,/content/face_module/dataset_extractedfaces/vggface2_pairs/n000005_0080_01.jpg,vggface2_pairs,impersonation_attack,IR152,clean,clean,0.0970131680369377
3,VGG-Face,/content/face_module/dataset_extractedfaces/vggface2_pairs/n000007_0076_01.jpg,/content/face_module/dataset_extractedfaces/vggface2_pairs/n000005_0080_01.jpg,vggface2_pairs,impersonation_attack,IR152,clean,clean,0.0970131680369377
3,ArcFace,/content/face_module/dataset_extractedfaces/vggface2_pairs/n000007_0076_01.jpg,/content/face_module/dataset_extractedfaces/vggface2_pairs/n000005_0080_01.jpg,vggface2_pairs,impersonation_attack,IR152,PGD,vanilla,0.1188846156001091
3,ArcFace,/content/face_module/dataset_extractedfaces/vggface2_pairs/n000007_0076_01.jpg,/content/face_module/dataset_extractedfaces/vggface2_pairs/n000005_0080_01.jpg,vggface2_pairs,impersonation_attack,IR152,MI_FGSM,vanilla,0.1498404294252395
3,ArcFace,/content/face_module/dataset_extractedfaces/vggface2_pairs/n000007_0076_01.jpg,/content/face_module/dataset_extractedfaces/vggface2_pairs/n000005_0080_01.jpg,vggface2_pairs,impersonation_attack,IR152,TI_FGSM,vanilla,0.1558329164981842
3,ArcFace,/content/face_module/dataset_extractedfaces/vggface2_pairs/n000007_0076_01.jpg,/content/face_module/dataset_extractedfaces/vggface2_pairs/n000005_0080_01.jpg,vggface2_pairs,impersonation_attack,IR152,SI_NI_FGSM,vanilla,0.1532461047172546
3,ArcFace,/content/face_module/dataset_extractedfaces/vggface2_pairs/n000007_0076_01.jpg,/content/face_module/dataset_extractedfaces/vggface2_pairs/n000005_0080_01.jpg,vggface2_pairs,impersonation_attack,IR152,MI_ADMIX_DI_TI,vanilla,0.1412218362092971
3,Facenet512,/content/face_module/dataset_extractedfaces/vggface2_pairs/n000007_0076_01.jpg,/content/face_module/dataset_extractedfaces/vggface2_pairs/n000005_0080_01.jpg,vggface2_pairs,impersonation_attack,IR152,PGD,vanilla,0.0877383053302764
3,Facenet512,/content/face_module/dataset_extractedfaces/vggface2_pairs/n000007_0076_01.jpg,/content/face_module/dataset_extractedfaces/vggface2_pairs/n000005_0080_01.jpg,vggface2_pairs,impersonation_attack,IR152,MI_FGSM,vanilla,0.0857479944825172
3,Facenet512,/content/face_module/dataset_extractedfaces/vggface2_pairs/n000007_0076_01.jpg,/content/face_module/dataset_extractedfaces/vggface2_pairs/n000005_0080_01.jpg,vggface2_pairs,impersonation_attack,IR152,TI_FGSM,vanilla,0.1041648834943771
3,Facenet512,/content/face_module/dataset_extractedfaces/vggface2_pairs/n000007_0076_01.jpg,/content/face_module/dataset_extractedfaces/vggface2_pairs/n000005_0080_01.jpg,vggface2_pairs,impersonation_attack,IR152,SI_NI_FGSM,vanilla,0.1092511638998985
3,Facenet512,/content/face_module/dataset_extractedfaces/vggface2_pairs/n000007_0076_01.jpg,/content/face_module/dataset_extractedfaces/vggface2_pairs/n000005_0080_01.jpg,vggface2_pairs,impersonation_attack,IR152,MI_ADMIX_DI_TI,vanilla,0.1144797429442405
3,GhostFaceNet,/content/face_module/dataset_extractedfaces/vggface2_pairs/n000007_0076_01.jpg,/content/face_module/dataset_extractedfaces/vggface2_pairs/n000005_0080_01.jpg,vggface2_pairs,impersonation_attack,IR152,PGD,vanilla,0.1150387674570083
3,GhostFaceNet,/content/face_module/dataset_extractedfaces/vggface2_pairs/n000007_0076_01.jpg,/content/face_module/dataset_extractedfaces/vggface2_pairs/n000005_0080_01.jpg,vggface2_pairs,impersonation_attack,IR152,MI_FGSM,vanilla,0.1269396841526031
3,GhostFaceNet,/content/face_module/dataset_extractedfaces/vggface2_pairs/n000007_0076_01.jpg,/content/face_module/dataset_extractedfaces/vggface2_pairs/n000005_0080_01.jpg,vggface2_pairs,impersonation_attack,IR152,TI_FGSM,vanilla,0.1121325492858886
3,GhostFaceNet,/content/face_module/dataset_extractedfaces/vggface2_pairs/n000007_0076_01.jpg,/content/face_module/dataset_extractedfaces/vggface2_pairs/n000005_0080_01.jpg,vggface2_pairs,impersonation_attack,IR152,SI_NI_FGSM,vanilla,0.1178290396928787
3,GhostFaceNet,/content/face_module/dataset_extractedfaces/vggface2_pairs/n000007_0076_01.jpg,/content/face_module/dataset_extractedfaces/vggface2_pairs/n000005_0080_01.jpg,vggface2_pairs,impersonation_attack,IR152,MI_ADMIX_DI_TI,vanilla,0.1324087679386139
3,VGG-Face,/content/face_module/dataset_extractedfaces/vggface2_pairs/n000007_0076_01.jpg,/content/face_module/dataset_extractedfaces/vggface2_pairs/n000005_0080_01.jpg,vggface2_pairs,impersonation_attack,IR152,PGD,vanilla,0.1142907887697219
3,VGG-Face,/content/face_module/dataset_extractedfaces/vggface2_pairs/n000007_0076_01.jpg,/content/face_module/dataset_extractedfaces/vggface2_pairs/n000005_0080_01.jpg,vggface2_pairs,impersonation_attack,IR152,MI_FGSM,vanilla,0.1120168417692184
3,VGG-Face,/content/face_module/dataset_extractedfaces/vggface2_pairs/n000007_0076_01.jpg,/content/face_module/dataset_extractedfaces/vggface2_pairs/n000005_0080_01.jpg,vggface2_pairs,impersonation_attack,IR152,TI_FGSM,vanilla,0.1253346502780914
3,VGG-Face,/content/face_module/dataset_extractedfaces/vggface2_pairs/n000007_0076_01.jpg,/content/face_module/dataset_extractedfaces/vggface2_pairs/n000005_0080_01.jpg,vggface2_pairs,impersonation_attack,IR152,SI_NI_FGSM,vanilla,0.1222061514854431
3,VGG-Face,/content/face_module/dataset_extractedfaces/vggface2_pairs/n000007_0076_01.jpg,/content/face_module/dataset_extractedfaces/vggface2_pairs/n000005_0080_01.jpg,vggface2_pairs,impersonation_attack,IR152,MI_ADMIX_DI_TI,vanilla,0.1118409633636474
5,ArcFace,/content/face_module/dataset_extractedfaces/vggface2_pairs/n000004_0204_01.jpg,/content/face_module/dataset_extractedfaces/vggface2_pairs/n000002_0070_01.jpg,vggface2_pairs,impersonation_attack,IR152,clean,clean,-0.0258322451263666
5,Facenet512,/content/face_module/dataset_extractedfaces/vggface2_pairs/n000004_0204_01.jpg,/content/face_module/dataset_extractedfaces/vggface2_pairs/n000002_0070_01.jpg,vggface2_pairs,impersonation_attack,IR152,clean,clean,-0.0258322451263666
5,GhostFaceNet,/content/face_module/dataset_extractedfaces/vggface2_pairs/n000004_0204_01.jpg,/content/face_module/dataset_extractedfaces/vggface2_pairs/n000002_0070_01.jpg,vggface2_pairs,impersonation_attack,IR152,clean,clean,-0.0258322451263666
5,VGG-Face,/content/face_module/dataset_extractedfaces/vggface2_pairs/n000004_0204_01.jpg,/content/face_module/dataset_extractedfaces/vggface2_pairs/n000002_0070_01.jpg,vggface2_pairs,impersonation_attack,IR152,clean,clean,-0.0258322451263666
5,ArcFace,/content/face_module/dataset_extractedfaces/vggface2_pairs/n000004_0204_01.jpg,/content/face_module/dataset_extractedfaces/vggface2_pairs/n000002_0070_01.jpg,vggface2_pairs,impersonation_attack,IR152,PGD,vanilla,0.017126390710473
5,ArcFace,/content/face_module/dataset_extractedfaces/vggface2_pairs/n000004_0204_01.jpg,/content/face_module/dataset_extractedfaces/vggface2_pairs/n000002_0070_01.jpg,vggface2_pairs,impersonation_attack,IR152,MI_FGSM,vanilla,0.1131744235754013
5,ArcFace,/content/face_module/dataset_extractedfaces/vggface2_pairs/n000004_0204_01.jpg,/content/face_module/dataset_extractedfaces/vggface2_pairs/n000002_0070_01.jpg,vggface2_pairs,impersonation_attack,IR152,TI_FGSM,vanilla,0.0527083277702331
5,ArcFace,/content/face_module/dataset_extractedfaces/vggface2_pairs/n000004_0204_01.jpg,/content/face_module/dataset_extractedfaces/vggface2_pairs/n000002_0070_01.jpg,vggface2_pairs,impersonation_attack,IR152,SI_NI_FGSM,vanilla,0.1180566474795341
5,ArcFace,/content/face_module/dataset_extractedfaces/vggface2_pairs/n000004_0204_01.jpg,/content/face_module/dataset_extractedfaces/vggface2_pairs/n000002_0070_01.jpg,vggface2_pairs,impersonation_attack,IR152,MI_ADMIX_DI_TI,vanilla,0.0407544374465942
5,Facenet512,/content/face_module/dataset_extractedfaces/vggface2_pairs/n000004_0204_01.jpg,/content/face_module/dataset_extractedfaces/vggface2_pairs/n000002_0070_01.jpg,vggface2_pairs,impersonation_attack,IR152,PGD,vanilla,-0.0169433690607547
5,Facenet512,/content/face_module/dataset_extractedfaces/vggface2_pairs/n000004_0204_01.jpg,/content/face_module/dataset_extractedfaces/vggface2_pairs/n000002_0070_01.jpg,vggface2_pairs,impersonation_attack,IR152,MI_FGSM,vanilla,0.0367831289768219
5,Facenet512,/content/face_module/dataset_extractedfaces/vggface2_pairs/n000004_0204_01.jpg,/content/face_module/dataset_extractedfaces/vggface2_pairs/n000002_0070_01.jpg,vggface2_pairs,impersonation_attack,IR152,TI_FGSM,vanilla,0.0056203268468379
5,Facenet512,/content/face_module/dataset_extractedfaces/vggface2_pairs/n000004_0204_01.jpg,/content/face_module/dataset_extractedfaces/vggface2_pairs/n000002_0070_01.jpg,vggface2_pairs,impersonation_attack,IR152,SI_NI_FGSM,vanilla,0.0227647311985492
5,Facenet512,/content/face_module/dataset_extractedfaces/vggface2_pairs/n000004_0204_01.jpg,/content/face_module/dataset_extractedfaces/vggface2_pairs/n000002_0070_01.jpg,vggface2_pairs,impersonation_attack,IR152,MI_ADMIX_DI_TI,vanilla,0.0404288582503795
5,GhostFaceNet,/content/face_module/dataset_extractedfaces/vggface2_pairs/n000004_0204_01.jpg,/content/face_module/dataset_extractedfaces/vggface2_pairs/n000002_0070_01.jpg,vggface2_pairs,impersonation_attack,IR152,PGD,vanilla,0.0844092890620231
5,GhostFaceNet,/content/face_module/dataset_extractedfaces/vggface2_pairs/n000004_0204_01.jpg,/content/face_module/dataset_extractedfaces/vggface2_pairs/n000002_0070_01.jpg,vggface2_pairs,impersonation_attack,IR152,MI_FGSM,vanilla,0.1240710318088531
5,GhostFaceNet,/content/face_module/dataset_extractedfaces/vggface2_pairs/n000004_0204_01.jpg,/content/face_module/dataset_extractedfaces/vggface2_pairs/n000002_0070_01.jpg,vggface2_pairs,impersonation_attack,IR152,TI_FGSM,vanilla,0.081119917333126
5,GhostFaceNet,/content/face_module/dataset_extractedfaces/vggface2_pairs/n000004_0204_01.jpg,/content/face_module/dataset_extractedfaces/vggface2_pairs/n000002_0070_01.jpg,vggface2_pairs,impersonation_attack,IR152,SI_NI_FGSM,vanilla,0.1571528315544128
5,GhostFaceNet,/content/face_module/dataset_extractedfaces/vggface2_pairs/n000004_0204_01.jpg,/content/face_module/dataset_extractedfaces/vggface2_pairs/n000002_0070_01.jpg,vggface2_pairs,impersonation_attack,IR152,MI_ADMIX_DI_TI,vanilla,0.1270517110824585
5,VGG-Face,/content/face_module/dataset_extractedfaces/vggface2_pairs/n000004_0204_01.jpg,/content/face_module/dataset_extractedfaces/vggface2_pairs/n000002_0070_01.jpg,vggface2_pairs,impersonation_attack,IR152,PGD,vanilla,-0.0298796761780977
5,VGG-Face,/content/face_module/dataset_extractedfaces/vggface2_pairs/n000004_0204_01.jpg,/content/face_module/dataset_extractedfaces/vggface2_pairs/n000002_0070_01.jpg,vggface2_pairs,impersonation_attack,IR152,MI_FGSM,vanilla,-0.0227609500288963
5,VGG-Face,/content/face_module/dataset_extractedfaces/vggface2_pairs/n000004_0204_01.jpg,/content/face_module/dataset_extractedfaces/vggface2_pairs/n000002_0070_01.jpg,vggface2_pairs,impersonation_attack,IR152,TI_FGSM,vanilla,-0.0108178108930587
5,VGG-Face,/content/face_module/dataset_extractedfaces/vggface2_pairs/n000004_0204_01.jpg,/content/face_module/dataset_extractedfaces/vggface2_pairs/n000002_0070_01.jpg,vggface2_pairs,impersonation_attack,IR152,SI_NI_FGSM,vanilla,-0.0132303442806005
5,VGG-Face,/content/face_module/dataset_extractedfaces/vggface2_pairs/n000004_0204_01.jpg,/content/face_module/dataset_extractedfaces/vggface2_pairs/n000002_0070_01.jpg,vggface2_pairs,impersonation_attack,IR152,MI_ADMIX_DI_TI,vanilla,-0.0297954082489013
17,ArcFace,/content/face_module/dataset_extractedfaces/vggface2_pairs/n000016_0036_01.jpg,/content/face_module/dataset_extractedfaces/vggface2_pairs/n000012_0087_01.jpg,vggface2_pairs,impersonation_attack,IR152,clean,clean,-0.0301508568227291
17,Facenet512,/content/face_module/dataset_extractedfaces/vggface2_pairs/n000016_0036_01.jpg,/content/face_module/dataset_extractedfaces/vggface2_pairs/n000012_0087_01.jpg,vggface2_pairs,impersonation_attack,IR152,clean,clean,-0.0301508568227291
17,GhostFaceNet,/content/face_module/dataset_extractedfaces/vggface2_pairs/n000016_0036_01.jpg,/content/face_module/dataset_extractedfaces/vggface2_pairs/n000012_0087_01.jpg,vggface2_pairs,impersonation_attack,IR152,clean,clean,-0.0301508568227291
17,VGG-Face,/content/face_module/dataset_extractedfaces/vggface2_pairs/n000016_0036_01.jpg,/content/face_module/dataset_extractedfaces/vggface2_pairs/n000012_0087_01.jpg,vggface2_pairs,impersonation_attack,IR152,clean,clean,-0.0301508568227291
17,ArcFace,/content/face_module/dataset_extractedfaces/vggface2_pairs/n000016_0036_01.jpg,/content/face_module/dataset_extractedfaces/vggface2_pairs/n000012_0087_01.jpg,vggface2_pairs,impersonation_attack,IR152,PGD,vanilla,0.0175802242010831
17,ArcFace,/content/face_module/dataset_extractedfaces/vggface2_pairs/n000016_0036_01.jpg,/content/face_module/dataset_extractedfaces/vggface2_pairs/n000012_0087_01.jpg,vggface2_pairs,impersonation_attack,IR152,MI_FGSM,vanilla,0.0900492742657661
17,ArcFace,/content/face_module/dataset_extractedfaces/vggface2_pairs/n000016_0036_01.jpg,/content/face_module/dataset_extractedfaces/vggface2_pairs/n000012_0087_01.jpg,vggface2_pairs,impersonation_attack,IR152,TI_FGSM,vanilla,0.0713429078459739
17,ArcFace,/content/face_module/dataset_extractedfaces/vggface2_pairs/n000016_0036_01.jpg,/content/face_module/dataset_extractedfaces/vggface2_pairs/n000012_0087_01.jpg,vggface2_pairs,impersonation_attack,IR152,SI_NI_FGSM,vanilla,0.0957421883940696
17,ArcFace,/content/face_module/dataset_extractedfaces/vggface2_pairs/n000016_0036_01.jpg,/content/face_module/dataset_extractedfaces/vggface2_pairs/n000012_0087_01.jpg,vggface2_pairs,impersonation_attack,IR152,MI_ADMIX_DI_TI,vanilla,0.0936566814780235
17,Facenet512,/content/face_module/dataset_extractedfaces/vggface2_pairs/n000016_0036_01.jpg,/content/face_module/dataset_extractedfaces/vggface2_pairs/n000012_0087_01.jpg,vggface2_pairs,impersonation_attack,IR152,PGD,vanilla,0.0567930154502391
17,Facenet512,/content/face_module/dataset_extractedfaces/vggface2_pairs/n000016_0036_01.jpg,/content/face_module/dataset_extractedfaces/vggface2_pairs/n000012_0087_01.jpg,vggface2_pairs,impersonation_attack,IR152,MI_FGSM,vanilla,0.1171934753656387
17,Facenet512,/content/face_module/dataset_extractedfaces/vggface2_pairs/n000016_0036_01.jpg,/content/face_module/dataset_extractedfaces/vggface2_pairs/n000012_0087_01.jpg,vggface2_pairs,impersonation_attack,IR152,TI_FGSM,vanilla,0.110147625207901
17,Facenet512,/content/face_module/dataset_extractedfaces/vggface2_pairs/n000016_0036_01.jpg,/content/face_module/dataset_extractedfaces/vggface2_pairs/n000012_0087_01.jpg,vggface2_pairs,impersonation_attack,IR152,SI_NI_FGSM,vanilla,0.1709822714328766
17,Facenet512,/content/face_module/dataset_extractedfaces/vggface2_pairs/n000016_0036_01.jpg,/content/face_module/dataset_extractedfaces/vggface2_pairs/n000012_0087_01.jpg,vggface2_pairs,impersonation_attack,IR152,MI_ADMIX_DI_TI,vanilla,0.1972824782133102
17,GhostFaceNet,/content/face_module/dataset_extractedfaces/vggface2_pairs/n000016_0036_01.jpg,/content/face_module/dataset_extractedfaces/vggface2_pairs/n000012_0087_01.jpg,vggface2_pairs,impersonation_attack,IR152,PGD,vanilla,-0.0057014776393771
17,GhostFaceNet,/content/face_module/dataset_extractedfaces/vggface2_pairs/n000016_0036_01.jpg,/content/face_module/dataset_extractedfaces/vggface2_pairs/n000012_0087_01.jpg,vggface2_pairs,impersonation_attack,IR152,MI_FGSM,vanilla,0.0457114540040493
17,GhostFaceNet,/content/face_module/dataset_extractedfaces/vggface2_pairs/n000016_0036_01.jpg,/content/face_module/dataset_extractedfaces/vggface2_pairs/n000012_0087_01.jpg,vggface2_pairs,impersonation_attack,IR152,TI_FGSM,vanilla,0.0119119742885231
17,GhostFaceNet,/content/face_module/dataset_extractedfaces/vggface2_pairs/n000016_0036_01.jpg,/content/face_module/dataset_extractedfaces/vggface2_pairs/n000012_0087_01.jpg,vggface2_pairs,impersonation_attack,IR152,SI_NI_FGSM,vanilla,0.0723911896347999
17,GhostFaceNet,/content/face_module/dataset_extractedfaces/vggface2_pairs/n000016_0036_01.jpg,/content/face_module/dataset_extractedfaces/vggface2_pairs/n000012_0087_01.jpg,vggface2_pairs,impersonation_attack,IR152,MI_ADMIX_DI_TI,vanilla,0.001709428615868
17,VGG-Face,/content/face_module/dataset_extractedfaces/vggface2_pairs/n000016_0036_01.jpg,/content/face_module/dataset_extractedfaces/vggface2_pairs/n000012_0087_01.jpg,vggface2_pairs,impersonation_attack,IR152,PGD,vanilla,0.0690350532531738
17,VGG-Face,/content/face_module/dataset_extractedfaces/vggface2_pairs/n000016_0036_01.jpg,/content/face_module/dataset_extractedfaces/vggface2_pairs/n000012_0087_01.jpg,vggface2_pairs,impersonation_attack,IR152,MI_FGSM,vanilla,0.0976282805204391
17,VGG-Face,/content/face_module/dataset_extractedfaces/vggface2_pairs/n000016_0036_01.jpg,/content/face_module/dataset_extractedfaces/vggface2_pairs/n000012_0087_01.jpg,vggface2_pairs,impersonation_attack,IR152,TI_FGSM,vanilla,0.1179765313863754
17,VGG-Face,/content/face_module/dataset_extractedfaces/vggface2_pairs/n000016_0036_01.jpg,/content/face_module/dataset_extractedfaces/vggface2_pairs/n000012_0087_01.jpg,vggface2_pairs,impersonation_attack,IR152,SI_NI_FGSM,vanilla,0.0700313076376915
17,VGG-Face,/content/face_module/dataset_extractedfaces/vggface2_pairs/n000016_0036_01.jpg,/content/face_module/dataset_extractedfaces/vggface2_pairs/n000012_0087_01.jpg,vggface2_pairs,impersonation_attack,IR152,MI_ADMIX_DI_TI,vanilla,0.1397440731525421
19,ArcFace,/content/face_module/dataset_extractedfaces/vggface2_pairs/n000007_0012_01.jpg,/content/face_module/dataset_extractedfaces/vggface2_pairs/n000008_0101_01.jpg,vggface2_pairs,impersonation_attack,IR152,clean,clean,-0.0336099937558174
19,Facenet512,/content/face_module/dataset_extractedfaces/vggface2_pairs/n000007_0012_01.jpg,/content/face_module/dataset_extractedfaces/vggface2_pairs/n000008_0101_01.jpg,vggface2_pairs,impersonation_attack,IR152,clean,clean,-0.0336099937558174
19,GhostFaceNet,/content/face_module/dataset_extractedfaces/vggface2_pairs/n000007_0012_01.jpg,/content/face_module/dataset_extractedfaces/vggface2_pairs/n000008_0101_01.jpg,vggface2_pairs,impersonation_attack,IR152,clean,clean,-0.0336099937558174
19,VGG-Face,/content/face_module/dataset_extractedfaces/vggface2_pairs/n000007_0012_01.jpg,/content/face_module/dataset_extractedfaces/vggface2_pairs/n000008_0101_01.jpg,vggface2_pairs,impersonation_attack,IR152,clean,clean,-0.0336099937558174
19,ArcFace,/content/face_module/dataset_extractedfaces/vggface2_pairs/n000007_0012_01.jpg,/content/face_module/dataset_extractedfaces/vggface2_pairs/n000008_0101_01.jpg,vggface2_pairs,impersonation_attack,IR152,PGD,vanilla,-0.0151768177747726
19,ArcFace,/content/face_module/dataset_extractedfaces/vggface2_pairs/n000007_0012_01.jpg,/content/face_module/dataset_extractedfaces/vggface2_pairs/n000008_0101_01.jpg,vggface2_pairs,impersonation_attack,IR152,MI_FGSM,vanilla,0.0151961334049701
19,ArcFace,/content/face_module/dataset_extractedfaces/vggface2_pairs/n000007_0012_01.jpg,/content/face_module/dataset_extractedfaces/vggface2_pairs/n000008_0101_01.jpg,vggface2_pairs,impersonation_attack,IR152,TI_FGSM,vanilla,-0.013010561466217
19,ArcFace,/content/face_module/dataset_extractedfaces/vggface2_pairs/n000007_0012_01.jpg,/content/face_module/dataset_extractedfaces/vggface2_pairs/n000008_0101_01.jpg,vggface2_pairs,impersonation_attack,IR152,SI_NI_FGSM,vanilla,0.0412556678056716
19,ArcFace,/content/face_module/dataset_extractedfaces/vggface2_pairs/n000007_0012_01.jpg,/content/face_module/dataset_extractedfaces/vggface2_pairs/n000008_0101_01.jpg,vggface2_pairs,impersonation_attack,IR152,MI_ADMIX_DI_TI,vanilla,-0.0194832812994718
19,Facenet512,/content/face_module/dataset_extractedfaces/vggface2_pairs/n000007_0012_01.jpg,/content/face_module/dataset_extractedfaces/vggface2_pairs/n000008_0101_01.jpg,vggface2_pairs,impersonation_attack,IR152,PGD,vanilla,0.0093949399888515
19,Facenet512,/content/face_module/dataset_extractedfaces/vggface2_pairs/n000007_0012_01.jpg,/content/face_module/dataset_extractedfaces/vggface2_pairs/n000008_0101_01.jpg,vggface2_pairs,impersonation_attack,IR152,MI_FGSM,vanilla,0.0180457755923271
19,Facenet512,/content/face_module/dataset_extractedfaces/vggface2_pairs/n000007_0012_01.jpg,/content/face_module/dataset_extractedfaces/vggface2_pairs/n000008_0101_01.jpg,vggface2_pairs,impersonation_attack,IR152,TI_FGSM,vanilla,-0.0205857437103986
19,Facenet512,/content/face_module/dataset_extractedfaces/vggface2_pairs/n000007_0012_01.jpg,/content/face_module/dataset_extractedfaces/vggface2_pairs/n000008_0101_01.jpg,vggface2_pairs,impersonation_attack,IR152,SI_NI_FGSM,vanilla,0.0282530728727579
19,Facenet512,/content/face_module/dataset_extractedfaces/vggface2_pairs/n000007_0012_01.jpg,/content/face_module/dataset_extractedfaces/vggface2_pairs/n000008_0101_01.jpg,vggface2_pairs,impersonation_attack,IR152,MI_ADMIX_DI_TI,vanilla,-0.0017203651368618
19,GhostFaceNet,/content/face_module/dataset_extractedfaces/vggface2_pairs/n000007_0012_01.jpg,/content/face_module/dataset_extractedfaces/vggface2_pairs/n000008_0101_01.jpg,vggface2_pairs,impersonation_attack,IR152,PGD,vanilla,-0.0186180844902992
19,GhostFaceNet,/content/face_module/dataset_extractedfaces/vggface2_pairs/n000007_0012_01.jpg,/content/face_module/dataset_extractedfaces/vggface2_pairs/n000008_0101_01.jpg,vggface2_pairs,impersonation_attack,IR152,MI_FGSM,vanilla,-0.0120175881311297
19,GhostFaceNet,/content/face_module/dataset_extractedfaces/vggface2_pairs/n000007_0012_01.jpg,/content/face_module/dataset_extractedfaces/vggface2_pairs/n000008_0101_01.jpg,vggface2_pairs,impersonation_attack,IR152,TI_FGSM,vanilla,-0.0043006809428334
19,GhostFaceNet,/content/face_module/dataset_extractedfaces/vggface2_pairs/n000007_0012_01.jpg,/content/face_module/dataset_extractedfaces/vggface2_pairs/n000008_0101_01.jpg,vggface2_pairs,impersonation_attack,IR152,SI_NI_FGSM,vanilla,0.0160982701927423
19,GhostFaceNet,/content/face_module/dataset_extractedfaces/vggface2_pairs/n000007_0012_01.jpg,/content/face_module/dataset_extractedfaces/vggface2_pairs/n000008_0101_01.jpg,vggface2_pairs,impersonation_attack,IR152,MI_ADMIX_DI_TI,vanilla,-0.0084891263395547
19,VGG-Face,/content/face_module/dataset_extractedfaces/vggface2_pairs/n000007_0012_01.jpg,/content/face_module/dataset_extractedfaces/vggface2_pairs/n000008_0101_01.jpg,vggface2_pairs,impersonation_attack,IR152,PGD,vanilla,0.0133520346134901
19,VGG-Face,/content/face_module/dataset_extractedfaces/vggface2_pairs/n000007_0012_01.jpg,/content/face_module/dataset_extractedfaces/vggface2_pairs/n000008_0101_01.jpg,vggface2_pairs,impersonation_attack,IR152,MI_FGSM,vanilla,0.0339441075921058
19,VGG-Face,/content/face_module/dataset_extractedfaces/vggface2_pairs/n000007_0012_01.jpg,/content/face_module/dataset_extractedfaces/vggface2_pairs/n000008_0101_01.jpg,vggface2_pairs,impersonation_attack,IR152,TI_FGSM,vanilla,0.0199493542313575
19,VGG-Face,/content/face_module/dataset_extractedfaces/vggface2_pairs/n000007_0012_01.jpg,/content/face_module/dataset_extractedfaces/vggface2_pairs/n000008_0101_01.jpg,vggface2_pairs,impersonation_attack,IR152,SI_NI_FGSM,vanilla,0.0407817400991916
19,VGG-Face,/content/face_module/dataset_extractedfaces/vggface2_pairs/n000007_0012_01.jpg,/content/face_module/dataset_extractedfaces/vggface2_pairs/n000008_0101_01.jpg,vggface2_pairs,impersonation_attack,IR152,MI_ADMIX_DI_TI,vanilla,0.0104378471150994
21,ArcFace,/content/face_module/dataset_extractedfaces/vggface2_pairs/n000012_0183_01.jpg,/content/face_module/dataset_extractedfaces/vggface2_pairs/n000014_0113_01.jpg,vggface2_pairs,impersonation_attack,IR152,clean,clean,-0.0263524763286113
21,Facenet512,/content/face_module/dataset_extractedfaces/vggface2_pairs/n000012_0183_01.jpg,/content/face_module/dataset_extractedfaces/vggface2_pairs/n000014_0113_01.jpg,vggface2_pairs,impersonation_attack,IR152,clean,clean,-0.0263524763286113
21,GhostFaceNet,/content/face_module/dataset_extractedfaces/vggface2_pairs/n000012_0183_01.jpg,/content/face_module/dataset_extractedfaces/vggface2_pairs/n000014_0113_01.jpg,vggface2_pairs,impersonation_attack,IR152,clean,clean,-0.0263524763286113
21,VGG-Face,/content/face_module/dataset_extractedfaces/vggface2_pairs/n000012_0183_01.jpg,/content/face_module/dataset_extractedfaces/vggface2_pairs/n000014_0113_01.jpg,vggface2_pairs,impersonation_attack,IR152,clean,clean,-0.0263524763286113
21,ArcFace,/content/face_module/dataset_extractedfaces/vggface2_pairs/n000012_0183_01.jpg,/content/face_module/dataset_extractedfaces/vggface2_pairs/n000014_0113_01.jpg,vggface2_pairs,impersonation_attack,IR152,PGD,vanilla,0.0101097039878368
21,ArcFace,/content/face_module/dataset_extractedfaces/vggface2_pairs/n000012_0183_01.jpg,/content/face_module/dataset_extractedfaces/vggface2_pairs/n000014_0113_01.jpg,vggface2_pairs,impersonation_attack,IR152,MI_FGSM,vanilla,0.0353353060781955
21,ArcFace,/content/face_module/dataset_extractedfaces/vggface2_pairs/n000012_0183_01.jpg,/content/face_module/dataset_extractedfaces/vggface2_pairs/n000014_0113_01.jpg,vggface2_pairs,impersonation_attack,IR152,TI_FGSM,vanilla,0.040207639336586
21,ArcFace,/content/face_module/dataset_extractedfaces/vggface2_pairs/n000012_0183_01.jpg,/content/face_module/dataset_extractedfaces/vggface2_pairs/n000014_0113_01.jpg,vggface2_pairs,impersonation_attack,IR152,SI_NI_FGSM,vanilla,0.089865893125534
21,ArcFace,/content/face_module/dataset_extractedfaces/vggface2_pairs/n000012_0183_01.jpg,/content/face_module/dataset_extractedfaces/vggface2_pairs/n000014_0113_01.jpg,vggface2_pairs,impersonation_attack,IR152,MI_ADMIX_DI_TI,vanilla,0.0265725646167993
21,Facenet512,/content/face_module/dataset_extractedfaces/vggface2_pairs/n000012_0183_01.jpg,/content/face_module/dataset_extractedfaces/vggface2_pairs/n000014_0113_01.jpg,vggface2_pairs,impersonation_attack,IR152,PGD,vanilla,-0.0023540575057268
21,Facenet512,/content/face_module/dataset_extractedfaces/vggface2_pairs/n000012_0183_01.jpg,/content/face_module/dataset_extractedfaces/vggface2_pairs/n000014_0113_01.jpg,vggface2_pairs,impersonation_attack,IR152,MI_FGSM,vanilla,0.0132738975808024
21,Facenet512,/content/face_module/dataset_extractedfaces/vggface2_pairs/n000012_0183_01.jpg,/content/face_module/dataset_extractedfaces/vggface2_pairs/n000014_0113_01.jpg,vggface2_pairs,impersonation_attack,IR152,TI_FGSM,vanilla,0.0106921140104532
21,Facenet512,/content/face_module/dataset_extractedfaces/vggface2_pairs/n000012_0183_01.jpg,/content/face_module/dataset_extractedfaces/vggface2_pairs/n000014_0113_01.jpg,vggface2_pairs,impersonation_attack,IR152,SI_NI_FGSM,vanilla,0.0286846868693828
21,Facenet512,/content/face_module/dataset_extractedfaces/vggface2_pairs/n000012_0183_01.jpg,/content/face_module/dataset_extractedfaces/vggface2_pairs/n000014_0113_01.jpg,vggface2_pairs,impersonation_attack,IR152,MI_ADMIX_DI_TI,vanilla,0.011297102086246
21,GhostFaceNet,/content/face_module/dataset_extractedfaces/vggface2_pairs/n000012_0183_01.jpg,/content/face_module/dataset_extractedfaces/vggface2_pairs/n000014_0113_01.jpg,vggface2_pairs,impersonation_attack,IR152,PGD,vanilla,-0.0063917320221662
21,GhostFaceNet,/content/face_module/dataset_extractedfaces/vggface2_pairs/n000012_0183_01.jpg,/content/face_module/dataset_extractedfaces/vggface2_pairs/n000014_0113_01.jpg,vggface2_pairs,impersonation_attack,IR152,MI_FGSM,vanilla,0.0169783160090446
21,GhostFaceNet,/content/face_module/dataset_extractedfaces/vggface2_pairs/n000012_0183_01.jpg,/content/face_module/dataset_extractedfaces/vggface2_pairs/n000014_0113_01.jpg,vggface2_pairs,impersonation_attack,IR152,TI_FGSM,vanilla,0.0048007667064666
21,GhostFaceNet,/content/face_module/dataset_extractedfaces/vggface2_pairs/n000012_0183_01.jpg,/content/face_module/dataset_extractedfaces/vggface2_pairs/n000014_0113_01.jpg,vggface2_pairs,impersonation_attack,IR152,SI_NI_FGSM,vanilla,0.0106507474556565
21,GhostFaceNet,/content/face_module/dataset_extractedfaces/vggface2_pairs/n000012_0183_01.jpg,/content/face_module/dataset_extractedfaces/vggface2_pairs/n000014_0113_01.jpg,vggface2_pairs,impersonation_attack,IR152,MI_ADMIX_DI_TI,vanilla,0.0228309612721204
21,VGG-Face,/content/face_module/dataset_extractedfaces/vggface2_pairs/n000012_0183_01.jpg,/content/face_module/dataset_extractedfaces/vggface2_pairs/n000014_0113_01.jpg,vggface2_pairs,impersonation_attack,IR152,PGD,vanilla,-0.0097200768068432
21,VGG-Face,/content/face_module/dataset_extractedfaces/vggface2_pairs/n000012_0183_01.jpg,/content/face_module/dataset_extractedfaces/vggface2_pairs/n000014_0113_01.jpg,vggface2_pairs,impersonation_attack,IR152,MI_FGSM,vanilla,-0.0255526285618543
21,VGG-Face,/content/face_module/dataset_extractedfaces/vggface2_pairs/n000012_0183_01.jpg,/content/face_module/dataset_extractedfaces/vggface2_pairs/n000014_0113_01.jpg,vggface2_pairs,impersonation_attack,IR152,TI_FGSM,vanilla,-0.0241178646683692
21,VGG-Face,/content/face_module/dataset_extractedfaces/vggface2_pairs/n000012_0183_01.jpg,/content/face_module/dataset_extractedfaces/vggface2_pairs/n000014_0113_01.jpg,vggface2_pairs,impersonation_attack,IR152,SI_NI_FGSM,vanilla,-0.011909145861864
21,VGG-Face,/content/face_module/dataset_extractedfaces/vggface2_pairs/n000012_0183_01.jpg,/content/face_module/dataset_extractedfaces/vggface2_pairs/n000014_0113_01.jpg,vggface2_pairs,impersonation_attack,IR152,MI_ADMIX_DI_TI,vanilla,-0.0120222698897123
6,ArcFace,/content/face_module/dataset_extractedfaces/lfw_pairs/Luiz Inacio Lula da Silva_7.jpg,/content/face_module/dataset_extractedfaces/lfw_pairs/Luiz Inacio Lula da Silva_8.jpg,lfw_pairs,dodging_attack,IR152,clean,clean,0.4096411168575287
6,Facenet512,/content/face_module/dataset_extractedfaces/lfw_pairs/Luiz Inacio Lula da Silva_7.jpg,/content/face_module/dataset_extractedfaces/lfw_pairs/Luiz Inacio Lula da Silva_8.jpg,lfw_pairs,dodging_attack,IR152,clean,clean,0.4096411168575287
6,GhostFaceNet,/content/face_module/dataset_extractedfaces/lfw_pairs/Luiz Inacio Lula da Silva_7.jpg,/content/face_module/dataset_extractedfaces/lfw_pairs/Luiz Inacio Lula da Silva_8.jpg,lfw_pairs,dodging_attack,IR152,clean,clean,0.4096411168575287
6,VGG-Face,/content/face_module/dataset_extractedfaces/lfw_pairs/Luiz Inacio Lula da Silva_7.jpg,/content/face_module/dataset_extractedfaces/lfw_pairs/Luiz Inacio Lula da Silva_8.jpg,lfw_pairs,dodging_attack,IR152,clean,clean,0.4096411168575287
6,ArcFace,/content/face_module/dataset_extractedfaces/lfw_pairs/Luiz Inacio Lula da Silva_7.jpg,/content/face_module/dataset_extractedfaces/lfw_pairs/Luiz Inacio Lula da Silva_8.jpg,lfw_pairs,dodging_attack,IR152,PGD,vanilla,0.4120087325572967
6,ArcFace,/content/face_module/dataset_extractedfaces/lfw_pairs/Luiz Inacio Lula da Silva_7.jpg,/content/face_module/dataset_extractedfaces/lfw_pairs/Luiz Inacio Lula da Silva_8.jpg,lfw_pairs,dodging_attack,IR152,MI_FGSM,vanilla,0.3008489608764648
6,ArcFace,/content/face_module/dataset_extractedfaces/lfw_pairs/Luiz Inacio Lula da Silva_7.jpg,/content/face_module/dataset_extractedfaces/lfw_pairs/Luiz Inacio Lula da Silva_8.jpg,lfw_pairs,dodging_attack,IR152,TI_FGSM,vanilla,0.2816517949104309
6,ArcFace,/content/face_module/dataset_extractedfaces/lfw_pairs/Luiz Inacio Lula da Silva_7.jpg,/content/face_module/dataset_extractedfaces/lfw_pairs/Luiz Inacio Lula da Silva_8.jpg,lfw_pairs,dodging_attack,IR152,SI_NI_FGSM,vanilla,0.2573063671588897
6,ArcFace,/content/face_module/dataset_extractedfaces/lfw_pairs/Luiz Inacio Lula da Silva_7.jpg,/content/face_module/dataset_extractedfaces/lfw_pairs/Luiz Inacio Lula da Silva_8.jpg,lfw_pairs,dodging_attack,IR152,MI_ADMIX_DI_TI,vanilla,0.2889145910739898
6,Facenet512,/content/face_module/dataset_extractedfaces/lfw_pairs/Luiz Inacio Lula da Silva_7.jpg,/content/face_module/dataset_extractedfaces/lfw_pairs/Luiz Inacio Lula da Silva_8.jpg,lfw_pairs,dodging_attack,IR152,PGD,vanilla,0.2449533194303512
6,Facenet512,/content/face_module/dataset_extractedfaces/lfw_pairs/Luiz Inacio Lula da Silva_7.jpg,/content/face_module/dataset_extractedfaces/lfw_pairs/Luiz Inacio Lula da Silva_8.jpg,lfw_pairs,dodging_attack,IR152,MI_FGSM,vanilla,0.1641642898321151
6,Facenet512,/content/face_module/dataset_extractedfaces/lfw_pairs/Luiz Inacio Lula da Silva_7.jpg,/content/face_module/dataset_extractedfaces/lfw_pairs/Luiz Inacio Lula da Silva_8.jpg,lfw_pairs,dodging_attack,IR152,TI_FGSM,vanilla,0.2394960075616836
6,Facenet512,/content/face_module/dataset_extractedfaces/lfw_pairs/Luiz Inacio Lula da Silva_7.jpg,/content/face_module/dataset_extractedfaces/lfw_pairs/Luiz Inacio Lula da Silva_8.jpg,lfw_pairs,dodging_attack,IR152,SI_NI_FGSM,vanilla,0.1414994001388549
6,Facenet512,/content/face_module/dataset_extractedfaces/lfw_pairs/Luiz Inacio Lula da Silva_7.jpg,/content/face_module/dataset_extractedfaces/lfw_pairs/Luiz Inacio Lula da Silva_8.jpg,lfw_pairs,dodging_attack,IR152,MI_ADMIX_DI_TI,vanilla,0.2470082640647888
6,GhostFaceNet,/content/face_module/dataset_extractedfaces/lfw_pairs/Luiz Inacio Lula da Silva_7.jpg,/content/face_module/dataset_extractedfaces/lfw_pairs/Luiz Inacio Lula da Silva_8.jpg,lfw_pairs,dodging_attack,IR152,PGD,vanilla,0.4224547743797302
6,GhostFaceNet,/content/face_module/dataset_extractedfaces/lfw_pairs/Luiz Inacio Lula da Silva_7.jpg,/content/face_module/dataset_extractedfaces/lfw_pairs/Luiz Inacio Lula da Silva_8.jpg,lfw_pairs,dodging_attack,IR152,MI_FGSM,vanilla,0.5132259130477905
6,GhostFaceNet,/content/face_module/dataset_extractedfaces/lfw_pairs/Luiz Inacio Lula da Silva_7.jpg,/content/face_module/dataset_extractedfaces/lfw_pairs/Luiz Inacio Lula da Silva_8.jpg,lfw_pairs,dodging_attack,IR152,TI_FGSM,vanilla,0.3565965890884399
6,GhostFaceNet,/content/face_module/dataset_extractedfaces/lfw_pairs/Luiz Inacio Lula da Silva_7.jpg,/content/face_module/dataset_extractedfaces/lfw_pairs/Luiz Inacio Lula da Silva_8.jpg,lfw_pairs,dodging_attack,IR152,SI_NI_FGSM,vanilla,0.4068286418914795
6,GhostFaceNet,/content/face_module/dataset_extractedfaces/lfw_pairs/Luiz Inacio Lula da Silva_7.jpg,/content/face_module/dataset_extractedfaces/lfw_pairs/Luiz Inacio Lula da Silva_8.jpg,lfw_pairs,dodging_attack,IR152,MI_ADMIX_DI_TI,vanilla,0.3940178751945495
6,VGG-Face,/content/face_module/dataset_extractedfaces/lfw_pairs/Luiz Inacio Lula da Silva_7.jpg,/content/face_module/dataset_extractedfaces/lfw_pairs/Luiz Inacio Lula da Silva_8.jpg,lfw_pairs,dodging_attack,IR152,PGD,vanilla,0.2583576440811157
6,VGG-Face,/content/face_module/dataset_extractedfaces/lfw_pairs/Luiz Inacio Lula da Silva_7.jpg,/content/face_module/dataset_extractedfaces/lfw_pairs/Luiz Inacio Lula da Silva_8.jpg,lfw_pairs,dodging_attack,IR152,MI_FGSM,vanilla,0.1420440971851349
6,VGG-Face,/content/face_module/dataset_extractedfaces/lfw_pairs/Luiz Inacio Lula da Silva_7.jpg,/content/face_module/dataset_extractedfaces/lfw_pairs/Luiz Inacio Lula da Silva_8.jpg,lfw_pairs,dodging_attack,IR152,TI_FGSM,vanilla,0.1923618763685226
6,VGG-Face,/content/face_module/dataset_extractedfaces/lfw_pairs/Luiz Inacio Lula da Silva_7.jpg,/content/face_module/dataset_extractedfaces/lfw_pairs/Luiz Inacio Lula da Silva_8.jpg,lfw_pairs,dodging_attack,IR152,SI_NI_FGSM,vanilla,0.1466458141803741
6,VGG-Face,/content/face_module/dataset_extractedfaces/lfw_pairs/Luiz Inacio Lula da Silva_7.jpg,/content/face_module/dataset_extractedfaces/lfw_pairs/Luiz Inacio Lula da Silva_8.jpg,lfw_pairs,dodging_attack,IR152,MI_ADMIX_DI_TI,vanilla,0.088872879743576
9,ArcFace,/content/face_module/dataset_extractedfaces/lfw_pairs/Colin Powell_75.jpg,/content/face_module/dataset_extractedfaces/lfw_pairs/Colin Powell_76.jpg,lfw_pairs,dodging_attack,IR152,clean,clean,0.6754658818244934
9,Facenet512,/content/face_module/dataset_extractedfaces/lfw_pairs/Colin Powell_75.jpg,/content/face_module/dataset_extractedfaces/lfw_pairs/Colin Powell_76.jpg,lfw_pairs,dodging_attack,IR152,clean,clean,0.6754658818244934
9,GhostFaceNet,/content/face_module/dataset_extractedfaces/lfw_pairs/Colin Powell_75.jpg,/content/face_module/dataset_extractedfaces/lfw_pairs/Colin Powell_76.jpg,lfw_pairs,dodging_attack,IR152,clean,clean,0.6754658818244934
9,VGG-Face,/content/face_module/dataset_extractedfaces/lfw_pairs/Colin Powell_75.jpg,/content/face_module/dataset_extractedfaces/lfw_pairs/Colin Powell_76.jpg,lfw_pairs,dodging_attack,IR152,clean,clean,0.6754658818244934
9,ArcFace,/content/face_module/dataset_extractedfaces/lfw_pairs/Colin Powell_75.jpg,/content/face_module/dataset_extractedfaces/lfw_pairs/Colin Powell_76.jpg,lfw_pairs,dodging_attack,IR152,PGD,vanilla,0.5891517400741577
9,ArcFace,/content/face_module/dataset_extractedfaces/lfw_pairs/Colin Powell_75.jpg,/content/face_module/dataset_extractedfaces/lfw_pairs/Colin Powell_76.jpg,lfw_pairs,dodging_attack,IR152,MI_FGSM,vanilla,0.4229615330696106
9,ArcFace,/content/face_module/dataset_extractedfaces/lfw_pairs/Colin Powell_75.jpg,/content/face_module/dataset_extractedfaces/lfw_pairs/Colin Powell_76.jpg,lfw_pairs,dodging_attack,IR152,TI_FGSM,vanilla,0.5866982936859131
9,ArcFace,/content/face_module/dataset_extractedfaces/lfw_pairs/Colin Powell_75.jpg,/content/face_module/dataset_extractedfaces/lfw_pairs/Colin Powell_76.jpg,lfw_pairs,dodging_attack,IR152,SI_NI_FGSM,vanilla,0.3518826365470886
9,ArcFace,/content/face_module/dataset_extractedfaces/lfw_pairs/Colin Powell_75.jpg,/content/face_module/dataset_extractedfaces/lfw_pairs/Colin Powell_76.jpg,lfw_pairs,dodging_attack,IR152,MI_ADMIX_DI_TI,vanilla,0.4987432360649109
9,Facenet512,/content/face_module/dataset_extractedfaces/lfw_pairs/Colin Powell_75.jpg,/content/face_module/dataset_extractedfaces/lfw_pairs/Colin Powell_76.jpg,lfw_pairs,dodging_attack,IR152,PGD,vanilla,0.5275804996490479
9,Facenet512,/content/face_module/dataset_extractedfaces/lfw_pairs/Colin Powell_75.jpg,/content/face_module/dataset_extractedfaces/lfw_pairs/Colin Powell_76.jpg,lfw_pairs,dodging_attack,IR152,MI_FGSM,vanilla,0.3021118640899658
9,Facenet512,/content/face_module/dataset_extractedfaces/lfw_pairs/Colin Powell_75.jpg,/content/face_module/dataset_extractedfaces/lfw_pairs/Colin Powell_76.jpg,lfw_pairs,dodging_attack,IR152,TI_FGSM,vanilla,0.4551021754741668
9,Facenet512,/content/face_module/dataset_extractedfaces/lfw_pairs/Colin Powell_75.jpg,/content/face_module/dataset_extractedfaces/lfw_pairs/Colin Powell_76.jpg,lfw_pairs,dodging_attack,IR152,SI_NI_FGSM,vanilla,0.3095197677612304
9,Facenet512,/content/face_module/dataset_extractedfaces/lfw_pairs/Colin Powell_75.jpg,/content/face_module/dataset_extractedfaces/lfw_pairs/Colin Powell_76.jpg,lfw_pairs,dodging_attack,IR152,MI_ADMIX_DI_TI,vanilla,0.4155109822750091
9,GhostFaceNet,/content/face_module/dataset_extractedfaces/lfw_pairs/Colin Powell_75.jpg,/content/face_module/dataset_extractedfaces/lfw_pairs/Colin Powell_76.jpg,lfw_pairs,dodging_attack,IR152,PGD,vanilla,0.6281111240386963
9,GhostFaceNet,/content/face_module/dataset_extractedfaces/lfw_pairs/Colin Powell_75.jpg,/content/face_module/dataset_extractedfaces/lfw_pairs/Colin Powell_76.jpg,lfw_pairs,dodging_attack,IR152,MI_FGSM,vanilla,0.5227947235107422
9,GhostFaceNet,/content/face_module/dataset_extractedfaces/lfw_pairs/Colin Powell_75.jpg,/content/face_module/dataset_extractedfaces/lfw_pairs/Colin Powell_76.jpg,lfw_pairs,dodging_attack,IR152,TI_FGSM,vanilla,0.5935315489768982
9,GhostFaceNet,/content/face_module/dataset_extractedfaces/lfw_pairs/Colin Powell_75.jpg,/content/face_module/dataset_extractedfaces/lfw_pairs/Colin Powell_76.jpg,lfw_pairs,dodging_attack,IR152,SI_NI_FGSM,vanilla,0.4973665773868561
9,GhostFaceNet,/content/face_module/dataset_extractedfaces/lfw_pairs/Colin Powell_75.jpg,/content/face_module/dataset_extractedfaces/lfw_pairs/Colin Powell_76.jpg,lfw_pairs,dodging_attack,IR152,MI_ADMIX_DI_TI,vanilla,0.6432675123214722
9,VGG-Face,/content/face_module/dataset_extractedfaces/lfw_pairs/Colin Powell_75.jpg,/content/face_module/dataset_extractedfaces/lfw_pairs/Colin Powell_76.jpg,lfw_pairs,dodging_attack,IR152,PGD,vanilla,0.605311393737793
9,VGG-Face,/content/face_module/dataset_extractedfaces/lfw_pairs/Colin Powell_75.jpg,/content/face_module/dataset_extractedfaces/lfw_pairs/Colin Powell_76.jpg,lfw_pairs,dodging_attack,IR152,MI_FGSM,vanilla,0.5448386669158936
9,VGG-Face,/content/face_module/dataset_extractedfaces/lfw_pairs/Colin Powell_75.jpg,/content/face_module/dataset_extractedfaces/lfw_pairs/Colin Powell_76.jpg,lfw_pairs,dodging_attack,IR152,TI_FGSM,vanilla,0.5137105584144592
9,VGG-Face,/content/face_module/dataset_extractedfaces/lfw_pairs/Colin Powell_75.jpg,/content/face_module/dataset_extractedfaces/lfw_pairs/Colin Powell_76.jpg,lfw_pairs,dodging_attack,IR152,SI_NI_FGSM,vanilla,0.5419270992279053
9,VGG-Face,/content/face_module/dataset_extractedfaces/lfw_pairs/Colin Powell_75.jpg,/content/face_module/dataset_extractedfaces/lfw_pairs/Colin Powell_76.jpg,lfw_pairs,dodging_attack,IR152,MI_ADMIX_DI_TI,vanilla,0.5066173672676086
15,ArcFace,/content/face_module/dataset_extractedfaces/lfw_pairs/George W Bush_518.jpg,/content/face_module/dataset_extractedfaces/lfw_pairs/George W Bush_519.jpg,lfw_pairs,dodging_attack,IR152,clean,clean,0.5632672309875488
15,Facenet512,/content/face_module/dataset_extractedfaces/lfw_pairs/George W Bush_518.jpg,/content/face_module/dataset_extractedfaces/lfw_pairs/George W Bush_519.jpg,lfw_pairs,dodging_attack,IR152,clean,clean,0.5632672309875488
15,GhostFaceNet,/content/face_module/dataset_extractedfaces/lfw_pairs/George W Bush_518.jpg,/content/face_module/dataset_extractedfaces/lfw_pairs/George W Bush_519.jpg,lfw_pairs,dodging_attack,IR152,clean,clean,0.5632672309875488
15,VGG-Face,/content/face_module/dataset_extractedfaces/lfw_pairs/George W Bush_518.jpg,/content/face_module/dataset_extractedfaces/lfw_pairs/George W Bush_519.jpg,lfw_pairs,dodging_attack,IR152,clean,clean,0.5632672309875488
15,ArcFace,/content/face_module/dataset_extractedfaces/lfw_pairs/George W Bush_518.jpg,/content/face_module/dataset_extractedfaces/lfw_pairs/George W Bush_519.jpg,lfw_pairs,dodging_attack,IR152,PGD,vanilla,0.4299647510051727
15,ArcFace,/content/face_module/dataset_extractedfaces/lfw_pairs/George W Bush_518.jpg,/content/face_module/dataset_extractedfaces/lfw_pairs/George W Bush_519.jpg,lfw_pairs,dodging_attack,IR152,MI_FGSM,vanilla,0.2230546772480011
15,ArcFace,/content/face_module/dataset_extractedfaces/lfw_pairs/George W Bush_518.jpg,/content/face_module/dataset_extractedfaces/lfw_pairs/George W Bush_519.jpg,lfw_pairs,dodging_attack,IR152,TI_FGSM,vanilla,0.2949119210243225
15,ArcFace,/content/face_module/dataset_extractedfaces/lfw_pairs/George W Bush_518.jpg,/content/face_module/dataset_extractedfaces/lfw_pairs/George W Bush_519.jpg,lfw_pairs,dodging_attack,IR152,SI_NI_FGSM,vanilla,0.1230685412883758
15,ArcFace,/content/face_module/dataset_extractedfaces/lfw_pairs/George W Bush_518.jpg,/content/face_module/dataset_extractedfaces/lfw_pairs/George W Bush_519.jpg,lfw_pairs,dodging_attack,IR152,MI_ADMIX_DI_TI,vanilla,0.3406595885753631
15,Facenet512,/content/face_module/dataset_extractedfaces/lfw_pairs/George W Bush_518.jpg,/content/face_module/dataset_extractedfaces/lfw_pairs/George W Bush_519.jpg,lfw_pairs,dodging_attack,IR152,PGD,vanilla,0.382490873336792
15,Facenet512,/content/face_module/dataset_extractedfaces/lfw_pairs/George W Bush_518.jpg,/content/face_module/dataset_extractedfaces/lfw_pairs/George W Bush_519.jpg,lfw_pairs,dodging_attack,IR152,MI_FGSM,vanilla,0.2198568880558014
15,Facenet512,/content/face_module/dataset_extractedfaces/lfw_pairs/George W Bush_518.jpg,/content/face_module/dataset_extractedfaces/lfw_pairs/George W Bush_519.jpg,lfw_pairs,dodging_attack,IR152,TI_FGSM,vanilla,0.294814258813858
15,Facenet512,/content/face_module/dataset_extractedfaces/lfw_pairs/George W Bush_518.jpg,/content/face_module/dataset_extractedfaces/lfw_pairs/George W Bush_519.jpg,lfw_pairs,dodging_attack,IR152,SI_NI_FGSM,vanilla,0.2221217453479766
15,Facenet512,/content/face_module/dataset_extractedfaces/lfw_pairs/George W Bush_518.jpg,/content/face_module/dataset_extractedfaces/lfw_pairs/George W Bush_519.jpg,lfw_pairs,dodging_attack,IR152,MI_ADMIX_DI_TI,vanilla,0.2229908406734466
15,GhostFaceNet,/content/face_module/dataset_extractedfaces/lfw_pairs/George W Bush_518.jpg,/content/face_module/dataset_extractedfaces/lfw_pairs/George W Bush_519.jpg,lfw_pairs,dodging_attack,IR152,PGD,vanilla,0.501437783241272
15,GhostFaceNet,/content/face_module/dataset_extractedfaces/lfw_pairs/George W Bush_518.jpg,/content/face_module/dataset_extractedfaces/lfw_pairs/George W Bush_519.jpg,lfw_pairs,dodging_attack,IR152,MI_FGSM,vanilla,0.4093985557556152
15,GhostFaceNet,/content/face_module/dataset_extractedfaces/lfw_pairs/George W Bush_518.jpg,/content/face_module/dataset_extractedfaces/lfw_pairs/George W Bush_519.jpg,lfw_pairs,dodging_attack,IR152,TI_FGSM,vanilla,0.4709263443946838
15,GhostFaceNet,/content/face_module/dataset_extractedfaces/lfw_pairs/George W Bush_518.jpg,/content/face_module/dataset_extractedfaces/lfw_pairs/George W Bush_519.jpg,lfw_pairs,dodging_attack,IR152,SI_NI_FGSM,vanilla,0.4211302995681762
15,GhostFaceNet,/content/face_module/dataset_extractedfaces/lfw_pairs/George W Bush_518.jpg,/content/face_module/dataset_extractedfaces/lfw_pairs/George W Bush_519.jpg,lfw_pairs,dodging_attack,IR152,MI_ADMIX_DI_TI,vanilla,0.4462427198886871
15,VGG-Face,/content/face_module/dataset_extractedfaces/lfw_pairs/George W Bush_518.jpg,/content/face_module/dataset_extractedfaces/lfw_pairs/George W Bush_519.jpg,lfw_pairs,dodging_attack,IR152,PGD,vanilla,0.412279725074768
15,VGG-Face,/content/face_module/dataset_extractedfaces/lfw_pairs/George W Bush_518.jpg,/content/face_module/dataset_extractedfaces/lfw_pairs/George W Bush_519.jpg,lfw_pairs,dodging_attack,IR152,MI_FGSM,vanilla,0.3165062069892883
15,VGG-Face,/content/face_module/dataset_extractedfaces/lfw_pairs/George W Bush_518.jpg,/content/face_module/dataset_extractedfaces/lfw_pairs/George W Bush_519.jpg,lfw_pairs,dodging_attack,IR152,TI_FGSM,vanilla,0.3585456907749176
15,VGG-Face,/content/face_module/dataset_extractedfaces/lfw_pairs/George W Bush_518.jpg,/content/face_module/dataset_extractedfaces/lfw_pairs/George W Bush_519.jpg,lfw_pairs,dodging_attack,IR152,SI_NI_FGSM,vanilla,0.3147463500499725
15,VGG-Face,/content/face_module/dataset_extractedfaces/lfw_pairs/George W Bush_518.jpg,/content/face_module/dataset_extractedfaces/lfw_pairs/George W Bush_519.jpg,lfw_pairs,dodging_attack,IR152,MI_ADMIX_DI_TI,vanilla,0.2512488961219787
16,ArcFace,/content/face_module/dataset_extractedfaces/lfw_pairs/Colin Powell_24.jpg,/content/face_module/dataset_extractedfaces/lfw_pairs/Colin Powell_25.jpg,lfw_pairs,dodging_attack,IR152,clean,clean,0.5704071521759033
16,Facenet512,/content/face_module/dataset_extractedfaces/lfw_pairs/Colin Powell_24.jpg,/content/face_module/dataset_extractedfaces/lfw_pairs/Colin Powell_25.jpg,lfw_pairs,dodging_attack,IR152,clean,clean,0.5704071521759033
16,GhostFaceNet,/content/face_module/dataset_extractedfaces/lfw_pairs/Colin Powell_24.jpg,/content/face_module/dataset_extractedfaces/lfw_pairs/Colin Powell_25.jpg,lfw_pairs,dodging_attack,IR152,clean,clean,0.5704071521759033
16,VGG-Face,/content/face_module/dataset_extractedfaces/lfw_pairs/Colin Powell_24.jpg,/content/face_module/dataset_extractedfaces/lfw_pairs/Colin Powell_25.jpg,lfw_pairs,dodging_attack,IR152,clean,clean,0.5704071521759033
16,ArcFace,/content/face_module/dataset_extractedfaces/lfw_pairs/Colin Powell_24.jpg,/content/face_module/dataset_extractedfaces/lfw_pairs/Colin Powell_25.jpg,lfw_pairs,dodging_attack,IR152,PGD,vanilla,0.5541350245475769
16,ArcFace,/content/face_module/dataset_extractedfaces/lfw_pairs/Colin Powell_24.jpg,/content/face_module/dataset_extractedfaces/lfw_pairs/Colin Powell_25.jpg,lfw_pairs,dodging_attack,IR152,MI_FGSM,vanilla,0.3592849373817444
16,ArcFace,/content/face_module/dataset_extractedfaces/lfw_pairs/Colin Powell_24.jpg,/content/face_module/dataset_extractedfaces/lfw_pairs/Colin Powell_25.jpg,lfw_pairs,dodging_attack,IR152,TI_FGSM,vanilla,0.5091980695724487
16,ArcFace,/content/face_module/dataset_extractedfaces/lfw_pairs/Colin Powell_24.jpg,/content/face_module/dataset_extractedfaces/lfw_pairs/Colin Powell_25.jpg,lfw_pairs,dodging_attack,IR152,SI_NI_FGSM,vanilla,0.2010016441345214
16,ArcFace,/content/face_module/dataset_extractedfaces/lfw_pairs/Colin Powell_24.jpg,/content/face_module/dataset_extractedfaces/lfw_pairs/Colin Powell_25.jpg,lfw_pairs,dodging_attack,IR152,MI_ADMIX_DI_TI,vanilla,0.4645030796527862
16,Facenet512,/content/face_module/dataset_extractedfaces/lfw_pairs/Colin Powell_24.jpg,/content/face_module/dataset_extractedfaces/lfw_pairs/Colin Powell_25.jpg,lfw_pairs,dodging_attack,IR152,PGD,vanilla,0.4000028967857361
16,Facenet512,/content/face_module/dataset_extractedfaces/lfw_pairs/Colin Powell_24.jpg,/content/face_module/dataset_extractedfaces/lfw_pairs/Colin Powell_25.jpg,lfw_pairs,dodging_attack,IR152,MI_FGSM,vanilla,0.3155335187911987
16,Facenet512,/content/face_module/dataset_extractedfaces/lfw_pairs/Colin Powell_24.jpg,/content/face_module/dataset_extractedfaces/lfw_pairs/Colin Powell_25.jpg,lfw_pairs,dodging_attack,IR152,TI_FGSM,vanilla,0.2793478667736053
16,Facenet512,/content/face_module/dataset_extractedfaces/lfw_pairs/Colin Powell_24.jpg,/content/face_module/dataset_extractedfaces/lfw_pairs/Colin Powell_25.jpg,lfw_pairs,dodging_attack,IR152,SI_NI_FGSM,vanilla,0.2029013633728027
16,Facenet512,/content/face_module/dataset_extractedfaces/lfw_pairs/Colin Powell_24.jpg,/content/face_module/dataset_extractedfaces/lfw_pairs/Colin Powell_25.jpg,lfw_pairs,dodging_attack,IR152,MI_ADMIX_DI_TI,vanilla,0.2572701573371887
16,GhostFaceNet,/content/face_module/dataset_extractedfaces/lfw_pairs/Colin Powell_24.jpg,/content/face_module/dataset_extractedfaces/lfw_pairs/Colin Powell_25.jpg,lfw_pairs,dodging_attack,IR152,PGD,vanilla,0.5314520597457886
16,GhostFaceNet,/content/face_module/dataset_extractedfaces/lfw_pairs/Colin Powell_24.jpg,/content/face_module/dataset_extractedfaces/lfw_pairs/Colin Powell_25.jpg,lfw_pairs,dodging_attack,IR152,MI_FGSM,vanilla,0.4447935819625854
16,GhostFaceNet,/content/face_module/dataset_extractedfaces/lfw_pairs/Colin Powell_24.jpg,/content/face_module/dataset_extractedfaces/lfw_pairs/Colin Powell_25.jpg,lfw_pairs,dodging_attack,IR152,TI_FGSM,vanilla,0.4760784208774566
16,GhostFaceNet,/content/face_module/dataset_extractedfaces/lfw_pairs/Colin Powell_24.jpg,/content/face_module/dataset_extractedfaces/lfw_pairs/Colin Powell_25.jpg,lfw_pairs,dodging_attack,IR152,SI_NI_FGSM,vanilla,0.4077375531196594
16,GhostFaceNet,/content/face_module/dataset_extractedfaces/lfw_pairs/Colin Powell_24.jpg,/content/face_module/dataset_extractedfaces/lfw_pairs/Colin Powell_25.jpg,lfw_pairs,dodging_attack,IR152,MI_ADMIX_DI_TI,vanilla,0.4943177402019501
16,VGG-Face,/content/face_module/dataset_extractedfaces/lfw_pairs/Colin Powell_24.jpg,/content/face_module/dataset_extractedfaces/lfw_pairs/Colin Powell_25.jpg,lfw_pairs,dodging_attack,IR152,PGD,vanilla,0.5344209671020508
16,VGG-Face,/content/face_module/dataset_extractedfaces/lfw_pairs/Colin Powell_24.jpg,/content/face_module/dataset_extractedfaces/lfw_pairs/Colin Powell_25.jpg,lfw_pairs,dodging_attack,IR152,MI_FGSM,vanilla,0.3743603229522705
16,VGG-Face,/content/face_module/dataset_extractedfaces/lfw_pairs/Colin Powell_24.jpg,/content/face_module/dataset_extractedfaces/lfw_pairs/Colin Powell_25.jpg,lfw_pairs,dodging_attack,IR152,TI_FGSM,vanilla,0.4641792774200439
16,VGG-Face,/content/face_module/dataset_extractedfaces/lfw_pairs/Colin Powell_24.jpg,/content/face_module/dataset_extractedfaces/lfw_pairs/Colin Powell_25.jpg,lfw_pairs,dodging_attack,IR152,SI_NI_FGSM,vanilla,0.3953545689582824
16,VGG-Face,/content/face_module/dataset_extractedfaces/lfw_pairs/Colin Powell_24.jpg,/content/face_module/dataset_extractedfaces/lfw_pairs/Colin Powell_25.jpg,lfw_pairs,dodging_attack,IR152,MI_ADMIX_DI_TI,vanilla,0.3142908215522766
23,ArcFace,/content/face_module/dataset_extractedfaces/lfw_pairs/Tom Daschle_5.jpg,/content/face_module/dataset_extractedfaces/lfw_pairs/Tom Daschle_6.jpg,lfw_pairs,dodging_attack,IR152,clean,clean,0.6403071284294128
23,Facenet512,/content/face_module/dataset_extractedfaces/lfw_pairs/Tom Daschle_5.jpg,/content/face_module/dataset_extractedfaces/lfw_pairs/Tom Daschle_6.jpg,lfw_pairs,dodging_attack,IR152,clean,clean,0.6403071284294128
23,GhostFaceNet,/content/face_module/dataset_extractedfaces/lfw_pairs/Tom Daschle_5.jpg,/content/face_module/dataset_extractedfaces/lfw_pairs/Tom Daschle_6.jpg,lfw_pairs,dodging_attack,IR152,clean,clean,0.6403071284294128
23,VGG-Face,/content/face_module/dataset_extractedfaces/lfw_pairs/Tom Daschle_5.jpg,/content/face_module/dataset_extractedfaces/lfw_pairs/Tom Daschle_6.jpg,lfw_pairs,dodging_attack,IR152,clean,clean,0.6403071284294128
23,ArcFace,/content/face_module/dataset_extractedfaces/lfw_pairs/Tom Daschle_5.jpg,/content/face_module/dataset_extractedfaces/lfw_pairs/Tom Daschle_6.jpg,lfw_pairs,dodging_attack,IR152,PGD,vanilla,0.5410127639770508
23,ArcFace,/content/face_module/dataset_extractedfaces/lfw_pairs/Tom Daschle_5.jpg,/content/face_module/dataset_extractedfaces/lfw_pairs/Tom Daschle_6.jpg,lfw_pairs,dodging_attack,IR152,MI_FGSM,vanilla,0.4752573668956756
23,ArcFace,/content/face_module/dataset_extractedfaces/lfw_pairs/Tom Daschle_5.jpg,/content/face_module/dataset_extractedfaces/lfw_pairs/Tom Daschle_6.jpg,lfw_pairs,dodging_attack,IR152,TI_FGSM,vanilla,0.5597521662712097
23,ArcFace,/content/face_module/dataset_extractedfaces/lfw_pairs/Tom Daschle_5.jpg,/content/face_module/dataset_extractedfaces/lfw_pairs/Tom Daschle_6.jpg,lfw_pairs,dodging_attack,IR152,SI_NI_FGSM,vanilla,0.4265428185462951
23,ArcFace,/content/face_module/dataset_extractedfaces/lfw_pairs/Tom Daschle_5.jpg,/content/face_module/dataset_extractedfaces/lfw_pairs/Tom Daschle_6.jpg,lfw_pairs,dodging_attack,IR152,MI_ADMIX_DI_TI,vanilla,0.5636534690856934
23,Facenet512,/content/face_module/dataset_extractedfaces/lfw_pairs/Tom Daschle_5.jpg,/content/face_module/dataset_extractedfaces/lfw_pairs/Tom Daschle_6.jpg,lfw_pairs,dodging_attack,IR152,PGD,vanilla,0.5342610478401184
23,Facenet512,/content/face_module/dataset_extractedfaces/lfw_pairs/Tom Daschle_5.jpg,/content/face_module/dataset_extractedfaces/lfw_pairs/Tom Daschle_6.jpg,lfw_pairs,dodging_attack,IR152,MI_FGSM,vanilla,0.4458196759223938
23,Facenet512,/content/face_module/dataset_extractedfaces/lfw_pairs/Tom Daschle_5.jpg,/content/face_module/dataset_extractedfaces/lfw_pairs/Tom Daschle_6.jpg,lfw_pairs,dodging_attack,IR152,TI_FGSM,vanilla,0.4460108578205108
23,Facenet512,/content/face_module/dataset_extractedfaces/lfw_pairs/Tom Daschle_5.jpg,/content/face_module/dataset_extractedfaces/lfw_pairs/Tom Daschle_6.jpg,lfw_pairs,dodging_attack,IR152,SI_NI_FGSM,vanilla,0.3360243439674377
23,Facenet512,/content/face_module/dataset_extractedfaces/lfw_pairs/Tom Daschle_5.jpg,/content/face_module/dataset_extractedfaces/lfw_pairs/Tom Daschle_6.jpg,lfw_pairs,dodging_attack,IR152,MI_ADMIX_DI_TI,vanilla,0.3694373965263366
23,GhostFaceNet,/content/face_module/dataset_extractedfaces/lfw_pairs/Tom Daschle_5.jpg,/content/face_module/dataset_extractedfaces/lfw_pairs/Tom Daschle_6.jpg,lfw_pairs,dodging_attack,IR152,PGD,vanilla,0.6043604612350464
23,GhostFaceNet,/content/face_module/dataset_extractedfaces/lfw_pairs/Tom Daschle_5.jpg,/content/face_module/dataset_extractedfaces/lfw_pairs/Tom Daschle_6.jpg,lfw_pairs,dodging_attack,IR152,MI_FGSM,vanilla,0.5280244946479797
23,GhostFaceNet,/content/face_module/dataset_extractedfaces/lfw_pairs/Tom Daschle_5.jpg,/content/face_module/dataset_extractedfaces/lfw_pairs/Tom Daschle_6.jpg,lfw_pairs,dodging_attack,IR152,TI_FGSM,vanilla,0.6459124088287354
23,GhostFaceNet,/content/face_module/dataset_extractedfaces/lfw_pairs/Tom Daschle_5.jpg,/content/face_module/dataset_extractedfaces/lfw_pairs/Tom Daschle_6.jpg,lfw_pairs,dodging_attack,IR152,SI_NI_FGSM,vanilla,0.5138891935348511
23,GhostFaceNet,/content/face_module/dataset_extractedfaces/lfw_pairs/Tom Daschle_5.jpg,/content/face_module/dataset_extractedfaces/lfw_pairs/Tom Daschle_6.jpg,lfw_pairs,dodging_attack,IR152,MI_ADMIX_DI_TI,vanilla,0.6121116280555725
23,VGG-Face,/content/face_module/dataset_extractedfaces/lfw_pairs/Tom Daschle_5.jpg,/content/face_module/dataset_extractedfaces/lfw_pairs/Tom Daschle_6.jpg,lfw_pairs,dodging_attack,IR152,PGD,vanilla,0.5183928608894348
23,VGG-Face,/content/face_module/dataset_extractedfaces/lfw_pairs/Tom Daschle_5.jpg,/content/face_module/dataset_extractedfaces/lfw_pairs/Tom Daschle_6.jpg,lfw_pairs,dodging_attack,IR152,MI_FGSM,vanilla,0.3580191135406494
23,VGG-Face,/content/face_module/dataset_extractedfaces/lfw_pairs/Tom Daschle_5.jpg,/content/face_module/dataset_extractedfaces/lfw_pairs/Tom Daschle_6.jpg,lfw_pairs,dodging_attack,IR152,TI_FGSM,vanilla,0.4227007031440735
23,VGG-Face,/content/face_module/dataset_extractedfaces/lfw_pairs/Tom Daschle_5.jpg,/content/face_module/dataset_extractedfaces/lfw_pairs/Tom Daschle_6.jpg,lfw_pairs,dodging_attack,IR152,SI_NI_FGSM,vanilla,0.3482757806777954
23,VGG-Face,/content/face_module/dataset_extractedfaces/lfw_pairs/Tom Daschle_5.jpg,/content/face_module/dataset_extractedfaces/lfw_pairs/Tom Daschle_6.jpg,lfw_pairs,dodging_attack,IR152,MI_ADMIX_DI_TI,vanilla,0.3447262346744537
18,ArcFace,/content/face_module/dataset_extractedfaces/celeba_pairs/092809.jpg,/content/face_module/dataset_extractedfaces/celeba_pairs/108708.jpg,celeba_pairs,dodging_attack,IR152,clean,clean,0.707098126411438
18,Facenet512,/content/face_module/dataset_extractedfaces/celeba_pairs/092809.jpg,/content/face_module/dataset_extractedfaces/celeba_pairs/108708.jpg,celeba_pairs,dodging_attack,IR152,clean,clean,0.707098126411438
18,GhostFaceNet,/content/face_module/dataset_extractedfaces/celeba_pairs/092809.jpg,/content/face_module/dataset_extractedfaces/celeba_pairs/108708.jpg,celeba_pairs,dodging_attack,IR152,clean,clean,0.707098126411438
18,VGG-Face,/content/face_module/dataset_extractedfaces/celeba_pairs/092809.jpg,/content/face_module/dataset_extractedfaces/celeba_pairs/108708.jpg,celeba_pairs,dodging_attack,IR152,clean,clean,0.707098126411438
18,ArcFace,/content/face_module/dataset_extractedfaces/celeba_pairs/092809.jpg,/content/face_module/dataset_extractedfaces/celeba_pairs/108708.jpg,celeba_pairs,dodging_attack,IR152,PGD,vanilla,0.5250512957572937
18,ArcFace,/content/face_module/dataset_extractedfaces/celeba_pairs/092809.jpg,/content/face_module/dataset_extractedfaces/celeba_pairs/108708.jpg,celeba_pairs,dodging_attack,IR152,MI_FGSM,vanilla,0.3683866262435913
18,ArcFace,/content/face_module/dataset_extractedfaces/celeba_pairs/092809.jpg,/content/face_module/dataset_extractedfaces/celeba_pairs/108708.jpg,celeba_pairs,dodging_attack,IR152,TI_FGSM,vanilla,0.4395140707492828
18,ArcFace,/content/face_module/dataset_extractedfaces/celeba_pairs/092809.jpg,/content/face_module/dataset_extractedfaces/celeba_pairs/108708.jpg,celeba_pairs,dodging_attack,IR152,SI_NI_FGSM,vanilla,0.249238520860672
18,ArcFace,/content/face_module/dataset_extractedfaces/celeba_pairs/092809.jpg,/content/face_module/dataset_extractedfaces/celeba_pairs/108708.jpg,celeba_pairs,dodging_attack,IR152,MI_ADMIX_DI_TI,vanilla,0.4301378130912781
18,Facenet512,/content/face_module/dataset_extractedfaces/celeba_pairs/092809.jpg,/content/face_module/dataset_extractedfaces/celeba_pairs/108708.jpg,celeba_pairs,dodging_attack,IR152,PGD,vanilla,0.4450293779373169
18,Facenet512,/content/face_module/dataset_extractedfaces/celeba_pairs/092809.jpg,/content/face_module/dataset_extractedfaces/celeba_pairs/108708.jpg,celeba_pairs,dodging_attack,IR152,MI_FGSM,vanilla,0.3581679463386535
18,Facenet512,/content/face_module/dataset_extractedfaces/celeba_pairs/092809.jpg,/content/face_module/dataset_extractedfaces/celeba_pairs/108708.jpg,celeba_pairs,dodging_attack,IR152,TI_FGSM,vanilla,0.3399025201797485
18,Facenet512,/content/face_module/dataset_extractedfaces/celeba_pairs/092809.jpg,/content/face_module/dataset_extractedfaces/celeba_pairs/108708.jpg,celeba_pairs,dodging_attack,IR152,SI_NI_FGSM,vanilla,0.278088629245758
18,Facenet512,/content/face_module/dataset_extractedfaces/celeba_pairs/092809.jpg,/content/face_module/dataset_extractedfaces/celeba_pairs/108708.jpg,celeba_pairs,dodging_attack,IR152,MI_ADMIX_DI_TI,vanilla,0.3258090317249298
18,GhostFaceNet,/content/face_module/dataset_extractedfaces/celeba_pairs/092809.jpg,/content/face_module/dataset_extractedfaces/celeba_pairs/108708.jpg,celeba_pairs,dodging_attack,IR152,PGD,vanilla,0.5416331887245178
18,GhostFaceNet,/content/face_module/dataset_extractedfaces/celeba_pairs/092809.jpg,/content/face_module/dataset_extractedfaces/celeba_pairs/108708.jpg,celeba_pairs,dodging_attack,IR152,MI_FGSM,vanilla,0.3929468989372253
18,GhostFaceNet,/content/face_module/dataset_extractedfaces/celeba_pairs/092809.jpg,/content/face_module/dataset_extractedfaces/celeba_pairs/108708.jpg,celeba_pairs,dodging_attack,IR152,TI_FGSM,vanilla,0.5325095653533936
18,GhostFaceNet,/content/face_module/dataset_extractedfaces/celeba_pairs/092809.jpg,/content/face_module/dataset_extractedfaces/celeba_pairs/108708.jpg,celeba_pairs,dodging_attack,IR152,SI_NI_FGSM,vanilla,0.3425393104553222
18,GhostFaceNet,/content/face_module/dataset_extractedfaces/celeba_pairs/092809.jpg,/content/face_module/dataset_extractedfaces/celeba_pairs/108708.jpg,celeba_pairs,dodging_attack,IR152,MI_ADMIX_DI_TI,vanilla,0.5182042717933655
18,VGG-Face,/content/face_module/dataset_extractedfaces/celeba_pairs/092809.jpg,/content/face_module/dataset_extractedfaces/celeba_pairs/108708.jpg,celeba_pairs,dodging_attack,IR152,PGD,vanilla,0.4458411335945129
18,VGG-Face,/content/face_module/dataset_extractedfaces/celeba_pairs/092809.jpg,/content/face_module/dataset_extractedfaces/celeba_pairs/108708.jpg,celeba_pairs,dodging_attack,IR152,MI_FGSM,vanilla,0.2969729900360107
18,VGG-Face,/content/face_module/dataset_extractedfaces/celeba_pairs/092809.jpg,/content/face_module/dataset_extractedfaces/celeba_pairs/108708.jpg,celeba_pairs,dodging_attack,IR152,TI_FGSM,vanilla,0.3578558564186096
18,VGG-Face,/content/face_module/dataset_extractedfaces/celeba_pairs/092809.jpg,/content/face_module/dataset_extractedfaces/celeba_pairs/108708.jpg,celeba_pairs,dodging_attack,IR152,SI_NI_FGSM,vanilla,0.3560862243175506
18,VGG-Face,/content/face_module/dataset_extractedfaces/celeba_pairs/092809.jpg,/content/face_module/dataset_extractedfaces/celeba_pairs/108708.jpg,celeba_pairs,dodging_attack,IR152,MI_ADMIX_DI_TI,vanilla,0.292454332113266
27,ArcFace,/content/face_module/dataset_extractedfaces/celeba_pairs/023869.jpg,/content/face_module/dataset_extractedfaces/celeba_pairs/024923.jpg,celeba_pairs,dodging_attack,IR152,clean,clean,0.7295129299163818
27,Facenet512,/content/face_module/dataset_extractedfaces/celeba_pairs/023869.jpg,/content/face_module/dataset_extractedfaces/celeba_pairs/024923.jpg,celeba_pairs,dodging_attack,IR152,clean,clean,0.7295129299163818
27,GhostFaceNet,/content/face_module/dataset_extractedfaces/celeba_pairs/023869.jpg,/content/face_module/dataset_extractedfaces/celeba_pairs/024923.jpg,celeba_pairs,dodging_attack,IR152,clean,clean,0.7295129299163818
27,VGG-Face,/content/face_module/dataset_extractedfaces/celeba_pairs/023869.jpg,/content/face_module/dataset_extractedfaces/celeba_pairs/024923.jpg,celeba_pairs,dodging_attack,IR152,clean,clean,0.7295129299163818
27,ArcFace,/content/face_module/dataset_extractedfaces/celeba_pairs/023869.jpg,/content/face_module/dataset_extractedfaces/celeba_pairs/024923.jpg,celeba_pairs,dodging_attack,IR152,PGD,vanilla,0.6430703401565552
27,ArcFace,/content/face_module/dataset_extractedfaces/celeba_pairs/023869.jpg,/content/face_module/dataset_extractedfaces/celeba_pairs/024923.jpg,celeba_pairs,dodging_attack,IR152,MI_FGSM,vanilla,0.5497156381607056
27,ArcFace,/content/face_module/dataset_extractedfaces/celeba_pairs/023869.jpg,/content/face_module/dataset_extractedfaces/celeba_pairs/024923.jpg,celeba_pairs,dodging_attack,IR152,TI_FGSM,vanilla,0.5712336897850037
27,ArcFace,/content/face_module/dataset_extractedfaces/celeba_pairs/023869.jpg,/content/face_module/dataset_extractedfaces/celeba_pairs/024923.jpg,celeba_pairs,dodging_attack,IR152,SI_NI_FGSM,vanilla,0.4531523883342743
27,ArcFace,/content/face_module/dataset_extractedfaces/celeba_pairs/023869.jpg,/content/face_module/dataset_extractedfaces/celeba_pairs/024923.jpg,celeba_pairs,dodging_attack,IR152,MI_ADMIX_DI_TI,vanilla,0.5141425132751465
27,Facenet512,/content/face_module/dataset_extractedfaces/celeba_pairs/023869.jpg,/content/face_module/dataset_extractedfaces/celeba_pairs/024923.jpg,celeba_pairs,dodging_attack,IR152,PGD,vanilla,0.6085295677185059
27,Facenet512,/content/face_module/dataset_extractedfaces/celeba_pairs/023869.jpg,/content/face_module/dataset_extractedfaces/celeba_pairs/024923.jpg,celeba_pairs,dodging_attack,IR152,MI_FGSM,vanilla,0.4841665029525757
27,Facenet512,/content/face_module/dataset_extractedfaces/celeba_pairs/023869.jpg,/content/face_module/dataset_extractedfaces/celeba_pairs/024923.jpg,celeba_pairs,dodging_attack,IR152,TI_FGSM,vanilla,0.5738692879676819
27,Facenet512,/content/face_module/dataset_extractedfaces/celeba_pairs/023869.jpg,/content/face_module/dataset_extractedfaces/celeba_pairs/024923.jpg,celeba_pairs,dodging_attack,IR152,SI_NI_FGSM,vanilla,0.4919282793998718
27,Facenet512,/content/face_module/dataset_extractedfaces/celeba_pairs/023869.jpg,/content/face_module/dataset_extractedfaces/celeba_pairs/024923.jpg,celeba_pairs,dodging_attack,IR152,MI_ADMIX_DI_TI,vanilla,0.4897209405899048
27,GhostFaceNet,/content/face_module/dataset_extractedfaces/celeba_pairs/023869.jpg,/content/face_module/dataset_extractedfaces/celeba_pairs/024923.jpg,celeba_pairs,dodging_attack,IR152,PGD,vanilla,0.6416856050491333
27,GhostFaceNet,/content/face_module/dataset_extractedfaces/celeba_pairs/023869.jpg,/content/face_module/dataset_extractedfaces/celeba_pairs/024923.jpg,celeba_pairs,dodging_attack,IR152,MI_FGSM,vanilla,0.6314491629600525
27,GhostFaceNet,/content/face_module/dataset_extractedfaces/celeba_pairs/023869.jpg,/content/face_module/dataset_extractedfaces/celeba_pairs/024923.jpg,celeba_pairs,dodging_attack,IR152,TI_FGSM,vanilla,0.6598707437515259
27,GhostFaceNet,/content/face_module/dataset_extractedfaces/celeba_pairs/023869.jpg,/content/face_module/dataset_extractedfaces/celeba_pairs/024923.jpg,celeba_pairs,dodging_attack,IR152,SI_NI_FGSM,vanilla,0.5868162512779236
27,GhostFaceNet,/content/face_module/dataset_extractedfaces/celeba_pairs/023869.jpg,/content/face_module/dataset_extractedfaces/celeba_pairs/024923.jpg,celeba_pairs,dodging_attack,IR152,MI_ADMIX_DI_TI,vanilla,0.6043360829353333
27,VGG-Face,/content/face_module/dataset_extractedfaces/celeba_pairs/023869.jpg,/content/face_module/dataset_extractedfaces/celeba_pairs/024923.jpg,celeba_pairs,dodging_attack,IR152,PGD,vanilla,0.6135119199752808
27,VGG-Face,/content/face_module/dataset_extractedfaces/celeba_pairs/023869.jpg,/content/face_module/dataset_extractedfaces/celeba_pairs/024923.jpg,celeba_pairs,dodging_attack,IR152,MI_FGSM,vanilla,0.5616153478622437
27,VGG-Face,/content/face_module/dataset_extractedfaces/celeba_pairs/023869.jpg,/content/face_module/dataset_extractedfaces/celeba_pairs/024923.jpg,celeba_pairs,dodging_attack,IR152,TI_FGSM,vanilla,0.6079979538917542
27,VGG-Face,/content/face_module/dataset_extractedfaces/celeba_pairs/023869.jpg,/content/face_module/dataset_extractedfaces/celeba_pairs/024923.jpg,celeba_pairs,dodging_attack,IR152,SI_NI_FGSM,vanilla,0.6092674732208252
27,VGG-Face,/content/face_module/dataset_extractedfaces/celeba_pairs/023869.jpg,/content/face_module/dataset_extractedfaces/celeba_pairs/024923.jpg,celeba_pairs,dodging_attack,IR152,MI_ADMIX_DI_TI,vanilla,0.5310423970222473
28,ArcFace,/content/face_module/dataset_extractedfaces/celeba_pairs/130980.jpg,/content/face_module/dataset_extractedfaces/celeba_pairs/147767.jpg,celeba_pairs,dodging_attack,IR152,clean,clean,0.6864032745361328
28,Facenet512,/content/face_module/dataset_extractedfaces/celeba_pairs/130980.jpg,/content/face_module/dataset_extractedfaces/celeba_pairs/147767.jpg,celeba_pairs,dodging_attack,IR152,clean,clean,0.6864032745361328
28,GhostFaceNet,/content/face_module/dataset_extractedfaces/celeba_pairs/130980.jpg,/content/face_module/dataset_extractedfaces/celeba_pairs/147767.jpg,celeba_pairs,dodging_attack,IR152,clean,clean,0.6864032745361328
28,VGG-Face,/content/face_module/dataset_extractedfaces/celeba_pairs/130980.jpg,/content/face_module/dataset_extractedfaces/celeba_pairs/147767.jpg,celeba_pairs,dodging_attack,IR152,clean,clean,0.6864032745361328
28,ArcFace,/content/face_module/dataset_extractedfaces/celeba_pairs/130980.jpg,/content/face_module/dataset_extractedfaces/celeba_pairs/147767.jpg,celeba_pairs,dodging_attack,IR152,PGD,vanilla,0.6056681871414185
28,ArcFace,/content/face_module/dataset_extractedfaces/celeba_pairs/130980.jpg,/content/face_module/dataset_extractedfaces/celeba_pairs/147767.jpg,celeba_pairs,dodging_attack,IR152,MI_FGSM,vanilla,0.5147337317466736
28,ArcFace,/content/face_module/dataset_extractedfaces/celeba_pairs/130980.jpg,/content/face_module/dataset_extractedfaces/celeba_pairs/147767.jpg,celeba_pairs,dodging_attack,IR152,TI_FGSM,vanilla,0.552022397518158
28,ArcFace,/content/face_module/dataset_extractedfaces/celeba_pairs/130980.jpg,/content/face_module/dataset_extractedfaces/celeba_pairs/147767.jpg,celeba_pairs,dodging_attack,IR152,SI_NI_FGSM,vanilla,0.5276476740837097
28,ArcFace,/content/face_module/dataset_extractedfaces/celeba_pairs/130980.jpg,/content/face_module/dataset_extractedfaces/celeba_pairs/147767.jpg,celeba_pairs,dodging_attack,IR152,MI_ADMIX_DI_TI,vanilla,0.5202135443687439
28,Facenet512,/content/face_module/dataset_extractedfaces/celeba_pairs/130980.jpg,/content/face_module/dataset_extractedfaces/celeba_pairs/147767.jpg,celeba_pairs,dodging_attack,IR152,PGD,vanilla,0.3575592041015625
28,Facenet512,/content/face_module/dataset_extractedfaces/celeba_pairs/130980.jpg,/content/face_module/dataset_extractedfaces/celeba_pairs/147767.jpg,celeba_pairs,dodging_attack,IR152,MI_FGSM,vanilla,0.2307237684726715
28,Facenet512,/content/face_module/dataset_extractedfaces/celeba_pairs/130980.jpg,/content/face_module/dataset_extractedfaces/celeba_pairs/147767.jpg,celeba_pairs,dodging_attack,IR152,TI_FGSM,vanilla,0.2650851309299469
28,Facenet512,/content/face_module/dataset_extractedfaces/celeba_pairs/130980.jpg,/content/face_module/dataset_extractedfaces/celeba_pairs/147767.jpg,celeba_pairs,dodging_attack,IR152,SI_NI_FGSM,vanilla,0.2190877646207809
28,Facenet512,/content/face_module/dataset_extractedfaces/celeba_pairs/130980.jpg,/content/face_module/dataset_extractedfaces/celeba_pairs/147767.jpg,celeba_pairs,dodging_attack,IR152,MI_ADMIX_DI_TI,vanilla,0.3868960440158844
28,GhostFaceNet,/content/face_module/dataset_extractedfaces/celeba_pairs/130980.jpg,/content/face_module/dataset_extractedfaces/celeba_pairs/147767.jpg,celeba_pairs,dodging_attack,IR152,PGD,vanilla,0.648471474647522
28,GhostFaceNet,/content/face_module/dataset_extractedfaces/celeba_pairs/130980.jpg,/content/face_module/dataset_extractedfaces/celeba_pairs/147767.jpg,celeba_pairs,dodging_attack,IR152,MI_FGSM,vanilla,0.5818586349487305
28,GhostFaceNet,/content/face_module/dataset_extractedfaces/celeba_pairs/130980.jpg,/content/face_module/dataset_extractedfaces/celeba_pairs/147767.jpg,celeba_pairs,dodging_attack,IR152,TI_FGSM,vanilla,0.6396093368530273
28,GhostFaceNet,/content/face_module/dataset_extractedfaces/celeba_pairs/130980.jpg,/content/face_module/dataset_extractedfaces/celeba_pairs/147767.jpg,celeba_pairs,dodging_attack,IR152,SI_NI_FGSM,vanilla,0.5968376398086548
28,GhostFaceNet,/content/face_module/dataset_extractedfaces/celeba_pairs/130980.jpg,/content/face_module/dataset_extractedfaces/celeba_pairs/147767.jpg,celeba_pairs,dodging_attack,IR152,MI_ADMIX_DI_TI,vanilla,0.5850706100463867
28,VGG-Face,/content/face_module/dataset_extractedfaces/celeba_pairs/130980.jpg,/content/face_module/dataset_extractedfaces/celeba_pairs/147767.jpg,celeba_pairs,dodging_attack,IR152,PGD,vanilla,0.5253952741622925
28,VGG-Face,/content/face_module/dataset_extractedfaces/celeba_pairs/130980.jpg,/content/face_module/dataset_extractedfaces/celeba_pairs/147767.jpg,celeba_pairs,dodging_attack,IR152,MI_FGSM,vanilla,0.3869907259941101
28,VGG-Face,/content/face_module/dataset_extractedfaces/celeba_pairs/130980.jpg,/content/face_module/dataset_extractedfaces/celeba_pairs/147767.jpg,celeba_pairs,dodging_attack,IR152,TI_FGSM,vanilla,0.414067804813385
28,VGG-Face,/content/face_module/dataset_extractedfaces/celeba_pairs/130980.jpg,/content/face_module/dataset_extractedfaces/celeba_pairs/147767.jpg,celeba_pairs,dodging_attack,IR152,SI_NI_FGSM,vanilla,0.4131538569927215
28,VGG-Face,/content/face_module/dataset_extractedfaces/celeba_pairs/130980.jpg,/content/face_module/dataset_extractedfaces/celeba_pairs/147767.jpg,celeba_pairs,dodging_attack,IR152,MI_ADMIX_DI_TI,vanilla,0.3077675700187683
30,ArcFace,/content/face_module/dataset_extractedfaces/celeba_pairs/042909.jpg,/content/face_module/dataset_extractedfaces/celeba_pairs/048579.jpg,celeba_pairs,dodging_attack,IR152,clean,clean,0.676694929599762
30,Facenet512,/content/face_module/dataset_extractedfaces/celeba_pairs/042909.jpg,/content/face_module/dataset_extractedfaces/celeba_pairs/048579.jpg,celeba_pairs,dodging_attack,IR152,clean,clean,0.676694929599762
30,GhostFaceNet,/content/face_module/dataset_extractedfaces/celeba_pairs/042909.jpg,/content/face_module/dataset_extractedfaces/celeba_pairs/048579.jpg,celeba_pairs,dodging_attack,IR152,clean,clean,0.676694929599762
30,VGG-Face,/content/face_module/dataset_extractedfaces/celeba_pairs/042909.jpg,/content/face_module/dataset_extractedfaces/celeba_pairs/048579.jpg,celeba_pairs,dodging_attack,IR152,clean,clean,0.676694929599762
30,ArcFace,/content/face_module/dataset_extractedfaces/celeba_pairs/042909.jpg,/content/face_module/dataset_extractedfaces/celeba_pairs/048579.jpg,celeba_pairs,dodging_attack,IR152,PGD,vanilla,0.4685090184211731
30,ArcFace,/content/face_module/dataset_extractedfaces/celeba_pairs/042909.jpg,/content/face_module/dataset_extractedfaces/celeba_pairs/048579.jpg,celeba_pairs,dodging_attack,IR152,MI_FGSM,vanilla,0.2628040015697479
30,ArcFace,/content/face_module/dataset_extractedfaces/celeba_pairs/042909.jpg,/content/face_module/dataset_extractedfaces/celeba_pairs/048579.jpg,celeba_pairs,dodging_attack,IR152,TI_FGSM,vanilla,0.3514670729637146
30,ArcFace,/content/face_module/dataset_extractedfaces/celeba_pairs/042909.jpg,/content/face_module/dataset_extractedfaces/celeba_pairs/048579.jpg,celeba_pairs,dodging_attack,IR152,SI_NI_FGSM,vanilla,0.2391545176506042
30,ArcFace,/content/face_module/dataset_extractedfaces/celeba_pairs/042909.jpg,/content/face_module/dataset_extractedfaces/celeba_pairs/048579.jpg,celeba_pairs,dodging_attack,IR152,MI_ADMIX_DI_TI,vanilla,0.2556638717651367
30,Facenet512,/content/face_module/dataset_extractedfaces/celeba_pairs/042909.jpg,/content/face_module/dataset_extractedfaces/celeba_pairs/048579.jpg,celeba_pairs,dodging_attack,IR152,PGD,vanilla,0.3718604743480682
30,Facenet512,/content/face_module/dataset_extractedfaces/celeba_pairs/042909.jpg,/content/face_module/dataset_extractedfaces/celeba_pairs/048579.jpg,celeba_pairs,dodging_attack,IR152,MI_FGSM,vanilla,0.2856183648109436
30,Facenet512,/content/face_module/dataset_extractedfaces/celeba_pairs/042909.jpg,/content/face_module/dataset_extractedfaces/celeba_pairs/048579.jpg,celeba_pairs,dodging_attack,IR152,TI_FGSM,vanilla,0.2918663918972015
30,Facenet512,/content/face_module/dataset_extractedfaces/celeba_pairs/042909.jpg,/content/face_module/dataset_extractedfaces/celeba_pairs/048579.jpg,celeba_pairs,dodging_attack,IR152,SI_NI_FGSM,vanilla,0.309636652469635
30,Facenet512,/content/face_module/dataset_extractedfaces/celeba_pairs/042909.jpg,/content/face_module/dataset_extractedfaces/celeba_pairs/048579.jpg,celeba_pairs,dodging_attack,IR152,MI_ADMIX_DI_TI,vanilla,0.3176246881484985
30,GhostFaceNet,/content/face_module/dataset_extractedfaces/celeba_pairs/042909.jpg,/content/face_module/dataset_extractedfaces/celeba_pairs/048579.jpg,celeba_pairs,dodging_attack,IR152,PGD,vanilla,0.4935985803604126
30,GhostFaceNet,/content/face_module/dataset_extractedfaces/celeba_pairs/042909.jpg,/content/face_module/dataset_extractedfaces/celeba_pairs/048579.jpg,celeba_pairs,dodging_attack,IR152,MI_FGSM,vanilla,0.2914895415306091
30,GhostFaceNet,/content/face_module/dataset_extractedfaces/celeba_pairs/042909.jpg,/content/face_module/dataset_extractedfaces/celeba_pairs/048579.jpg,celeba_pairs,dodging_attack,IR152,TI_FGSM,vanilla,0.433056116104126
30,GhostFaceNet,/content/face_module/dataset_extractedfaces/celeba_pairs/042909.jpg,/content/face_module/dataset_extractedfaces/celeba_pairs/048579.jpg,celeba_pairs,dodging_attack,IR152,SI_NI_FGSM,vanilla,0.315680056810379
30,GhostFaceNet,/content/face_module/dataset_extractedfaces/celeba_pairs/042909.jpg,/content/face_module/dataset_extractedfaces/celeba_pairs/048579.jpg,celeba_pairs,dodging_attack,IR152,MI_ADMIX_DI_TI,vanilla,0.4446662962436676
30,VGG-Face,/content/face_module/dataset_extractedfaces/celeba_pairs/042909.jpg,/content/face_module/dataset_extractedfaces/celeba_pairs/048579.jpg,celeba_pairs,dodging_attack,IR152,PGD,vanilla,0.4567677974700928
30,VGG-Face,/content/face_module/dataset_extractedfaces/celeba_pairs/042909.jpg,/content/face_module/dataset_extractedfaces/celeba_pairs/048579.jpg,celeba_pairs,dodging_attack,IR152,MI_FGSM,vanilla,0.2899065613746643
30,VGG-Face,/content/face_module/dataset_extractedfaces/celeba_pairs/042909.jpg,/content/face_module/dataset_extractedfaces/celeba_pairs/048579.jpg,celeba_pairs,dodging_attack,IR152,TI_FGSM,vanilla,0.403830736875534
30,VGG-Face,/content/face_module/dataset_extractedfaces/celeba_pairs/042909.jpg,/content/face_module/dataset_extractedfaces/celeba_pairs/048579.jpg,celeba_pairs,dodging_attack,IR152,SI_NI_FGSM,vanilla,0.2876678705215454
30,VGG-Face,/content/face_module/dataset_extractedfaces/celeba_pairs/042909.jpg,/content/face_module/dataset_extractedfaces/celeba_pairs/048579.jpg,celeba_pairs,dodging_attack,IR152,MI_ADMIX_DI_TI,vanilla,0.3537849485874176
33,ArcFace,/content/face_module/dataset_extractedfaces/celeba_pairs/169016.jpg,/content/face_module/dataset_extractedfaces/celeba_pairs/171037.jpg,celeba_pairs,dodging_attack,IR152,clean,clean,0.7868037819862366
33,Facenet512,/content/face_module/dataset_extractedfaces/celeba_pairs/169016.jpg,/content/face_module/dataset_extractedfaces/celeba_pairs/171037.jpg,celeba_pairs,dodging_attack,IR152,clean,clean,0.7868037819862366
33,GhostFaceNet,/content/face_module/dataset_extractedfaces/celeba_pairs/169016.jpg,/content/face_module/dataset_extractedfaces/celeba_pairs/171037.jpg,celeba_pairs,dodging_attack,IR152,clean,clean,0.7868037819862366
33,VGG-Face,/content/face_module/dataset_extractedfaces/celeba_pairs/169016.jpg,/content/face_module/dataset_extractedfaces/celeba_pairs/171037.jpg,celeba_pairs,dodging_attack,IR152,clean,clean,0.7868037819862366
33,ArcFace,/content/face_module/dataset_extractedfaces/celeba_pairs/169016.jpg,/content/face_module/dataset_extractedfaces/celeba_pairs/171037.jpg,celeba_pairs,dodging_attack,IR152,PGD,vanilla,0.665507435798645
33,ArcFace,/content/face_module/dataset_extractedfaces/celeba_pairs/169016.jpg,/content/face_module/dataset_extractedfaces/celeba_pairs/171037.jpg,celeba_pairs,dodging_attack,IR152,MI_FGSM,vanilla,0.545472264289856
33,ArcFace,/content/face_module/dataset_extractedfaces/celeba_pairs/169016.jpg,/content/face_module/dataset_extractedfaces/celeba_pairs/171037.jpg,celeba_pairs,dodging_attack,IR152,TI_FGSM,vanilla,0.5481061935424805
33,ArcFace,/content/face_module/dataset_extractedfaces/celeba_pairs/169016.jpg,/content/face_module/dataset_extractedfaces/celeba_pairs/171037.jpg,celeba_pairs,dodging_attack,IR152,SI_NI_FGSM,vanilla,0.5395285487174988
33,ArcFace,/content/face_module/dataset_extractedfaces/celeba_pairs/169016.jpg,/content/face_module/dataset_extractedfaces/celeba_pairs/171037.jpg,celeba_pairs,dodging_attack,IR152,MI_ADMIX_DI_TI,vanilla,0.4985974431037903
33,Facenet512,/content/face_module/dataset_extractedfaces/celeba_pairs/169016.jpg,/content/face_module/dataset_extractedfaces/celeba_pairs/171037.jpg,celeba_pairs,dodging_attack,IR152,PGD,vanilla,0.5191041231155396
33,Facenet512,/content/face_module/dataset_extractedfaces/celeba_pairs/169016.jpg,/content/face_module/dataset_extractedfaces/celeba_pairs/171037.jpg,celeba_pairs,dodging_attack,IR152,MI_FGSM,vanilla,0.4448620080947876
33,Facenet512,/content/face_module/dataset_extractedfaces/celeba_pairs/169016.jpg,/content/face_module/dataset_extractedfaces/celeba_pairs/171037.jpg,celeba_pairs,dodging_attack,IR152,TI_FGSM,vanilla,0.4399202466011047
33,Facenet512,/content/face_module/dataset_extractedfaces/celeba_pairs/169016.jpg,/content/face_module/dataset_extractedfaces/celeba_pairs/171037.jpg,celeba_pairs,dodging_attack,IR152,SI_NI_FGSM,vanilla,0.5417109727859497
33,Facenet512,/content/face_module/dataset_extractedfaces/celeba_pairs/169016.jpg,/content/face_module/dataset_extractedfaces/celeba_pairs/171037.jpg,celeba_pairs,dodging_attack,IR152,MI_ADMIX_DI_TI,vanilla,0.4499544203281402
33,GhostFaceNet,/content/face_module/dataset_extractedfaces/celeba_pairs/169016.jpg,/content/face_module/dataset_extractedfaces/celeba_pairs/171037.jpg,celeba_pairs,dodging_attack,IR152,PGD,vanilla,0.714942216873169
33,GhostFaceNet,/content/face_module/dataset_extractedfaces/celeba_pairs/169016.jpg,/content/face_module/dataset_extractedfaces/celeba_pairs/171037.jpg,celeba_pairs,dodging_attack,IR152,MI_FGSM,vanilla,0.5966290235519409
33,GhostFaceNet,/content/face_module/dataset_extractedfaces/celeba_pairs/169016.jpg,/content/face_module/dataset_extractedfaces/celeba_pairs/171037.jpg,celeba_pairs,dodging_attack,IR152,TI_FGSM,vanilla,0.6458961963653564
33,GhostFaceNet,/content/face_module/dataset_extractedfaces/celeba_pairs/169016.jpg,/content/face_module/dataset_extractedfaces/celeba_pairs/171037.jpg,celeba_pairs,dodging_attack,IR152,SI_NI_FGSM,vanilla,0.6029400825500488
33,GhostFaceNet,/content/face_module/dataset_extractedfaces/celeba_pairs/169016.jpg,/content/face_module/dataset_extractedfaces/celeba_pairs/171037.jpg,celeba_pairs,dodging_attack,IR152,MI_ADMIX_DI_TI,vanilla,0.6390711069107056
33,VGG-Face,/content/face_module/dataset_extractedfaces/celeba_pairs/169016.jpg,/content/face_module/dataset_extractedfaces/celeba_pairs/171037.jpg,celeba_pairs,dodging_attack,IR152,PGD,vanilla,0.5808740854263306
33,VGG-Face,/content/face_module/dataset_extractedfaces/celeba_pairs/169016.jpg,/content/face_module/dataset_extractedfaces/celeba_pairs/171037.jpg,celeba_pairs,dodging_attack,IR152,MI_FGSM,vanilla,0.4597684741020202
33,VGG-Face,/content/face_module/dataset_extractedfaces/celeba_pairs/169016.jpg,/content/face_module/dataset_extractedfaces/celeba_pairs/171037.jpg,celeba_pairs,dodging_attack,IR152,TI_FGSM,vanilla,0.4717437624931335
33,VGG-Face,/content/face_module/dataset_extractedfaces/celeba_pairs/169016.jpg,/content/face_module/dataset_extractedfaces/celeba_pairs/171037.jpg,celeba_pairs,dodging_attack,IR152,SI_NI_FGSM,vanilla,0.5119457244873047
33,VGG-Face,/content/face_module/dataset_extractedfaces/celeba_pairs/169016.jpg,/content/face_module/dataset_extractedfaces/celeba_pairs/171037.jpg,celeba_pairs,dodging_attack,IR152,MI_ADMIX_DI_TI,vanilla,0.470637559890747
1,ArcFace,/content/face_module/dataset_extractedfaces/vggface2_pairs/n000007_0113_01.jpg,/content/face_module/dataset_extractedfaces/vggface2_pairs/n000007_0122_01.jpg,vggface2_pairs,dodging_attack,IR152,clean,clean,0.634651780128479
1,Facenet512,/content/face_module/dataset_extractedfaces/vggface2_pairs/n000007_0113_01.jpg,/content/face_module/dataset_extractedfaces/vggface2_pairs/n000007_0122_01.jpg,vggface2_pairs,dodging_attack,IR152,clean,clean,0.634651780128479
1,GhostFaceNet,/content/face_module/dataset_extractedfaces/vggface2_pairs/n000007_0113_01.jpg,/content/face_module/dataset_extractedfaces/vggface2_pairs/n000007_0122_01.jpg,vggface2_pairs,dodging_attack,IR152,clean,clean,0.634651780128479
1,VGG-Face,/content/face_module/dataset_extractedfaces/vggface2_pairs/n000007_0113_01.jpg,/content/face_module/dataset_extractedfaces/vggface2_pairs/n000007_0122_01.jpg,vggface2_pairs,dodging_attack,IR152,clean,clean,0.634651780128479
1,ArcFace,/content/face_module/dataset_extractedfaces/vggface2_pairs/n000007_0113_01.jpg,/content/face_module/dataset_extractedfaces/vggface2_pairs/n000007_0122_01.jpg,vggface2_pairs,dodging_attack,IR152,PGD,vanilla,0.610622227191925
1,ArcFace,/content/face_module/dataset_extractedfaces/vggface2_pairs/n000007_0113_01.jpg,/content/face_module/dataset_extractedfaces/vggface2_pairs/n000007_0122_01.jpg,vggface2_pairs,dodging_attack,IR152,MI_FGSM,vanilla,0.5252344012260437
1,ArcFace,/content/face_module/dataset_extractedfaces/vggface2_pairs/n000007_0113_01.jpg,/content/face_module/dataset_extractedfaces/vggface2_pairs/n000007_0122_01.jpg,vggface2_pairs,dodging_attack,IR152,TI_FGSM,vanilla,0.523587703704834
1,ArcFace,/content/face_module/dataset_extractedfaces/vggface2_pairs/n000007_0113_01.jpg,/content/face_module/dataset_extractedfaces/vggface2_pairs/n000007_0122_01.jpg,vggface2_pairs,dodging_attack,IR152,SI_NI_FGSM,vanilla,0.5284762978553772
1,ArcFace,/content/face_module/dataset_extractedfaces/vggface2_pairs/n000007_0113_01.jpg,/content/face_module/dataset_extractedfaces/vggface2_pairs/n000007_0122_01.jpg,vggface2_pairs,dodging_attack,IR152,MI_ADMIX_DI_TI,vanilla,0.5073912143707275
1,Facenet512,/content/face_module/dataset_extractedfaces/vggface2_pairs/n000007_0113_01.jpg,/content/face_module/dataset_extractedfaces/vggface2_pairs/n000007_0122_01.jpg,vggface2_pairs,dodging_attack,IR152,PGD,vanilla,0.5015926361083984
1,Facenet512,/content/face_module/dataset_extractedfaces/vggface2_pairs/n000007_0113_01.jpg,/content/face_module/dataset_extractedfaces/vggface2_pairs/n000007_0122_01.jpg,vggface2_pairs,dodging_attack,IR152,MI_FGSM,vanilla,0.3688848316669464
1,Facenet512,/content/face_module/dataset_extractedfaces/vggface2_pairs/n000007_0113_01.jpg,/content/face_module/dataset_extractedfaces/vggface2_pairs/n000007_0122_01.jpg,vggface2_pairs,dodging_attack,IR152,TI_FGSM,vanilla,0.4220608472824096
1,Facenet512,/content/face_module/dataset_extractedfaces/vggface2_pairs/n000007_0113_01.jpg,/content/face_module/dataset_extractedfaces/vggface2_pairs/n000007_0122_01.jpg,vggface2_pairs,dodging_attack,IR152,SI_NI_FGSM,vanilla,0.3189489245414734
1,Facenet512,/content/face_module/dataset_extractedfaces/vggface2_pairs/n000007_0113_01.jpg,/content/face_module/dataset_extractedfaces/vggface2_pairs/n000007_0122_01.jpg,vggface2_pairs,dodging_attack,IR152,MI_ADMIX_DI_TI,vanilla,0.4234932661056518
1,GhostFaceNet,/content/face_module/dataset_extractedfaces/vggface2_pairs/n000007_0113_01.jpg,/content/face_module/dataset_extractedfaces/vggface2_pairs/n000007_0122_01.jpg,vggface2_pairs,dodging_attack,IR152,PGD,vanilla,0.6224581003189087
1,GhostFaceNet,/content/face_module/dataset_extractedfaces/vggface2_pairs/n000007_0113_01.jpg,/content/face_module/dataset_extractedfaces/vggface2_pairs/n000007_0122_01.jpg,vggface2_pairs,dodging_attack,IR152,MI_FGSM,vanilla,0.5875437259674072
1,GhostFaceNet,/content/face_module/dataset_extractedfaces/vggface2_pairs/n000007_0113_01.jpg,/content/face_module/dataset_extractedfaces/vggface2_pairs/n000007_0122_01.jpg,vggface2_pairs,dodging_attack,IR152,TI_FGSM,vanilla,0.5857689380645752
1,GhostFaceNet,/content/face_module/dataset_extractedfaces/vggface2_pairs/n000007_0113_01.jpg,/content/face_module/dataset_extractedfaces/vggface2_pairs/n000007_0122_01.jpg,vggface2_pairs,dodging_attack,IR152,SI_NI_FGSM,vanilla,0.5563617944717407
1,GhostFaceNet,/content/face_module/dataset_extractedfaces/vggface2_pairs/n000007_0113_01.jpg,/content/face_module/dataset_extractedfaces/vggface2_pairs/n000007_0122_01.jpg,vggface2_pairs,dodging_attack,IR152,MI_ADMIX_DI_TI,vanilla,0.5829193592071533
1,VGG-Face,/content/face_module/dataset_extractedfaces/vggface2_pairs/n000007_0113_01.jpg,/content/face_module/dataset_extractedfaces/vggface2_pairs/n000007_0122_01.jpg,vggface2_pairs,dodging_attack,IR152,PGD,vanilla,0.5035587549209595
1,VGG-Face,/content/face_module/dataset_extractedfaces/vggface2_pairs/n000007_0113_01.jpg,/content/face_module/dataset_extractedfaces/vggface2_pairs/n000007_0122_01.jpg,vggface2_pairs,dodging_attack,IR152,MI_FGSM,vanilla,0.2636589705944061
1,VGG-Face,/content/face_module/dataset_extractedfaces/vggface2_pairs/n000007_0113_01.jpg,/content/face_module/dataset_extractedfaces/vggface2_pairs/n000007_0122_01.jpg,vggface2_pairs,dodging_attack,IR152,TI_FGSM,vanilla,0.3887061476707458
1,VGG-Face,/content/face_module/dataset_extractedfaces/vggface2_pairs/n000007_0113_01.jpg,/content/face_module/dataset_extractedfaces/vggface2_pairs/n000007_0122_01.jpg,vggface2_pairs,dodging_attack,IR152,SI_NI_FGSM,vanilla,0.3050647974014282
1,VGG-Face,/content/face_module/dataset_extractedfaces/vggface2_pairs/n000007_0113_01.jpg,/content/face_module/dataset_extractedfaces/vggface2_pairs/n000007_0122_01.jpg,vggface2_pairs,dodging_attack,IR152,MI_ADMIX_DI_TI,vanilla,0.3388734459877014
4,ArcFace,/content/face_module/dataset_extractedfaces/vggface2_pairs/n000008_0256_01.jpg,/content/face_module/dataset_extractedfaces/vggface2_pairs/n000008_0348_01.jpg,vggface2_pairs,dodging_attack,IR152,clean,clean,0.3233876526355743
4,Facenet512,/content/face_module/dataset_extractedfaces/vggface2_pairs/n000008_0256_01.jpg,/content/face_module/dataset_extractedfaces/vggface2_pairs/n000008_0348_01.jpg,vggface2_pairs,dodging_attack,IR152,clean,clean,0.3233876526355743
4,GhostFaceNet,/content/face_module/dataset_extractedfaces/vggface2_pairs/n000008_0256_01.jpg,/content/face_module/dataset_extractedfaces/vggface2_pairs/n000008_0348_01.jpg,vggface2_pairs,dodging_attack,IR152,clean,clean,0.3233876526355743
4,VGG-Face,/content/face_module/dataset_extractedfaces/vggface2_pairs/n000008_0256_01.jpg,/content/face_module/dataset_extractedfaces/vggface2_pairs/n000008_0348_01.jpg,vggface2_pairs,dodging_attack,IR152,clean,clean,0.3233876526355743
4,ArcFace,/content/face_module/dataset_extractedfaces/vggface2_pairs/n000008_0256_01.jpg,/content/face_module/dataset_extractedfaces/vggface2_pairs/n000008_0348_01.jpg,vggface2_pairs,dodging_attack,IR152,PGD,vanilla,0.2916784882545471
4,ArcFace,/content/face_module/dataset_extractedfaces/vggface2_pairs/n000008_0256_01.jpg,/content/face_module/dataset_extractedfaces/vggface2_pairs/n000008_0348_01.jpg,vggface2_pairs,dodging_attack,IR152,MI_FGSM,vanilla,0.2533873319625854
4,ArcFace,/content/face_module/dataset_extractedfaces/vggface2_pairs/n000008_0256_01.jpg,/content/face_module/dataset_extractedfaces/vggface2_pairs/n000008_0348_01.jpg,vggface2_pairs,dodging_attack,IR152,TI_FGSM,vanilla,0.2479194700717926
4,ArcFace,/content/face_module/dataset_extractedfaces/vggface2_pairs/n000008_0256_01.jpg,/content/face_module/dataset_extractedfaces/vggface2_pairs/n000008_0348_01.jpg,vggface2_pairs,dodging_attack,IR152,SI_NI_FGSM,vanilla,0.2953948080539703
4,ArcFace,/content/face_module/dataset_extractedfaces/vggface2_pairs/n000008_0256_01.jpg,/content/face_module/dataset_extractedfaces/vggface2_pairs/n000008_0348_01.jpg,vggface2_pairs,dodging_attack,IR152,MI_ADMIX_DI_TI,vanilla,0.2714104056358337
4,Facenet512,/content/face_module/dataset_extractedfaces/vggface2_pairs/n000008_0256_01.jpg,/content/face_module/dataset_extractedfaces/vggface2_pairs/n000008_0348_01.jpg,vggface2_pairs,dodging_attack,IR152,PGD,vanilla,0.2874591946601867
4,Facenet512,/content/face_module/dataset_extractedfaces/vggface2_pairs/n000008_0256_01.jpg,/content/face_module/dataset_extractedfaces/vggface2_pairs/n000008_0348_01.jpg,vggface2_pairs,dodging_attack,IR152,MI_FGSM,vanilla,0.1840893030166626
4,Facenet512,/content/face_module/dataset_extractedfaces/vggface2_pairs/n000008_0256_01.jpg,/content/face_module/dataset_extractedfaces/vggface2_pairs/n000008_0348_01.jpg,vggface2_pairs,dodging_attack,IR152,TI_FGSM,vanilla,0.2471392005681991
4,Facenet512,/content/face_module/dataset_extractedfaces/vggface2_pairs/n000008_0256_01.jpg,/content/face_module/dataset_extractedfaces/vggface2_pairs/n000008_0348_01.jpg,vggface2_pairs,dodging_attack,IR152,SI_NI_FGSM,vanilla,0.1606451869010925
4,Facenet512,/content/face_module/dataset_extractedfaces/vggface2_pairs/n000008_0256_01.jpg,/content/face_module/dataset_extractedfaces/vggface2_pairs/n000008_0348_01.jpg,vggface2_pairs,dodging_attack,IR152,MI_ADMIX_DI_TI,vanilla,0.2586894035339355
4,GhostFaceNet,/content/face_module/dataset_extractedfaces/vggface2_pairs/n000008_0256_01.jpg,/content/face_module/dataset_extractedfaces/vggface2_pairs/n000008_0348_01.jpg,vggface2_pairs,dodging_attack,IR152,PGD,vanilla,0.2651332020759582
4,GhostFaceNet,/content/face_module/dataset_extractedfaces/vggface2_pairs/n000008_0256_01.jpg,/content/face_module/dataset_extractedfaces/vggface2_pairs/n000008_0348_01.jpg,vggface2_pairs,dodging_attack,IR152,MI_FGSM,vanilla,0.2247130870819091
4,GhostFaceNet,/content/face_module/dataset_extractedfaces/vggface2_pairs/n000008_0256_01.jpg,/content/face_module/dataset_extractedfaces/vggface2_pairs/n000008_0348_01.jpg,vggface2_pairs,dodging_attack,IR152,TI_FGSM,vanilla,0.1750853657722473
4,GhostFaceNet,/content/face_module/dataset_extractedfaces/vggface2_pairs/n000008_0256_01.jpg,/content/face_module/dataset_extractedfaces/vggface2_pairs/n000008_0348_01.jpg,vggface2_pairs,dodging_attack,IR152,SI_NI_FGSM,vanilla,0.2497788816690445
4,GhostFaceNet,/content/face_module/dataset_extractedfaces/vggface2_pairs/n000008_0256_01.jpg,/content/face_module/dataset_extractedfaces/vggface2_pairs/n000008_0348_01.jpg,vggface2_pairs,dodging_attack,IR152,MI_ADMIX_DI_TI,vanilla,0.275823563337326
4,VGG-Face,/content/face_module/dataset_extractedfaces/vggface2_pairs/n000008_0256_01.jpg,/content/face_module/dataset_extractedfaces/vggface2_pairs/n000008_0348_01.jpg,vggface2_pairs,dodging_attack,IR152,PGD,vanilla,0.2164807915687561
4,VGG-Face,/content/face_module/dataset_extractedfaces/vggface2_pairs/n000008_0256_01.jpg,/content/face_module/dataset_extractedfaces/vggface2_pairs/n000008_0348_01.jpg,vggface2_pairs,dodging_attack,IR152,MI_FGSM,vanilla,0.1752573698759079
4,VGG-Face,/content/face_module/dataset_extractedfaces/vggface2_pairs/n000008_0256_01.jpg,/content/face_module/dataset_extractedfaces/vggface2_pairs/n000008_0348_01.jpg,vggface2_pairs,dodging_attack,IR152,TI_FGSM,vanilla,0.2287033200263977
4,VGG-Face,/content/face_module/dataset_extractedfaces/vggface2_pairs/n000008_0256_01.jpg,/content/face_module/dataset_extractedfaces/vggface2_pairs/n000008_0348_01.jpg,vggface2_pairs,dodging_attack,IR152,SI_NI_FGSM,vanilla,0.1572946608066558
4,VGG-Face,/content/face_module/dataset_extractedfaces/vggface2_pairs/n000008_0256_01.jpg,/content/face_module/dataset_extractedfaces/vggface2_pairs/n000008_0348_01.jpg,vggface2_pairs,dodging_attack,IR152,MI_ADMIX_DI_TI,vanilla,0.2071642875671386
7,ArcFace,/content/face_module/dataset_extractedfaces/vggface2_pairs/n000010_0058_01.jpg,/content/face_module/dataset_extractedfaces/vggface2_pairs/n000010_0081_01.jpg,vggface2_pairs,dodging_attack,IR152,clean,clean,0.6537523865699768
7,Facenet512,/content/face_module/dataset_extractedfaces/vggface2_pairs/n000010_0058_01.jpg,/content/face_module/dataset_extractedfaces/vggface2_pairs/n000010_0081_01.jpg,vggface2_pairs,dodging_attack,IR152,clean,clean,0.6537523865699768
7,GhostFaceNet,/content/face_module/dataset_extractedfaces/vggface2_pairs/n000010_0058_01.jpg,/content/face_module/dataset_extractedfaces/vggface2_pairs/n000010_0081_01.jpg,vggface2_pairs,dodging_attack,IR152,clean,clean,0.6537523865699768
7,VGG-Face,/content/face_module/dataset_extractedfaces/vggface2_pairs/n000010_0058_01.jpg,/content/face_module/dataset_extractedfaces/vggface2_pairs/n000010_0081_01.jpg,vggface2_pairs,dodging_attack,IR152,clean,clean,0.6537523865699768
7,ArcFace,/content/face_module/dataset_extractedfaces/vggface2_pairs/n000010_0058_01.jpg,/content/face_module/dataset_extractedfaces/vggface2_pairs/n000010_0081_01.jpg,vggface2_pairs,dodging_attack,IR152,PGD,vanilla,0.4820814132690429
7,ArcFace,/content/face_module/dataset_extractedfaces/vggface2_pairs/n000010_0058_01.jpg,/content/face_module/dataset_extractedfaces/vggface2_pairs/n000010_0081_01.jpg,vggface2_pairs,dodging_attack,IR152,MI_FGSM,vanilla,0.328882098197937
7,ArcFace,/content/face_module/dataset_extractedfaces/vggface2_pairs/n000010_0058_01.jpg,/content/face_module/dataset_extractedfaces/vggface2_pairs/n000010_0081_01.jpg,vggface2_pairs,dodging_attack,IR152,TI_FGSM,vanilla,0.4168176054954529
7,ArcFace,/content/face_module/dataset_extractedfaces/vggface2_pairs/n000010_0058_01.jpg,/content/face_module/dataset_extractedfaces/vggface2_pairs/n000010_0081_01.jpg,vggface2_pairs,dodging_attack,IR152,SI_NI_FGSM,vanilla,0.3311459422111511
7,ArcFace,/content/face_module/dataset_extractedfaces/vggface2_pairs/n000010_0058_01.jpg,/content/face_module/dataset_extractedfaces/vggface2_pairs/n000010_0081_01.jpg,vggface2_pairs,dodging_attack,IR152,MI_ADMIX_DI_TI,vanilla,0.4198497235774994
7,Facenet512,/content/face_module/dataset_extractedfaces/vggface2_pairs/n000010_0058_01.jpg,/content/face_module/dataset_extractedfaces/vggface2_pairs/n000010_0081_01.jpg,vggface2_pairs,dodging_attack,IR152,PGD,vanilla,0.4319563508033752
7,Facenet512,/content/face_module/dataset_extractedfaces/vggface2_pairs/n000010_0058_01.jpg,/content/face_module/dataset_extractedfaces/vggface2_pairs/n000010_0081_01.jpg,vggface2_pairs,dodging_attack,IR152,MI_FGSM,vanilla,0.2824840247631073
7,Facenet512,/content/face_module/dataset_extractedfaces/vggface2_pairs/n000010_0058_01.jpg,/content/face_module/dataset_extractedfaces/vggface2_pairs/n000010_0081_01.jpg,vggface2_pairs,dodging_attack,IR152,TI_FGSM,vanilla,0.3524269759654999
7,Facenet512,/content/face_module/dataset_extractedfaces/vggface2_pairs/n000010_0058_01.jpg,/content/face_module/dataset_extractedfaces/vggface2_pairs/n000010_0081_01.jpg,vggface2_pairs,dodging_attack,IR152,SI_NI_FGSM,vanilla,0.3110272586345672
7,Facenet512,/content/face_module/dataset_extractedfaces/vggface2_pairs/n000010_0058_01.jpg,/content/face_module/dataset_extractedfaces/vggface2_pairs/n000010_0081_01.jpg,vggface2_pairs,dodging_attack,IR152,MI_ADMIX_DI_TI,vanilla,0.3025629222393036
7,GhostFaceNet,/content/face_module/dataset_extractedfaces/vggface2_pairs/n000010_0058_01.jpg,/content/face_module/dataset_extractedfaces/vggface2_pairs/n000010_0081_01.jpg,vggface2_pairs,dodging_attack,IR152,PGD,vanilla,0.5182181596755981
7,GhostFaceNet,/content/face_module/dataset_extractedfaces/vggface2_pairs/n000010_0058_01.jpg,/content/face_module/dataset_extractedfaces/vggface2_pairs/n000010_0081_01.jpg,vggface2_pairs,dodging_attack,IR152,MI_FGSM,vanilla,0.4344800412654876
7,GhostFaceNet,/content/face_module/dataset_extractedfaces/vggface2_pairs/n000010_0058_01.jpg,/content/face_module/dataset_extractedfaces/vggface2_pairs/n000010_0081_01.jpg,vggface2_pairs,dodging_attack,IR152,TI_FGSM,vanilla,0.3978846073150635
7,GhostFaceNet,/content/face_module/dataset_extractedfaces/vggface2_pairs/n000010_0058_01.jpg,/content/face_module/dataset_extractedfaces/vggface2_pairs/n000010_0081_01.jpg,vggface2_pairs,dodging_attack,IR152,SI_NI_FGSM,vanilla,0.4357433319091797
7,GhostFaceNet,/content/face_module/dataset_extractedfaces/vggface2_pairs/n000010_0058_01.jpg,/content/face_module/dataset_extractedfaces/vggface2_pairs/n000010_0081_01.jpg,vggface2_pairs,dodging_attack,IR152,MI_ADMIX_DI_TI,vanilla,0.4257107973098755
7,VGG-Face,/content/face_module/dataset_extractedfaces/vggface2_pairs/n000010_0058_01.jpg,/content/face_module/dataset_extractedfaces/vggface2_pairs/n000010_0081_01.jpg,vggface2_pairs,dodging_attack,IR152,PGD,vanilla,0.3703532218933105
7,VGG-Face,/content/face_module/dataset_extractedfaces/vggface2_pairs/n000010_0058_01.jpg,/content/face_module/dataset_extractedfaces/vggface2_pairs/n000010_0081_01.jpg,vggface2_pairs,dodging_attack,IR152,MI_FGSM,vanilla,0.184034377336502
7,VGG-Face,/content/face_module/dataset_extractedfaces/vggface2_pairs/n000010_0058_01.jpg,/content/face_module/dataset_extractedfaces/vggface2_pairs/n000010_0081_01.jpg,vggface2_pairs,dodging_attack,IR152,TI_FGSM,vanilla,0.3335083723068237
7,VGG-Face,/content/face_module/dataset_extractedfaces/vggface2_pairs/n000010_0058_01.jpg,/content/face_module/dataset_extractedfaces/vggface2_pairs/n000010_0081_01.jpg,vggface2_pairs,dodging_attack,IR152,SI_NI_FGSM,vanilla,0.2173515707254409
7,VGG-Face,/content/face_module/dataset_extractedfaces/vggface2_pairs/n000010_0058_01.jpg,/content/face_module/dataset_extractedfaces/vggface2_pairs/n000010_0081_01.jpg,vggface2_pairs,dodging_attack,IR152,MI_ADMIX_DI_TI,vanilla,0.2304001897573471
10,ArcFace,/content/face_module/dataset_extractedfaces/vggface2_pairs/n000005_0022_01.jpg,/content/face_module/dataset_extractedfaces/vggface2_pairs/n000005_0076_01.jpg,vggface2_pairs,dodging_attack,IR152,clean,clean,0.7079440355300903
10,Facenet512,/content/face_module/dataset_extractedfaces/vggface2_pairs/n000005_0022_01.jpg,/content/face_module/dataset_extractedfaces/vggface2_pairs/n000005_0076_01.jpg,vggface2_pairs,dodging_attack,IR152,clean,clean,0.7079440355300903
10,GhostFaceNet,/content/face_module/dataset_extractedfaces/vggface2_pairs/n000005_0022_01.jpg,/content/face_module/dataset_extractedfaces/vggface2_pairs/n000005_0076_01.jpg,vggface2_pairs,dodging_attack,IR152,clean,clean,0.7079440355300903
10,VGG-Face,/content/face_module/dataset_extractedfaces/vggface2_pairs/n000005_0022_01.jpg,/content/face_module/dataset_extractedfaces/vggface2_pairs/n000005_0076_01.jpg,vggface2_pairs,dodging_attack,IR152,clean,clean,0.7079440355300903
10,ArcFace,/content/face_module/dataset_extractedfaces/vggface2_pairs/n000005_0022_01.jpg,/content/face_module/dataset_extractedfaces/vggface2_pairs/n000005_0076_01.jpg,vggface2_pairs,dodging_attack,IR152,PGD,vanilla,0.6676803827285767
10,ArcFace,/content/face_module/dataset_extractedfaces/vggface2_pairs/n000005_0022_01.jpg,/content/face_module/dataset_extractedfaces/vggface2_pairs/n000005_0076_01.jpg,vggface2_pairs,dodging_attack,IR152,MI_FGSM,vanilla,0.5523749589920044
10,ArcFace,/content/face_module/dataset_extractedfaces/vggface2_pairs/n000005_0022_01.jpg,/content/face_module/dataset_extractedfaces/vggface2_pairs/n000005_0076_01.jpg,vggface2_pairs,dodging_attack,IR152,TI_FGSM,vanilla,0.6096179485321045
10,ArcFace,/content/face_module/dataset_extractedfaces/vggface2_pairs/n000005_0022_01.jpg,/content/face_module/dataset_extractedfaces/vggface2_pairs/n000005_0076_01.jpg,vggface2_pairs,dodging_attack,IR152,SI_NI_FGSM,vanilla,0.5651113986968994
10,ArcFace,/content/face_module/dataset_extractedfaces/vggface2_pairs/n000005_0022_01.jpg,/content/face_module/dataset_extractedfaces/vggface2_pairs/n000005_0076_01.jpg,vggface2_pairs,dodging_attack,IR152,MI_ADMIX_DI_TI,vanilla,0.5934833288192749
10,Facenet512,/content/face_module/dataset_extractedfaces/vggface2_pairs/n000005_0022_01.jpg,/content/face_module/dataset_extractedfaces/vggface2_pairs/n000005_0076_01.jpg,vggface2_pairs,dodging_attack,IR152,PGD,vanilla,0.5728591680526733
10,Facenet512,/content/face_module/dataset_extractedfaces/vggface2_pairs/n000005_0022_01.jpg,/content/face_module/dataset_extractedfaces/vggface2_pairs/n000005_0076_01.jpg,vggface2_pairs,dodging_attack,IR152,MI_FGSM,vanilla,0.4405469596385956
10,Facenet512,/content/face_module/dataset_extractedfaces/vggface2_pairs/n000005_0022_01.jpg,/content/face_module/dataset_extractedfaces/vggface2_pairs/n000005_0076_01.jpg,vggface2_pairs,dodging_attack,IR152,TI_FGSM,vanilla,0.4552304446697235
10,Facenet512,/content/face_module/dataset_extractedfaces/vggface2_pairs/n000005_0022_01.jpg,/content/face_module/dataset_extractedfaces/vggface2_pairs/n000005_0076_01.jpg,vggface2_pairs,dodging_attack,IR152,SI_NI_FGSM,vanilla,0.4434696137905121
10,Facenet512,/content/face_module/dataset_extractedfaces/vggface2_pairs/n000005_0022_01.jpg,/content/face_module/dataset_extractedfaces/vggface2_pairs/n000005_0076_01.jpg,vggface2_pairs,dodging_attack,IR152,MI_ADMIX_DI_TI,vanilla,0.4205008745193481
10,GhostFaceNet,/content/face_module/dataset_extractedfaces/vggface2_pairs/n000005_0022_01.jpg,/content/face_module/dataset_extractedfaces/vggface2_pairs/n000005_0076_01.jpg,vggface2_pairs,dodging_attack,IR152,PGD,vanilla,0.6415281891822815
10,GhostFaceNet,/content/face_module/dataset_extractedfaces/vggface2_pairs/n000005_0022_01.jpg,/content/face_module/dataset_extractedfaces/vggface2_pairs/n000005_0076_01.jpg,vggface2_pairs,dodging_attack,IR152,MI_FGSM,vanilla,0.5807743072509766
10,GhostFaceNet,/content/face_module/dataset_extractedfaces/vggface2_pairs/n000005_0022_01.jpg,/content/face_module/dataset_extractedfaces/vggface2_pairs/n000005_0076_01.jpg,vggface2_pairs,dodging_attack,IR152,TI_FGSM,vanilla,0.6574382185935974
10,GhostFaceNet,/content/face_module/dataset_extractedfaces/vggface2_pairs/n000005_0022_01.jpg,/content/face_module/dataset_extractedfaces/vggface2_pairs/n000005_0076_01.jpg,vggface2_pairs,dodging_attack,IR152,SI_NI_FGSM,vanilla,0.5441840887069702
10,GhostFaceNet,/content/face_module/dataset_extractedfaces/vggface2_pairs/n000005_0022_01.jpg,/content/face_module/dataset_extractedfaces/vggface2_pairs/n000005_0076_01.jpg,vggface2_pairs,dodging_attack,IR152,MI_ADMIX_DI_TI,vanilla,0.6452996730804443
10,VGG-Face,/content/face_module/dataset_extractedfaces/vggface2_pairs/n000005_0022_01.jpg,/content/face_module/dataset_extractedfaces/vggface2_pairs/n000005_0076_01.jpg,vggface2_pairs,dodging_attack,IR152,PGD,vanilla,0.580703616142273
10,VGG-Face,/content/face_module/dataset_extractedfaces/vggface2_pairs/n000005_0022_01.jpg,/content/face_module/dataset_extractedfaces/vggface2_pairs/n000005_0076_01.jpg,vggface2_pairs,dodging_attack,IR152,MI_FGSM,vanilla,0.4497263729572296
10,VGG-Face,/content/face_module/dataset_extractedfaces/vggface2_pairs/n000005_0022_01.jpg,/content/face_module/dataset_extractedfaces/vggface2_pairs/n000005_0076_01.jpg,vggface2_pairs,dodging_attack,IR152,TI_FGSM,vanilla,0.5396568179130554
10,VGG-Face,/content/face_module/dataset_extractedfaces/vggface2_pairs/n000005_0022_01.jpg,/content/face_module/dataset_extractedfaces/vggface2_pairs/n000005_0076_01.jpg,vggface2_pairs,dodging_attack,IR152,SI_NI_FGSM,vanilla,0.4937387108802795
10,VGG-Face,/content/face_module/dataset_extractedfaces/vggface2_pairs/n000005_0022_01.jpg,/content/face_module/dataset_extractedfaces/vggface2_pairs/n000005_0076_01.jpg,vggface2_pairs,dodging_attack,IR152,MI_ADMIX_DI_TI,vanilla,0.4244864881038666
11,ArcFace,/content/face_module/dataset_extractedfaces/vggface2_pairs/n000007_0176_01.jpg,/content/face_module/dataset_extractedfaces/vggface2_pairs/n000007_0335_03.jpg,vggface2_pairs,dodging_attack,IR152,clean,clean,0.476504236459732
11,Facenet512,/content/face_module/dataset_extractedfaces/vggface2_pairs/n000007_0176_01.jpg,/content/face_module/dataset_extractedfaces/vggface2_pairs/n000007_0335_03.jpg,vggface2_pairs,dodging_attack,IR152,clean,clean,0.476504236459732
11,GhostFaceNet,/content/face_module/dataset_extractedfaces/vggface2_pairs/n000007_0176_01.jpg,/content/face_module/dataset_extractedfaces/vggface2_pairs/n000007_0335_03.jpg,vggface2_pairs,dodging_attack,IR152,clean,clean,0.476504236459732
11,VGG-Face,/content/face_module/dataset_extractedfaces/vggface2_pairs/n000007_0176_01.jpg,/content/face_module/dataset_extractedfaces/vggface2_pairs/n000007_0335_03.jpg,vggface2_pairs,dodging_attack,IR152,clean,clean,0.476504236459732
11,ArcFace,/content/face_module/dataset_extractedfaces/vggface2_pairs/n000007_0176_01.jpg,/content/face_module/dataset_extractedfaces/vggface2_pairs/n000007_0335_03.jpg,vggface2_pairs,dodging_attack,IR152,PGD,vanilla,0.4165935516357422
11,ArcFace,/content/face_module/dataset_extractedfaces/vggface2_pairs/n000007_0176_01.jpg,/content/face_module/dataset_extractedfaces/vggface2_pairs/n000007_0335_03.jpg,vggface2_pairs,dodging_attack,IR152,MI_FGSM,vanilla,0.3097648024559021
11,ArcFace,/content/face_module/dataset_extractedfaces/vggface2_pairs/n000007_0176_01.jpg,/content/face_module/dataset_extractedfaces/vggface2_pairs/n000007_0335_03.jpg,vggface2_pairs,dodging_attack,IR152,TI_FGSM,vanilla,0.3230487704277038
11,ArcFace,/content/face_module/dataset_extractedfaces/vggface2_pairs/n000007_0176_01.jpg,/content/face_module/dataset_extractedfaces/vggface2_pairs/n000007_0335_03.jpg,vggface2_pairs,dodging_attack,IR152,SI_NI_FGSM,vanilla,0.2632622122764587
11,ArcFace,/content/face_module/dataset_extractedfaces/vggface2_pairs/n000007_0176_01.jpg,/content/face_module/dataset_extractedfaces/vggface2_pairs/n000007_0335_03.jpg,vggface2_pairs,dodging_attack,IR152,MI_ADMIX_DI_TI,vanilla,0.31670081615448
11,Facenet512,/content/face_module/dataset_extractedfaces/vggface2_pairs/n000007_0176_01.jpg,/content/face_module/dataset_extractedfaces/vggface2_pairs/n000007_0335_03.jpg,vggface2_pairs,dodging_attack,IR152,PGD,vanilla,0.3091241717338562
11,Facenet512,/content/face_module/dataset_extractedfaces/vggface2_pairs/n000007_0176_01.jpg,/content/face_module/dataset_extractedfaces/vggface2_pairs/n000007_0335_03.jpg,vggface2_pairs,dodging_attack,IR152,MI_FGSM,vanilla,0.2271688431501388
11,Facenet512,/content/face_module/dataset_extractedfaces/vggface2_pairs/n000007_0176_01.jpg,/content/face_module/dataset_extractedfaces/vggface2_pairs/n000007_0335_03.jpg,vggface2_pairs,dodging_attack,IR152,TI_FGSM,vanilla,0.2421857267618179
11,Facenet512,/content/face_module/dataset_extractedfaces/vggface2_pairs/n000007_0176_01.jpg,/content/face_module/dataset_extractedfaces/vggface2_pairs/n000007_0335_03.jpg,vggface2_pairs,dodging_attack,IR152,SI_NI_FGSM,vanilla,0.1977391690015792
11,Facenet512,/content/face_module/dataset_extractedfaces/vggface2_pairs/n000007_0176_01.jpg,/content/face_module/dataset_extractedfaces/vggface2_pairs/n000007_0335_03.jpg,vggface2_pairs,dodging_attack,IR152,MI_ADMIX_DI_TI,vanilla,0.2421014010906219
11,GhostFaceNet,/content/face_module/dataset_extractedfaces/vggface2_pairs/n000007_0176_01.jpg,/content/face_module/dataset_extractedfaces/vggface2_pairs/n000007_0335_03.jpg,vggface2_pairs,dodging_attack,IR152,PGD,vanilla,0.3961314558982849
11,GhostFaceNet,/content/face_module/dataset_extractedfaces/vggface2_pairs/n000007_0176_01.jpg,/content/face_module/dataset_extractedfaces/vggface2_pairs/n000007_0335_03.jpg,vggface2_pairs,dodging_attack,IR152,MI_FGSM,vanilla,0.3778284788131714
11,GhostFaceNet,/content/face_module/dataset_extractedfaces/vggface2_pairs/n000007_0176_01.jpg,/content/face_module/dataset_extractedfaces/vggface2_pairs/n000007_0335_03.jpg,vggface2_pairs,dodging_attack,IR152,TI_FGSM,vanilla,0.4455267786979675
11,GhostFaceNet,/content/face_module/dataset_extractedfaces/vggface2_pairs/n000007_0176_01.jpg,/content/face_module/dataset_extractedfaces/vggface2_pairs/n000007_0335_03.jpg,vggface2_pairs,dodging_attack,IR152,SI_NI_FGSM,vanilla,0.3278116583824157
11,GhostFaceNet,/content/face_module/dataset_extractedfaces/vggface2_pairs/n000007_0176_01.jpg,/content/face_module/dataset_extractedfaces/vggface2_pairs/n000007_0335_03.jpg,vggface2_pairs,dodging_attack,IR152,MI_ADMIX_DI_TI,vanilla,0.4379356801509857
11,VGG-Face,/content/face_module/dataset_extractedfaces/vggface2_pairs/n000007_0176_01.jpg,/content/face_module/dataset_extractedfaces/vggface2_pairs/n000007_0335_03.jpg,vggface2_pairs,dodging_attack,IR152,PGD,vanilla,0.3725666999816894
11,VGG-Face,/content/face_module/dataset_extractedfaces/vggface2_pairs/n000007_0176_01.jpg,/content/face_module/dataset_extractedfaces/vggface2_pairs/n000007_0335_03.jpg,vggface2_pairs,dodging_attack,IR152,MI_FGSM,vanilla,0.2605388462543487
11,VGG-Face,/content/face_module/dataset_extractedfaces/vggface2_pairs/n000007_0176_01.jpg,/content/face_module/dataset_extractedfaces/vggface2_pairs/n000007_0335_03.jpg,vggface2_pairs,dodging_attack,IR152,TI_FGSM,vanilla,0.302328497171402
11,VGG-Face,/content/face_module/dataset_extractedfaces/vggface2_pairs/n000007_0176_01.jpg,/content/face_module/dataset_extractedfaces/vggface2_pairs/n000007_0335_03.jpg,vggface2_pairs,dodging_attack,IR152,SI_NI_FGSM,vanilla,0.3276770114898681
11,VGG-Face,/content/face_module/dataset_extractedfaces/vggface2_pairs/n000007_0176_01.jpg,/content/face_module/dataset_extractedfaces/vggface2_pairs/n000007_0335_03.jpg,vggface2_pairs,dodging_attack,IR152,MI_ADMIX_DI_TI,vanilla,0.2291179448366165
